filename,edinet_code,symbol,filing_date_parsed,xbrl_path,extract_status,extract_error,total_shares_issued,total_assets,net_assets,treasury_stock,treasury_shares,shares_outstanding,market_cap,ln_market_cap,price_date,close,adj_close
S100DG2B_1.xbrl,E00014,1332.T,2018-06-27,\\Nas\nas1\Documents\Education\2021 EDHEC Exec PhD\5 Pipeline\data\interim\paper1\data\E00014\S100DG2B_1.xbrl,ok,,277210277,434597000000,87757000000,-266000000,,277210277,151356811242.0,25.742905874652266,2018-06-27,546.0,460.6723327636719
S100G50V_1.xbrl,E00014,1332.T,2019-06-26,\\Nas\nas1\Documents\Education\2021 EDHEC Exec PhD\5 Pipeline\data\interim\paper1\data\E00014\S100G50V_1.xbrl,ok,,277210277,461889000000,109111000000,-269000000,1199300,277210277,186562516421.0,25.95203222855209,2019-06-26,673.0,574.0237426757812
S100IXP6_1.xbrl,E00014,1332.T,2020-06-25,\\Nas\nas1\Documents\Education\2021 EDHEC Exec PhD\5 Pipeline\data\interim\paper1\data\E00014\S100IXP6_1.xbrl,ok,,277210277,445707000000,114030000000,-471000000,1203700,277210277,130011619913.0,25.59088966735364,2020-06-25,469.0,406.0937194824219
S100LORU_1.xbrl,E00014,1332.T,2021-06-25,\\Nas\nas1\Documents\Education\2021 EDHEC Exec PhD\5 Pipeline\data\interim\paper1\data\E00014\S100LORU_1.xbrl,ok,,312430277,451876000000,141205000000,-474000000,1207100,312430277,166837767918.0,25.840287727607382,2021-06-25,534.0,470.2841796875
S100OH0Q_1.xbrl,E00014,1332.T,2022-06-28,\\Nas\nas1\Documents\Education\2021 EDHEC Exec PhD\5 Pipeline\data\interim\paper1\data\E00014\S100OH0Q_1.xbrl,ok,,312430277,482233000000,157106000000,-476000000,1212100,312430277,179959839552.0,25.91599954934308,2022-06-28,576.0,519.1514282226562
S100DCXV_1.xbrl,E00043,1605.T,2018-06-27,\\Nas\nas1\Documents\Education\2021 EDHEC Exec PhD\5 Pipeline\data\interim\paper1\data\E00043\S100DCXV_1.xbrl,ok,,1462323600,4038139000000,2996036000000,-5248000000,,1462323600,1664124256800.0,28.140320129097326,2018-06-27,1138.0,840.4043579101562
S100G7WA_1.xbrl,E00043,1605.T,2019-06-26,\\Nas\nas1\Documents\Education\2021 EDHEC Exec PhD\5 Pipeline\data\interim\paper1\data\E00043\S100G7WA_1.xbrl,ok,,1462323600,4499153000000,3288703000000,-5248000000,1966500,1462323600,1404123138570.63,27.970434123220898,2019-06-26,960.2000122070312,723.9505615234375
S100IAGK_1.xbrl,E00043,1605.T,2020-03-26,\\Nas\nas1\Documents\Education\2021 EDHEC Exec PhD\5 Pipeline\data\interim\paper1\data\E00043\S100IAGK_1.xbrl,ok,,1462323600,4499153000000,3288703000000,-5434000000,1966500,1462323600,877247963341.2598,27.500055529766982,2020-03-26,599.9000244140625,464.9866333007813
S100L16P_1.xbrl,E00043,1605.T,2021-03-26,\\Nas\nas1\Documents\Education\2021 EDHEC Exec PhD\5 Pipeline\data\interim\paper1\data\E00043\S100L16P_1.xbrl,ok,,1462323600,4369841000000,3178803000000,-5432000000,1966500,1462323600,1139150084400.0,27.7613035602818,2021-03-26,779.0,627.9833984375
S100NQB5_1.xbrl,E00043,1605.T,2022-03-28,\\Nas\nas1\Documents\Education\2021 EDHEC Exec PhD\5 Pipeline\data\interim\paper1\data\E00043\S100NQB5_1.xbrl,ok,,1462323600,4312174000000,3207542000000,-5428000000,75656400,1462323600,2193485400000.0,28.416512901501353,2022-03-28,1500.0,1272.5968017578125
S100QH2B_1.xbrl,E00043,1605.T,2023-03-29,\\Nas\nas1\Documents\Education\2021 EDHEC Exec PhD\5 Pipeline\data\interim\paper1\data\E00043\S100QH2B_1.xbrl,ok,,1462323600,4252386000000,3158868000000,-75425000000,79762500,1462323600,2060413952400.0,28.35392802630973,2023-03-29,1409.0,1245.79541015625
S100DCD9_1.xbrl,E00322,1721.T,2018-06-26,\\Nas\nas1\Documents\Education\2021 EDHEC Exec PhD\5 Pipeline\data\interim\paper1\data\E00322\S100DCD9_1.xbrl,ok,,145977000,250561000000,179414000000,-41028000000,,145977000,426106863000.0,26.777956003870326,2018-06-26,2919.0,2323.93701171875
S100G6ID_1.xbrl,E00322,1721.T,2019-06-25,\\Nas\nas1\Documents\Education\2021 EDHEC Exec PhD\5 Pipeline\data\interim\paper1\data\E00322\S100G6ID_1.xbrl,ok,,145977000,264019000000,194038000000,-38014000000,12386300,145977000,397203417000.0,26.707714371799458,2019-06-25,2721.0,2208.173828125
S100IXIW_1.xbrl,E00322,1721.T,2020-06-26,\\Nas\nas1\Documents\Education\2021 EDHEC Exec PhD\5 Pipeline\data\interim\paper1\data\E00322\S100IXIW_1.xbrl,ok,,141000000,266066000000,196543000000,-20539000000,14255300,141000000,444150000000.0,26.81942818016212,2020-06-26,3150.0,2623.55615234375
S100LR5C_1.xbrl,E00322,1721.T,2021-06-29,\\Nas\nas1\Documents\Education\2021 EDHEC Exec PhD\5 Pipeline\data\interim\paper1\data\E00322\S100LR5C_1.xbrl,ok,,141000000,284367000000,202943000000,-27125000000,16051200,141000000,437805000000.0,26.805039442710022,2021-06-29,3105.0,2655.373779296875
S100OHNZ_1.xbrl,E00322,1721.T,2022-06-29,\\Nas\nas1\Documents\Education\2021 EDHEC Exec PhD\5 Pipeline\data\interim\paper1\data\E00322\S100OHNZ_1.xbrl,ok,,141000000,325042000000,231767000000,-33284000000,18664900,141000000,363216000000.0,26.618263535566687,2022-06-29,2576.0,2277.38916015625
S100DBBN_1.xbrl,E00052,1801.T,2018-06-29,\\Nas\nas1\Documents\Education\2021 EDHEC Exec PhD\5 Pipeline\data\interim\paper1\data\E00052\S100DBBN_1.xbrl,ok,,1140268860,1599065000000,384166000000,-1110000000,,1140268860,6967042734600.0,29.572211965817342,2018-06-29,6110.0,4872.9033203125
S100G3FX_1.xbrl,E00052,1801.T,2019-06-27,\\Nas\nas1\Documents\Education\2021 EDHEC Exec PhD\5 Pipeline\data\interim\paper1\data\E00052\S100G3FX_1.xbrl,ok,,1171268860,1735248000000,492114000000,-1490000000,6419800,1171268860,4632368341300.0,29.16408937404366,2019-06-27,3955.0,3233.585205078125
S100IUVK_1.xbrl,E00052,1801.T,2020-06-25,\\Nas\nas1\Documents\Education\2021 EDHEC Exec PhD\5 Pipeline\data\interim\paper1\data\E00052\S100IUVK_1.xbrl,ok,,1171268860,1660821000000,521277000000,-37503000000,13230600,1171268860,4439108979400.0,29.121474791918377,2020-06-25,3790.0,3208.000732421875
S100LMW1_1.xbrl,E00052,1801.T,2021-06-28,\\Nas\nas1\Documents\Education\2021 EDHEC Exec PhD\5 Pipeline\data\interim\paper1\data\E00052\S100LMW1_1.xbrl,ok,,1146752860,1760078000000,570813000000,-65515000000,18588300,1146752860,4254453110600.0,29.078987341044723,2021-06-28,3710.0,3243.169677734375
S100OB6L_1.xbrl,E00052,1801.T,2022-06-29,\\Nas\nas1\Documents\Education\2021 EDHEC Exec PhD\5 Pipeline\data\interim\paper1\data\E00052\S100OB6L_1.xbrl,ok,,224541172,1910597000000,669019000000,-85916000000,299800,224541172,932968569660.0,27.561637349830825,2022-06-29,4155.0,3762.78759765625
S100DD1L_1.xbrl,E00055,1802.T,2018-06-27,\\Nas\nas1\Documents\Education\2021 EDHEC Exec PhD\5 Pipeline\data\interim\paper1\data\E00055\S100DD1L_1.xbrl,ok,,721509000,1818886000000,448108000000,-1964000000,,721509000,832621386000.0,27.447844857180918,2018-06-27,1154.0,880.1415405273438
S100G8TS_1.xbrl,E00055,1802.T,2019-06-26,\\Nas\nas1\Documents\Education\2021 EDHEC Exec PhD\5 Pipeline\data\interim\paper1\data\E00055\S100G8TS_1.xbrl,ok,,721509000,1976635000000,549483000000,-1929000000,3453300,721509000,761191995000.0,27.35815145602304,2019-06-26,1055.0,827.93994140625
S100IYP5_1.xbrl,E00055,1802.T,2020-06-25,\\Nas\nas1\Documents\Education\2021 EDHEC Exec PhD\5 Pipeline\data\interim\paper1\data\E00055\S100IYP5_1.xbrl,ok,,721509000,1935502000000,561658000000,-2132000000,3458000,721509000,708521838000.0,27.28644671846734,2020-06-25,982.0,794.9237060546875
S100LORK_1.xbrl,E00055,1802.T,2021-06-25,\\Nas\nas1\Documents\Education\2021 EDHEC Exec PhD\5 Pipeline\data\interim\paper1\data\E00055\S100LORK_1.xbrl,ok,,721509000,1999892000000,644076000000,-2121000000,3461500,721509000,651522627000.0,27.20257796352986,2021-06-25,903.0,754.1929321289062
S100OE64_1.xbrl,E00055,1802.T,2022-06-24,\\Nas\nas1\Documents\Education\2021 EDHEC Exec PhD\5 Pipeline\data\interim\paper1\data\E00055\S100OE64_1.xbrl,ok,,721509000,2129027000000,711525000000,-2090000000,3465100,721509000,692648640000.0,27.263788694574757,2022-06-24,960.0,829.6112670898438
S100DFEZ_1.xbrl,E00053,1803.T,2018-06-28,\\Nas\nas1\Documents\Education\2021 EDHEC Exec PhD\5 Pipeline\data\interim\paper1\data\E00053\S100DFEZ_1.xbrl,ok,,788514613,1512686000000,376048000000,-1592000000,,788514613,894175571142.0,27.51916798114028,2018-06-28,1134.0,906.4890747070312
S100G7RN_1.xbrl,E00053,1803.T,2019-06-27,\\Nas\nas1\Documents\Education\2021 EDHEC Exec PhD\5 Pipeline\data\interim\paper1\data\E00053\S100G7RN_1.xbrl,ok,,788514613,1703399000000,481896000000,-1606000000,2625300,788514613,708874637087.0,27.286944531324203,2019-06-27,899.0,744.9969482421875
S100IXTR_1.xbrl,E00053,1803.T,2020-06-26,\\Nas\nas1\Documents\Education\2021 EDHEC Exec PhD\5 Pipeline\data\interim\paper1\data\E00053\S100IXTR_1.xbrl,ok,,788514613,1722936000000,485655000000,-1609000000,24319300,788514613,699412461731.0,27.27350647916216,2020-06-26,887.0,765.8905639648438
S100LSED_1.xbrl,E00053,1803.T,2021-06-29,\\Nas\nas1\Documents\Education\2021 EDHEC Exec PhD\5 Pipeline\data\interim\paper1\data\E00053\S100LSED_1.xbrl,ok,,788514613,1688197000000,576879000000,-21613000000,24322100,788514613,674179994115.0,27.236762965789342,2021-06-29,855.0,758.8859252929688
S100OG9M_1.xbrl,E00053,1803.T,2022-06-29,\\Nas\nas1\Documents\Education\2021 EDHEC Exec PhD\5 Pipeline\data\interim\paper1\data\E00053\S100OG9M_1.xbrl,ok,,788514613,1780943000000,656330000000,-21615000000,52998900,788514613,585077842846.0,27.095010740019962,2022-06-29,742.0,677.5634765625
S100DD8B_1.xbrl,E00090,1808.T,2018-06-28,\\Nas\nas1\Documents\Education\2021 EDHEC Exec PhD\5 Pipeline\data\interim\paper1\data\E00090\S100DD8B_1.xbrl,ok,,300794397,457408000000,119472000000,-151000000,,300794397,456605894646.0,26.847086480827368,2018-06-28,1518.0,1048.7308349609375
S100G3BX_1.xbrl,E00090,1808.T,2019-06-27,\\Nas\nas1\Documents\Education\2021 EDHEC Exec PhD\5 Pipeline\data\interim\paper1\data\E00090\S100G3BX_1.xbrl,ok,,300794397,476914000000,144089000000,-4649000000,201100,300794397,328768275921.0,26.518619011048333,2019-06-27,1093.0,798.6589965820312
S100LUVF_1.xbrl,E00090,1808.T,2021-06-29,\\Nas\nas1\Documents\Education\2021 EDHEC Exec PhD\5 Pipeline\data\interim\paper1\data\E00090\S100LUVF_1.xbrl,ok,,300794397,630937000000,238467000000,-9975000000,21188200,300794397,459012249822.0,26.852342734716196,2021-06-29,1526.0,1236.04150390625
S100OJQ2_1.xbrl,E00090,1808.T,2022-06-29,\\Nas\nas1\Documents\Education\2021 EDHEC Exec PhD\5 Pipeline\data\interim\paper1\data\E00090\S100OJQ2_1.xbrl,ok,,300794397,687706000000,296835000000,-31353000000,23181800,300794397,476157530451.0,26.889014582752807,2022-06-29,1583.0,1353.4945068359375
S100D6JZ_1.xbrl,E00058,1812.T,2018-06-27,\\Nas\nas1\Documents\Education\2021 EDHEC Exec PhD\5 Pipeline\data\interim\paper1\data\E00058\S100D6JZ_1.xbrl,ok,,1057312000,1789495000000,364126000000,-6505000000,,1057312000,1822805888000.0,28.231398126526226,2018-06-27,1724.0,1317.798583984375
S100G4O0_1.xbrl,E00058,1812.T,2019-06-26,\\Nas\nas1\Documents\Education\2021 EDHEC Exec PhD\5 Pipeline\data\interim\paper1\data\E00058\S100G4O0_1.xbrl,ok,,1057312000,1839259000000,436952000000,-6567000000,8802100,1057312000,1539446272000.0,28.06244390405922,2019-06-26,1456.0,1146.9971923828125
S100J072_1.xbrl,E00058,1812.T,2020-06-26,\\Nas\nas1\Documents\Education\2021 EDHEC Exec PhD\5 Pipeline\data\interim\paper1\data\E00058\S100J072_1.xbrl,ok,,1057312000,1886781000000,474051000000,-6641000000,15131200,1057312000,1324811936000.0,27.912291630198656,2020-06-26,1253.0,1026.523681640625
S100LN57_1.xbrl,E00058,1812.T,2021-06-28,\\Nas\nas1\Documents\Education\2021 EDHEC Exec PhD\5 Pipeline\data\interim\paper1\data\E00058\S100LN57_1.xbrl,ok,,1057312000,1992822000000,552552000000,-16420000000,22361400,1057312000,1540503584000.0,28.06313048149779,2021-06-28,1457.0,1235.502685546875
S100OBLA_1.xbrl,E00058,1812.T,2022-06-29,\\Nas\nas1\Documents\Education\2021 EDHEC Exec PhD\5 Pipeline\data\interim\paper1\data\E00058\S100OBLA_1.xbrl,ok,,1057312000,2051226000000,669795000000,-26172000000,35270900,1057312000,1620859296000.0,28.1139775541744,2022-06-29,1533.0,1350.8516845703125
S100DG9P_1.xbrl,E00048,1925.T,2018-06-28,\\Nas\nas1\Documents\Education\2021 EDHEC Exec PhD\5 Pipeline\data\interim\paper1\data\E00048\S100DG9P_1.xbrl,ok,,660421000,2665946000000,992686000000,-8450000000,,660421000,2455445278000.0,28.529329236695812,2018-06-28,3718.0,2862.4296875
S100G5LB_1.xbrl,E00048,1925.T,2019-06-25,\\Nas\nas1\Documents\Education\2021 EDHEC Exec PhD\5 Pipeline\data\interim\paper1\data\E00048\S100G5LB_1.xbrl,ok,,660421000,3021007000000,1112817000000,-4630000000,2323900,660421000,2067117730000.0,28.357176351948624,2019-06-25,3130.0,2489.736328125
S100ITAZ_1.xbrl,E00048,1925.T,2020-06-26,\\Nas\nas1\Documents\Education\2021 EDHEC Exec PhD\5 Pipeline\data\interim\paper1\data\E00048\S100ITAZ_1.xbrl,ok,,666238000,3257805000000,1181986000000,-8316000000,2087700,666238000,1713564136000.0,28.169596607382598,2020-06-26,2572.0,2123.558837890625
S100LKT4_1.xbrl,E00048,1925.T,2021-06-29,\\Nas\nas1\Documents\Education\2021 EDHEC Exec PhD\5 Pipeline\data\interim\paper1\data\E00048\S100LKT4_1.xbrl,ok,,666238000,3555885000000,1329901000000,-7588000000,11917100,666238000,2218572540000.0,28.42788510499958,2021-06-29,3330.0,2848.9912109375
S100O9BA_1.xbrl,E00048,1925.T,2022-06-29,\\Nas\nas1\Documents\Education\2021 EDHEC Exec PhD\5 Pipeline\data\interim\paper1\data\E00048\S100O9BA_1.xbrl,ok,,666238000,4035059000000,1513585000000,-33019000000,10508700,666238000,2115305650000.0,28.38022043335188,2022-06-29,3175.0,2815.16796875
S100CV0D_1.xbrl,E00143,1928.T,2018-04-27,\\Nas\nas1\Documents\Education\2021 EDHEC Exec PhD\5 Pipeline\data\interim\paper1\data\E00143\S100CV0D_1.xbrl,ok,,686895078,1769005000000,941415000000,-37248000000,,686895078,1376881183851.0,27.950842045714722,2018-04-27,2004.5,1443.3961181640625
S100FP15_1.xbrl,E00143,1928.T,2019-04-26,\\Nas\nas1\Documents\Education\2021 EDHEC Exec PhD\5 Pipeline\data\interim\paper1\data\E00143\S100FP15_1.xbrl,ok,,699845934,1929409000000,1079064000000,-948000000,,699845934,1254123913728.0,27.85745836803254,2019-04-26,1792.0,1349.651123046875
S100IHTB_1.xbrl,E00143,1928.T,2020-04-24,\\Nas\nas1\Documents\Education\2021 EDHEC Exec PhD\5 Pipeline\data\interim\paper1\data\E00143\S100IHTB_1.xbrl,ok,,709683466,2029794000000,1068428000000,-4215000000,7586400,709683466,1259333310417.0,27.86160357814256,2020-04-24,1774.5,1389.2017822265625
S100L7U5_1.xbrl,E00143,1928.T,2021-04-28,\\Nas\nas1\Documents\Education\2021 EDHEC Exec PhD\5 Pipeline\data\interim\paper1\data\E00143\S100L7U5_1.xbrl,ok,,709683466,2184895000000,1118264000000,-13668000000,4129500,709683466,1586497388243.0,28.092549801730048,2021-04-28,2235.5,1821.0308837890625
S100NXTE_1.xbrl,E00143,1928.T,2022-04-27,\\Nas\nas1\Documents\Education\2021 EDHEC Exec PhD\5 Pipeline\data\interim\paper1\data\E00143\S100NXTE_1.xbrl,ok,,690683466,2419012000000,1208121000000,-6883000000,10289300,690683466,1530554560656.0,28.056651243605977,2022-04-27,2216.0,1879.0745849609373
S100DGTT_1.xbrl,E01575,1963.T,2018-06-28,\\Nas\nas1\Documents\Education\2021 EDHEC Exec PhD\5 Pipeline\data\interim\paper1\data\E01575\S100DGTT_1.xbrl,ok,,259052000,746102000000,379882000000,-6736000000,,259052000,583644156000.0,27.092557312144788,2018-06-28,2253.0,1971.734130859375
S100GAMF_1.xbrl,E01575,1963.T,2019-06-27,\\Nas\nas1\Documents\Education\2021 EDHEC Exec PhD\5 Pipeline\data\interim\paper1\data\E01575\S100GAMF_1.xbrl,ok,,259052000,719754000000,388496000000,-6737000000,6746000,259052000,389355156000.0,26.687757761465516,2019-06-27,1503.0,1340.737060546875
S100IZ9V_1.xbrl,E01575,1963.T,2020-06-26,\\Nas\nas1\Documents\Education\2021 EDHEC Exec PhD\5 Pipeline\data\interim\paper1\data\E01575\S100IZ9V_1.xbrl,ok,,259052000,689782000000,419673000000,-6738000000,6748700,259052000,294283072000.0,26.40780797099364,2020-06-26,1136.0,1027.2716064453125
S100LTOE_1.xbrl,E01575,1963.T,2021-06-29,\\Nas\nas1\Documents\Education\2021 EDHEC Exec PhD\5 Pipeline\data\interim\paper1\data\E01575\S100LTOE_1.xbrl,ok,,259052000,646291000000,383260000000,-6739000000,6749100,259052000,271745548000.0,26.32813198010884,2021-06-29,1049.0,956.9317016601562
S100OLAH_1.xbrl,E01575,1963.T,2022-06-29,\\Nas\nas1\Documents\Education\2021 EDHEC Exec PhD\5 Pipeline\data\interim\paper1\data\E01575\S100OLAH_1.xbrl,ok,,259052000,684921000000,395779000000,-6739000000,6750100,259052000,469143172000.0,26.874173829595957,2022-06-29,1811.0,1668.302490234375
S100DBMQ_1.xbrl,E00346,2002.T,2018-06-27,\\Nas\nas1\Documents\Education\2021 EDHEC Exec PhD\5 Pipeline\data\interim\paper1\data\E00346\S100DBMQ_1.xbrl,ok,,276688000,471039000000,334092000000,-2026000000,,276688000,656857312000.0,27.210732650717453,2018-06-27,2374.0,2009.390625
S100G6HI_1.xbrl,E00346,2002.T,2019-06-26,\\Nas\nas1\Documents\Education\2021 EDHEC Exec PhD\5 Pipeline\data\interim\paper1\data\E00346\S100G6HI_1.xbrl,ok,,304357000,547096000000,378715000000,-11695000000,7402400,304357000,755718431000.0,27.350934697983597,2019-06-26,2483.0,2128.661376953125
S100JLYX_1.xbrl,E00346,2002.T,2020-08-28,\\Nas\nas1\Documents\Education\2021 EDHEC Exec PhD\5 Pipeline\data\interim\paper1\data\E00346\S100JLYX_1.xbrl,ok,,304357000,548120000000,386485000000,-11403000000,7231100,304357000,532624750000.0,27.00108297939299,2020-08-28,1750.0,1526.288818359375
S100LQFN_1.xbrl,E00346,2002.T,2021-06-25,\\Nas\nas1\Documents\Education\2021 EDHEC Exec PhD\5 Pipeline\data\interim\paper1\data\E00346\S100LQFN_1.xbrl,ok,,304357000,555337000000,406805000000,-11172000000,7148000,304357000,507058762000.0,26.951892735202218,2021-06-25,1666.0,1482.70458984375
S100OEC1_1.xbrl,E00346,2002.T,2022-06-28,\\Nas\nas1\Documents\Education\2021 EDHEC Exec PhD\5 Pipeline\data\interim\paper1\data\E00346\S100OEC1_1.xbrl,ok,,304357000,591512000000,413794000000,-10997000000,7107900,304357000,485449415000.0,26.908340927694375,2022-06-28,1595.0,1450.0897216796875
S100DGCD_1.xbrl,E21902,2269.T,2018-06-28,\\Nas\nas1\Documents\Education\2021 EDHEC Exec PhD\5 Pipeline\data\interim\paper1\data\E21902\S100DGCD_1.xbrl,ok,,76341000,779461000000,328121000000,-16607000000,,76341000,354985650000.0,26.595343203069604,2018-06-28,4650.0,3886.13818359375
S100G7UL_1.xbrl,E21902,2269.T,2019-06-27,\\Nas\nas1\Documents\Education\2021 EDHEC Exec PhD\5 Pipeline\data\interim\paper1\data\E21902\S100G7UL_1.xbrl,ok,,76341000,877367000000,380302000000,-30521000000,7680100,76341000,292767735000.0,26.40264541828956,2019-06-27,3835.0,3259.6005859375
S100J1GL_1.xbrl,E21902,2269.T,2020-06-26,\\Nas\nas1\Documents\Education\2021 EDHEC Exec PhD\5 Pipeline\data\interim\paper1\data\E21902\S100J1GL_1.xbrl,ok,,152683000,856115000000,419152000000,-30422000000,7644200,152683000,639741770000.0,27.184330447503406,2020-06-26,4190.0,3630.374267578125
S100LSB3_1.xbrl,E21902,2269.T,2021-06-29,\\Nas\nas1\Documents\Education\2021 EDHEC Exec PhD\5 Pipeline\data\interim\paper1\data\E21902\S100LSB3_1.xbrl,ok,,152683000,883895000000,457190000000,-30288000000,7616400,152683000,517595370000.0,26.97245963496172,2021-06-29,3390.0,2993.875
S100OJZO_1.xbrl,E21902,2269.T,2022-06-29,\\Nas\nas1\Documents\Education\2021 EDHEC Exec PhD\5 Pipeline\data\interim\paper1\data\E21902\S100OJZO_1.xbrl,ok,,152683000,925237000000,495177000000,-30177000000,7581500,152683000,509961220000.0,26.957600520557968,2022-06-29,3340.0,3022.423095703125
S100DBIF_1.xbrl,E00334,2282.T,2018-06-27,\\Nas\nas1\Documents\Education\2021 EDHEC Exec PhD\5 Pipeline\data\interim\paper1\data\E00334\S100DBIF_1.xbrl,ok,,228445000,627220000000,186024000000,-41000000,,228445000,1006300225000.0,27.637301577477047,2018-06-27,4405.0,3731.162841796875
S100G3TD_1.xbrl,E00334,2282.T,2019-06-26,\\Nas\nas1\Documents\Education\2021 EDHEC Exec PhD\5 Pipeline\data\interim\paper1\data\E00334\S100G3TD_1.xbrl,ok,,204000000,701801000000,191370000000,-41000000,46200,204000000,954720000000.0,27.584683940720183,2019-06-26,4680.0,4053.736083984375
S100IWI3_1.xbrl,E00334,2282.T,2020-06-26,\\Nas\nas1\Documents\Education\2021 EDHEC Exec PhD\5 Pipeline\data\interim\paper1\data\E00334\S100IWI3_1.xbrl,ok,,204000000,701801000000,186275000000,-202000000,39500,204000000,874140000000.0,27.49650638284037,2020-06-26,4285.0,3799.73193359375
S100LME5_1.xbrl,E00334,2282.T,2021-06-25,\\Nas\nas1\Documents\Education\2021 EDHEC Exec PhD\5 Pipeline\data\interim\paper1\data\E00334\S100LME5_1.xbrl,ok,,210895000,701801000000,212101000000,-173000000,35600,210895000,933210375000.0,27.561896494691553,2021-06-25,4425.0,3997.8203125
S100OCRO_1.xbrl,E00334,2282.T,2022-06-27,\\Nas\nas1\Documents\Education\2021 EDHEC Exec PhD\5 Pipeline\data\interim\paper1\data\E00334\S100OCRO_1.xbrl,ok,,214992000,734528000000,230683000000,-3532000000,29500,214992000,898666560000.0,27.52417790161613,2022-06-27,4180.0,3867.150390625
S100GC9L_1.xbrl,E05425,2413.T,2019-06-28,\\Nas\nas1\Documents\Education\2021 EDHEC Exec PhD\5 Pipeline\data\interim\paper1\data\E05425\S100GC9L_1.xbrl,ok,,323499000,60126000000,45602000000,-51000000,65000,323499000,636969531000.0,27.179987659349468,2019-06-28,1969.0,1900.0682373046875
S100OJCD_1.xbrl,E05425,2413.T,2022-06-29,\\Nas\nas1\Documents\Education\2021 EDHEC Exec PhD\5 Pipeline\data\interim\paper1\data\E05425\S100OJCD_1.xbrl,ok,,323897000,116441000000,58956000000,-36000000,45000,323897000,1274858592000.0,27.87385638015287,2022-06-29,3936.0,3828.9091796875
S100DBKS_1.xbrl,E05460,2432.T,2018-06-25,\\Nas\nas1\Documents\Education\2021 EDHEC Exec PhD\5 Pipeline\data\interim\paper1\data\E05460\S100DBKS_1.xbrl,ok,,150810033,197325000000,141991000000,-12225000000,,150810033,311724338211.0,26.465385102836994,2018-06-25,2067.0,1835.5521240234373
S100G4YH_1.xbrl,E05460,2432.T,2019-06-24,\\Nas\nas1\Documents\Education\2021 EDHEC Exec PhD\5 Pipeline\data\interim\paper1\data\E05460\S100G4YH_1.xbrl,ok,,150810033,218529000000,103610000000,-12010000000,5460100,150810033,314288108772.0,26.473575946028483,2019-06-24,2084.0,1895.35009765625
S100IURT_1.xbrl,E05460,2432.T,2020-06-22,\\Nas\nas1\Documents\Education\2021 EDHEC Exec PhD\5 Pipeline\data\interim\paper1\data\E05460\S100IURT_1.xbrl,ok,,150810033,254861000000,132361000000,-11498000000,25309900,150810033,205855695045.0,26.050441250774284,2020-06-22,1365.0,1262.424072265625
S100LLRU_1.xbrl,E05460,2432.T,2021-06-22,\\Nas\nas1\Documents\Education\2021 EDHEC Exec PhD\5 Pipeline\data\interim\paper1\data\E05460\S100LLRU_1.xbrl,ok,,150810033,298260000000,169361000000,-45139000000,8152500,150810033,334647463227.0,26.536343466087818,2021-06-22,2219.0,2083.53564453125
S100OGEE_1.xbrl,E05460,2432.T,2022-06-27,\\Nas\nas1\Documents\Education\2021 EDHEC Exec PhD\5 Pipeline\data\interim\paper1\data\E05460\S100OGEE_1.xbrl,ok,,150810033,344609000000,200693000000,-15061000000,11674800,150810033,276283980456.0,26.3446950883893,2022-06-27,1832.0,1756.016845703125
S100CN7N_1.xbrl,E00393,2501.T,2018-03-30,\\Nas\nas1\Documents\Education\2021 EDHEC Exec PhD\5 Pipeline\data\interim\paper1\data\E00393\S100CN7N_1.xbrl,ok,,393971000,616752000000,155366000000,-1795000000,,393971000,244262020000.0,26.22150733853152,2018-03-30,620.0,554.9539794921875
S100FHO4_1.xbrl,E00393,2501.T,2019-03-29,\\Nas\nas1\Documents\Education\2021 EDHEC Exec PhD\5 Pipeline\data\interim\paper1\data\E00393\S100FHO4_1.xbrl,ok,,393971000,660114000000,160004000000,-1807000000,,393971000,190445578995.39185,25.97263231613554,2019-03-29,483.3999938964844,440.7618103027344
S100L3AS_1.xbrl,E00393,2501.T,2021-03-31,\\Nas\nas1\Documents\Education\2021 EDHEC Exec PhD\5 Pipeline\data\interim\paper1\data\E00393\S100L3AS_1.xbrl,ok,,78794000,660114000000,166380000000,-1792000000,764600,78794000,36134928880.92041,24.31052579352999,2021-03-31,458.6000061035156,433.67230224609375
S100NSHB_1.xbrl,E00393,2501.T,2022-03-31,\\Nas\nas1\Documents\Education\2021 EDHEC Exec PhD\5 Pipeline\data\interim\paper1\data\E00393\S100NSHB_1.xbrl,ok,,78794000,664731000000,177663000000,-1787000000,766600,78794000,36355551119.07959,24.31661274230857,2022-03-31,461.3999938964844,444.5414733886719
S100QILX_1.xbrl,E00393,2501.T,2023-03-31,\\Nas\nas1\Documents\Education\2021 EDHEC Exec PhD\5 Pipeline\data\interim\paper1\data\E00393\S100QILX_1.xbrl,ok,,78794000,639692000000,169305000000,-1785000000,767800,78794000,53658714000.0,24.70590971594668,2023-03-31,681.0,664.2876586914062
S100CNPB_1.xbrl,E00394,2502.T,2018-03-28,\\Nas\nas1\Documents\Education\2021 EDHEC Exec PhD\5 Pipeline\data\interim\paper1\data\E00394\S100CNPB_1.xbrl,ok,,483585000,1804673000000,827481000000,-76709000000,,483585000,886088934677.1239,27.5100831602534,2018-03-28,1832.3333740234373,1507.9232177734375
S100FFWB_1.xbrl,E00394,2502.T,2019-03-27,\\Nas\nas1\Documents\Education\2021 EDHEC Exec PhD\5 Pipeline\data\interim\paper1\data\E00394\S100FFWB_1.xbrl,ok,,483585000,1804673000000,896510000000,-76747000000,,483585000,788404764677.124,27.393277455683535,2019-03-27,1630.3333740234375,1370.3128662109375
S100IAHR_1.xbrl,E00394,2502.T,2020-03-26,\\Nas\nas1\Documents\Education\2021 EDHEC Exec PhD\5 Pipeline\data\interim\paper1\data\E00394\S100IAHR_1.xbrl,ok,,483585000,1804673000000,891829000000,-76997000000,25483000,483585000,552415284677.124,27.037565927680802,2020-03-26,1142.3333740234375,979.6798095703124
S100L1BN_1.xbrl,E00394,2502.T,2021-03-26,\\Nas\nas1\Documents\Education\2021 EDHEC Exec PhD\5 Pipeline\data\interim\paper1\data\E00394\S100L1BN_1.xbrl,ok,,483585000,2094332000000,902197000000,-77011000000,186900,483585000,762935915322.876,27.360439874300955,2021-03-26,1577.6666259765625,1389.184814453125
S100NQO3_1.xbrl,E00394,2502.T,2022-03-28,\\Nas\nas1\Documents\Education\2021 EDHEC Exec PhD\5 Pipeline\data\interim\paper1\data\E00394\S100NQO3_1.xbrl,ok,,483585000,3346822000000,565460000000,-1031000000,192100,483585000,713610245322.876,27.29360277534412,2022-03-28,1475.6666259765625,1328.5950927734375
S100QG09_1.xbrl,E00394,2502.T,2023-03-29,\\Nas\nas1\Documents\Education\2021 EDHEC Exec PhD\5 Pipeline\data\interim\paper1\data\E00394\S100QG09_1.xbrl,ok,,483585000,3079315000000,753180000000,-923000000,196200,483585000,788082335322.876,27.39286840779631,2023-03-29,1629.6666259765625,1505.8541259765625
S100COD8_1.xbrl,E00395,2503.T,2018-03-29,\\Nas\nas1\Documents\Education\2021 EDHEC Exec PhD\5 Pipeline\data\interim\paper1\data\E00395\S100COD8_1.xbrl,ok,,965000000,2422825000000,1300726000000,-2127000000,,965000000,2715027500000.0,28.629823198176595,2018-03-29,2813.5,2210.610595703125
S100FICL_1.xbrl,E00395,2503.T,2019-03-28,\\Nas\nas1\Documents\Education\2021 EDHEC Exec PhD\5 Pipeline\data\interim\paper1\data\E00395\S100FICL_1.xbrl,ok,,965000000,2422825000000,1335711000000,-2020000000,,965000000,2499832500000.0,28.547244845558104,2019-03-28,2590.5,2077.41064453125
S100IA6Z_1.xbrl,E00395,2503.T,2020-03-27,\\Nas\nas1\Documents\Education\2021 EDHEC Exec PhD\5 Pipeline\data\interim\paper1\data\E00395\S100IA6Z_1.xbrl,ok,,914000000,2422825000000,938083000000,-101904000000,45271300,914000000,2083920000000.0,28.36527185136691,2020-03-27,2280.0,1878.16552734375
S100L1A8_1.xbrl,E00395,2503.T,2021-03-30,\\Nas\nas1\Documents\Education\2021 EDHEC Exec PhD\5 Pipeline\data\interim\paper1\data\E00395\S100L1A8_1.xbrl,ok,,914000000,2422825000000,946084000000,-124999000000,79997300,914000000,1998918000000.0,28.32362715009519,2021-03-30,2187.0,1851.783203125
S100NR8P_1.xbrl,E00395,2503.T,2022-03-30,\\Nas\nas1\Documents\Education\2021 EDHEC Exec PhD\5 Pipeline\data\interim\paper1\data\E00395\S100NR8P_1.xbrl,ok,,914000000,2398572000000,1198625000000,-201783000000,80029000,914000000,1694099000000.0,28.15817215200921,2022-03-30,1853.5,1620.3392333984375
S100QFXL_1.xbrl,E00395,2503.T,2023-03-30,\\Nas\nas1\Documents\Education\2021 EDHEC Exec PhD\5 Pipeline\data\interim\paper1\data\E00395\S100QFXL_1.xbrl,ok,,914000000,2303624000000,981492000000,-201801000000,102205600,914000000,1928083000000.0,28.287547360982817,2023-03-30,2109.5,1905.3441162109373
S100D7HM_1.xbrl,E02958,2768.T,2018-06-19,\\Nas\nas1\Documents\Education\2021 EDHEC Exec PhD\5 Pipeline\data\interim\paper1\data\E02958\S100D7HM_1.xbrl,ok,,1251499501,2220236000000,351833000000,-170000000,,1251499501,2565573977050.0,28.573203342246945,2018-06-19,2050.0,1459.9085693359375
S100G2FC_1.xbrl,E02958,2768.T,2019-06-20,\\Nas\nas1\Documents\Education\2021 EDHEC Exec PhD\5 Pipeline\data\interim\paper1\data\E02958\S100G2FC_1.xbrl,ok,,1251499501,2297358000000,364953000000,-174000000,732800,1251499501,2196381624255.0,28.417832406014455,2019-06-20,1755.0,1303.57666015625
S100ISNN_1.xbrl,E02958,2768.T,2020-06-18,\\Nas\nas1\Documents\Education\2021 EDHEC Exec PhD\5 Pipeline\data\interim\paper1\data\E02958\S100ISNN_1.xbrl,ok,,1251499501,2056670000000,356484000000,-865000000,30737000,1251499501,1551859381240.0,28.070474928713573,2020-06-18,1240.0,975.0797729492188
S100LJNH_1.xbrl,E02958,2768.T,2021-06-18,\\Nas\nas1\Documents\Education\2021 EDHEC Exec PhD\5 Pipeline\data\interim\paper1\data\E02958\S100LJNH_1.xbrl,ok,,1251499501,2138466000000,368931000000,-10901000000,51056400,1251499501,2090004166670.0,28.36818717552529,2021-06-18,1670.0,1361.3504638671875
S100O6U4_1.xbrl,E02958,2768.T,2022-06-17,\\Nas\nas1\Documents\Education\2021 EDHEC Exec PhD\5 Pipeline\data\interim\paper1\data\E02958\S100O6U4_1.xbrl,ok,,1251499501,2350351000000,392402000000,-15854000000,18507300,1251499501,2533034990024.0,28.560439300521846,2022-06-17,2024.0,1732.5985107421875
S100DDQ4_1.xbrl,E00435,2801.T,2018-06-26,\\Nas\nas1\Documents\Education\2021 EDHEC Exec PhD\5 Pipeline\data\interim\paper1\data\E00435\S100DDQ4_1.xbrl,ok,,210383000,349103000000,210407000000,-30600000000,,210383000,239415854000.0,26.201467851770644,2018-06-26,1138.0,1055.4285888671875
S100G4VK_1.xbrl,E00435,2801.T,2019-06-25,\\Nas\nas1\Documents\Education\2021 EDHEC Exec PhD\5 Pipeline\data\interim\paper1\data\E00435\S100G4VK_1.xbrl,ok,,210383000,378766000000,238431000000,-35616000000,2068100,210383000,196497722000.0,26.00391667531321,2019-06-25,934.0,872.19580078125
S100IVO8_1.xbrl,E00435,2801.T,2020-06-23,\\Nas\nas1\Documents\Education\2021 EDHEC Exec PhD\5 Pipeline\data\interim\paper1\data\E00435\S100IVO8_1.xbrl,ok,,210383000,365671000000,225675000000,-3631000000,2069800,210383000,222164448000.0,26.126683701350576,2020-06-23,1056.0,994.4861450195312
S100LM4K_1.xbrl,E00435,2801.T,2021-06-22,\\Nas\nas1\Documents\Education\2021 EDHEC Exec PhD\5 Pipeline\data\interim\paper1\data\E00435\S100LM4K_1.xbrl,ok,,210383000,390245000000,244437000000,-3631000000,2072600,210383000,309683776000.0,26.45881753637319,2021-06-22,1472.0,1396.2578125
S100OB0O_1.xbrl,E00435,2801.T,2022-06-21,\\Nas\nas1\Documents\Education\2021 EDHEC Exec PhD\5 Pipeline\data\interim\paper1\data\E00435\S100OB0O_1.xbrl,ok,,210383000,390245000000,253289000000,-3658000000,2506700,210383000,279809390000.0,26.357374458300168,2022-06-21,1330.0,1270.534912109375
S100DDYF_1.xbrl,E00436,2802.T,2018-06-26,\\Nas\nas1\Documents\Education\2021 EDHEC Exec PhD\5 Pipeline\data\interim\paper1\data\E00436\S100DDYF_1.xbrl,ok,,614115654,1257261000000,655507000000,-6895000000,,614115654,642211445170.5,27.18818344025943,2018-06-26,1045.75,936.187744140625
S100G6V9_1.xbrl,E00436,2802.T,2019-06-25,\\Nas\nas1\Documents\Education\2021 EDHEC Exec PhD\5 Pipeline\data\interim\paper1\data\E00436\S100G6V9_1.xbrl,ok,,594470654,1257261000000,743489000000,-9585000000,97300,594470654,557464855788.5,27.046665299349254,2019-06-25,937.75,854.0227661132812
S100IY1B_1.xbrl,E00436,2802.T,2020-06-24,\\Nas\nas1\Documents\Education\2021 EDHEC Exec PhD\5 Pipeline\data\interim\paper1\data\E00436\S100IY1B_1.xbrl,ok,,583762654,1273893000000,691928000000,-2361000000,100400,583762654,533705006419.5,27.00310910082972,2020-06-24,914.25,846.0313110351562
S100LN4K_1.xbrl,E00436,2802.T,2021-06-23,\\Nas\nas1\Documents\Education\2021 EDHEC Exec PhD\5 Pipeline\data\interim\paper1\data\E00436\S100LN4K_1.xbrl,ok,,571863354,1350105000000,697773000000,-2160000000,103800,571863354,799607934730.5,27.40738736289823,2021-06-23,1398.25,1312.372802734375
S100ODMQ_1.xbrl,E00436,2802.T,2022-06-23,\\Nas\nas1\Documents\Education\2021 EDHEC Exec PhD\5 Pipeline\data\interim\paper1\data\E00436\S100ODMQ_1.xbrl,ok,,571863354,1426230000000,365099000000,-1464000000,116400,571863354,878953975098.0,27.50199837273513,2022-06-23,1537.0,1464.716552734375
S100D6C3_1.xbrl,E00446,2871.T,2018-06-26,\\Nas\nas1\Documents\Education\2021 EDHEC Exec PhD\5 Pipeline\data\interim\paper1\data\E00446\S100D6C3_1.xbrl,ok,,295851065,318507000000,136846000000,-15189000000,,295851065,419960586767.5,26.763426702790717,2018-06-26,1419.5,1252.491455078125
S100G41Y_1.xbrl,E00446,2871.T,2019-06-25,\\Nas\nas1\Documents\Education\2021 EDHEC Exec PhD\5 Pipeline\data\interim\paper1\data\E00446\S100G41Y_1.xbrl,ok,,295851065,342014000000,152286000000,-17432000000,6658400,295851065,378541437667.5,26.659591382477537,2019-06-25,1279.5,1141.721435546875
S100IW43_1.xbrl,E00446,2871.T,2020-06-24,\\Nas\nas1\Documents\Education\2021 EDHEC Exec PhD\5 Pipeline\data\interim\paper1\data\E00446\S100IW43_1.xbrl,ok,,295851065,338497000000,155523000000,-17443000000,6739700,295851065,457089895425.0,26.84814591620954,2020-06-24,1545.0,1400.16845703125
S100LLJM_1.xbrl,E00446,2871.T,2021-06-22,\\Nas\nas1\Documents\Education\2021 EDHEC Exec PhD\5 Pipeline\data\interim\paper1\data\E00446\S100LLJM_1.xbrl,ok,,147925532,346195000000,164747000000,-17642000000,6741900,147925532,217006755444.0,26.10319432108065,2021-06-22,1467.0,1352.3553466796875
S100OE3W_1.xbrl,E00446,2871.T,2022-06-24,\\Nas\nas1\Documents\Education\2021 EDHEC Exec PhD\5 Pipeline\data\interim\paper1\data\E00446\S100OE3W_1.xbrl,ok,,139925532,367268000000,169680000000,-17648000000,4522800,139925532,161474063928.0,25.80761037183932,2022-06-24,1154.0,1083.9642333984375
S100CNNP_1.xbrl,E00492,2914.T,2018-03-27,\\Nas\nas1\Documents\Education\2021 EDHEC Exec PhD\5 Pipeline\data\interim\paper1\data\E00492\S100CNNP_1.xbrl,ok,,2000000000,3852567000000,1714529000000,-443822000000,,2000000000,5914000000000.0,29.408343537358835,2018-03-27,2957.0,1839.7611083984373
S100I91E_1.xbrl,E00492,2914.T,2020-03-19,\\Nas\nas1\Documents\Education\2021 EDHEC Exec PhD\5 Pipeline\data\interim\paper1\data\E00492\S100I91E_1.xbrl,ok,,2000000000,4558235000000,1713068000000,-442829000000,226196500,2000000000,3810000000000.0,28.968650305067158,2020-03-19,1905.0,1330.22998046875
S100L0QQ_1.xbrl,E00492,2914.T,2021-03-24,\\Nas\nas1\Documents\Education\2021 EDHEC Exec PhD\5 Pipeline\data\interim\paper1\data\E00492\S100L0QQ_1.xbrl,ok,,2000000000,4744374000000,1663675000000,-492469000000,225754600,2000000000,4168000000000.0,29.058457420379614,2021-03-24,2084.0,1568.38037109375
S100NPS5_1.xbrl,E00492,2914.T,2022-03-23,\\Nas\nas1\Documents\Education\2021 EDHEC Exec PhD\5 Pipeline\data\interim\paper1\data\E00492\S100NPS5_1.xbrl,ok,,2000000000,5221484000000,1592966000000,-491507000000,225475300,2000000000,4191000000000.0,29.063960484871483,2022-03-23,2095.5,1678.0277099609375
S100QG4E_1.xbrl,E00492,2914.T,2023-03-24,\\Nas\nas1\Documents\Education\2021 EDHEC Exec PhD\5 Pipeline\data\interim\paper1\data\E00492\S100QG4E_1.xbrl,ok,,2000000000,5461400000000,1493562000000,-490899000000,225146400,2000000000,5446000000000.0,29.325902510180114,2023-03-24,2723.0,2344.084228515625
S100D1K5_1.xbrl,E03516,3086.T,2018-05-28,\\Nas\nas1\Documents\Education\2021 EDHEC Exec PhD\5 Pipeline\data\interim\paper1\data\E03516\S100D1K5_1.xbrl,ok,,536238328,971820000000,422215000000,-10517000000,,536238328,928764784096.0,27.557121351124632,2018-05-28,1732.0,1393.662109375
S100FUW2_1.xbrl,E03516,3086.T,2019-05-27,\\Nas\nas1\Documents\Education\2021 EDHEC Exec PhD\5 Pipeline\data\interim\paper1\data\E03516\S100FUW2_1.xbrl,ok,,268119164,971820000000,430260000000,-14480000000,,268119164,315308136864.0,26.47681620990088,2019-05-27,1176.0,970.2772827148438
S100IP1O_1.xbrl,E03516,3086.T,2020-05-29,\\Nas\nas1\Documents\Education\2021 EDHEC Exec PhD\5 Pipeline\data\interim\paper1\data\E03516\S100IP1O_1.xbrl,ok,,268119164,971820000000,440594000000,-15090000000,6592300,268119164,245329035060.0,26.225866146717827,2020-05-29,915.0,777.6705322265625
S100LFF7_1.xbrl,E03516,3086.T,2021-05-28,\\Nas\nas1\Documents\Education\2021 EDHEC Exec PhD\5 Pipeline\data\interim\paper1\data\E03516\S100LFF7_1.xbrl,ok,,268119164,1005069000000,465839000000,-14974000000,6596900,268119164,293858603744.0,26.40636454895027,2021-05-28,1096.0,959.6574096679688
S100O4WX_1.xbrl,E03516,3086.T,2022-05-27,\\Nas\nas1\Documents\Education\2021 EDHEC Exec PhD\5 Pipeline\data\interim\paper1\data\E03516\S100O4WX_1.xbrl,ok,,270565764,1022348000000,493713000000,-14830000000,6264100,270565764,289505367480.0,26.391439674305722,2022-05-27,1070.0,965.447509765625
S100DCXU_1.xbrl,E05725,3092.T,2018-06-27,\\Nas\nas1\Documents\Education\2021 EDHEC Exec PhD\5 Pipeline\data\interim\paper1\data\E05725\S100DCXU_1.xbrl,ok,,109896300,33188000000,19227000000,-11758000000,,109896300,153488494528.3081,25.756891446951478,2018-06-27,1396.6666259765625,1209.2547607421875
S100GA1J_1.xbrl,E05725,3092.T,2019-06-26,\\Nas\nas1\Documents\Education\2021 EDHEC Exec PhD\5 Pipeline\data\interim\paper1\data\E05725\S100GA1J_1.xbrl,ok,,109896300,41351000000,26244000000,None,6349100,109896300,71322698700.0,24.99048046854122,2019-06-26,649.0,566.9984741210938
S100IRUR_1.xbrl,E05725,3092.T,2020-06-12,\\Nas\nas1\Documents\Education\2021 EDHEC Exec PhD\5 Pipeline\data\interim\paper1\data\E05725\S100IRUR_1.xbrl,ok,,107450800,34916000000,17932000000,-24412000000,6349100,107450800,82916202852.75879,25.141096330565787,2020-06-12,771.6666870117188,685.7987060546875
S100LII9_1.xbrl,E05725,3092.T,2021-06-14,\\Nas\nas1\Documents\Education\2021 EDHEC Exec PhD\5 Pipeline\data\interim\paper1\data\E05725\S100LII9_1.xbrl,ok,,322352400,55720000000,29868000000,-24412000000,6279900,322352400,387897401116.55273,26.6840067114899,2021-06-14,1203.3333740234375,1082.5875244140625
S100O8T2_1.xbrl,E05725,3092.T,2022-06-14,\\Nas\nas1\Documents\Education\2021 EDHEC Exec PhD\5 Pipeline\data\interim\paper1\data\E05725\S100O8T2_1.xbrl,ok,,311644285,70712000000,40810000000,-24146000000,11840400,311644285,251289168797.91412,26.249870179882315,2022-06-14,806.3333129882812,737.2141723632812
S100D5CH_1.xbrl,E03521,3099.T,2018-06-18,\\Nas\nas1\Documents\Education\2021 EDHEC Exec PhD\5 Pipeline\data\interim\paper1\data\E03521\S100D5CH_1.xbrl,ok,,394869000,1284658000000,541069000000,-9286000000,,394869000,557949897000.0,27.04753500497375,2018-06-18,1413.0,1265.3905029296875
S100IQVA_1.xbrl,E03521,3099.T,2020-06-15,\\Nas\nas1\Documents\Education\2021 EDHEC Exec PhD\5 Pipeline\data\interim\paper1\data\E03521\S100IQVA_1.xbrl,ok,,395118000,1293043000000,574316000000,-9300000000,15938300,395118000,269075358000.0,26.318257318579953,2020-06-15,681.0,625.595703125
S100LQRQ_1.xbrl,E03521,3099.T,2021-06-25,\\Nas\nas1\Documents\Education\2021 EDHEC Exec PhD\5 Pipeline\data\interim\paper1\data\E03521\S100LQRQ_1.xbrl,ok,,395232000,1312074000000,579782000000,-19304000000,15403400,395232000,316185600000.0,26.479595219887806,2021-06-25,800.0,744.5421142578125
S100OH0V_1.xbrl,E03521,3099.T,2022-06-27,\\Nas\nas1\Documents\Education\2021 EDHEC Exec PhD\5 Pipeline\data\interim\paper1\data\E03521\S100OH0V_1.xbrl,ok,,395482000,1275535000000,588091000000,-18654000000,15199700,395482000,420397366000.0,26.764466210468115,2022-06-27,1063.0,1000.2888793945312
S100D5W5_1.xbrl,E27633,3289.T,2018-06-27,\\Nas\nas1\Documents\Education\2021 EDHEC Exec PhD\5 Pipeline\data\interim\paper1\data\E27633\S100D5W5_1.xbrl,ok,,640830974,1789822000000,369242000000,-1790000000,,640830974,501770652642.0,26.94140898499549,2018-06-27,783.0,629.645751953125
S100G7WR_1.xbrl,E27633,3289.T,2019-06-26,\\Nas\nas1\Documents\Education\2021 EDHEC Exec PhD\5 Pipeline\data\interim\paper1\data\E27633\S100G7WR_1.xbrl,ok,,640830974,1973801000000,398282000000,-2197000000,309500,640830974,380653598556.0,26.665155608367332,2019-06-26,594.0,488.02783203125
S100IZDR_1.xbrl,E27633,3289.T,2020-06-25,\\Nas\nas1\Documents\Education\2021 EDHEC Exec PhD\5 Pipeline\data\interim\paper1\data\E27633\S100IZDR_1.xbrl,ok,,640830974,1984382000000,422381000000,-367000000,310800,640830974,320415487000.0,26.49288438742688,2020-06-25,500.0,421.6944885253906
S100LQPV_1.xbrl,E27633,3289.T,2021-06-25,\\Nas\nas1\Documents\Education\2021 EDHEC Exec PhD\5 Pipeline\data\interim\paper1\data\E27633\S100LQPV_1.xbrl,ok,,640830974,2067152000000,446307000000,-260000000,312500,640830974,444095864982.0,26.81930628819459,2021-06-25,693.0,601.8298950195312
S100OHZR_1.xbrl,E27633,3289.T,2022-06-28,\\Nas\nas1\Documents\Education\2021 EDHEC Exec PhD\5 Pipeline\data\interim\paper1\data\E27633\S100OHZR_1.xbrl,ok,,640830974,2173225000000,475345000000,-174000000,64600,640830974,468447441994.0,26.872689748754464,2022-06-28,731.0,650.625732421875
S100D10D_1.xbrl,E03462,3382.T,2018-05-25,\\Nas\nas1\Documents\Education\2021 EDHEC Exec PhD\5 Pipeline\data\interim\paper1\data\E03462\S100D10D_1.xbrl,ok,,886441983,4811380000000,2221557000000,-5074000000,,886441983,1448150683491.5835,28.00130846766267,2018-05-25,1633.6666259765625,1376.8057861328125
S100FUF9_1.xbrl,E03462,3382.T,2019-05-24,\\Nas\nas1\Documents\Education\2021 EDHEC Exec PhD\5 Pipeline\data\interim\paper1\data\E03462\S100FUF9_1.xbrl,ok,,886441983,5234705000000,2430917000000,-4731000000,,886441983,1121644625225.4165,27.745817139547782,2019-05-24,1265.3333740234375,1087.9835205078125
S100IOC8_1.xbrl,E03462,3382.T,2020-05-28,\\Nas\nas1\Documents\Education\2021 EDHEC Exec PhD\5 Pipeline\data\interim\paper1\data\E03462\S100IOC8_1.xbrl,ok,,886441983,5441691000000,2505182000000,-4680000000,1876000,886441983,1113962055900.5835,27.73894419572301,2020-05-28,1256.6666259765625,1108.8458251953125
S100LFJN_1.xbrl,E03462,3382.T,2021-05-28,\\Nas\nas1\Documents\Education\2021 EDHEC Exec PhD\5 Pipeline\data\interim\paper1\data\E03462\S100LFJN_1.xbrl,ok,,886441983,5508888000000,2475806000000,-11313000000,1879300,886441983,1432785761258.4165,27.99064174994003,2021-05-28,1616.3333740234375,1463.6947021484375
S100O4RC_1.xbrl,E03462,3382.T,2022-05-27,\\Nas\nas1\Documents\Education\2021 EDHEC Exec PhD\5 Pipeline\data\interim\paper1\data\E03462\S100O4RC_1.xbrl,ok,,886441983,5494950000000,2575342000000,-10851000000,1883800,886441983,1554819238182.0,28.072380409260585,2022-05-27,1754.0,1619.3551025390625
S100D81Z_1.xbrl,E00872,3401.T,2018-06-20,\\Nas\nas1\Documents\Education\2021 EDHEC Exec PhD\5 Pipeline\data\interim\paper1\data\E00872\S100D81Z_1.xbrl,ok,,984758665,768411000000,300112000000,-274000000,,984758665,1991182020630.0,28.319749558544604,2018-06-20,2022.0,1599.6767578125
S100G16A_1.xbrl,E00872,3401.T,2019-06-20,\\Nas\nas1\Documents\Education\2021 EDHEC Exec PhD\5 Pipeline\data\interim\paper1\data\E00872\S100G16A_1.xbrl,ok,,984758665,823695000000,303636000000,-167000000,6141500,984758665,1743022837050.0,28.186641984532063,2019-06-20,1770.0,1449.9593505859375
S100ISOQ_1.xbrl,E00872,3401.T,2020-06-19,\\Nas\nas1\Documents\Education\2021 EDHEC Exec PhD\5 Pipeline\data\interim\paper1\data\E00872\S100ISOQ_1.xbrl,ok,,984758665,823429000000,314412000000,-13412000000,6013200,984758665,1743022837050.0,28.186641984532063,2020-06-19,1770.0,1495.662109375
S100LLCD_1.xbrl,E00872,3401.T,2021-06-23,\\Nas\nas1\Documents\Education\2021 EDHEC Exec PhD\5 Pipeline\data\interim\paper1\data\E00872\S100LLCD_1.xbrl,ok,,196951733,964053000000,351830000000,-13131000000,5975700,196951733,339741739425.0,26.551451575995547,2021-06-23,1725.0,1498.4344482421875
S100O9JF_1.xbrl,E00872,3401.T,2022-06-22,\\Nas\nas1\Documents\Education\2021 EDHEC Exec PhD\5 Pipeline\data\interim\paper1\data\E00872\S100O9JF_1.xbrl,ok,,197953707,981967000000,408237000000,-13047000000,5834200,197953707,273769976781.0,26.335554089957075,2022-06-22,1383.0,1246.29931640625
S100D9YD_1.xbrl,E00873,3402.T,2018-06-26,\\Nas\nas1\Documents\Education\2021 EDHEC Exec PhD\5 Pipeline\data\interim\paper1\data\E00873\S100D9YD_1.xbrl,ok,,1631481000,2119683000000,944625000000,-20822000000,,1631481000,1421183059268.921,27.982510781003185,2018-06-26,871.0999755859375,740.0963745117188
S100G3JQ_1.xbrl,E00873,3402.T,2019-06-25,\\Nas\nas1\Documents\Education\2021 EDHEC Exec PhD\5 Pipeline\data\interim\paper1\data\E00873\S100G3JQ_1.xbrl,ok,,1631481000,2357925000000,1080757000000,-20631000000,30786400,1631481000,1347113881615.5396,27.928985554412286,2019-06-25,825.7000122070312,715.7745971679688
S100ITYL_1.xbrl,E00873,3402.T,2020-06-23,\\Nas\nas1\Documents\Education\2021 EDHEC Exec PhD\5 Pipeline\data\interim\paper1\data\E00873\S100ITYL_1.xbrl,ok,,1631481000,2278386000000,1024909000000,-20358000000,30707600,1631481000,851633082000.0,27.470421616087684,2020-06-23,522.0,464.5907287597656
S100LLB7_1.xbrl,E00873,3402.T,2021-06-22,\\Nas\nas1\Documents\Education\2021 EDHEC Exec PhD\5 Pipeline\data\interim\paper1\data\E00873\S100LLB7_1.xbrl,ok,,1631481000,2869357000000,1100176000000,-20358000000,30205600,1631481000,1238620395115.5396,27.845019291579572,2021-06-22,759.2000122070312,686.1392822265625
S100OCUC_1.xbrl,E00873,3402.T,2022-06-23,\\Nas\nas1\Documents\Education\2021 EDHEC Exec PhD\5 Pipeline\data\interim\paper1\data\E00873\S100OCUC_1.xbrl,ok,,1631481000,2869357000000,1169188000000,-19985000000,29937500,1631481000,1189839073384.4604,27.804839181457222,2022-06-23,729.2999877929688,674.4868774414062
S100CLWF_1.xbrl,E00876,3405.T,2018-03-23,\\Nas\nas1\Documents\Education\2021 EDHEC Exec PhD\5 Pipeline\data\interim\paper1\data\E00876\S100CLWF_1.xbrl,ok,,382863000,587254000000,401307000000,-3972000000,,382863000,646655607000.0,27.195079697612105,2018-03-23,1689.0,1293.3265380859375
S100FH9I_1.xbrl,E00876,3405.T,2019-03-27,\\Nas\nas1\Documents\Education\2021 EDHEC Exec PhD\5 Pipeline\data\interim\paper1\data\E00876\S100FH9I_1.xbrl,ok,,382863000,634252000000,452459000000,-6110000000,,382863000,551322720000.0,27.03558617337435,2019-03-27,1440.0,1134.2725830078125
S100I9VE_1.xbrl,E00876,3405.T,2020-03-26,\\Nas\nas1\Documents\Education\2021 EDHEC Exec PhD\5 Pipeline\data\interim\paper1\data\E00876\S100I9VE_1.xbrl,ok,,354863000,701770000000,503589000000,-9746000000,11130800,354863000,371541561000.0,26.64092656833272,2020-03-26,1047.0,851.44189453125
S100L0GG_1.xbrl,E00876,3405.T,2021-03-25,\\Nas\nas1\Documents\Education\2021 EDHEC Exec PhD\5 Pipeline\data\interim\paper1\data\E00876\S100L0GG_1.xbrl,ok,,354863000,725433000000,520978000000,-16286000000,10940200,354863000,474806694000.0,26.886173598150357,2021-03-25,1338.0,1127.485107421875
S100NPXO_1.xbrl,E00876,3405.T,2022-03-24,\\Nas\nas1\Documents\Education\2021 EDHEC Exec PhD\5 Pipeline\data\interim\paper1\data\E00876\S100NPXO_1.xbrl,ok,,354863000,776735000000,565487000000,-16006000000,10858200,354863000,374735328000.0,26.64948582172839,2022-03-24,1056.0,924.380859375
S100QH26_1.xbrl,E00876,3405.T,2023-03-29,\\Nas\nas1\Documents\Education\2021 EDHEC Exec PhD\5 Pipeline\data\interim\paper1\data\E00876\S100QH26_1.xbrl,ok,,354863000,947095000000,567033000000,-15885000000,20171000,354863000,426545326000.0,26.778984472557337,2023-03-29,1202.0,1095.0518798828125
S100D9Z7_1.xbrl,E00877,3407.T,2018-06-27,\\Nas\nas1\Documents\Education\2021 EDHEC Exec PhD\5 Pipeline\data\interim\paper1\data\E00877\S100D9Z7_1.xbrl,ok,,1402616000,1915089000000,925766000000,-3242000000,,1402616000,1985402948000.0,28.316843005940257,2018-06-27,1415.5,1108.2923583984375
S100G64E_1.xbrl,E00877,3407.T,2019-06-25,\\Nas\nas1\Documents\Education\2021 EDHEC Exec PhD\5 Pipeline\data\interim\paper1\data\E00877\S100G64E_1.xbrl,ok,,1402616000,2014531000000,1097722000000,-3930000000,7770900,1402616000,1622125404000.0,28.114758383059797,2019-06-25,1156.5,927.9862670898438
S100ISZU_1.xbrl,E00877,3407.T,2020-06-24,\\Nas\nas1\Documents\Education\2021 EDHEC Exec PhD\5 Pipeline\data\interim\paper1\data\E00877\S100ISZU_1.xbrl,ok,,1402616000,2211729000000,1057399000000,-3936000000,7785200,1402616000,1233180004321.7773,27.840617318361964,2020-06-24,879.2000122070312,731.4475708007812
S100LNZQ_1.xbrl,E00877,3407.T,2021-06-25,\\Nas\nas1\Documents\Education\2021 EDHEC Exec PhD\5 Pipeline\data\interim\paper1\data\E00877\S100LNZQ_1.xbrl,ok,,1402616000,2254500000000,1168115000000,-5990000000,7794300,1402616000,1728724220000.0,28.17840480730515,2021-06-25,1232.5,1057.824951171875
S100OCR3_1.xbrl,E00877,3407.T,2022-06-24,\\Nas\nas1\Documents\Education\2021 EDHEC Exec PhD\5 Pipeline\data\interim\paper1\data\E00877\S100OCR3_1.xbrl,ok,,1402616000,2307154000000,1305214000000,-5932000000,7804400,1402616000,1456616716000.0,28.00713754470447,2022-06-24,1038.5,917.5385131835938
S100CLXL_1.xbrl,E02103,3436.T,2018-03-28,\\Nas\nas1\Documents\Education\2021 EDHEC Exec PhD\5 Pipeline\data\interim\paper1\data\E02103\S100CLXL_1.xbrl,ok,,257751739,498522000000,194836000000,-11000000,,257751739,712168054857.0,27.29157975260972,2018-03-28,2763.0,2269.300537109375
S100FEDQ_1.xbrl,E02103,3436.T,2019-03-28,\\Nas\nas1\Documents\Education\2021 EDHEC Exec PhD\5 Pipeline\data\interim\paper1\data\E02103\S100FEDQ_1.xbrl,ok,,257751739,510570000000,216725000000,-12000000,,257751739,318065645926.0,26.485523632151637,2019-03-28,1234.0,1055.3565673828125
S100I9AT_1.xbrl,E02103,3436.T,2020-03-26,\\Nas\nas1\Documents\Education\2021 EDHEC Exec PhD\5 Pipeline\data\interim\paper1\data\E02103\S100I9AT_1.xbrl,ok,,293285539,489842000000,244540000000,-12000000,7600,293285539,402094473969.0,26.719952907828073,2020-03-26,1371.0,1203.427490234375
S100L03F_1.xbrl,E02103,3436.T,2021-03-25,\\Nas\nas1\Documents\Education\2021 EDHEC Exec PhD\5 Pipeline\data\interim\paper1\data\E02103\S100L03F_1.xbrl,ok,,293285539,493243000000,242836000000,-12000000,7700,293285539,735560131812.0,27.32389813001857,2021-03-25,2508.0,2235.479736328125
S100NPKM_1.xbrl,E02103,3436.T,2022-03-29,\\Nas\nas1\Documents\Education\2021 EDHEC Exec PhD\5 Pipeline\data\interim\paper1\data\E02103\S100NPKM_1.xbrl,ok,,293285539,530906000000,281623000000,-12000000,7800,293285539,583931508149.0,27.093049532329953,2022-03-29,1991.0,1803.826904296875
S100QENF_1.xbrl,E02103,3436.T,2023-03-29,\\Nas\nas1\Documents\Education\2021 EDHEC Exec PhD\5 Pipeline\data\interim\paper1\data\E02103\S100QENF_1.xbrl,ok,,293285539,588250000000,325545000000,-19000000,7900,293285539,571320229972.0,27.071215712468238,2023-03-29,1948.0,1845.2713623046875
S100CO0M_1.xbrl,E25850,3659.T,2018-03-28,\\Nas\nas1\Documents\Education\2021 EDHEC Exec PhD\5 Pipeline\data\interim\paper1\data\E25850\S100CO0M_1.xbrl,ok,,439343000,418851000000,303338000000,-0,,439343000,783787912000.0,27.38740430029141,2018-03-28,1784.0,1721.2811279296875
S100FH4T_1.xbrl,E25850,3659.T,2019-03-27,\\Nas\nas1\Documents\Education\2021 EDHEC Exec PhD\5 Pipeline\data\interim\paper1\data\E25850\S100FH4T_1.xbrl,ok,,431256000,437022000000,108598000000,None,,431256000,749091672000.0,27.34212720549764,2019-03-27,1737.0,1675.9334716796875
S100IAP9_1.xbrl,E25850,3659.T,2020-03-26,\\Nas\nas1\Documents\Education\2021 EDHEC Exec PhD\5 Pipeline\data\interim\paper1\data\E25850\S100IAP9_1.xbrl,ok,,434117000,425586000000,104630000000,-1000000,19109000,434117000,711517763000.0,27.29066621973039,2020-03-26,1639.0,1584.059814453125
S100L1PF_1.xbrl,E25850,3659.T,2021-03-26,\\Nas\nas1\Documents\Education\2021 EDHEC Exec PhD\5 Pipeline\data\interim\paper1\data\E25850\S100L1PF_1.xbrl,ok,,434871000,441832000000,56281000000,-27219000000,,434871000,1572058665000.0,28.083407127941527,2021-03-26,3615.0,3499.927978515625
S100NQW4_1.xbrl,E25850,3659.T,2022-03-28,\\Nas\nas1\Documents\Education\2021 EDHEC Exec PhD\5 Pipeline\data\interim\paper1\data\E25850\S100NQW4_1.xbrl,ok,,440184000,543231000000,46187000000,-0,7042600,440184000,1285337280000.0,27.882042274543444,2022-03-28,2920.0,2836.269287109375
S100QFYL_1.xbrl,E25850,3659.T,2023-03-27,\\Nas\nas1\Documents\Education\2021 EDHEC Exec PhD\5 Pipeline\data\interim\paper1\data\E25850\S100QFYL_1.xbrl,ok,,894278000,649998000000,57327000000,-17863000000,5168300,894278000,2776733190000.0,28.652296241135396,2023-03-27,3105.0,3026.47119140625
S100HHRP_1.xbrl,E30969,3697.T,2019-11-28,\\Nas\nas1\Documents\Education\2021 EDHEC Exec PhD\5 Pipeline\data\interim\paper1\data\E30969\S100HHRP_1.xbrl,ok,,14410500,2224507000,1516231000,-60175000,100,14410500,7455031706.817627,22.73215503824832,2019-11-28,517.3333129882812,517.3333129882812
S100K9M6_1.xbrl,E30969,3697.T,2020-11-27,\\Nas\nas1\Documents\Education\2021 EDHEC Exec PhD\5 Pipeline\data\interim\paper1\data\E30969\S100K9M6_1.xbrl,ok,,14466500,3363201000,1828078000,-50636000,200,14466500,14919784255.310059,23.425953971517615,2020-11-27,1031.3333740234375,1031.3333740234375
S100MYNI_1.xbrl,E30969,3697.T,2021-11-29,\\Nas\nas1\Documents\Education\2021 EDHEC Exec PhD\5 Pipeline\data\interim\paper1\data\E30969\S100MYNI_1.xbrl,ok,,14490000,5330786000,2117752000,-41269000,300,14490000,24536400589.59961,23.923423590230872,2021-11-29,1693.3333740234375,1693.3333740234375
S100PPVI_1.xbrl,E30969,3697.T,2022-11-29,\\Nas\nas1\Documents\Education\2021 EDHEC Exec PhD\5 Pipeline\data\interim\paper1\data\E30969\S100PPVI_1.xbrl,ok,,14542000,6284898000,2506433000,-972237000,300,14542000,27959418074.95117,24.054019941325446,2022-11-29,1922.6666259765625,1922.6666259765625
S100DG4V_1.xbrl,E00642,3861.T,2018-06-28,\\Nas\nas1\Documents\Education\2021 EDHEC Exec PhD\5 Pipeline\data\interim\paper1\data\E00642\S100DG4V_1.xbrl,ok,,1064381817,1898170000000,657626000000,-14394000000,,1064381817,744002890083.0,27.33531075629212,2018-06-28,699.0,569.9934692382812
S100GBRV_1.xbrl,E00642,3861.T,2019-06-27,\\Nas\nas1\Documents\Education\2021 EDHEC Exec PhD\5 Pipeline\data\interim\paper1\data\E00642\S100GBRV_1.xbrl,ok,,1064381817,2140641000000,784420000000,-14465000000,23793700,1064381817,668431781076.0,27.228200180526507,2019-06-27,628.0,520.226806640625
S100J2IZ_1.xbrl,E00642,3861.T,2020-06-26,\\Nas\nas1\Documents\Education\2021 EDHEC Exec PhD\5 Pipeline\data\interim\paper1\data\E00642\S100J2IZ_1.xbrl,ok,,1064381817,1909483000000,711230000000,-13753000000,22751700,1064381817,541770344853.0,27.018108030608833,2020-06-26,509.0,432.4556579589844
S100LTXX_1.xbrl,E00642,3861.T,2021-06-29,\\Nas\nas1\Documents\Education\2021 EDHEC Exec PhD\5 Pipeline\data\interim\paper1\data\E00642\S100LTXX_1.xbrl,ok,,1014381817,1901029000000,759198000000,-13577000000,22691800,1014381817,648189981063.0,27.197449670982415,2021-06-29,639.0,555.7933349609375
S100OK9E_1.xbrl,E00642,3861.T,2022-06-29,\\Nas\nas1\Documents\Education\2021 EDHEC Exec PhD\5 Pipeline\data\interim\paper1\data\E00642\S100OK9E_1.xbrl,ok,,1014381817,1960753000000,810011000000,-13400000000,22575800,1014381817,595442126579.0,27.112570036432977,2022-06-29,587.0,522.8692626953125
S100COR7_1.xbrl,E00751,4004.T,2018-03-29,\\Nas\nas1\Documents\Education\2021 EDHEC Exec PhD\5 Pipeline\data\interim\paper1\data\E00751\S100COR7_1.xbrl,ok,,1497113000,985771000000,345811000000,-10502000000,,1497113000,6534898245000.0,29.508177892110744,2018-03-29,4365.0,3520.33935546875
S100FGIO_1.xbrl,E00751,4004.T,2019-03-28,\\Nas\nas1\Documents\Education\2021 EDHEC Exec PhD\5 Pipeline\data\interim\paper1\data\E00751\S100FGIO_1.xbrl,ok,,1497113000,1009843000000,319087000000,-10503000000,,1497113000,5718971660000.0,29.374810125437666,2019-03-28,3820.0,3193.4599609375
S100IB06_1.xbrl,E00751,4004.T,2020-03-26,\\Nas\nas1\Documents\Education\2021 EDHEC Exec PhD\5 Pipeline\data\interim\paper1\data\E00751\S100IB06_1.xbrl,ok,,1497113000,940494000000,308142000000,-11659000000,3559900,1497113000,3364012911000.0,28.844155696022373,2020-03-26,2247.0,1960.3067626953125
S100L2YX_1.xbrl,E00751,4004.T,2021-03-30,\\Nas\nas1\Documents\Education\2021 EDHEC Exec PhD\5 Pipeline\data\interim\paper1\data\E00751\S100L2YX_1.xbrl,ok,,149711000,932698000000,311231000000,-11664000000,3561000,149711000,477578090000.0,26.891993522763123,2021-03-30,3190.0,2866.7373046875
S100NSKJ_1.xbrl,E00751,4004.T,2022-03-30,\\Nas\nas1\Documents\Education\2021 EDHEC Exec PhD\5 Pipeline\data\interim\paper1\data\E00751\S100NSKJ_1.xbrl,ok,,149711000,1026999000000,368994000000,-11657000000,3553200,149711000,371133569000.0,26.639827859019423,2022-03-30,2479.0,2287.947998046875
S100QICN_1.xbrl,E00751,4004.T,2023-03-30,\\Nas\nas1\Documents\Education\2021 EDHEC Exec PhD\5 Pipeline\data\interim\paper1\data\E00751\S100QICN_1.xbrl,ok,,149711000,1074983000000,465340000000,-11655000000,3554400,149711000,321279806000.0,26.495578250174876,2023-03-30,2146.0,2043.41162109375
S100D6GI_1.xbrl,E00752,4005.T,2018-06-21,\\Nas\nas1\Documents\Education\2021 EDHEC Exec PhD\5 Pipeline\data\interim\paper1\data\E00752\S100D6GI_1.xbrl,ok,,1655446000,2675737000000,934506000000,-8228000000,,1655446000,1014788398000.0,27.645701231811543,2018-06-21,613.0,480.9840698242188
S100FZUT_1.xbrl,E00752,4005.T,2019-06-21,\\Nas\nas1\Documents\Education\2021 EDHEC Exec PhD\5 Pipeline\data\interim\paper1\data\E00752\S100FZUT_1.xbrl,ok,,1655446000,2675737000000,1118216000000,-8296000000,21468800,1655446000,807857648000.0,27.41765170172848,2019-06-21,488.0,397.4792785644531
S100IUZ8_1.xbrl,E00752,4005.T,2020-06-24,\\Nas\nas1\Documents\Education\2021 EDHEC Exec PhD\5 Pipeline\data\interim\paper1\data\E00752\S100IUZ8_1.xbrl,ok,,1655446000,2675737000000,1090776000000,-8322000000,21482100,1655446000,541330842000.0,27.017296466772585,2020-06-24,327.0,277.288818359375
S100LJNG_1.xbrl,E00752,4005.T,2021-06-23,\\Nas\nas1\Documents\Education\2021 EDHEC Exec PhD\5 Pipeline\data\interim\paper1\data\E00752\S100LJNG_1.xbrl,ok,,1655446000,2878193000000,1162494000000,-8329000000,21495500,1655446000,963469572000.0,27.59380674360677,2021-06-23,582.0,507.00726318359375
S100O9HK_1.xbrl,E00752,4005.T,2022-06-23,\\Nas\nas1\Documents\Education\2021 EDHEC Exec PhD\5 Pipeline\data\interim\paper1\data\E00752\S100O9HK_1.xbrl,ok,,1655446000,3068685000000,1275836000000,-8334000000,21511000,1655446000,877386380000.0,27.5002133024215,2022-06-23,530.0,481.0452880859375
S100DDH3_1.xbrl,E00759,4021.T,2018-06-27,\\Nas\nas1\Documents\Education\2021 EDHEC Exec PhD\5 Pipeline\data\interim\paper1\data\E00759\S100DDH3_1.xbrl,ok,,161000000,207999000000,137822000000,-7587000000,,161000000,848470000000.0,27.466700564484146,2018-06-27,5270.0,4433.51904296875
S100G7SV_1.xbrl,E00759,4021.T,2019-06-26,\\Nas\nas1\Documents\Education\2021 EDHEC Exec PhD\5 Pipeline\data\interim\paper1\data\E00759\S100G7SV_1.xbrl,ok,,158000000,223854000000,151263000000,-5962000000,1217800,158000000,756820000000.0,27.3523912813962,2019-06-26,4790.0,4090.285400390625
S100IZOJ_1.xbrl,E00759,4021.T,2020-06-25,\\Nas\nas1\Documents\Education\2021 EDHEC Exec PhD\5 Pipeline\data\interim\paper1\data\E00759\S100IZOJ_1.xbrl,ok,,156000000,228169000000,156924000000,-6291000000,356300,156000000,829920000000.0,27.444595147549503,2020-06-25,5320.0,4640.66650390625
S100LR7B_1.xbrl,E00759,4021.T,2021-06-25,\\Nas\nas1\Documents\Education\2021 EDHEC Exec PhD\5 Pipeline\data\interim\paper1\data\E00759\S100LR7B_1.xbrl,ok,,154000000,231748000000,163707000000,-2470000000,1186000,154000000,833140000000.0,27.44846753221843,2021-06-25,5410.0,4799.2294921875
S100OIHF_1.xbrl,E00759,4021.T,2022-06-28,\\Nas\nas1\Documents\Education\2021 EDHEC Exec PhD\5 Pipeline\data\interim\paper1\data\E00759\S100OIHF_1.xbrl,ok,,151000000,246040000000,176364000000,-7340000000,1219600,151000000,966400000000.0,27.59684366412696,2022-06-28,6400.0,5775.033203125
S100DE8H_1.xbrl,E00767,4042.T,2018-06-27,\\Nas\nas1\Documents\Education\2021 EDHEC Exec PhD\5 Pipeline\data\interim\paper1\data\E00767\S100DE8H_1.xbrl,ok,,601161912,721748000000,249797000000,-360000000,,601161912,1023778736136.0,27.654521541205465,2018-06-27,1703.0,1255.80517578125
S100G5JB_1.xbrl,E00767,4042.T,2019-06-26,\\Nas\nas1\Documents\Education\2021 EDHEC Exec PhD\5 Pipeline\data\interim\paper1\data\E00767\S100G5JB_1.xbrl,ok,,601161912,760227000000,320783000000,-370000000,311000,601161912,890921953584.0,27.51552266639881,2019-06-26,1482.0,1128.677978515625
S100IZKR_1.xbrl,E00767,4042.T,2020-06-26,\\Nas\nas1\Documents\Education\2021 EDHEC Exec PhD\5 Pipeline\data\interim\paper1\data\E00767\S100IZKR_1.xbrl,ok,,650161912,733138000000,373724000000,-327000000,213300,650161912,947936067696.0,27.57755289778807,2020-06-26,1458.0,1157.647216796875
S100LONS_1.xbrl,E00767,4042.T,2021-06-25,\\Nas\nas1\Documents\Education\2021 EDHEC Exec PhD\5 Pipeline\data\interim\paper1\data\E00767\S100LONS_1.xbrl,ok,,650161912,778746000000,448335000000,-237000000,6899100,650161912,1267165566488.0,27.86780368472703,2021-06-25,1949.0,1592.2913818359375
S100ODLJ_1.xbrl,E00767,4042.T,2022-06-24,\\Nas\nas1\Documents\Education\2021 EDHEC Exec PhD\5 Pipeline\data\interim\paper1\data\E00767\S100ODLJ_1.xbrl,ok,,325080956,845748000000,528066000000,-10104000000,6838800,325080956,550687139464.0,27.03443267987152,2022-06-24,1694.0,1442.4459228515625
S100DBD3_1.xbrl,E00768,4043.T,2018-06-25,\\Nas\nas1\Documents\Education\2021 EDHEC Exec PhD\5 Pipeline\data\interim\paper1\data\E00768\S100DBD3_1.xbrl,ok,,69934000,576315000000,236453000000,-1446000000,,69934000,238824610000.0,26.19899527010628,2018-06-25,3415.0,2717.36376953125
S100G4QL_1.xbrl,E00768,4043.T,2019-06-24,\\Nas\nas1\Documents\Education\2021 EDHEC Exec PhD\5 Pipeline\data\interim\paper1\data\E00768\S100G4QL_1.xbrl,ok,,69934000,554527000000,169445000000,-1472000000,381900,69934000,196654408000.0,26.004713751031943,2019-06-24,2812.0,2277.084716796875
S100IZ24_1.xbrl,E00768,4043.T,2020-06-25,\\Nas\nas1\Documents\Education\2021 EDHEC Exec PhD\5 Pipeline\data\interim\paper1\data\E00768\S100IZ24_1.xbrl,ok,,69934000,401342000000,60205000000,-1823000000,384100,69934000,171618036000.0,25.868537123372246,2020-06-25,2454.0,2050.276123046875
S100LIP1_1.xbrl,E00768,4043.T,2021-06-28,\\Nas\nas1\Documents\Education\2021 EDHEC Exec PhD\5 Pipeline\data\interim\paper1\data\E00768\S100LIP1_1.xbrl,ok,,69934000,424433000000,135976000000,-1809000000,10900,69934000,160288728000.0,25.800242575936018,2021-06-28,2292.0,1964.607421875
S100OFBO_1.xbrl,E00768,4043.T,2022-06-27,\\Nas\nas1\Documents\Education\2021 EDHEC Exec PhD\5 Pipeline\data\interim\paper1\data\E00768\S100OFBO_1.xbrl,ok,,69934000,361949000000,136591000000,-349000000,14200,69934000,123083840000.0,25.536131586133585,2022-06-27,1760.0,1563.9100341796875
S100D91I_1.xbrl,E00774,4061.T,2018-06-21,\\Nas\nas1\Documents\Education\2021 EDHEC Exec PhD\5 Pipeline\data\interim\paper1\data\E00774\S100D91I_1.xbrl,ok,,481883837,431347000000,189516000000,-10170000000,,481883837,1751647747495.0,28.19157803086214,2018-06-21,3635.0,2722.789794921875
S100G2LK_1.xbrl,E00774,4061.T,2019-06-20,\\Nas\nas1\Documents\Education\2021 EDHEC Exec PhD\5 Pipeline\data\interim\paper1\data\E00774\S100G2LK_1.xbrl,ok,,465954121,445569000000,210798000000,-3189000000,1571200,465954121,1479404334175.0,28.022660645780217,2019-06-20,3175.0,2460.73876953125
S100ITP8_1.xbrl,E00774,4061.T,2020-06-19,\\Nas\nas1\Documents\Education\2021 EDHEC Exec PhD\5 Pipeline\data\interim\paper1\data\E00774\S100ITP8_1.xbrl,ok,,465954121,443864000000,216071000000,-5492000000,2273400,465954121,1249222998401.0,27.853542872689385,2020-06-19,2681.0,2178.763671875
S100LM7D_1.xbrl,E00774,4061.T,2021-06-22,\\Nas\nas1\Documents\Education\2021 EDHEC Exec PhD\5 Pipeline\data\interim\paper1\data\E00774\S100LM7D_1.xbrl,ok,,465954121,454944000000,227487000000,-7593000000,2276100,465954121,1735679100725.0,28.182419865267086,2021-06-22,3725.0,3127.851318359375
S100OC2H_1.xbrl,E00774,4061.T,2022-06-22,\\Nas\nas1\Documents\Education\2021 EDHEC Exec PhD\5 Pipeline\data\interim\paper1\data\E00774\S100OC2H_1.xbrl,ok,,88555840,473799000000,242780000000,-7677000000,2278200,88555840,286035363200.0,26.37938128767498,2022-06-22,3230.0,2818.682861328125
S100DIKT_1.xbrl,E00776,4063.T,2018-06-29,\\Nas\nas1\Documents\Education\2021 EDHEC Exec PhD\5 Pipeline\data\interim\paper1\data\E00776\S100DIKT_1.xbrl,ok,,432106000,2198912000000,1822135000000,-31213000000,,432106000,853236497050.537,27.472302599293663,2018-06-29,1974.5999755859373,1690.5394287109375
S100GCYI_1.xbrl,E00776,4063.T,2019-06-28,\\Nas\nas1\Documents\Education\2021 EDHEC Exec PhD\5 Pipeline\data\interim\paper1\data\E00776\S100GCYI_1.xbrl,ok,,432106000,2452306000000,2012711000000,-30207000000,10801900,432106000,867236742000.0,27.488577835276708,2019-06-28,2007.0,1754.51708984375
S100J3BG_1.xbrl,E00776,4063.T,2020-06-29,\\Nas\nas1\Documents\Education\2021 EDHEC Exec PhD\5 Pipeline\data\interim\paper1\data\E00776\S100J3BG_1.xbrl,ok,,432106000,2510085000000,2080465000000,-94702000000,805300,432106000,1061252336000.0,27.690470775747404,2020-06-29,2456.0,2189.387451171875
S100LV8Y_1.xbrl,E00776,4063.T,2021-06-30,\\Nas\nas1\Documents\Education\2021 EDHEC Exec PhD\5 Pipeline\data\interim\paper1\data\E00776\S100LV8Y_1.xbrl,ok,,432106000,2655636000000,2190082000000,-7123000000,1115500,432106000,1605705896000.0,28.1045845864141,2021-06-30,3716.0,3363.603759765625
S100OLVL_1.xbrl,E00776,4063.T,2022-06-30,\\Nas\nas1\Documents\Education\2021 EDHEC Exec PhD\5 Pipeline\data\interim\paper1\data\E00776\S100OLVL_1.xbrl,ok,,432106000,2903137000000,2413025000000,-12612000000,1218000,432106000,1322244360000.0,27.910351681426796,2022-06-30,3060.0,2827.91650390625
S100CKNI_1.xbrl,E00816,4151.T,2018-03-16,\\Nas\nas1\Documents\Education\2021 EDHEC Exec PhD\5 Pipeline\data\interim\paper1\data\E00816\S100CKNI_1.xbrl,ok,,576483555,693427000000,595415000000,-26890000000,,576483555,1305158768520.0,27.89734581100417,2018-03-16,2264.0,1947.9364013671875
S100FD5X_1.xbrl,E00816,4151.T,2019-03-14,\\Nas\nas1\Documents\Education\2021 EDHEC Exec PhD\5 Pipeline\data\interim\paper1\data\E00816\S100FD5X_1.xbrl,ok,,576483555,693427000000,605368000000,-26820000000,,576483555,1337441847600.0,27.92177983634145,2019-03-14,2320.0,2029.7607421875
S100I6UF_1.xbrl,E00816,4151.T,2020-03-12,\\Nas\nas1\Documents\Education\2021 EDHEC Exec PhD\5 Pipeline\data\interim\paper1\data\E00816\S100I6UF_1.xbrl,ok,,576483555,693427000000,614858000000,-3792000000,3053300,576483555,1308617669850.0,27.899992482156545,2020-03-12,2270.0,2023.8048095703125
S100KWXR_1.xbrl,E00816,4151.T,2021-03-09,\\Nas\nas1\Documents\Education\2021 EDHEC Exec PhD\5 Pipeline\data\interim\paper1\data\E00816\S100KWXR_1.xbrl,ok,,576483555,683801000000,600745000000,-3545000000,2823900,576483555,1856277047100.0,28.24959401021955,2021-03-09,3220.0,2915.370849609375
S100NMKA_1.xbrl,E00816,4151.T,2022-03-08,\\Nas\nas1\Documents\Education\2021 EDHEC Exec PhD\5 Pipeline\data\interim\paper1\data\E00816\S100NMKA_1.xbrl,ok,,576483555,708295000000,621297000000,-3545000000,2671800,576483555,1579564940700.0,28.088170571063213,2022-03-08,2740.0,2513.3662109375
S100QCX2_1.xbrl,E00816,4151.T,2023-03-09,\\Nas\nas1\Documents\Education\2021 EDHEC Exec PhD\5 Pipeline\data\interim\paper1\data\E00816\S100QCX2_1.xbrl,ok,,576483555,741982000000,502413000000,-3359000000,2521100,576483555,1681602529935.0,28.15076834154882,2023-03-09,2917.0,2720.693115234375
S100DEDU_1.xbrl,E00840,4183.T,2018-06-26,\\Nas\nas1\Documents\Education\2021 EDHEC Exec PhD\5 Pipeline\data\interim\paper1\data\E00840\S100DEDU_1.xbrl,ok,,1022020076,1432162000000,409647000000,-14708000000,,1022020076,1506968602062.0,28.041121200625934,2018-06-26,1474.5,1114.900390625
S100G7PL_1.xbrl,E00840,4183.T,2019-06-25,\\Nas\nas1\Documents\Education\2021 EDHEC Exec PhD\5 Pipeline\data\interim\paper1\data\E00840\S100G7PL_1.xbrl,ok,,1022020076,1411790000000,471299000000,-19842000000,9452700,1022020076,1339868319636.0,27.9235924561343,2019-06-25,1311.0,1027.47412109375
S100IYE7_1.xbrl,E00840,4183.T,2020-06-24,\\Nas\nas1\Documents\Education\2021 EDHEC Exec PhD\5 Pipeline\data\interim\paper1\data\E00840\S100IYE7_1.xbrl,ok,,1022020076,1258948000000,443237000000,-29869000000,13557100,1022020076,1163569856526.0,27.782513857874395,2020-06-24,1138.5,932.188232421875
S100LR8N_1.xbrl,E00840,4183.T,2021-06-25,\\Nas\nas1\Documents\Education\2021 EDHEC Exec PhD\5 Pipeline\data\interim\paper1\data\E00840\S100LR8N_1.xbrl,ok,,1022020076,1590902000000,514635000000,-29869000000,8664300,1022020076,1964833596110.0,28.306428673750403,2021-06-25,1922.5,1626.9610595703125
S100OFZ7_1.xbrl,E00840,4183.T,2022-06-24,\\Nas\nas1\Documents\Education\2021 EDHEC Exec PhD\5 Pipeline\data\interim\paper1\data\E00840\S100OFZ7_1.xbrl,ok,,204454615,1590902000000,587222000000,-24900000000,11417300,204454615,292983463295.0,26.40338200510451,2022-06-24,1433.0,1255.75341796875
S100DE8M_1.xbrl,E00808,4188.T,2018-06-26,\\Nas\nas1\Documents\Education\2021 EDHEC Exec PhD\5 Pipeline\data\interim\paper1\data\E00808\S100DE8M_1.xbrl,ok,,1506288000,4368998000000,1314870000000,-53378000000,,1506288000,1385333091987.3047,27.956961726282273,2018-06-26,919.7000122070312,692.4351806640625
S100G7GT_1.xbrl,E00808,4188.T,2019-06-25,\\Nas\nas1\Documents\Education\2021 EDHEC Exec PhD\5 Pipeline\data\interim\paper1\data\E00808\S100G7GT_1.xbrl,ok,,1506288000,4368998000000,1588601000000,-43569000000,83292600,1506288000,1116460683987.3047,27.741184693981268,2019-06-25,741.2000122070312,583.0497436523438
S100IXXV_1.xbrl,E00808,4188.T,2020-06-24,\\Nas\nas1\Documents\Education\2021 EDHEC Exec PhD\5 Pipeline\data\interim\paper1\data\E00808\S100IXXV_1.xbrl,ok,,1506288000,4368998000000,1554528000000,-63560000000,83221500,1506288000,954082855974.6094,27.58401635574978,2020-06-24,633.4000244140625,520.0147094726562
S100LP98_1.xbrl,E00808,4188.T,2021-06-24,\\Nas\nas1\Documents\Education\2021 EDHEC Exec PhD\5 Pipeline\data\interim\paper1\data\E00808\S100LP98_1.xbrl,ok,,1506288000,4463547000000,1608324000000,-63485000000,83046300,1506288000,1395877107987.3047,27.96454408486601,2021-06-24,926.7000122070312,786.5445556640625
S100OG52_1.xbrl,E00808,4188.T,2022-06-24,\\Nas\nas1\Documents\Education\2021 EDHEC Exec PhD\5 Pipeline\data\interim\paper1\data\E00808\S100OG52_1.xbrl,ok,,1506288000,4701415000000,415974000000,-63244000000,82541600,1506288000,1111941819987.3047,27.73712899023289,2022-06-24,738.2000122070312,647.3404541015625
S100DFUQ_1.xbrl,E01002,4208.T,2018-06-28,\\Nas\nas1\Documents\Education\2021 EDHEC Exec PhD\5 Pipeline\data\interim\paper1\data\E01002\S100DFUQ_1.xbrl,ok,,1062001000,700715000000,265355000000,-726000000,,1062001000,3044756867000.0,28.74444216726867,2018-06-28,2867.0,2079.601806640625
S100GBZW_1.xbrl,E01002,4208.T,2019-06-27,\\Nas\nas1\Documents\Education\2021 EDHEC Exec PhD\5 Pipeline\data\interim\paper1\data\E01002\S100GBZW_1.xbrl,ok,,1062001000,711546000000,289610000000,-2958000000,5168700,1062001000,2365076227000.0,28.491831368642668,2019-06-27,2227.0,1671.02734375
S100IZEC_1.xbrl,E01002,4208.T,2020-06-26,\\Nas\nas1\Documents\Education\2021 EDHEC Exec PhD\5 Pipeline\data\interim\paper1\data\E01002\S100IZEC_1.xbrl,ok,,1062001000,679783000000,289622000000,-12798000000,5103400,1062001000,1946647833000.0,28.297129949225006,2020-06-26,1833.0,1440.874267578125
S100LSYZ_1.xbrl,E01002,4208.T,2021-06-29,\\Nas\nas1\Documents\Education\2021 EDHEC Exec PhD\5 Pipeline\data\interim\paper1\data\E01002\S100LSYZ_1.xbrl,ok,,1062001000,709379000000,310401000000,-12645000000,5060900,1062001000,2419238278000.0,28.514473845392427,2021-06-29,2278.0,1868.5018310546875
S100OIQR_1.xbrl,E01002,4208.T,2022-06-29,\\Nas\nas1\Documents\Education\2021 EDHEC Exec PhD\5 Pipeline\data\interim\paper1\data\E01002\S100OIQR_1.xbrl,ok,,106200000,742445000000,336861000000,-12380000000,9397600,106200000,216329400000.0,26.10006808299892,2022-06-29,2037.0,1745.8203125
S100DFM3_1.xbrl,E05062,4307.T,2018-06-27,\\Nas\nas1\Documents\Education\2021 EDHEC Exec PhD\5 Pipeline\data\interim\paper1\data\E05062\S100DFM3_1.xbrl,ok,,225000000,469010000000,331408000000,-37316000000,,225000000,412500009155.2734,26.745502064915748,2018-06-27,1833.3333740234373,1667.1300048828125
S100G6WX_1.xbrl,E05062,4307.T,2019-06-25,\\Nas\nas1\Documents\Education\2021 EDHEC Exec PhD\5 Pipeline\data\interim\paper1\data\E05062\S100G6WX_1.xbrl,ok,,225000000,593213000000,403467000000,-41218000000,16822600,225000000,401999990844.72656,26.71971790279112,2019-06-25,1786.6666259765625,1652.2305908203125
S100IWKT_1.xbrl,E05062,4307.T,2020-06-23,\\Nas\nas1\Documents\Education\2021 EDHEC Exec PhD\5 Pipeline\data\interim\paper1\data\E05062\S100IWKT_1.xbrl,ok,,272250000,621695000000,425409000000,-72197000000,35565400,272250000,796059000000.0,27.402939140647014,2020-06-23,2924.0,2741.70361328125
S100LM5W_1.xbrl,E05062,4307.T,2021-06-22,\\Nas\nas1\Documents\Education\2021 EDHEC Exec PhD\5 Pipeline\data\interim\paper1\data\E05062\S100LM5W_1.xbrl,ok,,264000000,642785000000,447297000000,-72197000000,3385900,264000000,964920000000.0,27.595311033294468,2021-06-22,3655.0,3462.787109375
S100OBJK_1.xbrl,E05062,4307.T,2022-06-21,\\Nas\nas1\Documents\Education\2021 EDHEC Exec PhD\5 Pipeline\data\interim\paper1\data\E05062\S100OBJK_1.xbrl,ok,,251000000,642785000000,432674000000,-15027000000,19489100,251000000,919915000000.0,27.54754711141681,2022-06-21,3665.0,3505.550537109375
S100CM3L_1.xbrl,E04760,4324.T,2018-03-29,\\Nas\nas1\Documents\Education\2021 EDHEC Exec PhD\5 Pipeline\data\interim\paper1\data\E04760\S100CM3L_1.xbrl,ok,,288410000,2685933000000,908495000000,-20168000000,,288410000,1341106500000.0,27.92451613541914,2018-03-29,4650.0,3792.730224609375
S100FGWQ_1.xbrl,E04760,4324.T,2019-03-28,\\Nas\nas1\Documents\Education\2021 EDHEC Exec PhD\5 Pipeline\data\interim\paper1\data\E04760\S100FGWQ_1.xbrl,ok,,288410000,3159534000000,1057513000000,-40182000000,,288410000,1349758800000.0,27.93094702574943,2019-03-28,4680.0,3888.34130859375
S100IBQS_1.xbrl,E04760,4324.T,2020-03-27,\\Nas\nas1\Documents\Education\2021 EDHEC Exec PhD\5 Pipeline\data\interim\paper1\data\E04760\S100IBQS_1.xbrl,ok,,288410000,3066075000000,790255000000,-40194000000,11522000,288410000,634213590000.0,27.175651627392497,2020-03-27,2199.0,1873.385009765625
S100L0TZ_1.xbrl,E04760,4324.T,2021-03-26,\\Nas\nas1\Documents\Education\2021 EDHEC Exec PhD\5 Pipeline\data\interim\paper1\data\E04760\S100L0TZ_1.xbrl,ok,,288410000,3155230000000,857206000000,-60202000000,6702600,288410000,1061348800000.0,27.690561668000715,2021-03-26,3680.0,3217.758056640625
S100NRHV_1.xbrl,E04760,4324.T,2022-03-30,\\Nas\nas1\Documents\Education\2021 EDHEC Exec PhD\5 Pipeline\data\interim\paper1\data\E04760\S100NRHV_1.xbrl,ok,,288410000,3562857000000,939212000000,-34592000000,14393400,288410000,1437723850000.0,27.994082319233677,2022-03-30,4985.0,4486.3525390625
S100QHOJ_1.xbrl,E04760,4324.T,2023-03-30,\\Nas\nas1\Documents\Education\2021 EDHEC Exec PhD\5 Pipeline\data\interim\paper1\data\E04760\S100QHOJ_1.xbrl,ok,,288410000,3638488000000,991086000000,-64603000000,4748300,288410000,1315149600000.0,27.904971539346167,2023-03-30,4560.0,4258.8349609375
S100E76A_1.xbrl,E34064,4385.T,2018-09-28,\\Nas\nas1\Documents\Education\2021 EDHEC Exec PhD\5 Pipeline\data\interim\paper1\data\E34064\S100E76A_1.xbrl,ok,,6500000,25463000000,8395000000,,,6500000,24407500000.0,23.9181562990641,2018-09-28,3755.0,3755.0
S100H0U9_1.xbrl,E34064,4385.T,2019-09-27,\\Nas\nas1\Documents\Education\2021 EDHEC Exec PhD\5 Pipeline\data\interim\paper1\data\E34064\S100H0U9_1.xbrl,ok,,6500000,25463000000,8395000000,None,,6500000,17049500000.0,23.55938671473274,2019-09-27,2623.0,2623.0
S100JQVH_1.xbrl,E34064,4385.T,2020-09-25,\\Nas\nas1\Documents\Education\2021 EDHEC Exec PhD\5 Pipeline\data\interim\paper1\data\E34064\S100JQVH_1.xbrl,ok,,6514269,25463000000,8395000000,-0,,6514269,30682206990.0,24.146948746647,2020-09-25,4710.0,4710.0
S100MIGF_1.xbrl,E34064,4385.T,2021-09-29,\\Nas\nas1\Documents\Education\2021 EDHEC Exec PhD\5 Pipeline\data\interim\paper1\data\E34064\S100MIGF_1.xbrl,ok,,6514269,54489000000,4416000000,-0,,6514269,38564472480.0,24.375597287514587,2021-09-29,5920.0,5920.0
S100P8KO_1.xbrl,E34064,4385.T,2022-09-28,\\Nas\nas1\Documents\Education\2021 EDHEC Exec PhD\5 Pipeline\data\interim\paper1\data\E34064\S100P8KO_1.xbrl,ok,,135339722,117752000000,54422000000,-0,100,135339722,272168180942.0,26.32968602445289,2022-09-28,2011.0,2011.0
S100CMG0_1.xbrl,E00883,4452.T,2018-03-23,\\Nas\nas1\Documents\Education\2021 EDHEC Exec PhD\5 Pipeline\data\interim\paper1\data\E00883\S100CMG0_1.xbrl,ok,,516000000,1311064000000,642640000000,-56941000000,,516000000,3753384000000.0,28.95367894899277,2018-03-23,7274.0,6134.44482421875
S100FGB1_1.xbrl,E00883,4452.T,2019-03-26,\\Nas\nas1\Documents\Education\2021 EDHEC Exec PhD\5 Pipeline\data\interim\paper1\data\E00883\S100FGB1_1.xbrl,ok,,504000000,1311064000000,672393000000,-9411000000,,504000000,4396896000000.0,29.111919953357162,2019-03-26,8724.0,7468.0654296875
S100IABD_1.xbrl,E00883,4452.T,2020-03-25,\\Nas\nas1\Documents\Education\2021 EDHEC Exec PhD\5 Pipeline\data\interim\paper1\data\E00883\S100IABD_1.xbrl,ok,,504000000,1311064000000,687133000000,-11282000000,300400,504000000,4320288000000.0,29.09434318262911,2020-03-25,8572.0,7448.1494140625
S100L0HB_1.xbrl,E00883,4452.T,2021-03-26,\\Nas\nas1\Documents\Education\2021 EDHEC Exec PhD\5 Pipeline\data\interim\paper1\data\E00883\S100L0HB_1.xbrl,ok,,504000000,1338309000000,676611000000,-4309000000,260300,504000000,3634848000000.0,28.92158841035885,2021-03-26,7212.0,6373.20751953125
S100NQCA_1.xbrl,E00883,4452.T,2022-03-25,\\Nas\nas1\Documents\Education\2021 EDHEC Exec PhD\5 Pipeline\data\interim\paper1\data\E00883\S100NQCA_1.xbrl,ok,,495000000,1427375000000,737162000000,-3865000000,118900,495000000,2493810000000.0,28.54483277744552,2022-03-25,5038.0,4552.23974609375
S100QFPL_1.xbrl,E00883,4452.T,2023-03-24,\\Nas\nas1\Documents\Education\2021 EDHEC Exec PhD\5 Pipeline\data\interim\paper1\data\E00883\S100QFPL_1.xbrl,ok,,488700000,1460986000000,750171000000,-3960000000,88100,488700000,2488460400000.0,28.54268532191768,2023-03-24,5092.0,4727.39892578125
S100DG7F_1.xbrl,E00919,4502.T,2018-06-28,\\Nas\nas1\Documents\Education\2021 EDHEC Exec PhD\5 Pipeline\data\interim\paper1\data\E00919\S100DG7F_1.xbrl,ok,,789681000,4569144000000,2338108000000,-48721000000,,789681000,3572516844000.0,28.904291461644846,2018-06-28,4524.0,3228.970458984375
S100G9DS_1.xbrl,E00919,4502.T,2019-06-27,\\Nas\nas1\Documents\Education\2021 EDHEC Exec PhD\5 Pipeline\data\interim\paper1\data\E00919\S100G9DS_1.xbrl,ok,,789924000,4296192000000,1477854000000,-74373000000,452100,789924000,3009610440000.0,28.73283176438668,2019-06-27,3810.0,2825.76025390625
S100IUW5_1.xbrl,E00919,4502.T,2020-06-24,\\Nas\nas1\Documents\Education\2021 EDHEC Exec PhD\5 Pipeline\data\interim\paper1\data\E00919\S100IUW5_1.xbrl,ok,,790284000,3824085000000,1572199000000,-57142000000,456800,790284000,3163506852000.0,28.782702291486434,2020-06-24,4003.0,3121.624267578125
S100LR7D_1.xbrl,E00919,4502.T,2021-06-29,\\Nas\nas1\Documents\Education\2021 EDHEC Exec PhD\5 Pipeline\data\interim\paper1\data\E00919\S100LR7D_1.xbrl,ok,,790521000,4346794000000,1530447000000,-87463000000,459900,790521000,2926508742000.0,28.704831272859284,2021-06-29,3702.0,3018.571533203125
S100OBQE_1.xbrl,E00919,4502.T,2022-06-29,\\Nas\nas1\Documents\Education\2021 EDHEC Exec PhD\5 Pipeline\data\interim\paper1\data\E00919\S100OBQE_1.xbrl,ok,,794688000,4106463000000,1565913000000,-59552000000,22932900,794688000,3019019712000.0,28.735953295946278,2022-06-29,3799.0,3254.99462890625
S100D672_1.xbrl,E00920,4503.T,2018-06-15,\\Nas\nas1\Documents\Education\2021 EDHEC Exec PhD\5 Pipeline\data\interim\paper1\data\E00920\S100D672_1.xbrl,ok,,456964000,1653108000000,1140069000000,-138207000000,,456964000,807912352000.0,27.417719414336116,2018-06-15,1768.0,1395.4599609375
S100G0JS_1.xbrl,E00920,4503.T,2019-06-18,\\Nas\nas1\Documents\Education\2021 EDHEC Exec PhD\5 Pipeline\data\interim\paper1\data\E00920\S100G0JS_1.xbrl,ok,,2259823000,1793578000000,741442000000,-135951000000,92641400,2259823000,3319679987000.0,28.83088950475335,2019-06-18,1469.0,1184.124267578125
S100ISXY_1.xbrl,E00920,4503.T,2020-06-18,\\Nas\nas1\Documents\Education\2021 EDHEC Exec PhD\5 Pipeline\data\interim\paper1\data\E00920\S100ISXY_1.xbrl,ok,,2221823000,1799338000000,550729000000,-164629000000,1294000,2221823000,3904853922500.0,28.99324149071001,2020-06-18,1757.5,1451.8359375
S100LIQN_1.xbrl,E00920,4503.T,2021-06-18,\\Nas\nas1\Documents\Education\2021 EDHEC Exec PhD\5 Pipeline\data\interim\paper1\data\E00920\S100LIQN_1.xbrl,ok,,2153823000,1814072000000,514609000000,-7178000000,1083700,2153823000,4184878089000.0,29.062498688979737,2021-06-18,1943.0,1645.7138671875
S100O9T7_1.xbrl,E00920,4503.T,2022-06-20,\\Nas\nas1\Documents\Education\2021 EDHEC Exec PhD\5 Pipeline\data\interim\paper1\data\E00920\S100O9T7_1.xbrl,ok,,2068823000,1858205000000,612379000000,-15377000000,911800,2068823000,4186263340500.0,29.06282964779206,2022-06-20,2023.5,1759.397216796875
S100D54M_1.xbrl,E00922,4506.T,2018-06-19,\\Nas\nas1\Documents\Education\2021 EDHEC Exec PhD\5 Pipeline\data\interim\paper1\data\E00922\S100D54M_1.xbrl,ok,,397900000,705487000000,398540000000,-667000000,,397900000,930290200000.0,27.558762417429172,2018-06-19,2338.0,2145.088134765625
S100FZD7_1.xbrl,E00922,4506.T,2019-06-20,\\Nas\nas1\Documents\Education\2021 EDHEC Exec PhD\5 Pipeline\data\interim\paper1\data\E00922\S100FZD7_1.xbrl,ok,,397900000,705487000000,451021000000,-669000000,603800,397900000,831213100000.0,27.446152036953723,2019-06-20,2089.0,1938.2479248046875
S100IU2H_1.xbrl,E00922,4506.T,2020-06-23,\\Nas\nas1\Documents\Education\2021 EDHEC Exec PhD\5 Pipeline\data\interim\paper1\data\E00922\S100IU2H_1.xbrl,ok,,397900000,705487000000,446472000000,-674000000,605000,397900000,592871000000.0,27.108242674336662,2020-06-23,1490.0,1406.76953125
S100LN0R_1.xbrl,E00922,4506.T,2021-06-24,\\Nas\nas1\Documents\Education\2021 EDHEC Exec PhD\5 Pipeline\data\interim\paper1\data\E00922\S100LN0R_1.xbrl,ok,,397900000,779072000000,460389000000,-677000000,606200,397900000,916761600000.0,27.544113297212938,2021-06-24,2304.0,2212.24169921875
S100O9PO_1.xbrl,E00922,4506.T,2022-06-23,\\Nas\nas1\Documents\Education\2021 EDHEC Exec PhD\5 Pipeline\data\interim\paper1\data\E00922\S100O9PO_1.xbrl,ok,,397900000,809684000000,483050000000,-679000000,607200,397900000,420978200000.0,26.765846887815403,2022-06-23,1058.0,1034.1900634765625
S100D8CS_1.xbrl,E00923,4507.T,2018-06-20,\\Nas\nas1\Documents\Education\2021 EDHEC Exec PhD\5 Pipeline\data\interim\paper1\data\E00923\S100D8CS_1.xbrl,ok,,351136165,580566000000,467836000000,-27110000000,,351136165,676639389955.0,27.24040430909032,2018-06-20,1927.0,1660.3909912109375
S100G0TE_1.xbrl,E00923,4507.T,2019-06-18,\\Nas\nas1\Documents\Education\2021 EDHEC Exec PhD\5 Pipeline\data\interim\paper1\data\E00923\S100G0TE_1.xbrl,ok,,351136165,595067000000,478883000000,-36641000000,5498700,351136165,722989363735.0,27.30666034770374,2019-06-18,2059.0,1798.27490234375
S100IXUZ_1.xbrl,E00923,4507.T,2020-06-24,\\Nas\nas1\Documents\Education\2021 EDHEC Exec PhD\5 Pipeline\data\interim\paper1\data\E00923\S100IXUZ_1.xbrl,ok,,351136165,857725000000,513877000000,-36641000000,13002000,351136165,816040447460.0,27.427729758647754,2020-06-24,2324.0,2067.673095703125
S100LMYP_1.xbrl,E00923,4507.T,2021-06-23,\\Nas\nas1\Documents\Education\2021 EDHEC Exec PhD\5 Pipeline\data\interim\paper1\data\E00923\S100LMYP_1.xbrl,ok,,329136165,857725000000,526211000000,-77292000000,10122400,329136165,617020583927.4152,27.14816822160394,2021-06-23,1874.6666259765625,1697.9556884765625
S100OE0D_1.xbrl,E00923,4507.T,2022-06-24,\\Nas\nas1\Documents\Education\2021 EDHEC Exec PhD\5 Pipeline\data\interim\paper1\data\E00923\S100OE0D_1.xbrl,ok,,324136165,857725000000,604840000000,-57989000000,10103300,324136165,726821300940.0647,27.311946480881648,2022-06-24,2242.333251953125,2062.55517578125
S100CL2M_1.xbrl,E00932,4519.T,2018-03-22,\\Nas\nas1\Documents\Education\2021 EDHEC Exec PhD\5 Pipeline\data\interim\paper1\data\E00932\S100CL2M_1.xbrl,ok,,559685889,697212000000,532894000000,-31413000000,,559685889,1052209471320.0,27.681913327647198,2018-03-22,1880.0,1622.9205322265625
S100FGUZ_1.xbrl,E00932,4519.T,2019-03-28,\\Nas\nas1\Documents\Education\2021 EDHEC Exec PhD\5 Pipeline\data\interim\paper1\data\E00932\S100FGUZ_1.xbrl,ok,,559685889,739538000000,514707000000,-30233000000,,559685889,1412274014362.6458,27.976222297335514,2019-03-28,2523.333251953125,2209.075439453125
S100IAU4_1.xbrl,E00932,4519.T,2020-03-30,\\Nas\nas1\Documents\Education\2021 EDHEC Exec PhD\5 Pipeline\data\interim\paper1\data\E00932\S100IAU4_1.xbrl,ok,,559685889,787401000000,547051000000,None,12162300,559685889,2314301151015.0,28.470128879280995,2020-03-30,4135.0,3678.218505859375
S100KZU5_1.xbrl,E00932,4519.T,2021-03-23,\\Nas\nas1\Documents\Education\2021 EDHEC Exec PhD\5 Pipeline\data\interim\paper1\data\E00932\S100KZU5_1.xbrl,ok,,559685889,806285000000,570756000000,None,35186500,559685889,2473811629380.0,28.536781246894947,2021-03-23,4420.0,3967.037109375
S100NR8W_1.xbrl,E00932,4519.T,2022-03-29,\\Nas\nas1\Documents\Education\2021 EDHEC Exec PhD\5 Pipeline\data\interim\paper1\data\E00932\S100NR8W_1.xbrl,ok,,559685889,852473000000,609937000000,None,34739900,559685889,2350680733800.0,28.48572607609466,2022-03-29,4200.0,3842.024169921875
S100QH69_1.xbrl,E00932,4519.T,2023-03-30,\\Nas\nas1\Documents\Education\2021 EDHEC Exec PhD\5 Pipeline\data\interim\paper1\data\E00932\S100QH69_1.xbrl,ok,,559685889,919548000000,661530000000,None,34037000,559685889,1815061338027.0,28.22714037813052,2023-03-30,3243.0,3033.69580078125
S100D7MU_1.xbrl,E00939,4523.T,2018-06-20,\\Nas\nas1\Documents\Education\2021 EDHEC Exec PhD\5 Pipeline\data\interim\paper1\data\E00939\S100D7MU_1.xbrl,ok,,296567000,973823000000,510941000000,-36050000000,,296567000,2422655823000.0,28.515885501862495,2018-06-20,8169.0,6828.67822265625
S100G2DR_1.xbrl,E00939,4523.T,2019-06-20,\\Nas\nas1\Documents\Education\2021 EDHEC Exec PhD\5 Pipeline\data\interim\paper1\data\E00939\S100G2DR_1.xbrl,ok,,296566000,1053818000000,462790000000,-34671000000,10046200,296566000,1909291908000.0,28.277753560454364,2019-06-20,6438.0,5486.9111328125
S100ITSP_1.xbrl,E00939,4523.T,2020-06-19,\\Nas\nas1\Documents\Education\2021 EDHEC Exec PhD\5 Pipeline\data\interim\paper1\data\E00939\S100ITSP_1.xbrl,ok,,296566000,973987000000,489949000000,-34338000000,9903100,296566000,2521404132000.0,28.55583705751435,2020-06-19,8502.0,7426.34326171875
S100LKNM_1.xbrl,E00939,4523.T,2021-06-18,\\Nas\nas1\Documents\Education\2021 EDHEC Exec PhD\5 Pipeline\data\interim\paper1\data\E00939\S100LKNM_1.xbrl,ok,,296566000,1030764000000,467642000000,-34049000000,9839000,296566000,3581034450000.0,28.906672827116385,2021-06-18,12075.0,10749.1025390625
S100DBD1_1.xbrl,E01630,4543.T,2018-06-25,\\Nas\nas1\Documents\Education\2021 EDHEC Exec PhD\5 Pipeline\data\interim\paper1\data\E01630\S100DBD1_1.xbrl,ok,,189880000,889491000000,496245000000,-108225000000,,189880000,311403200000.0,26.464354372465635,2018-06-25,1640.0,1535.0419921875
S100G47A_1.xbrl,E01630,4543.T,2019-06-24,\\Nas\nas1\Documents\Education\2021 EDHEC Exec PhD\5 Pipeline\data\interim\paper1\data\E01630\S100G47A_1.xbrl,ok,,379760000,889491000000,573523000000,-101546000000,8309100,379760000,609514800000.0,27.135929067771453,2019-06-24,1605.0,1514.4227294921875
S100IXIR_1.xbrl,E01630,4543.T,2020-06-26,\\Nas\nas1\Documents\Education\2021 EDHEC Exec PhD\5 Pipeline\data\interim\paper1\data\E01630\S100IXIR_1.xbrl,ok,,379760000,889491000000,511544000000,-32381000000,7236900,379760000,798635280000.0,27.406170207910037,2020-06-26,2103.0,2000.1016845703125
S100LLAO_1.xbrl,E01630,4543.T,2021-06-23,\\Nas\nas1\Documents\Education\2021 EDHEC Exec PhD\5 Pipeline\data\interim\paper1\data\E01630\S100LLAO_1.xbrl,ok,,379760000,1022262000000,489554000000,-14103000000,3508000,379760000,844966000000.0,27.462562226807677,2021-06-23,2225.0,2130.56005859375
S100OAR8_1.xbrl,E01630,4543.T,2022-06-23,\\Nas\nas1\Documents\Education\2021 EDHEC Exec PhD\5 Pipeline\data\interim\paper1\data\E01630\S100OAR8_1.xbrl,ok,,379760000,1081045000000,535923000000,-6838000000,3194900,379760000,751355160000.0,27.345144293032817,2022-06-23,1978.5,1909.2625732421875
S100D602_1.xbrl,E00984,4568.T,2018-06-18,\\Nas\nas1\Documents\Education\2021 EDHEC Exec PhD\5 Pipeline\data\interim\paper1\data\E00984\S100D602_1.xbrl,ok,,709011000,1854037000000,967605000000,-113952000000,,709011000,948893083849.7314,27.578561967301955,2018-06-18,1338.3333740234375,1227.4886474609375
S100FZ3C_1.xbrl,E00984,4568.T,2019-06-17,\\Nas\nas1\Documents\Education\2021 EDHEC Exec PhD\5 Pipeline\data\interim\paper1\data\E00984\S100FZ3C_1.xbrl,ok,,709011000,1982286000000,1074160000000,-163531000000,61124700,709011000,1440001341000.0,27.995665160766023,2019-06-17,2031.0,1891.249755859375
S100IRKC_1.xbrl,E00984,4568.T,2020-06-15,\\Nas\nas1\Documents\Education\2021 EDHEC Exec PhD\5 Pipeline\data\interim\paper1\data\E00984\S100IRKC_1.xbrl,ok,,709011000,1900522000000,985391000000,-162964000000,60943500,709011000,2037697614000.0,28.342841665824608,2020-06-15,2874.0,2702.512939453125
S100LKS9_1.xbrl,E00984,4568.T,2021-06-21,\\Nas\nas1\Documents\Education\2021 EDHEC Exec PhD\5 Pipeline\data\interim\paper1\data\E00984\S100LKS9_1.xbrl,ok,,709011000,1914979000000,888519000000,-162519000000,210868200,709011000,1729986840000.0,28.179134917472886,2021-06-21,2440.0,2313.354736328125
S100ODRB_1.xbrl,E00984,4568.T,2022-06-27,\\Nas\nas1\Documents\Education\2021 EDHEC Exec PhD\5 Pipeline\data\interim\paper1\data\E00984\S100ODRB_1.xbrl,ok,,709011000,1897754000000,880001000000,-261252000000,30247500,709011000,2356043553000.0,28.488004867540234,2022-06-27,3323.0,3180.3671875
S100CPJJ_1.xbrl,E21183,4578.T,2018-03-30,\\Nas\nas1\Documents\Education\2021 EDHEC Exec PhD\5 Pipeline\data\interim\paper1\data\E21183\S100CPJJ_1.xbrl,ok,,557835617,2238665000000,1325071000000,-47264000000,,557835617,2972706002993.0,28.720493766051305,2018-03-30,5329.0,4524.00390625
S100FJ7X_1.xbrl,E21183,4578.T,2019-03-29,\\Nas\nas1\Documents\Education\2021 EDHEC Exec PhD\5 Pipeline\data\interim\paper1\data\E21183\S100FJ7X_1.xbrl,ok,,557835617,2238665000000,1510759000000,-47267000000,,557835617,2426027098333.0,28.517276096352163,2019-03-29,4349.0,3767.678955078125
S100ICNQ_1.xbrl,E21183,4578.T,2020-03-30,\\Nas\nas1\Documents\Education\2021 EDHEC Exec PhD\5 Pipeline\data\interim\paper1\data\E21183\S100ICNQ_1.xbrl,ok,,557835617,2575280000000,1683436000000,-47268000000,15564100,557835617,2395903975015.0,28.50478171817288,2020-03-30,4295.0,3811.89892578125
S100L3LV_1.xbrl,E21183,4578.T,2021-03-31,\\Nas\nas1\Documents\Education\2021 EDHEC Exec PhD\5 Pipeline\data\interim\paper1\data\E21183\S100L3LV_1.xbrl,ok,,557835617,2478290000000,1665977000000,-46018000000,15499100,557835617,2614575536879.0,28.59212288167723,2021-03-31,4687.0,4250.0732421875
S100NTB1_1.xbrl,E21183,4578.T,2022-03-31,\\Nas\nas1\Documents\Education\2021 EDHEC Exec PhD\5 Pipeline\data\interim\paper1\data\E21183\S100NTB1_1.xbrl,ok,,557835617,2480256000000,946314000000,-45781000000,15443700,557835617,2360760331144.0,28.490004857292657,2022-03-31,4232.0,3924.128173828125
S100QJ0T_1.xbrl,E21183,4578.T,2023-03-31,\\Nas\nas1\Documents\Education\2021 EDHEC Exec PhD\5 Pipeline\data\interim\paper1\data\E21183\S100QJ0T_1.xbrl,ok,,557835617,2477363000000,970812000000,-45572000000,15201900,557835617,2344583098251.0,28.48312871875964,2023-03-31,4203.0,3982.340576171875
S100D2P0_1.xbrl,E04707,4661.T,2018-06-28,\\Nas\nas1\Documents\Education\2021 EDHEC Exec PhD\5 Pipeline\data\interim\paper1\data\E04707\S100D2P0_1.xbrl,ok,,90922540,664538000000,493697000000,-70464000000,,90922540,210394757560.0,26.07225140095962,2018-06-28,2314.0,2268.35302734375
S100GC1X_1.xbrl,E04707,4661.T,2019-06-27,\\Nas\nas1\Documents\Education\2021 EDHEC Exec PhD\5 Pipeline\data\interim\paper1\data\E04707\S100GC1X_1.xbrl,ok,,90922540,746641000000,564129000000,-89794000000,34506500,90922540,242672259260.0,26.21497764261052,2019-06-27,2669.0,2625.310791015625
S100J03Z_1.xbrl,E04707,4661.T,2020-06-26,\\Nas\nas1\Documents\Education\2021 EDHEC Exec PhD\5 Pipeline\data\interim\paper1\data\E04707\S100J03Z_1.xbrl,ok,,363690160,810268000000,624941000000,-89183000000,36003500,363690160,1046336590320.0,27.676316217877435,2020-06-26,2877.0,2838.162841796875
S100LQYW_1.xbrl,E04707,4661.T,2021-06-29,\\Nas\nas1\Documents\Education\2021 EDHEC Exec PhD\5 Pipeline\data\interim\paper1\data\E04707\S100LQYW_1.xbrl,ok,,363690160,849798000000,669515000000,-109325000000,36000900,363690160,1159807920240.0,27.779275521335947,2021-06-29,3189.0,3151.0244140625
S100OI12_1.xbrl,E04707,4661.T,2022-06-29,\\Nas\nas1\Documents\Education\2021 EDHEC Exec PhD\5 Pipeline\data\interim\paper1\data\E04707\S100OI12_1.xbrl,ok,,363690160,910673000000,721976000000,-108771000000,35822300,363690160,1368929762240.0,27.94505035503116,2022-06-29,3764.0,3724.27197265625
S100D5RI_1.xbrl,E05000,4689.T,2018-06-18,\\Nas\nas1\Documents\Education\2021 EDHEC Exec PhD\5 Pipeline\data\interim\paper1\data\E05000\S100D5RI_1.xbrl,ok,,5694900000,849987000000,626560000000,-1316000000,,5694900000,2124197700000.0,28.384415294072696,2018-06-18,373.0,330.2580261230469
S100FY28_1.xbrl,E05000,4689.T,2019-06-17,\\Nas\nas1\Documents\Education\2021 EDHEC Exec PhD\5 Pipeline\data\interim\paper1\data\E05000\S100FY28_1.xbrl,ok,,5694945000,1007602000000,732831000000,-1316000000,67879000,5694945000,1742653170000.0,28.186429878156922,2019-06-17,306.0,279.9214172363281
S100IT7Z_1.xbrl,E05000,4689.T,2020-06-22,\\Nas\nas1\Documents\Education\2021 EDHEC Exec PhD\5 Pipeline\data\interim\paper1\data\E05000\S100IT7Z_1.xbrl,ok,,5695291000,1342799000000,771448000000,-24440000000,60061000,5695291000,3069761849000.0,28.75262110090303,2020-06-22,539.0,506.0604248046875
S100LJN6_1.xbrl,E05000,4689.T,2021-06-17,\\Nas\nas1\Documents\Education\2021 EDHEC Exec PhD\5 Pipeline\data\interim\paper1\data\E05000\S100LJN6_1.xbrl,ok,,5695577000,1534212000000,857912000000,-17382000000,60141500,5695577000,3155919076647.827,28.78030087747058,2021-06-17,554.0999755859375,525.418212890625
S100O94C_1.xbrl,E05000,4689.T,2022-06-16,\\Nas\nas1\Documents\Education\2021 EDHEC Exec PhD\5 Pipeline\data\interim\paper1\data\E05000\S100O94C_1.xbrl,ok,,5696866000,2516633000000,936231000000,-17385000000,103032700,5696866000,2221208018629.0894,28.429072316351057,2022-06-16,389.8999938964844,373.7395629882813
S100CNF6_1.xbrl,E04999,4704.T,2018-03-27,\\Nas\nas1\Documents\Education\2021 EDHEC Exec PhD\5 Pipeline\data\interim\paper1\data\E04999\S100CNF6_1.xbrl,ok,,140293004,261493000000,142539000000,-10335000000,,140293004,848772674200.0,27.46705723027839,2018-03-27,6050.0,4562.29638671875
S100FGV3_1.xbrl,E04999,4704.T,2019-03-26,\\Nas\nas1\Documents\Education\2021 EDHEC Exec PhD\5 Pipeline\data\interim\paper1\data\E04999\S100FGV3_1.xbrl,ok,,140293004,279938000000,153094000000,-8717000000,,140293004,726717760720.0,27.31180401450703,2019-03-26,5180.0,4021.43212890625
S100IAY9_1.xbrl,E04999,4704.T,2020-03-26,\\Nas\nas1\Documents\Education\2021 EDHEC Exec PhD\5 Pipeline\data\interim\paper1\data\E04999\S100IAY9_1.xbrl,ok,,140293004,290520000000,159693000000,-2421000000,1365600,140293004,697256229880.0,27.270418798344174,2020-03-26,4970.0,3968.05322265625
S100L13Q_1.xbrl,E04999,4704.T,2021-03-25,\\Nas\nas1\Documents\Education\2021 EDHEC Exec PhD\5 Pipeline\data\interim\paper1\data\E04999\S100L13Q_1.xbrl,ok,,140293004,308537000000,166471000000,-6119000000,1471100,140293004,764596871800.0,27.362614566910793,2021-03-25,5450.0,4466.32666015625
S100NRUA_1.xbrl,E04999,4704.T,2022-03-29,\\Nas\nas1\Documents\Education\2021 EDHEC Exec PhD\5 Pipeline\data\interim\paper1\data\E04999\S100NRUA_1.xbrl,ok,,140293004,331157000000,177077000000,-7785000000,1068700,140293004,1031153579400.0,27.661699271460385,2022-03-29,7350.0,6204.515625
S100QH04_1.xbrl,E04999,4704.T,2023-03-28,\\Nas\nas1\Documents\Education\2021 EDHEC Exec PhD\5 Pipeline\data\interim\paper1\data\E04999\S100QH04_1.xbrl,ok,,140368504,346161000000,187083000000,-5656000000,1649800,140368504,912395276000.0,27.539339149789537,2023-03-28,6500.0,5622.1689453125
S100ESN9_1.xbrl,E05072,4751.T,2018-12-19,\\Nas\nas1\Documents\Education\2021 EDHEC Exec PhD\5 Pipeline\data\interim\paper1\data\E05072\S100ESN9_1.xbrl,ok,,63213300,100545000000,63175000000,-674000000,,63213300,74354644125.0,25.03211197091462,2018-12-19,1176.25,1093.3084716796875
S100HMPO_1.xbrl,E05072,4751.T,2019-12-20,\\Nas\nas1\Documents\Education\2021 EDHEC Exec PhD\5 Pipeline\data\interim\paper1\data\E05072\S100HMPO_1.xbrl,ok,,63213300,131188000000,77702000000,-622000000,434100,63213300,60684768000.0,24.828958564476913,2019-12-20,960.0,899.072998046875
S100KD7H_1.xbrl,E05072,4751.T,2020-12-15,\\Nas\nas1\Documents\Education\2021 EDHEC Exec PhD\5 Pipeline\data\interim\paper1\data\E05072\S100KD7H_1.xbrl,ok,,63213300,156597000000,92614000000,-459000000,297700,63213300,107462610000.0,25.40040881005934,2020-12-15,1700.0,1600.916259765625
S100N0OD_1.xbrl,E05072,4751.T,2021-12-10,\\Nas\nas1\Documents\Education\2021 EDHEC Exec PhD\5 Pipeline\data\interim\paper1\data\E05072\S100N0OD_1.xbrl,ok,,126426600,164009000000,98785000000,-315000000,251400,126426600,250830374400.0,26.248042748419795,2021-12-10,1984.0,1876.8482666015625
S100PRZU_1.xbrl,E05072,4751.T,2022-12-09,\\Nas\nas1\Documents\Education\2021 EDHEC Exec PhD\5 Pipeline\data\interim\paper1\data\E05072\S100PRZU_1.xbrl,ok,,126426600,225484000000,109250000000,-67000000,1000,126426600,153734745600.0,25.75849452310109,2022-12-09,1216.0,1163.592041015625
S100CO0J_1.xbrl,E05080,4755.T,2018-03-29,\\Nas\nas1\Documents\Education\2021 EDHEC Exec PhD\5 Pipeline\data\interim\paper1\data\E05080\S100CO0J_1.xbrl,ok,,1323863100,3209808000000,338795000000,-3627000000,,1323863100,1155467697519.5618,27.775526310856467,2018-03-29,872.7999877929688,853.1331787109375
S100FHXZ_1.xbrl,E05080,4755.T,2019-03-28,\\Nas\nas1\Documents\Education\2021 EDHEC Exec PhD\5 Pipeline\data\interim\paper1\data\E05080\S100FHXZ_1.xbrl,ok,,1328603400,3680695000000,398626000000,-103524000000,,1328603400,1364475691800.0,27.94179136220545,2019-03-28,1027.0,1010.19873046875
S100IAD1_1.xbrl,E05080,4755.T,2020-03-27,\\Nas\nas1\Documents\Education\2021 EDHEC Exec PhD\5 Pipeline\data\interim\paper1\data\E05080\S100IAD1_1.xbrl,ok,,1430373900,4269953000000,567796000000,-97300000000,78318900,1430373900,1157172485100.0,27.77700063263125,2020-03-27,809.0,799.5929565429688
S100L1HG_1.xbrl,E05080,4755.T,2021-03-30,\\Nas\nas1\Documents\Education\2021 EDHEC Exec PhD\5 Pipeline\data\interim\paper1\data\E05080\S100L1HG_1.xbrl,ok,,1432422600,4604672000000,607152000000,-92305000000,72073100,1432422600,1902257212800.0,28.274062303716185,2021-03-30,1328.0,1312.5579833984375
S100NQTZ_1.xbrl,E05080,4755.T,2022-03-30,\\Nas\nas1\Documents\Education\2021 EDHEC Exec PhD\5 Pipeline\data\interim\paper1\data\E05080\S100NQTZ_1.xbrl,ok,,1434573900,6184299000000,568702000000,-84941000000,200,1434573900,1403013274200.0,27.969643378301335,2022-03-30,978.0,970.4251098632812
S100QDTK_1.xbrl,E05080,4755.T,2023-03-30,\\Nas\nas1\Documents\Education\2021 EDHEC Exec PhD\5 Pipeline\data\interim\paper1\data\E05080\S100QDTK_1.xbrl,ok,,1434573900,7345002000000,665977000000,-0,200,1434573900,880828374600.0,27.50412863641366,2023-03-30,614.0,614.0
S100DIHQ_1.xbrl,E00988,4901.T,2018-06-29,\\Nas\nas1\Documents\Education\2021 EDHEC Exec PhD\5 Pipeline\data\interim\paper1\data\E00988\S100DIHQ_1.xbrl,ok,,514626000,3191847000000,2159465000000,-299470000000,,514626000,742090692000.0,27.332737299059847,2018-06-29,1442.0,1266.7177734375
S100GCCA_1.xbrl,E00988,4901.T,2019-06-28,\\Nas\nas1\Documents\Education\2021 EDHEC Exec PhD\5 Pipeline\data\interim\paper1\data\E00988\S100GCCA_1.xbrl,ok,,514626000,3501950000000,2418177000000,-336392000000,105340300,514626000,937133946000.0,27.56609206094256,2019-06-28,1821.0,1624.8291015625
S100J2EA_1.xbrl,E00988,4901.T,2020-06-29,\\Nas\nas1\Documents\Education\2021 EDHEC Exec PhD\5 Pipeline\data\interim\paper1\data\E00988\S100J2EA_1.xbrl,ok,,514626000,3311970000000,2231997000000,-435020000000,114914200,514626000,793553292000.0,27.399786535338226,2020-06-29,1542.0,1402.9935302734375
S100LV2D_1.xbrl,E00988,4901.T,2021-06-30,\\Nas\nas1\Documents\Education\2021 EDHEC Exec PhD\5 Pipeline\data\interim\paper1\data\E00988\S100LV2D_1.xbrl,ok,,514626000,3533189000000,2268058000000,-486101000000,114823200,514626000,1413334496119.629,27.976972919230118,2021-06-30,2746.333251953125,2541.4443359375
S100OLEH_1.xbrl,E00988,4901.T,2022-06-30,\\Nas\nas1\Documents\Education\2021 EDHEC Exec PhD\5 Pipeline\data\interim\paper1\data\E00988\S100OLEH_1.xbrl,ok,,514626000,3492940000000,2298706000000,-485721000000,113834500,514626000,1248482676000.0,27.852950070718947,2022-06-30,2426.0,2274.169677734375
S100D6PD_1.xbrl,E00989,4902.T,2018-06-20,\\Nas\nas1\Documents\Education\2021 EDHEC Exec PhD\5 Pipeline\data\interim\paper1\data\E00989\S100D6PD_1.xbrl,ok,,531664000,991700000000,480055000000,-9214000000,,531664000,557183872000.0,27.046161133709536,2018-06-20,1048.0,840.9791259765625
S100G0S4_1.xbrl,E00989,4902.T,2019-06-19,\\Nas\nas1\Documents\Education\2021 EDHEC Exec PhD\5 Pipeline\data\interim\paper1\data\E00989\S100G0S4_1.xbrl,ok,,511664000,1001800000000,501684000000,-10189000000,6758400,511664000,534688880000.0,27.00495088197641,2019-06-19,1045.0,861.2582397460938
S100J88L_1.xbrl,E00989,4902.T,2020-07-15,\\Nas\nas1\Documents\Education\2021 EDHEC Exec PhD\5 Pipeline\data\interim\paper1\data\E00989\S100J88L_1.xbrl,ok,,502664000,976370000000,347257000000,-9979000000,6580100,502664000,190509656000.0,25.972968717892634,2020-07-15,379.0,325.29705810546875
S100LRU2_1.xbrl,E00989,4902.T,2021-06-29,\\Nas\nas1\Documents\Education\2021 EDHEC Exec PhD\5 Pipeline\data\interim\paper1\data\E00989\S100LRU2_1.xbrl,ok,,502664000,1005435000000,349234000000,-9684000000,6346500,502664000,306625040000.0,26.448891469977564,2021-06-29,610.0,554.9132690429688
S100O9RP_1.xbrl,E00989,4902.T,2022-06-20,\\Nas\nas1\Documents\Education\2021 EDHEC Exec PhD\5 Pipeline\data\interim\paper1\data\E00989\S100O9RP_1.xbrl,ok,,502664000,1203907000000,343086000000,-9694000000,6231800,502664000,229214784000.0,26.15792532232459,2022-06-20,456.0,437.4679260253906
S100CLSU_1.xbrl,E00990,4911.T,2018-03-27,\\Nas\nas1\Documents\Education\2021 EDHEC Exec PhD\5 Pipeline\data\interim\paper1\data\E00990\S100CLSU_1.xbrl,ok,,400000000,715593000000,303153000000,-1325000000,,400000000,2616800000000.0,28.592973313170585,2018-03-27,6542.0,6034.8388671875
S100FFZG_1.xbrl,E00990,4911.T,2019-03-26,\\Nas\nas1\Documents\Education\2021 EDHEC Exec PhD\5 Pipeline\data\interim\paper1\data\E00990\S100FFZG_1.xbrl,ok,,400000000,801346000000,358707000000,-874000000,,400000000,3179600000000.0,28.78777651864537,2019-03-26,7949.0,7379.31005859375
S100IA61_1.xbrl,E00990,4911.T,2020-03-25,\\Nas\nas1\Documents\Education\2021 EDHEC Exec PhD\5 Pipeline\data\interim\paper1\data\E00990\S100IA61_1.xbrl,ok,,400000000,823636000000,409369000000,-2829000000,564400,400000000,2597200000000.0,28.58545505758074,2020-03-25,6493.0,6072.4560546875
S100L0PD_1.xbrl,E00990,4911.T,2021-03-25,\\Nas\nas1\Documents\Education\2021 EDHEC Exec PhD\5 Pipeline\data\interim\paper1\data\E00990\S100L0PD_1.xbrl,ok,,400000000,934590000000,413870000000,-2591000000,534100,400000000,2898800000000.0,28.69531797418154,2021-03-25,7247.0,6816.76025390625
S100NQ14_1.xbrl,E00990,4911.T,2022-03-25,\\Nas\nas1\Documents\Education\2021 EDHEC Exec PhD\5 Pipeline\data\interim\paper1\data\E00990\S100NQ14_1.xbrl,ok,,400000000,949425000000,445872000000,-2455000000,506700,400000000,2468000000000.0,28.53442922197169,2022-03-25,6170.0,5844.79150390625
S100QFTK_1.xbrl,E00990,4911.T,2023-03-24,\\Nas\nas1\Documents\Education\2021 EDHEC Exec PhD\5 Pipeline\data\interim\paper1\data\E00990\S100QFTK_1.xbrl,ok,,400000000,1339775000000,468462000000,-2455000000,452400,400000000,2396000000000.0,28.50482179618175,2023-03-24,5990.0,5766.6748046875
S100DI3J_1.xbrl,E01084,5019.T,2018-06-28,\\Nas\nas1\Documents\Education\2021 EDHEC Exec PhD\5 Pipeline\data\interim\paper1\data\E01084\S100DI3J_1.xbrl,ok,,160000000,2995063000000,743786000000,-131000000,,160000000,129280000000.0,25.585246431719195,2018-06-28,808.0,596.0743408203125
S100G9PH_1.xbrl,E01084,5019.T,2019-06-27,\\Nas\nas1\Documents\Education\2021 EDHEC Exec PhD\5 Pipeline\data\interim\paper1\data\E01084\S100G9PH_1.xbrl,ok,,160000000,2731001000000,630384000000,-133000000,10487300,160000000,104960000000.0,25.37684516214219,2019-06-27,656.0,494.1416320800781
S100J0C5_1.xbrl,E01084,5019.T,2020-06-25,\\Nas\nas1\Documents\Education\2021 EDHEC Exec PhD\5 Pipeline\data\interim\paper1\data\E01084\S100J0C5_1.xbrl,ok,,160000000,2402118000000,537660000000,-56022000000,138400,160000000,72480000000.0,25.006576498681135,2020-06-25,453.0,360.9634094238281
S100LLT7_1.xbrl,E01084,5019.T,2021-06-23,\\Nas\nas1\Documents\Education\2021 EDHEC Exec PhD\5 Pipeline\data\interim\paper1\data\E01084\S100LLT7_1.xbrl,ok,,160000000,2641633000000,619932000000,-2042000000,157000,160000000,85152001953.125,25.167703754678612,2021-06-23,532.2000122070312,444.2276306152344
S100OCR5_1.xbrl,E01084,5019.T,2022-06-23,\\Nas\nas1\Documents\Education\2021 EDHEC Exec PhD\5 Pipeline\data\interim\paper1\data\E01084\S100OCR5_1.xbrl,ok,,208000000,2920265000000,905929000000,-2008000000,168000,208000000,132912000000.0,25.612953092043128,2022-06-23,639.0,561.8101196289062
S100DD9Y_1.xbrl,E24050,5020.T,2018-06-27,\\Nas\nas1\Documents\Education\2021 EDHEC Exec PhD\5 Pipeline\data\interim\paper1\data\E24050\S100DD9Y_1.xbrl,ok,,2495486000,6828514000000,2626294000000,-2675000000,,2495486000,1951969179662.4756,28.299859814687462,2018-06-27,782.2000122070312,574.0178833007812
S100G1SL_1.xbrl,E24050,5020.T,2019-06-26,\\Nas\nas1\Documents\Education\2021 EDHEC Exec PhD\5 Pipeline\data\interim\paper1\data\E24050\S100G1SL_1.xbrl,ok,,2495486000,6828514000000,2429849000000,-4730000000,61672100,2495486000,1316618352675.0488,27.906087711329373,2019-06-26,527.5999755859375,399.99322509765625
S100LOOZ_1.xbrl,E24050,5020.T,2021-06-25,\\Nas\nas1\Documents\Education\2021 EDHEC Exec PhD\5 Pipeline\data\interim\paper1\data\E24050\S100LOOZ_1.xbrl,ok,,2495486000,6792892000000,2041747000000,-6003000000,19262700,2495486000,1186354029168.7622,27.801905878847425,2021-06-25,475.3999938964844,398.6381530761719
S100OH8G_1.xbrl,E24050,5020.T,2022-06-28,\\Nas\nas1\Documents\Education\2021 EDHEC Exec PhD\5 Pipeline\data\interim\paper1\data\E24050\S100OH8G_1.xbrl,ok,,3426917000,8457555000000,1783500000000,-8793000000,19458900,3426917000,1776513856464.9658,28.205674052244774,2022-06-28,518.4000244140625,455.4805908203125
S100COFL_1.xbrl,E01085,5101.T,2018-03-29,\\Nas\nas1\Documents\Education\2021 EDHEC Exec PhD\5 Pipeline\data\interim\paper1\data\E01085\S100COFL_1.xbrl,ok,,342598000,702528000000,279020000000,-12114000000,,342598000,833883532000.0,27.44935957967311,2018-03-29,2434.0,1900.302978515625
S100FHGJ_1.xbrl,E01085,5101.T,2019-03-28,\\Nas\nas1\Documents\Education\2021 EDHEC Exec PhD\5 Pipeline\data\interim\paper1\data\E01085\S100FHGJ_1.xbrl,ok,,342598000,702528000000,330782000000,-12119000000,,342598000,695131342000.0,27.26736664595145,2019-03-28,2029.0,1631.0294189453125
S100IB7L_1.xbrl,E01085,5101.T,2020-03-27,\\Nas\nas1\Documents\Education\2021 EDHEC Exec PhD\5 Pipeline\data\interim\paper1\data\E01085\S100IB7L_1.xbrl,ok,,169549000,702528000000,344688000000,-12041000000,9099500,169549000,241946423000.0,26.211982146030163,2020-03-27,1427.0,1183.15087890625
S100L1QK_1.xbrl,E01085,5101.T,2021-03-30,\\Nas\nas1\Documents\Education\2021 EDHEC Exec PhD\5 Pipeline\data\interim\paper1\data\E01085\S100L1QK_1.xbrl,ok,,169549000,702528000000,355045000000,-11975000000,8991900,169549000,338419804000.0,26.547552985424737,2021-03-30,1996.0,1724.6646728515625
S100NR1D_1.xbrl,E01085,5101.T,2022-03-30,\\Nas\nas1\Documents\Education\2021 EDHEC Exec PhD\5 Pipeline\data\interim\paper1\data\E01085\S100NR1D_1.xbrl,ok,,169549000,920776000000,391942000000,-11834000000,8933900,169549000,289928790000.0,26.39290117805003,2022-03-30,1710.0,1523.689208984375
S100QG3Z_1.xbrl,E01085,5101.T,2023-03-30,\\Nas\nas1\Documents\Education\2021 EDHEC Exec PhD\5 Pipeline\data\interim\paper1\data\E01085\S100QG3Z_1.xbrl,ok,,169549000,855812000000,259860000000,-11758000000,8851200,169549000,470328926000.0,26.876698129428103,2023-03-30,2774.0,2555.88330078125
S100CLS4_1.xbrl,E01086,5108.T,2018-03-23,\\Nas\nas1\Documents\Education\2021 EDHEC Exec PhD\5 Pipeline\data\interim\paper1\data\E01086\S100CLS4_1.xbrl,ok,,813102000,3577045000000,1862963000000,-56151000000,,813102000,1784758890000.0,28.210304446406365,2018-03-23,2195.0,1654.986083984375
S100FF3A_1.xbrl,E01086,5108.T,2019-03-22,\\Nas\nas1\Documents\Education\2021 EDHEC Exec PhD\5 Pipeline\data\interim\paper1\data\E01086\S100FF3A_1.xbrl,ok,,813102000,3960908000000,2146657000000,-206052000000,,813102000,1754674116000.0,28.193304266715174,2019-03-22,2158.0,1689.6087646484375
S100I9HA_1.xbrl,E01086,5108.T,2020-03-24,\\Nas\nas1\Documents\Education\2021 EDHEC Exec PhD\5 Pipeline\data\interim\paper1\data\E01086\S100I9HA_1.xbrl,ok,,813102000,3795846000000,2282011000000,-32648000000,57488200,813102000,1287953568000.0,27.884075693271463,2020-03-24,1584.0,1288.4266357421875
S100L1BS_1.xbrl,E01086,5108.T,2021-03-26,\\Nas\nas1\Documents\Education\2021 EDHEC Exec PhD\5 Pipeline\data\interim\paper1\data\E01086\S100L1BS_1.xbrl,ok,,813102000,4252677000000,2345899000000,-32648000000,9573500,813102000,1827853296000.0,28.234163331910676,2021-03-26,2248.0,1887.929443359375
S100NPDW_1.xbrl,E01086,5108.T,2022-03-23,\\Nas\nas1\Documents\Education\2021 EDHEC Exec PhD\5 Pipeline\data\interim\paper1\data\E01086\S100NPDW_1.xbrl,ok,,813102000,4252677000000,2402738000000,-38657000000,9441200,813102000,1859970825000.0,28.251581918046767,2022-03-23,2287.5,1986.573486328125
S100QFJW_1.xbrl,E01086,5108.T,2023-03-28,\\Nas\nas1\Documents\Education\2021 EDHEC Exec PhD\5 Pipeline\data\interim\paper1\data\E01086\S100QFJW_1.xbrl,ok,,761536000,4252677000000,2436162000000,-38123000000,29355700,761536000,1989132032000.0,28.318719494693283,2023-03-28,2612.0,2350.03271484375
S100CO55_1.xbrl,E01122,5201.T,2018-03-29,\\Nas\nas1\Documents\Education\2021 EDHEC Exec PhD\5 Pipeline\data\interim\paper1\data\E01122\S100CO55_1.xbrl,ok,,1186705000,2120629000000,1151870000000,-29259000000,,1186705000,5215568475000.0,29.282669206110562,2018-03-29,4395.0,3176.98779296875
S100FH7L_1.xbrl,E01122,5201.T,2019-03-28,\\Nas\nas1\Documents\Education\2021 EDHEC Exec PhD\5 Pipeline\data\interim\paper1\data\E01122\S100FH7L_1.xbrl,ok,,1186705000,2077338000000,612733000000,-43629000000,,1186705000,4509479000000.0,29.13720274170576,2019-03-28,3800.0,2834.841552734375
S100IAY5_1.xbrl,E01122,5201.T,2020-03-27,\\Nas\nas1\Documents\Education\2021 EDHEC Exec PhD\5 Pipeline\data\interim\paper1\data\E01122\S100IAY5_1.xbrl,ok,,1186705000,1991262000000,633026000000,-28821000000,5919500,1186705000,3245638175000.0,28.808333110847364,2020-03-27,2735.0,2136.00634765625
S100L1UZ_1.xbrl,E01122,5201.T,2021-03-30,\\Nas\nas1\Documents\Education\2021 EDHEC Exec PhD\5 Pipeline\data\interim\paper1\data\E01122\S100L1UZ_1.xbrl,ok,,1186705000,1981451000000,639795000000,-28468000000,5862000,1186705000,5559712925000.0,29.346567590663806,2021-03-30,4685.0,3791.00244140625
S100NRWR_1.xbrl,E01122,5201.T,2022-03-30,\\Nas\nas1\Documents\Education\2021 EDHEC Exec PhD\5 Pipeline\data\interim\paper1\data\E01122\S100NRWR_1.xbrl,ok,,235177000,2228560000000,643271000000,-28170000000,5578500,235177000,1165302035000.0,27.78400142685552,2022-03-30,4955.0,4172.95263671875
S100QHOF_1.xbrl,E01122,5201.T,2023-03-30,\\Nas\nas1\Documents\Education\2021 EDHEC Exec PhD\5 Pipeline\data\interim\paper1\data\E01122\S100QHOF_1.xbrl,ok,,227441000,2235776000000,614185000000,-26933000000,5432800,227441000,1115598105000.0,27.740411794060797,2023-03-30,4905.0,4318.83984375
S100COQ9_1.xbrl,E01190,5214.T,2018-03-30,\\Nas\nas1\Documents\Education\2021 EDHEC Exec PhD\5 Pipeline\data\interim\paper1\data\E01190\S100COQ9_1.xbrl,ok,,497616234,697385000000,495294000000,-293000000,,497616234,1572467299440.0,28.0836670300361,2018-03-30,3160.0,2283.314697265625
S100FII9_1.xbrl,E01190,5214.T,2019-03-29,\\Nas\nas1\Documents\Education\2021 EDHEC Exec PhD\5 Pipeline\data\interim\paper1\data\E01190\S100FII9_1.xbrl,ok,,497616234,707021000000,510807000000,-306000000,,497616234,1460503646790.0,28.00980245571734,2019-03-29,2935.0,2199.47802734375
S100IC6Q_1.xbrl,E01190,5214.T,2020-03-30,\\Nas\nas1\Documents\Education\2021 EDHEC Exec PhD\5 Pipeline\data\interim\paper1\data\E01190\S100IC6Q_1.xbrl,ok,,497616234,726937000000,519801000000,-10308000000,2904600,497616234,745429118532.0,27.33722588753231,2020-03-30,1498.0,1166.8795166015625
S100L2LK_1.xbrl,E01190,5214.T,2021-03-31,\\Nas\nas1\Documents\Education\2021 EDHEC Exec PhD\5 Pipeline\data\interim\paper1\data\E01190\S100L2LK_1.xbrl,ok,,497616234,693917000000,509564000000,-10258000000,2882000,497616234,1276385640210.0,27.875053481060014,2021-03-31,2565.0,2102.039306640625
S100NSVW_1.xbrl,E01190,5214.T,2022-03-31,\\Nas\nas1\Documents\Education\2021 EDHEC Exec PhD\5 Pipeline\data\interim\paper1\data\E01190\S100NSVW_1.xbrl,ok,,99523246,764420000000,543789000000,-10178000000,6495900,99523246,270305136136.0,26.32281729166131,2022-03-31,2716.0,2312.7646484375
S100DEEF_1.xbrl,E01130,5233.T,2018-06-29,\\Nas\nas1\Documents\Education\2021 EDHEC Exec PhD\5 Pipeline\data\interim\paper1\data\E01130\S100DEEF_1.xbrl,ok,,1237800000,1015564000000,273312000000,-10911000000,,1237800000,4511781000000.0,29.137713091712293,2018-06-29,3645.0,3019.114501953125
S100GAFC_1.xbrl,E01130,5233.T,2019-06-28,\\Nas\nas1\Documents\Education\2021 EDHEC Exec PhD\5 Pipeline\data\interim\paper1\data\E01130\S100GAFC_1.xbrl,ok,,1237800000,1040602000000,347490000000,-10947000000,4933000,1237800000,4035228000000.0,29.02608392163029,2019-06-28,3260.0,2760.685546875
S100J15H_1.xbrl,E01130,5233.T,2020-06-29,\\Nas\nas1\Documents\Education\2021 EDHEC Exec PhD\5 Pipeline\data\interim\paper1\data\E01130\S100J15H_1.xbrl,ok,,1237800000,1014075000000,357073000000,-16081000000,4946900,1237800000,3030134400000.0,28.739628090901753,2020-06-29,2448.0,2125.64208984375
S100LSJ9_1.xbrl,E01130,5233.T,2021-06-30,\\Nas\nas1\Documents\Education\2021 EDHEC Exec PhD\5 Pipeline\data\interim\paper1\data\E01130\S100LSJ9_1.xbrl,ok,,1271402000,1015415000000,400034000000,-16098000000,8766800,1271402000,3098406674000.0,28.761909119159608,2021-06-30,2437.0,2160.812744140625
S100OE74_1.xbrl,E01130,5233.T,2022-06-30,\\Nas\nas1\Documents\Education\2021 EDHEC Exec PhD\5 Pipeline\data\interim\paper1\data\E01130\S100OE74_1.xbrl,ok,,127140000,1020111000000,432326000000,-26113000000,5137500,127140000,257458500000.0,26.274124379013177,2022-06-30,2025.0,1853.7681884765625
S100CO9M_1.xbrl,E01162,5301.T,2018-03-29,\\Nas\nas1\Documents\Education\2021 EDHEC Exec PhD\5 Pipeline\data\interim\paper1\data\E01162\S100CO9M_1.xbrl,ok,,224943104,183427000000,123232000000,-7250000000,,224943104,348436868096.0,26.576722897497163,2018-03-29,1549.0,1232.537109375
S100FI94_1.xbrl,E01162,5301.T,2019-03-28,\\Nas\nas1\Documents\Education\2021 EDHEC Exec PhD\5 Pipeline\data\interim\paper1\data\E01162\S100FI94_1.xbrl,ok,,224943104,210439000000,132343000000,-7253000000,,224943104,307272280064.0,26.45100009721103,2019-03-28,1366.0,1104.3544921875
S100IAU9_1.xbrl,E01162,5301.T,2020-03-27,\\Nas\nas1\Documents\Education\2021 EDHEC Exec PhD\5 Pipeline\data\interim\paper1\data\E01162\S100IAU9_1.xbrl,ok,,224943104,184074000000,124971000000,-7258000000,11790900,224943104,206272826368.0,26.052465529336757,2020-03-27,917.0,773.80615234375
S100L2LM_1.xbrl,E01162,5301.T,2021-03-30,\\Nas\nas1\Documents\Education\2021 EDHEC Exec PhD\5 Pipeline\data\interim\paper1\data\E01162\S100L2LM_1.xbrl,ok,,224943104,158824000000,112989000000,-7260000000,11771200,224943104,400848611328.0,26.71684966511105,2021-03-30,1782.0,1543.418701171875
S100NSQQ_1.xbrl,E01162,5301.T,2022-03-30,\\Nas\nas1\Documents\Education\2021 EDHEC Exec PhD\5 Pipeline\data\interim\paper1\data\E01162\S100NSQQ_1.xbrl,ok,,224943104,184730000000,127130000000,-7248000000,11762500,224943104,261608829952.0,26.290116209598956,2022-03-30,1163.0,1029.4610595703125
S100QI8M_1.xbrl,E01162,5301.T,2023-03-30,\\Nas\nas1\Documents\Education\2021 EDHEC Exec PhD\5 Pipeline\data\interim\paper1\data\E01162\S100QI8M_1.xbrl,ok,,224943104,329868000000,207833000000,-7244000000,11748100,224943104,280953936896.0,26.36145656720587,2023-03-30,1249.0,1136.527587890625
S100G60B_1.xbrl,E01138,5332.T,2019-06-25,\\Nas\nas1\Documents\Education\2021 EDHEC Exec PhD\5 Pipeline\data\interim\paper1\data\E01138\S100G60B_1.xbrl,ok,,353962000,516995000000,280582000000,-14248000000,7664000,353962000,1483100780000.0,28.025156133619618,2019-06-25,4190.0,3669.427734375
S100IW3L_1.xbrl,E01138,5332.T,2020-06-24,\\Nas\nas1\Documents\Education\2021 EDHEC Exec PhD\5 Pipeline\data\interim\paper1\data\E01138\S100IW3L_1.xbrl,ok,,176981000,536265000000,285522000000,-14194000000,7599500,176981000,746859820000.0,27.339143347173543,2020-06-24,4220.0,3779.245361328125
S100LQEI_1.xbrl,E01138,5332.T,2021-06-25,\\Nas\nas1\Documents\Education\2021 EDHEC Exec PhD\5 Pipeline\data\interim\paper1\data\E01138\S100LQEI_1.xbrl,ok,,176981000,553996000000,306053000000,-14079000000,7531700,176981000,1053036950000.0,27.682699438683162,2021-06-25,5950.0,5391.88720703125
S100ODD3_1.xbrl,E01138,5332.T,2022-06-24,\\Nas\nas1\Documents\Education\2021 EDHEC Exec PhD\5 Pipeline\data\interim\paper1\data\E01138\S100ODD3_1.xbrl,ok,,176981000,564319000000,342219000000,-13964000000,7434100,176981000,791989975000.0,27.397814570852443,2022-06-24,4475.0,4126.42138671875
S100DD5O_1.xbrl,E01137,5333.T,2018-06-26,\\Nas\nas1\Documents\Education\2021 EDHEC Exec PhD\5 Pipeline\data\interim\paper1\data\E01137\S100DD5O_1.xbrl,ok,,327560196,614219000000,344453000000,-12407000000,,327560196,642345544356.0,27.188392226926087,2018-06-26,1961.0,1575.1966552734375
S100G2WG_1.xbrl,E01137,5333.T,2019-06-21,\\Nas\nas1\Documents\Education\2021 EDHEC Exec PhD\5 Pipeline\data\interim\paper1\data\E01137\S100G2WG_1.xbrl,ok,,327560196,702234000000,404001000000,-12153000000,5779600,327560196,501167099880.0,26.94020541511622,2019-06-21,1530.0,1265.03564453125
S100J20Y_1.xbrl,E01137,5333.T,2020-06-29,\\Nas\nas1\Documents\Education\2021 EDHEC Exec PhD\5 Pipeline\data\interim\paper1\data\E01137\S100J20Y_1.xbrl,ok,,327560196,711897000000,417972000000,-12122000000,5668000,327560196,477910325964.0,26.892688949252527,2020-06-29,1459.0,1246.12744140625
S100LS1Y_1.xbrl,E01137,5333.T,2021-06-28,\\Nas\nas1\Documents\Education\2021 EDHEC Exec PhD\5 Pipeline\data\interim\paper1\data\E01137\S100LS1Y_1.xbrl,ok,,327560196,759434000000,427593000000,-11264000000,5639000,327560196,630553377300.0,27.169863647451624,2021-06-28,1925.0,1671.2266845703125
S100OH4J_1.xbrl,E01137,5333.T,2022-06-27,\\Nas\nas1\Documents\Education\2021 EDHEC Exec PhD\5 Pipeline\data\interim\paper1\data\E01137\S100OH4J_1.xbrl,ok,,327560196,826243000000,472863000000,-11205000000,5570900,327560196,606969043188.0,27.1317436270151,2022-06-27,1853.0,1664.1265869140625
S100DE7Z_1.xbrl,E01225,5401.T,2018-06-26,\\Nas\nas1\Documents\Education\2021 EDHEC Exec PhD\5 Pipeline\data\interim\paper1\data\E01225\S100DE7Z_1.xbrl,ok,,9503214000,7082288000000,3237995000000,-132063000000,,9503214000,4152904518000.0,29.05482908922209,2018-06-26,437.0,296.5608215332031
S100G768_1.xbrl,E01225,5401.T,2019-06-25,\\Nas\nas1\Documents\Education\2021 EDHEC Exec PhD\5 Pipeline\data\interim\paper1\data\E01225\S100G768_1.xbrl,ok,,9503214000,7756134000000,3547059000000,-132162000000,29688600,9503214000,3512387952403.015,28.887317250407868,2019-06-25,369.6000061035156,260.2114562988281
S100J5IA_1.xbrl,E01225,5401.T,2020-07-02,\\Nas\nas1\Documents\Education\2021 EDHEC Exec PhD\5 Pipeline\data\interim\paper1\data\E01225\S100J5IA_1.xbrl,ok,,950321000,7756134000000,3009075000000,-58831000000,29096900,950321000,189475005620.23926,25.96752295630667,2020-07-02,199.3800048828125,141.2873992919922
S100LM6X_1.xbrl,E01225,5401.T,2021-06-23,\\Nas\nas1\Documents\Education\2021 EDHEC Exec PhD\5 Pipeline\data\interim\paper1\data\E01225\S100LM6X_1.xbrl,ok,,950321000,7756134000000,3291015000000,-58505000000,29119000,950321000,344016202000.0,26.563954592047903,2021-06-23,362.0,257.8975830078125
S100OCKQ_1.xbrl,E01225,5401.T,2022-06-23,\\Nas\nas1\Documents\Education\2021 EDHEC Exec PhD\5 Pipeline\data\interim\paper1\data\E01225\S100OCKQ_1.xbrl,ok,,950321000,7756134000000,3515501000000,-58342000000,29146700,950321000,356940573400.2991,26.600835143806282,2022-06-23,375.6000061035156,288.1117553710937
S100D8EH_1.xbrl,E01231,5406.T,2018-06-21,\\Nas\nas1\Documents\Education\2021 EDHEC Exec PhD\5 Pipeline\data\interim\paper1\data\E01231\S100D8EH_1.xbrl,ok,,3643642000,2288636000000,734679000000,-2660000000,,3643642000,3756594902000.0,28.9545340518466,2018-06-21,1031.0,785.583984375
S100G26F_1.xbrl,E01231,5406.T,2019-06-20,\\Nas\nas1\Documents\Education\2021 EDHEC Exec PhD\5 Pipeline\data\interim\paper1\data\E01231\S100G26F_1.xbrl,ok,,3643642000,2300241000000,851785000000,-2671000000,2243000,3643642000,2521400264000.0,28.55583552344731,2019-06-20,692.0,538.9799194335938
S100IXA6_1.xbrl,E01231,5406.T,2020-06-24,\\Nas\nas1\Documents\Education\2021 EDHEC Exec PhD\5 Pipeline\data\interim\paper1\data\E01231\S100IXA6_1.xbrl,ok,,3643642000,2261134000000,745492000000,-2614000000,2249800,3643642000,1464744084000.0,28.012701656448662,2020-06-24,402.0,313.1068420410156
S100LLZB_1.xbrl,E01231,5406.T,2021-06-23,\\Nas\nas1\Documents\Education\2021 EDHEC Exec PhD\5 Pipeline\data\interim\paper1\data\E01231\S100LLZB_1.xbrl,ok,,364364000,2310435000000,729404000000,-2261000000,2254900,364364000,248131884000.0,26.23722623208361,2021-06-23,681.0,537.8619995117188
S100OAOM_1.xbrl,E01231,5406.T,2022-06-22,\\Nas\nas1\Documents\Education\2021 EDHEC Exec PhD\5 Pipeline\data\interim\paper1\data\E01231\S100OAOM_1.xbrl,ok,,364364000,2352114000000,790984000000,-2261000000,3427200,364364000,222262040000.0,26.127122883101457,2022-06-22,610.0,513.9108276367188
S100D7M4_1.xbrl,E01264,5411.T,2018-06-21,\\Nas\nas1\Documents\Education\2021 EDHEC Exec PhD\5 Pipeline\data\interim\paper1\data\E01264\S100D7M4_1.xbrl,ok,,614438000,4241700000000,1745930000000,-178853000000,,614438000,1309981816000.0,27.90103437212924,2018-06-21,2132.0,1558.0152587890625
S100G2DL_1.xbrl,E01264,5411.T,2019-06-21,\\Nas\nas1\Documents\Education\2021 EDHEC Exec PhD\5 Pipeline\data\interim\paper1\data\E01264\S100G2DL_1.xbrl,ok,,614438000,4329232000000,1990023000000,-178853000000,38300500,614438000,946234520000.0,27.575756282251177,2019-06-21,1540.0,1175.45849609375
S100ISFD_1.xbrl,E01264,5411.T,2020-06-19,\\Nas\nas1\Documents\Education\2021 EDHEC Exec PhD\5 Pipeline\data\interim\paper1\data\E01264\S100ISFD_1.xbrl,ok,,614438000,4329232000000,1857921000000,-180670000000,38347900,614438000,512441292000.0,26.962451989202247,2020-06-19,834.0,646.10546875
S100LMEZ_1.xbrl,E01264,5411.T,2021-06-25,\\Nas\nas1\Documents\Education\2021 EDHEC Exec PhD\5 Pipeline\data\interim\paper1\data\E01264\S100LMEZ_1.xbrl,ok,,614438000,4329232000000,1921809000000,-180637000000,38407700,614438000,812287036000.0,27.423119607255135,2021-06-25,1322.0,1031.874755859375
S100OCG5_1.xbrl,E01264,5411.T,2022-06-24,\\Nas\nas1\Documents\Education\2021 EDHEC Exec PhD\5 Pipeline\data\interim\paper1\data\E01264\S100OCG5_1.xbrl,ok,,614438000,4329232000000,2009911000000,-180639000000,38247600,614438000,864514266000.0,27.48543364395789,2022-06-24,1407.0,1187.5068359375
S100D0HW_1.xbrl,E01232,5631.T,2018-06-28,\\Nas\nas1\Documents\Education\2021 EDHEC Exec PhD\5 Pipeline\data\interim\paper1\data\E01232\S100D0HW_1.xbrl,ok,,371463036,293139000000,139268000000,-2308000000,,371463036,1043439668124.0,27.673543744948894,2018-06-28,2809.0,2428.855712890625
S100G74A_1.xbrl,E01232,5631.T,2019-06-25,\\Nas\nas1\Documents\Education\2021 EDHEC Exec PhD\5 Pipeline\data\interim\paper1\data\E01232\S100G74A_1.xbrl,ok,,371463036,319667000000,138234000000,-2310000000,803000,371463036,658975425864.0,27.213952080714172,2019-06-25,1774.0,1570.20703125
S100J4TE_1.xbrl,E01232,5631.T,2020-06-30,\\Nas\nas1\Documents\Education\2021 EDHEC Exec PhD\5 Pipeline\data\interim\paper1\data\E01232\S100J4TE_1.xbrl,ok,,371463036,293138000000,111340000000,-2312000000,803300,371463036,568709908116.0,27.066636313502332,2020-06-30,1531.0,1391.8267822265625
S100LKRJ_1.xbrl,E01232,5631.T,2021-06-21,\\Nas\nas1\Documents\Education\2021 EDHEC Exec PhD\5 Pipeline\data\interim\paper1\data\E01232\S100LKRJ_1.xbrl,ok,,74292607,275315000000,107587000000,-2312000000,803600,74292607,204601839678.0,26.04433168200709,2021-06-21,2754.0,2546.27001953125
S100ODZE_1.xbrl,E01232,5631.T,2022-06-24,\\Nas\nas1\Documents\Education\2021 EDHEC Exec PhD\5 Pipeline\data\interim\paper1\data\E01232\S100ODZE_1.xbrl,ok,,74292607,297365000000,118600000000,-2313000000,804000,74292607,214111293374.0,26.089761779277957,2022-06-24,2882.0,2709.21728515625
S100DED6_1.xbrl,E00024,5706.T,2018-06-28,\\Nas\nas1\Documents\Education\2021 EDHEC Exec PhD\5 Pipeline\data\interim\paper1\data\E00024\S100DED6_1.xbrl,ok,,572966000,503825000000,169867000000,-605000000,,572966000,2664291900000.0,28.610959434676182,2018-06-28,4650.0,3662.564453125
S100G91O_1.xbrl,E00024,5706.T,2019-06-27,\\Nas\nas1\Documents\Education\2021 EDHEC Exec PhD\5 Pipeline\data\interim\paper1\data\E00024\S100G91O_1.xbrl,ok,,572966000,538646000000,207106000000,-619000000,189700,572966000,1496014226000.0,28.03382550479391,2019-06-27,2611.0,2107.5263671875
S100J0S7_1.xbrl,E00024,5706.T,2020-06-26,\\Nas\nas1\Documents\Education\2021 EDHEC Exec PhD\5 Pipeline\data\interim\paper1\data\E00024\S100J0S7_1.xbrl,ok,,572966000,484800000000,179566000000,-622000000,190200,572966000,1265681894000.0,27.8666321395149,2020-06-26,2209.0,1851.697265625
S100LPP7_1.xbrl,E00024,5706.T,2021-06-29,\\Nas\nas1\Documents\Education\2021 EDHEC Exec PhD\5 Pipeline\data\interim\paper1\data\E00024\S100LPP7_1.xbrl,ok,,572966000,518981000000,184421000000,-623000000,190700,572966000,1781924260000.0,28.20871494126806,2021-06-29,3110.0,2665.198486328125
S100OH5A_1.xbrl,E00024,5706.T,2022-06-29,\\Nas\nas1\Documents\Education\2021 EDHEC Exec PhD\5 Pipeline\data\interim\paper1\data\E00024\S100OH5A_1.xbrl,ok,,57296000,518705000000,178652000000,-625000000,191200,57296000,185925520000.0,25.94861200035854,2022-06-29,3245.0,2871.393310546875
S100D6VS_1.xbrl,E00021,5711.T,2018-06-22,\\Nas\nas1\Documents\Education\2021 EDHEC Exec PhD\5 Pipeline\data\interim\paper1\data\E00021\S100D6VS_1.xbrl,ok,,1314895351,1778505000000,525707000000,-2017000000,,1314895351,3932851994841.0,29.000385977050758,2018-06-22,2991.0,2371.5556640625
S100FX0A_1.xbrl,E00021,5711.T,2019-06-21,\\Nas\nas1\Documents\Education\2021 EDHEC Exec PhD\5 Pipeline\data\interim\paper1\data\E00021\S100FX0A_1.xbrl,ok,,1314895351,1898157000000,629514000000,-2089000000,543200,1314895351,3977558436775.0,29.01168928888575,2019-06-21,3025.0,2460.64013671875
S100J22N_1.xbrl,E00021,5711.T,2020-06-30,\\Nas\nas1\Documents\Education\2021 EDHEC Exec PhD\5 Pipeline\data\interim\paper1\data\E00021\S100J22N_1.xbrl,ok,,1314895351,1793375000000,645017000000,-2123000000,554900,1314895351,2991386923525.0,28.72675824980586,2020-06-30,2275.0,1908.88330078125
S100LMJY_1.xbrl,E00021,5711.T,2021-06-24,\\Nas\nas1\Documents\Education\2021 EDHEC Exec PhD\5 Pipeline\data\interim\paper1\data\E00021\S100LMJY_1.xbrl,ok,,131489535,1896939000000,710195000000,-2157000000,566600,131489535,293221663050.0,26.404194689120413,2021-06-24,2230.0,1907.4013671875
S100OES8_1.xbrl,E00021,5711.T,2022-06-28,\\Nas\nas1\Documents\Education\2021 EDHEC Exec PhD\5 Pipeline\data\interim\paper1\data\E00021\S100OES8_1.xbrl,ok,,131489535,2011067000000,768495000000,-2868000000,578500,131489535,259165873485.0,26.280734131818967,2022-06-28,1971.0,1755.2928466796875
S100DEMM_1.xbrl,E00023,5713.T,2018-06-26,\\Nas\nas1\Documents\Education\2021 EDHEC Exec PhD\5 Pipeline\data\interim\paper1\data\E00023\S100DEMM_1.xbrl,ok,,581628000,1572367000000,1019053000000,-32877000000,,581628000,2469010860000.0,28.534838724823835,2018-06-26,4245.0,3355.822265625
S100G7YI_1.xbrl,E00023,5713.T,2019-06-25,\\Nas\nas1\Documents\Education\2021 EDHEC Exec PhD\5 Pipeline\data\interim\paper1\data\E00023\S100G7YI_1.xbrl,ok,,581628000,1714979000000,1158945000000,-32877000000,16026200,581628000,1823985408000.0,28.232045007548688,2019-06-25,3136.0,2527.57958984375
S100J2EY_1.xbrl,E00023,5713.T,2020-06-26,\\Nas\nas1\Documents\Education\2021 EDHEC Exec PhD\5 Pipeline\data\interim\paper1\data\E00023\S100J2EY_1.xbrl,ok,,581628000,1714979000000,1075995000000,-37983000000,16032400,581628000,1757098188000.0,28.194684807465062,2020-06-26,3021.0,2503.98681640625
S100LRHA_1.xbrl,E00023,5713.T,2021-06-25,\\Nas\nas1\Documents\Education\2021 EDHEC Exec PhD\5 Pipeline\data\interim\paper1\data\E00023\S100LRHA_1.xbrl,ok,,581628000,1714979000000,1024121000000,-38002000000,16038700,581628000,2651060424000.0,28.60598083588402,2021-06-25,4558.0,3864.297607421875
S100OG4X_1.xbrl,E00023,5713.T,2022-06-24,\\Nas\nas1\Documents\Education\2021 EDHEC Exec PhD\5 Pipeline\data\interim\paper1\data\E00023\S100OG4X_1.xbrl,ok,,290814000,1732333000000,1120008000000,-38027000000,16044500,290814000,1226944266000.0,27.835547857642783,2022-06-24,4219.0,3785.41064453125
S100DAGB_1.xbrl,E00028,5714.T,2018-06-26,\\Nas\nas1\Documents\Education\2021 EDHEC Exec PhD\5 Pipeline\data\interim\paper1\data\E00028\S100DAGB_1.xbrl,ok,,309946031,358717000000,166987000000,-5703000000,,309946031,1069313806950.0,27.698038256764445,2018-06-26,3450.0,2869.37939453125
S100G567_1.xbrl,E00028,5714.T,2019-06-25,\\Nas\nas1\Documents\Education\2021 EDHEC Exec PhD\5 Pipeline\data\interim\paper1\data\E00028\S100G567_1.xbrl,ok,,309946031,379193000000,195649000000,-5708000000,4766200,309946031,1089460298965.0,27.716703550983805,2019-06-25,3515.0,2995.034423828125
S100J8ID_1.xbrl,E00028,5714.T,2020-07-15,\\Nas\nas1\Documents\Education\2021 EDHEC Exec PhD\5 Pipeline\data\interim\paper1\data\E00028\S100J8ID_1.xbrl,ok,,309946031,364420000000,203370000000,-5710000000,4766500,309946031,1042968394315.0,27.673091988817866,2020-07-15,3365.0,2959.417236328125
S100LNJD_1.xbrl,E00028,5714.T,2021-06-24,\\Nas\nas1\Documents\Education\2021 EDHEC Exec PhD\5 Pipeline\data\interim\paper1\data\E00028\S100LNJD_1.xbrl,ok,,309946031,404604000000,227821000000,-5711000000,3767000,309946031,1357563615780.0,27.93671275010953,2021-06-24,4380.0,3931.03271484375
S100OEIA_1.xbrl,E00028,5714.T,2022-06-24,\\Nas\nas1\Documents\Education\2021 EDHEC Exec PhD\5 Pipeline\data\interim\paper1\data\E00028\S100OEIA_1.xbrl,ok,,61989206,456530000000,247762000000,-5064000000,3767200,61989206,275542020670.0,26.342005979026574,2022-06-24,4445.0,4080.676025390625
S100D7CJ_1.xbrl,E01332,5801.T,2018-06-22,\\Nas\nas1\Documents\Education\2021 EDHEC Exec PhD\5 Pipeline\data\interim\paper1\data\E01332\S100D7CJ_1.xbrl,ok,,706669179,714845000000,199733000000,-633000000,,706669179,2703009609675.0,28.625386938405217,2018-06-22,3825.0,3151.21923828125
S100G9FO_1.xbrl,E01332,5801.T,2019-06-27,\\Nas\nas1\Documents\Education\2021 EDHEC Exec PhD\5 Pipeline\data\interim\paper1\data\E01332\S100G9FO_1.xbrl,ok,,706669179,734125000000,214743000000,-613000000,115200,706669179,2226007913850.0,28.43123092396426,2019-06-27,3150.0,2674.5263671875
S100IVZ0_1.xbrl,E01332,5801.T,2020-06-23,\\Nas\nas1\Documents\Education\2021 EDHEC Exec PhD\5 Pipeline\data\interim\paper1\data\E01332\S100IVZ0_1.xbrl,ok,,706669179,705725000000,198587000000,-600000000,117800,706669179,1935566881281.0,28.29142136140766,2020-06-23,2739.0,2425.399169921875
S100LMSK_1.xbrl,E01332,5801.T,2021-06-24,\\Nas\nas1\Documents\Education\2021 EDHEC Exec PhD\5 Pipeline\data\interim\paper1\data\E01332\S100LMSK_1.xbrl,ok,,70666917,750126000000,237051000000,-598000000,118400,70666917,194334021750.0,25.99284427707535,2021-06-24,2750.0,2484.252197265625
S100OALR_1.xbrl,E01332,5801.T,2022-06-21,\\Nas\nas1\Documents\Education\2021 EDHEC Exec PhD\5 Pipeline\data\interim\paper1\data\E01332\S100OALR_1.xbrl,ok,,70666917,808632000000,272071000000,-576000000,119700,70666917,156456554238.0,25.776044199683316,2022-06-21,2214.0,2054.644775390625
S100DE4P_1.xbrl,E01333,5802.T,2018-06-27,\\Nas\nas1\Documents\Education\2021 EDHEC Exec PhD\5 Pipeline\data\interim\paper1\data\E01333\S100DE4P_1.xbrl,ok,,793941000,2554819000000,1379912000000,-20736000000,,793941000,1291345036500.0,27.886705455059104,2018-06-27,1626.5,1289.689453125
S100G32L_1.xbrl,E01333,5802.T,2019-06-21,\\Nas\nas1\Documents\Education\2021 EDHEC Exec PhD\5 Pipeline\data\interim\paper1\data\E01333\S100G32L_1.xbrl,ok,,793941000,2925785000000,1646913000000,-20749000000,14176700,793941000,1092859786500.0,27.71981903372836,2019-06-21,1376.5,1123.7662353515625
S100IYF1_1.xbrl,E01333,5802.T,2020-06-25,\\Nas\nas1\Documents\Education\2021 EDHEC Exec PhD\5 Pipeline\data\interim\paper1\data\E01333\S100IYF1_1.xbrl,ok,,793941000,2742848000000,1561289000000,-20749000000,14164100,793941000,986868663000.0,27.61780280065641,2020-06-25,1243.0,1046.48974609375
S100LQ0C_1.xbrl,E01333,5802.T,2021-06-25,\\Nas\nas1\Documents\Education\2021 EDHEC Exec PhD\5 Pipeline\data\interim\paper1\data\E01333\S100LQ0C_1.xbrl,ok,,793941000,2907292000000,1628615000000,-20759000000,13972000,793941000,1329851175000.0,27.916088153404868,2021-06-25,1675.0,1442.340576171875
S100ODYH_1.xbrl,E01333,5802.T,2022-06-24,\\Nas\nas1\Documents\Education\2021 EDHEC Exec PhD\5 Pipeline\data\interim\paper1\data\E01333\S100ODYH_1.xbrl,ok,,793941000,2999903000000,1764086000000,-20769000000,13979100,793941000,1184956942500.0,27.800727554412457,2022-06-24,1492.5,1328.1068115234375
S100DIOP_1.xbrl,E01334,5803.T,2018-06-29,\\Nas\nas1\Documents\Education\2021 EDHEC Exec PhD\5 Pipeline\data\interim\paper1\data\E01334\S100DIOP_1.xbrl,ok,,360863000,537281000000,207242000000,-5942000000,,360863000,254408415000.0,26.262206745695508,2018-06-29,705.0,611.2672119140625
S100G8N4_1.xbrl,E01334,5803.T,2019-06-27,\\Nas\nas1\Documents\Education\2021 EDHEC Exec PhD\5 Pipeline\data\interim\paper1\data\E01334\S100G8N4_1.xbrl,ok,,360863000,577567000000,234527000000,-6388000000,9453000,360863000,145066926000.0,25.70046103150226,2019-06-27,402.0,356.63494873046875
S100JJQ2_1.xbrl,E01334,5803.T,2020-08-17,\\Nas\nas1\Documents\Education\2021 EDHEC Exec PhD\5 Pipeline\data\interim\paper1\data\E01334\S100JJQ2_1.xbrl,ok,,360863000,552678000000,217981000000,-6327000000,19454100,360863000,112228393000.0,25.443801855062475,2020-08-17,311.0,279.22833251953125
S100LV4N_1.xbrl,E01334,5803.T,2021-06-30,\\Nas\nas1\Documents\Education\2021 EDHEC Exec PhD\5 Pipeline\data\interim\paper1\data\E01334\S100LV4N_1.xbrl,ok,,295863000,588626000000,224546000000,-10915000000,19455400,295863000,152665308000.0,25.751513832789566,2021-06-30,516.0,463.2855529785156
S100OL6D_1.xbrl,E01334,5803.T,2022-06-29,\\Nas\nas1\Documents\Education\2021 EDHEC Exec PhD\5 Pipeline\data\interim\paper1\data\E01334\S100OL6D_1.xbrl,ok,,295863000,638055000000,241961000000,-10864000000,19456600,295863000,231364866000.0,26.167261807853315,2022-06-29,782.0,713.7161865234375
S100D8AG_1.xbrl,E07801,6098.T,2018-06-20,\\Nas\nas1\Documents\Education\2021 EDHEC Exec PhD\5 Pipeline\data\interim\paper1\data\E07801\S100D8AG_1.xbrl,ok,,60139974,1098049000000,546621000000,-31694000000,,60139974,188358398568.0,25.96161236031068,2018-06-20,3132.0,3011.020263671875
S100G1O2_1.xbrl,E07801,6098.T,2019-06-20,\\Nas\nas1\Documents\Education\2021 EDHEC Exec PhD\5 Pipeline\data\interim\paper1\data\E07801\S100G1O2_1.xbrl,ok,,565320010,1098049000000,754157000000,-32049000000,23808200,565320010,2015365835650.0,28.331821851001717,2019-06-20,3565.0,3455.674072265625
S100J4CT_1.xbrl,E07801,6098.T,2020-06-30,\\Nas\nas1\Documents\Education\2021 EDHEC Exec PhD\5 Pipeline\data\interim\paper1\data\E07801\S100J4CT_1.xbrl,ok,,565320010,1098049000000,777000000000,-32378000000,46052600,565320010,2081508276820.0,28.364113879946345,2020-06-30,3682.0,3603.17529296875
S100LK9F_1.xbrl,E07801,6098.T,2021-06-18,\\Nas\nas1\Documents\Education\2021 EDHEC Exec PhD\5 Pipeline\data\interim\paper1\data\E07801\S100LK9F_1.xbrl,ok,,565320010,1462903000000,778540000000,-113244000000,60374400,565320010,3121697095220.0,28.76939791064342,2021-06-18,5522.0,5426.59619140625
S100O9QT_1.xbrl,E07801,6098.T,2022-06-22,\\Nas\nas1\Documents\Education\2021 EDHEC Exec PhD\5 Pipeline\data\interim\paper1\data\E07801\S100O9QT_1.xbrl,ok,,1695960030,1574032000000,774143000000,-180148000000,73947500,1695960030,6671906758020.0,29.528926805770435,2022-06-22,3934.0,3879.139404296875
S100DAVA_1.xbrl,E01481,6103.T,2018-06-26,\\Nas\nas1\Documents\Education\2021 EDHEC Exec PhD\5 Pipeline\data\interim\paper1\data\E01481\S100DAVA_1.xbrl,ok,,168775000,182319000000,115200000000,-6854000000,,168775000,491135250000.0,26.919985385057746,2018-06-26,2910.0,2431.666015625
S100G20R_1.xbrl,E01481,6103.T,2019-06-21,\\Nas\nas1\Documents\Education\2021 EDHEC Exec PhD\5 Pipeline\data\interim\paper1\data\E01481\S100G20R_1.xbrl,ok,,168775000,200196000000,128939000000,-6874000000,2182000,168775000,453160875000.0,26.839513031835175,2019-06-21,2685.0,2289.689697265625
S100IT4A_1.xbrl,E01481,6103.T,2020-06-19,\\Nas\nas1\Documents\Education\2021 EDHEC Exec PhD\5 Pipeline\data\interim\paper1\data\E01481\S100IT4A_1.xbrl,ok,,168775000,202594000000,134705000000,-9858000000,2182900,168775000,399574812500.0,26.713666849952443,2020-06-19,2367.5,2079.81787109375
S100LJYD_1.xbrl,E01481,6103.T,2021-06-23,\\Nas\nas1\Documents\Education\2021 EDHEC Exec PhD\5 Pipeline\data\interim\paper1\data\E01481\S100LJYD_1.xbrl,ok,,168775000,211117000000,145153000000,-9863000000,2183900,168775000,452317000000.0,26.83764909839711,2021-06-23,2680.0,2368.69921875
S100OCBS_1.xbrl,E01481,6103.T,2022-06-23,\\Nas\nas1\Documents\Education\2021 EDHEC Exec PhD\5 Pipeline\data\interim\paper1\data\E01481\S100OCBS_1.xbrl,ok,,33755000,232002000000,160902000000,-9868000000,2351300,33755000,87594225000.0,25.195980908058097,2022-06-23,2595.0,2332.614013671875
S100DDDI_1.xbrl,E01486,6113.T,2018-06-27,\\Nas\nas1\Documents\Education\2021 EDHEC Exec PhD\5 Pipeline\data\interim\paper1\data\E01486\S100DDDI_1.xbrl,ok,,396502000,552729000000,417002000000,-11841000000,,396502000,423860638000.0,26.77267055418769,2018-06-27,1069.0,803.9603271484375
S100G7G6_1.xbrl,E01486,6113.T,2019-06-26,\\Nas\nas1\Documents\Education\2021 EDHEC Exec PhD\5 Pipeline\data\interim\paper1\data\E01486\S100G7G6_1.xbrl,ok,,386502000,533267000000,426481000000,-11841000000,11503600,386502000,465348408000.0,26.866052226491373,2019-06-26,1204.0,942.6482543945312
S100IYWU_1.xbrl,E01486,6113.T,2020-06-25,\\Nas\nas1\Documents\Education\2021 EDHEC Exec PhD\5 Pipeline\data\interim\paper1\data\E01486\S100IYWU_1.xbrl,ok,,378115000,533267000000,419380000000,-11608000000,11449400,378115000,334253660000.0,26.535166002756323,2020-06-25,884.0,725.9457397460938
S100LOLZ_1.xbrl,E01486,6113.T,2021-06-25,\\Nas\nas1\Documents\Education\2021 EDHEC Exec PhD\5 Pipeline\data\interim\paper1\data\E01486\S100LOLZ_1.xbrl,ok,,378115000,533267000000,419970000000,-12089000000,11452300,378115000,429160525000.0,26.78509687003418,2021-06-25,1135.0,957.289794921875
S100OGLZ_1.xbrl,E01486,6113.T,2022-06-28,\\Nas\nas1\Documents\Education\2021 EDHEC Exec PhD\5 Pipeline\data\interim\paper1\data\E01486\S100OGLZ_1.xbrl,ok,,378115000,556104000000,438863000000,-12092000000,11455300,378115000,384164840000.0,26.674337568257105,2022-06-28,1016.0,885.9342041015625
S100DCUG_1.xbrl,E01506,6146.T,2018-06-27,\\Nas\nas1\Documents\Education\2021 EDHEC Exec PhD\5 Pipeline\data\interim\paper1\data\E01506\S100DCUG_1.xbrl,ok,,34004000,170161000000,123456000000,-18000000,,34004000,212978392201.17188,26.084456552445015,2018-06-27,6263.33349609375,5507.64453125
S100G449_1.xbrl,E01506,6146.T,2019-06-25,\\Nas\nas1\Documents\Education\2021 EDHEC Exec PhD\5 Pipeline\data\interim\paper1\data\E01506\S100G449_1.xbrl,ok,,35704000,201975000000,151918000000,-25000000,4800,35704000,189350219144.53125,25.966864148645175,2019-06-25,5303.33349609375,4754.8017578125
S100IW9J_1.xbrl,E01506,6146.T,2020-06-26,\\Nas\nas1\Documents\Education\2021 EDHEC Exec PhD\5 Pipeline\data\interim\paper1\data\E01506\S100IW9J_1.xbrl,ok,,35789000,207953000000,168035000000,-25000000,5000,35789000,314346705016.60156,26.473762369826485,2020-06-26,8783.3330078125,8036.6298828125
S100LQKR_1.xbrl,E01506,6146.T,2021-06-29,\\Nas\nas1\Documents\Education\2021 EDHEC Exec PhD\5 Pipeline\data\interim\paper1\data\E01506\S100LQKR_1.xbrl,ok,,35870000,225748000000,181318000000,-29000000,5000,35870000,402939654990.2344,26.72205264820269,2021-06-29,11233.3330078125,10492.375
S100OJ7R_1.xbrl,E01506,6146.T,2022-06-29,\\Nas\nas1\Documents\Education\2021 EDHEC Exec PhD\5 Pipeline\data\interim\paper1\data\E01506\S100OJ7R_1.xbrl,ok,,35927000,256347000000,205264000000,-31000000,5000,35927000,396394554971.6797,26.70567590311133,2022-06-29,11033.3330078125,10554.8408203125
S100G2AH_1.xbrl,E31748,6178.T,2019-06-20,\\Nas\nas1\Documents\Education\2021 EDHEC Exec PhD\5 Pipeline\data\interim\paper1\data\E31748\S100G2AH_1.xbrl,ok,,150000000,295849794000000,15301561000000,-831945000000,456139200,150000000,181950000000.0,25.92699776100458,2019-06-20,1213.0,911.2099609375
S100IT2U_1.xbrl,E31748,6178.T,2020-06-18,\\Nas\nas1\Documents\Education\2021 EDHEC Exec PhD\5 Pipeline\data\interim\paper1\data\E31748\S100IT2U_1.xbrl,ok,,4500000000,291947080000000,15176088000000,-831887000000,456139200,4500000000,3588300109863.2812,28.908699699287023,2020-06-18,797.4000244140625,631.5906982421875
S100OA6P_1.xbrl,E31748,6178.T,2022-06-20,\\Nas\nas1\Documents\Education\2021 EDHEC Exec PhD\5 Pipeline\data\interim\paper1\data\E31748\S100OA6P_1.xbrl,ok,,4500000000,290640154000000,14743234000000,-831661000000,105143800,4500000000,4284900054931.6406,29.08611834330292,2022-06-20,952.2000122070312,834.0278930664062
S100DDTG_1.xbrl,E01673,6273.T,2018-06-27,\\Nas\nas1\Documents\Education\2021 EDHEC Exec PhD\5 Pipeline\data\interim\paper1\data\E01673\S100DDTG_1.xbrl,ok,,68869000,966875000000,785521000000,-3348000000,,68869000,2877346820000.0,28.687889742415667,2018-06-27,41780.0,38119.17578125
S100G9BC_1.xbrl,E01673,6273.T,2019-06-27,\\Nas\nas1\Documents\Education\2021 EDHEC Exec PhD\5 Pipeline\data\interim\paper1\data\E01673\S100G9BC_1.xbrl,ok,,67369000,1129001000000,921483000000,-3066000000,150100,67369000,2696781070000.0,28.62307998141119,2019-06-27,40030.0,36898.65625
S100J0QM_1.xbrl,E01673,6273.T,2020-06-26,\\Nas\nas1\Documents\Education\2021 EDHEC Exec PhD\5 Pipeline\data\interim\paper1\data\E01673\S100J0QM_1.xbrl,ok,,67369000,1120171000000,941813000000,-3086000000,850800,67369000,3778053520000.0,28.960230051133042,2020-06-26,56080.0,52146.4609375
S100LU1K_1.xbrl,E01673,6273.T,2021-06-29,\\Nas\nas1\Documents\Education\2021 EDHEC Exec PhD\5 Pipeline\data\interim\paper1\data\E01673\S100LU1K_1.xbrl,ok,,67369000,1192444000000,1030369000000,-30432000000,1291300,67369000,4473301600000.0,29.129147864889095,2021-06-29,66400.0,62240.20703125
S100OK2Y_1.xbrl,E01673,6273.T,2022-06-29,\\Nas\nas1\Documents\Education\2021 EDHEC Exec PhD\5 Pipeline\data\interim\paper1\data\E01673\S100OK2Y_1.xbrl,ok,,67369000,1342890000000,1150416000000,-59139000000,2026400,67369000,4133088150000.0,29.050045979563627,2022-06-29,61350.0,58115.81640625
S100D6J5_1.xbrl,E01532,6301.T,2018-06-18,\\Nas\nas1\Documents\Education\2021 EDHEC Exec PhD\5 Pipeline\data\interim\paper1\data\E01532\S100D6J5_1.xbrl,ok,,983130000,2651556000000,1441111000000,-50457000000,,983130000,3205986930000.0,28.79604109337647,2018-06-18,3261.0,2467.572998046875
S100FZY3_1.xbrl,E01532,6301.T,2019-06-17,\\Nas\nas1\Documents\Education\2021 EDHEC Exec PhD\5 Pipeline\data\interim\paper1\data\E01532\S100FZY3_1.xbrl,ok,,971967000,2798407000000,1598500000000,-50052000000,28763700,971967000,2361879810000.0,28.490478947565688,2019-06-17,2430.0,1909.444091796875
S100J1GM_1.xbrl,E01532,6301.T,2020-06-29,\\Nas\nas1\Documents\Education\2021 EDHEC Exec PhD\5 Pipeline\data\interim\paper1\data\E01532\S100J1GM_1.xbrl,ok,,971967000,2614654000000,1587760000000,-49478000000,28374500,971967000,2092644951000.0,28.369449908595456,2020-06-29,2153.0,1763.3818359375
S100LIWM_1.xbrl,E01532,6301.T,2021-06-17,\\Nas\nas1\Documents\Education\2021 EDHEC Exec PhD\5 Pipeline\data\interim\paper1\data\E01532\S100LIWM_1.xbrl,ok,,971967000,2656482000000,1648515000000,-48761000000,28295400,971967000,2808984630000.0,28.66384419233757,2021-06-17,2890.0,2410.16845703125
S100O9ZQ_1.xbrl,E01532,6301.T,2022-06-20,\\Nas\nas1\Documents\Education\2021 EDHEC Exec PhD\5 Pipeline\data\interim\paper1\data\E01532\S100O9ZQ_1.xbrl,ok,,971967000,3372538000000,1743590000000,-48448000000,28368800,971967000,2930480505000.0,28.70618752039238,2022-06-20,3015.0,2599.3994140625
S100DDJN_1.xbrl,E01533,6302.T,2018-06-28,\\Nas\nas1\Documents\Education\2021 EDHEC Exec PhD\5 Pipeline\data\interim\paper1\data\E01533\S100DDJN_1.xbrl,ok,,614527000,724182000000,331059000000,-915000000,,614527000,2282967805000.0,28.456497381318076,2018-06-28,3715.0,2866.02783203125
S100GA1L_1.xbrl,E01533,6302.T,2019-06-27,\\Nas\nas1\Documents\Education\2021 EDHEC Exec PhD\5 Pipeline\data\interim\paper1\data\E01533\S100GA1L_1.xbrl,ok,,614527000,786027000000,365101000000,-1000000000,379900,614527000,2270677265000.0,28.45109925754852,2019-06-27,3695.0,2936.602294921875
S100JBIZ_1.xbrl,E01533,6302.T,2020-07-31,\\Nas\nas1\Documents\Education\2021 EDHEC Exec PhD\5 Pipeline\data\interim\paper1\data\E01533\S100JBIZ_1.xbrl,ok,,614527000,782859000000,382817000000,-1048000000,389300,614527000,1259165823000.0,27.861470572405118,2020-07-31,2049.0,1685.0528564453125
S100LS9S_1.xbrl,E01533,6302.T,2021-06-29,\\Nas\nas1\Documents\Education\2021 EDHEC Exec PhD\5 Pipeline\data\interim\paper1\data\E01533\S100LS9S_1.xbrl,ok,,614527000,796484000000,409171000000,-1080000000,400400,614527000,1871234715000.0,28.257619604310214,2021-06-29,3045.0,2549.9248046875
S100OJOS_1.xbrl,E01533,6302.T,2022-06-29,\\Nas\nas1\Documents\Education\2021 EDHEC Exec PhD\5 Pipeline\data\interim\paper1\data\E01533\S100OJOS_1.xbrl,ok,,122905000,894835000000,444964000000,-1100000000,408100,122905000,373016675000.0,26.644888960684817,2022-06-29,3035.0,2643.506103515625
S100QH2O_1.xbrl,E01533,6302.T,2023-03-30,\\Nas\nas1\Documents\Education\2021 EDHEC Exec PhD\5 Pipeline\data\interim\paper1\data\E01533\S100QH2O_1.xbrl,ok,,122905000,894835000000,444964000000,-1123000000,345100,122905000,393296000000.0,26.697828345979037,2023-03-30,3200.0,2881.273193359375
S100DBLS_1.xbrl,E01585,6305.T,2018-06-26,\\Nas\nas1\Documents\Education\2021 EDHEC Exec PhD\5 Pipeline\data\interim\paper1\data\E01585\S100DBLS_1.xbrl,ok,,215115038,1101114000000,447640000000,-3055000000,,215115038,766885110470.0,27.365602836311638,2018-06-26,3565.0,2841.357421875
S100G6ZG_1.xbrl,E01585,6305.T,2019-06-25,\\Nas\nas1\Documents\Education\2021 EDHEC Exec PhD\5 Pipeline\data\interim\paper1\data\E01585\S100G6ZG_1.xbrl,ok,,215115038,1064673000000,490996000000,-3069000000,2460200,215115038,601891876324.0,27.12334365868867,2019-06-25,2798.0,2301.2236328125
S100J9Z8_1.xbrl,E01585,6305.T,2020-07-21,\\Nas\nas1\Documents\Education\2021 EDHEC Exec PhD\5 Pipeline\data\interim\paper1\data\E01585\S100J9Z8_1.xbrl,ok,,215115038,926628000000,202394000000,-3077000000,2462000,215115038,706652899830.0,27.283805434381954,2020-07-21,3285.0,2767.15087890625
S100LTRB_1.xbrl,E01585,6305.T,2021-06-29,\\Nas\nas1\Documents\Education\2021 EDHEC Exec PhD\5 Pipeline\data\interim\paper1\data\E01585\S100LTRB_1.xbrl,ok,,215115038,1012208000000,216277000000,-3082000000,2463000,215115038,734617854770.0,27.322616275468132,2021-06-29,3415.0,2892.482421875
S100OI9Q_1.xbrl,E01585,6305.T,2022-06-28,\\Nas\nas1\Documents\Education\2021 EDHEC Exec PhD\5 Pipeline\data\interim\paper1\data\E01585\S100OI9Q_1.xbrl,ok,,215115038,1089796000000,252936000000,-3086000000,2464300,215115038,660403166660.0,27.216116344044487,2022-06-28,3070.0,2690.532470703125
S100CLC9_1.xbrl,E01267,6326.T,2018-03-23,\\Nas\nas1\Documents\Education\2021 EDHEC Exec PhD\5 Pipeline\data\interim\paper1\data\E01267\S100CLC9_1.xbrl,ok,,1256419000,1852577000000,853193000000,-39000000,,1256419000,2166694565500.0,28.404223880463746,2018-03-23,1724.5,1448.200927734375
S100FFK6_1.xbrl,E01267,6326.T,2019-03-22,\\Nas\nas1\Documents\Education\2021 EDHEC Exec PhD\5 Pipeline\data\interim\paper1\data\E01267\S100FFK6_1.xbrl,ok,,1250219000,2633780000000,1001575000000,-46000000,,1250219000,2012227480500.0,28.330263423653758,2019-03-22,1609.5,1380.167236328125
S100I7T6_1.xbrl,E01267,6326.T,2020-03-19,\\Nas\nas1\Documents\Education\2021 EDHEC Exec PhD\5 Pipeline\data\interim\paper1\data\E01267\S100I7T6_1.xbrl,ok,,1246219000,2633780000000,1178466000000,-323000000,1029900,1246219000,1605130072000.0,28.104225910971373,2020-03-19,1288.0,1127.472412109375
S100KYRY_1.xbrl,E01267,6326.T,2021-03-19,\\Nas\nas1\Documents\Education\2021 EDHEC Exec PhD\5 Pipeline\data\interim\paper1\data\E01267\S100KYRY_1.xbrl,ok,,1241119000,2633780000000,1271925000000,-637000000,1025100,1241119000,3105279738000.0,28.764124920009504,2021-03-19,2502.0,2232.041015625
S100NOAI_1.xbrl,E01267,6326.T,2022-03-18,\\Nas\nas1\Documents\Education\2021 EDHEC Exec PhD\5 Pipeline\data\interim\paper1\data\E01267\S100NOAI_1.xbrl,ok,,1234024000,2832364000000,1385435000000,-636000000,720600,1234024000,2710533716000.0,28.628166674602827,2022-03-18,2196.5,1993.761474609375
S100QFK4_1.xbrl,E01267,6326.T,2023-03-24,\\Nas\nas1\Documents\Education\2021 EDHEC Exec PhD\5 Pipeline\data\interim\paper1\data\E01267\S100QFK4_1.xbrl,ok,,1232556000,2895655000000,626716000000,-134000000,726900,1232556000,2354181960000.0,28.487214419995084,2023-03-24,1910.0,1773.1993408203125
S100COB2_1.xbrl,E01542,6361.T,2018-03-29,\\Nas\nas1\Documents\Education\2021 EDHEC Exec PhD\5 Pipeline\data\interim\paper1\data\E01542\S100COB2_1.xbrl,ok,,465118000,504576000000,191788000000,-425000000,,465118000,346978028000.0,26.572527295003756,2018-03-29,746.0,612.1963500976562
S100FHNW_1.xbrl,E01542,6361.T,2019-03-29,\\Nas\nas1\Documents\Education\2021 EDHEC Exec PhD\5 Pipeline\data\interim\paper1\data\E01542\S100FHNW_1.xbrl,ok,,465187000,530211000000,215048000000,-431000000,,465187000,290276688000.0,26.394100401617838,2019-03-29,624.0,523.3665771484375
S100IC0T_1.xbrl,E01542,6361.T,2020-03-30,\\Nas\nas1\Documents\Education\2021 EDHEC Exec PhD\5 Pipeline\data\interim\paper1\data\E01542\S100IC0T_1.xbrl,ok,,465644000,570392000000,247553000000,-5439000000,5700,465644000,191845328000.0,25.979955300984237,2020-03-30,412.0,352.2431030273437
S100L1ZE_1.xbrl,E01542,6361.T,2021-03-29,\\Nas\nas1\Documents\Education\2021 EDHEC Exec PhD\5 Pipeline\data\interim\paper1\data\E01542\S100L1ZE_1.xbrl,ok,,466044000,579860000000,250444000000,-174000000,20400,466044000,406390368000.0,26.730580032142413,2021-03-29,872.0,761.0459594726562
S100NRWW_1.xbrl,E01542,6361.T,2022-03-30,\\Nas\nas1\Documents\Education\2021 EDHEC Exec PhD\5 Pipeline\data\interim\paper1\data\E01542\S100NRWW_1.xbrl,ok,,508680000,615465000000,277509000000,-174000000,3536000,508680000,691804800000.0,27.26256967184692,2022-03-30,1360.0,1218.4560546875
S100QHPL_1.xbrl,E01542,6361.T,2023-03-30,\\Nas\nas1\Documents\Education\2021 EDHEC Exec PhD\5 Pipeline\data\interim\paper1\data\E01542\S100QHPL_1.xbrl,ok,,101957000,615465000000,286778000000,-20189000000,24400,101957000,123571884000.0,25.540088880365317,2023-03-30,1212.0,1128.9373779296875
S100DDXX_1.xbrl,E01570,6367.T,2018-06-28,\\Nas\nas1\Documents\Education\2021 EDHEC Exec PhD\5 Pipeline\data\interim\paper1\data\E01570\S100DDXX_1.xbrl,ok,,293113000,2011870000000,823858000000,-3160000000,,293113000,3948232110000.0,29.004289027564926,2018-06-28,13470.0,12328.326171875
S100G6FS_1.xbrl,E01570,6367.T,2019-06-27,\\Nas\nas1\Documents\Education\2021 EDHEC Exec PhD\5 Pipeline\data\interim\paper1\data\E01570\S100G6FS_1.xbrl,ok,,293113000,2263989000000,1048311000000,-2894000000,610400,293113000,4225223895000.0,29.07209336823302,2019-06-27,14415.0,13348.0439453125
S100IY17_1.xbrl,E01570,6367.T,2020-06-26,\\Nas\nas1\Documents\Education\2021 EDHEC Exec PhD\5 Pipeline\data\interim\paper1\data\E01570\S100IY17_1.xbrl,ok,,293113000,2191105000000,1037469000000,-2589000000,534400,293113000,5034215775000.0,29.247278875251066,2020-06-26,17175.0,16087.0576171875
S100LNGN_1.xbrl,E01570,6367.T,2021-06-29,\\Nas\nas1\Documents\Education\2021 EDHEC Exec PhD\5 Pipeline\data\interim\paper1\data\E01570\S100LNGN_1.xbrl,ok,,293113000,2356148000000,1135609000000,-2264000000,474200,293113000,6164166390000.0,29.449774026857263,2021-06-29,21030.0,19849.087890625
S100OG1V_1.xbrl,E01570,6367.T,2022-06-29,\\Nas\nas1\Documents\Education\2021 EDHEC Exec PhD\5 Pipeline\data\interim\paper1\data\E01570\S100OG1V_1.xbrl,ok,,293113000,2475708000000,1324321000000,-2012000000,434400,293113000,6407450180000.0,29.488482519891047,2022-06-29,21860.0,20806.255859375
S100D82M_1.xbrl,E01600,6471.T,2018-06-22,\\Nas\nas1\Documents\Education\2021 EDHEC Exec PhD\5 Pipeline\data\interim\paper1\data\E01600\S100D82M_1.xbrl,ok,,551268000,987519000000,382155000000,-17716000000,,551268000,632855664000.0,27.173508214132966,2018-06-22,1148.0,877.977783203125
S100G0QM_1.xbrl,E01600,6471.T,2019-06-25,\\Nas\nas1\Documents\Education\2021 EDHEC Exec PhD\5 Pipeline\data\interim\paper1\data\E01600\S100G0QM_1.xbrl,ok,,551268000,1125509000000,481859000000,-17815000000,37401900,551268000,508820364000.0,26.955360871756305,2019-06-25,923.0,730.7686767578125
S100J0BN_1.xbrl,E01600,6471.T,2020-06-30,\\Nas\nas1\Documents\Education\2021 EDHEC Exec PhD\5 Pipeline\data\interim\paper1\data\E01600\S100J0BN_1.xbrl,ok,,551268000,1032374000000,473560000000,-37779000000,33582000,551268000,440463132000.0,26.81109258301973,2020-06-30,799.0,655.12451171875
S100LLLQ_1.xbrl,E01600,6471.T,2021-06-25,\\Nas\nas1\Documents\Education\2021 EDHEC Exec PhD\5 Pipeline\data\interim\paper1\data\E01600\S100LLLQ_1.xbrl,ok,,551268000,1043955000000,257185000000,-37662000000,33588100,551268000,539691372000.0,27.014263279783965,2021-06-25,979.0,819.5343627929688
S100OEQM_1.xbrl,E01600,6471.T,2022-06-28,\\Nas\nas1\Documents\Education\2021 EDHEC Exec PhD\5 Pipeline\data\interim\paper1\data\E01600\S100OEQM_1.xbrl,ok,,551268000,1092310000000,282549000000,-37303000000,33593800,551268000,420617484000.0,26.76498966853791,2022-06-28,763.0,659.962890625
S100DFQ7_1.xbrl,E01601,6472.T,2018-06-27,\\Nas\nas1\Documents\Education\2021 EDHEC Exec PhD\5 Pipeline\data\interim\paper1\data\E01601\S100DFQ7_1.xbrl,ok,,532463000,848037000000,213368000000,-807000000,,532463000,236413572000.0,26.18884853199791,2018-06-27,444.0,377.6292724609375
S100GCXL_1.xbrl,E01601,6472.T,2019-06-28,\\Nas\nas1\Documents\Education\2021 EDHEC Exec PhD\5 Pipeline\data\interim\paper1\data\E01601\S100GCXL_1.xbrl,ok,,532463000,856121000000,262559000000,-816000000,902200,532463000,170388160000.0,25.861344965359457,2019-06-28,320.0,282.6943054199219
S100JC2F_1.xbrl,E01601,6472.T,2020-07-31,\\Nas\nas1\Documents\Education\2021 EDHEC Exec PhD\5 Pipeline\data\interim\paper1\data\E01601\S100JC2F_1.xbrl,ok,,532463000,794000000000,248504000000,-789000000,903700,532463000,96908266000.0,25.29703065664248,2020-07-31,182.0,163.31040954589844
S100LSGG_1.xbrl,E01601,6472.T,2021-06-28,\\Nas\nas1\Documents\Education\2021 EDHEC Exec PhD\5 Pipeline\data\interim\paper1\data\E01601\S100LSGG_1.xbrl,ok,,532463000,797038000000,245050000000,-787000000,904800,532463000,159738900000.0,25.796806444221886,2021-06-28,300.0,269.19293212890625
S100OBZE_1.xbrl,E01601,6472.T,2022-06-22,\\Nas\nas1\Documents\Education\2021 EDHEC Exec PhD\5 Pipeline\data\interim\paper1\data\E01601\S100OBZE_1.xbrl,ok,,532463000,839427000000,269759000000,-782000000,906700,532463000,142167621000.0,25.680272627965934,2022-06-22,267.0,239.5817413330078
S100DF6A_1.xbrl,E01602,6473.T,2018-06-27,\\Nas\nas1\Documents\Education\2021 EDHEC Exec PhD\5 Pipeline\data\interim\paper1\data\E01602\S100DF6A_1.xbrl,ok,,342186000,1066469000000,418864000000,-416000000,,342186000,514989930000.0,26.96741318402092,2018-06-27,1505.0,1206.1654052734375
S100G6PY_1.xbrl,E01602,6473.T,2019-06-26,\\Nas\nas1\Documents\Education\2021 EDHEC Exec PhD\5 Pipeline\data\interim\paper1\data\E01602\S100G6PY_1.xbrl,ok,,343286000,1126235000000,499773000000,-420000000,352300,343286000,438376222000.0,26.806343332970588,2019-06-26,1277.0,1053.677001953125
S100IWAM_1.xbrl,E01602,6473.T,2020-06-25,\\Nas\nas1\Documents\Education\2021 EDHEC Exec PhD\5 Pipeline\data\interim\paper1\data\E01602\S100IWAM_1.xbrl,ok,,343286000,1294973000000,480066000000,-420000000,354500,343286000,284240808000.0,26.373087631323312,2020-06-25,828.0,709.3201293945312
S100LKSI_1.xbrl,E01602,6473.T,2021-06-25,\\Nas\nas1\Documents\Education\2021 EDHEC Exec PhD\5 Pipeline\data\interim\paper1\data\E01602\S100LKSI_1.xbrl,ok,,343286000,1294973000000,512906000000,-426000000,356900,343286000,406793910000.0,26.731572530507282,2021-06-25,1185.0,1032.2347412109375
S100OGUN_1.xbrl,E01602,6473.T,2022-06-28,\\Nas\nas1\Documents\Education\2021 EDHEC Exec PhD\5 Pipeline\data\interim\paper1\data\E01602\S100OGUN_1.xbrl,ok,,343286000,1294973000000,572592000000,-428000000,359100,343286000,365256304000.0,26.62386514683964,2022-06-28,1064.0,943.8884887695312
S100DHGG_1.xbrl,E01607,6479.T,2018-06-28,\\Nas\nas1\Documents\Education\2021 EDHEC Exec PhD\5 Pipeline\data\interim\paper1\data\E01607\S100DHGG_1.xbrl,ok,,399167695,381278000000,163463000000,-1345000000,,399167695,756023614330.0,27.35133844852436,2018-06-28,1894.0,1684.5653076171875
S100G7LR_1.xbrl,E01607,6479.T,2019-06-27,\\Nas\nas1\Documents\Education\2021 EDHEC Exec PhD\5 Pipeline\data\interim\paper1\data\E01607\S100G7LR_1.xbrl,ok,,399167695,645587000000,233679000000,-9496000000,11949000,399167695,720098521780.0,27.302653875400903,2019-06-27,1804.0,1628.7540283203125
S100J0U3_1.xbrl,E01607,6479.T,2020-06-26,\\Nas\nas1\Documents\Education\2021 EDHEC Exec PhD\5 Pipeline\data\interim\paper1\data\E01607\S100J0U3_1.xbrl,ok,,399167695,645587000000,237973000000,-19448000000,18676100,399167695,781969514505.0,27.385081592722873,2020-06-26,1959.0,1798.041259765625
S100LT8J_1.xbrl,E01607,6479.T,2021-06-29,\\Nas\nas1\Documents\Education\2021 EDHEC Exec PhD\5 Pipeline\data\interim\paper1\data\E01607\S100LT8J_1.xbrl,ok,,427080606,645587000000,326218000000,-34455000000,20295500,427080606,1216752646494.0,27.82720666070918,2021-06-29,2849.0,2653.037109375
S100OJPE_1.xbrl,E01607,6479.T,2022-06-29,\\Nas\nas1\Documents\Education\2021 EDHEC Exec PhD\5 Pipeline\data\interim\paper1\data\E01607\S100OJPE_1.xbrl,ok,,427080606,703558000000,373253000000,-39166000000,20812400,427080606,1011326875008.0,27.64228432221517,2022-06-29,2368.0,2233.05615234375
S100DJ2G_1.xbrl,E01737,6501.T,2018-06-29,\\Nas\nas1\Documents\Education\2021 EDHEC Exec PhD\5 Pipeline\data\interim\paper1\data\E01737\S100DJ2G_1.xbrl,ok,,4833463000,11098191000000,3852464000000,-3916000000,,4833463000,3777834562795.532,28.96017209442375,2018-06-29,781.5999755859375,679.5952758789062
S100G21U_1.xbrl,E01737,6501.T,2019-06-19,\\Nas\nas1\Documents\Education\2021 EDHEC Exec PhD\5 Pipeline\data\interim\paper1\data\E01737\S100G21U_1.xbrl,ok,,4833463000,12433727000000,1399885000000,-4137000000,1120000,4833463000,3834869662204.468,28.975156563782857,2019-06-19,793.4000244140625,701.0827026367188
S100JMMA_1.xbrl,E01737,6501.T,2020-08-31,\\Nas\nas1\Documents\Education\2021 EDHEC Exec PhD\5 Pipeline\data\interim\paper1\data\E01737\S100JMMA_1.xbrl,ok,,4833463000,12551005000000,1378441000000,-3920000000,1054900,4833463000,3412424878000.0,28.858444262424428,2020-08-31,706.0,640.635986328125
S100LNII_1.xbrl,E01737,6501.T,2021-06-23,\\Nas\nas1\Documents\Education\2021 EDHEC Exec PhD\5 Pipeline\data\interim\paper1\data\E01737\S100LNII_1.xbrl,ok,,4833463000,9663917000000,1497428000000,-3809000000,1088900,4833463000,5981893690795.532,29.419758304463098,2021-06-23,1237.5999755859375,1150.1302490234375
S100OB34_1.xbrl,E01737,6501.T,2022-06-22,\\Nas\nas1\Documents\Education\2021 EDHEC Exec PhD\5 Pipeline\data\interim\paper1\data\E01737\S100OB34_1.xbrl,ok,,4833463000,10106603000000,1536018000000,-3493000000,1031900,4833463000,6261268088204.468,29.465403850526737,2022-06-22,1295.4000244140625,1227.322021484375
S100D9SC_1.xbrl,E01739,6503.T,2018-06-28,\\Nas\nas1\Documents\Education\2021 EDHEC Exec PhD\5 Pipeline\data\interim\paper1\data\E01739\S100D9SC_1.xbrl,ok,,2147201000,3612966000000,1600351000000,-1228000000,,2147201000,3164974274000.0,28.783166043213612,2018-06-28,1474.0,1232.9957275390625
S100G6IU_1.xbrl,E01739,6503.T,2019-06-27,\\Nas\nas1\Documents\Education\2021 EDHEC Exec PhD\5 Pipeline\data\interim\paper1\data\E01739\S100G6IU_1.xbrl,ok,,2147201000,4238030000000,1930167000000,-1228000000,3211800,2147201000,3085527837000.0,28.757743856543357,2019-06-27,1437.0,1235.1429443359375
S100IT05_1.xbrl,E01739,6503.T,2020-06-26,\\Nas\nas1\Documents\Education\2021 EDHEC Exec PhD\5 Pipeline\data\interim\paper1\data\E01739\S100IT05_1.xbrl,ok,,2147201000,4238030000000,1937503000000,-2983000000,2686200,2147201000,2981388588500.0,28.723410277211183,2020-06-26,1388.5,1227.4571533203125
S100LPLG_1.xbrl,E01739,6503.T,2021-06-29,\\Nas\nas1\Documents\Education\2021 EDHEC Exec PhD\5 Pipeline\data\interim\paper1\data\E01739\S100LPLG_1.xbrl,ok,,2147201000,4238030000000,2140708000000,-2924000000,1207400,2147201000,3506379233000.0,28.885605063434795,2021-06-29,1633.0,1475.43896484375
S100OEWH_1.xbrl,E01739,6503.T,2022-06-29,\\Nas\nas1\Documents\Education\2021 EDHEC Exec PhD\5 Pipeline\data\interim\paper1\data\E01739\S100OEWH_1.xbrl,ok,,2147201000,4305580000000,2364145000000,-2595000000,34366800,2147201000,3146723065500.0,28.777382730615276,2022-06-29,1465.5,1360.1719970703125
S100DCFO_1.xbrl,E01740,6504.T,2018-06-26,\\Nas\nas1\Documents\Education\2021 EDHEC Exec PhD\5 Pipeline\data\interim\paper1\data\E01740\S100DCFO_1.xbrl,ok,,746484000,810774000000,251225000000,-7241000000,,746484000,3135232800000.0,28.773724545629623,2018-06-26,4200.0,3594.285888671875
S100G5D4_1.xbrl,E01740,6504.T,2019-06-25,\\Nas\nas1\Documents\Education\2021 EDHEC Exec PhD\5 Pipeline\data\interim\paper1\data\E01740\S100G5D4_1.xbrl,ok,,746484000,904522000000,319636000000,-7284000000,6460100,746484000,2750793540000.0,28.6429105459816,2019-06-25,3685.0,3219.981689453125
S100JD1K_1.xbrl,E01740,6504.T,2020-08-06,\\Nas\nas1\Documents\Education\2021 EDHEC Exec PhD\5 Pipeline\data\interim\paper1\data\E01740\S100JD1K_1.xbrl,ok,,746484000,845378000000,260980000000,-7316000000,6463300,746484000,2265578940000.0,28.448851444851762,2020-08-06,3035.0,2726.32470703125
S100LP0P_1.xbrl,E01740,6504.T,2021-06-25,\\Nas\nas1\Documents\Education\2021 EDHEC Exec PhD\5 Pipeline\data\interim\paper1\data\E01740\S100LP0P_1.xbrl,ok,,746484000,886663000000,323863000000,-7327000000,6466400,746484000,3919041000000.0,28.99686809694383,2021-06-25,5250.0,4817.82373046875
S100OI7U_1.xbrl,E01740,6504.T,2022-06-28,\\Nas\nas1\Documents\Education\2021 EDHEC Exec PhD\5 Pipeline\data\interim\paper1\data\E01740\S100OI7U_1.xbrl,ok,,746484000,914744000000,366546000000,-7340000000,6469800,746484000,4344536880000.0,29.099940282083644,2022-06-28,5820.0,5435.29345703125
S100D293_1.xbrl,E01741,6506.T,2018-05-30,\\Nas\nas1\Documents\Education\2021 EDHEC Exec PhD\5 Pipeline\data\interim\paper1\data\E01741\S100D293_1.xbrl,ok,,252331000,302518000000,117465000000,-249000000,,252331000,1095116540000.0,27.72188190275757,2018-05-30,4340.0,3916.919677734375
S100FVG3_1.xbrl,E01741,6506.T,2019-05-29,\\Nas\nas1\Documents\Education\2021 EDHEC Exec PhD\5 Pipeline\data\interim\paper1\data\E01741\S100FVG3_1.xbrl,ok,,252331000,340506000000,139870000000,-1338000000,,252331000,797365960000.0,27.404579582244075,2019-05-29,3160.0,2894.237548828125
S100IOOX_1.xbrl,E01741,6506.T,2020-05-28,\\Nas\nas1\Documents\Education\2021 EDHEC Exec PhD\5 Pipeline\data\interim\paper1\data\E01741\S100IOOX_1.xbrl,ok,,260967000,449292000000,175190000000,-1338000000,4819200,260967000,1032124485000.0,27.662640400713308,2020-05-28,3955.0,3676.531494140625
S100LETR_1.xbrl,E01741,6506.T,2021-05-27,\\Nas\nas1\Documents\Education\2021 EDHEC Exec PhD\5 Pipeline\data\interim\paper1\data\E01741\S100LETR_1.xbrl,ok,,266690000,449292000000,183901000000,-22109000000,4821600,266690000,1318782050000.0,27.907729737193,2021-05-27,4945.0,4621.603515625
S100O4U1_1.xbrl,E01741,6506.T,2022-05-27,\\Nas\nas1\Documents\Education\2021 EDHEC Exec PhD\5 Pipeline\data\interim\paper1\data\E01741\S100O4U1_1.xbrl,ok,,266690000,449292000000,200698000000,-22023000000,4823500,266690000,1118764550000.0,27.743246112037497,2022-05-27,4195.0,3963.09521484375
S100D1X1_1.xbrl,E32549,6532.T,2018-05-31,\\Nas\nas1\Documents\Education\2021 EDHEC Exec PhD\5 Pipeline\data\interim\paper1\data\E32549\S100D1X1_1.xbrl,ok,,685000,23458387000,8839805000,None,,685000,288042500.0,19.478618596657366,2018-05-31,420.5,381.888671875
S100FUUL_1.xbrl,E32549,6532.T,2019-05-30,\\Nas\nas1\Documents\Education\2021 EDHEC Exec PhD\5 Pipeline\data\interim\paper1\data\E32549\S100FUUL_1.xbrl,ok,,685000,23458000000,8840000000,-394000000,,685000,254135000.0,19.353376179851796,2019-05-30,371.0,342.7698059082031
S100IOF2_1.xbrl,E32549,6532.T,2020-05-28,\\Nas\nas1\Documents\Education\2021 EDHEC Exec PhD\5 Pipeline\data\interim\paper1\data\E32549\S100IOF2_1.xbrl,ok,,771000,23510000000,9372000000,-847000000,286200,771000,552036000.0,20.129123819506113,2020-05-28,716.0,671.1063842773438
S100LE04_1.xbrl,E32549,6532.T,2021-05-31,\\Nas\nas1\Documents\Education\2021 EDHEC Exec PhD\5 Pipeline\data\interim\paper1\data\E32549\S100LE04_1.xbrl,ok,,15470000,22809000000,10621000000,-760000000,210400,15470000,51669800000.0,24.668139308519994,2021-05-31,3340.0,3163.452392578125
S100NXKY_1.xbrl,E32549,6532.T,2022-05-30,\\Nas\nas1\Documents\Education\2021 EDHEC Exec PhD\5 Pipeline\data\interim\paper1\data\E32549\S100NXKY_1.xbrl,ok,,15470000,23113000000,11456000000,-556000000,187100,15470000,65051350000.0,24.898442794956296,2022-05-30,4205.0,4005.634521484375
S100D69Z_1.xbrl,E01975,6594.T,2018-06-21,\\Nas\nas1\Documents\Education\2021 EDHEC Exec PhD\5 Pipeline\data\interim\paper1\data\E01975\S100D69Z_1.xbrl,ok,,145075000,1349872000000,230767000000,-12144000000,,145075000,612579187500.0,27.1409440567229,2018-06-21,4222.5,3970.117431640625
S100G1N0_1.xbrl,E01975,6594.T,2019-06-19,\\Nas\nas1\Documents\Education\2021 EDHEC Exec PhD\5 Pipeline\data\interim\paper1\data\E01975\S100G1N0_1.xbrl,ok,,294108000,1349872000000,347531000000,-19151000000,3766800,294108000,1046289210000.0,27.67627093475037,2019-06-19,3557.5,3368.51611328125
S100ISN0_1.xbrl,E01975,6594.T,2020-06-18,\\Nas\nas1\Documents\Education\2021 EDHEC Exec PhD\5 Pipeline\data\interim\paper1\data\E01975\S100ISN0_1.xbrl,ok,,298142000,1376636000000,348457000000,-45296000000,5184000,298142000,1012788374000.0,27.643728409202506,2020-06-18,3397.0,3245.072998046875
S100LMP5_1.xbrl,E01975,6594.T,2021-06-23,\\Nas\nas1\Documents\Education\2021 EDHEC Exec PhD\5 Pipeline\data\interim\paper1\data\E01975\S100LMP5_1.xbrl,ok,,298142000,1678997000000,334814000000,-63750000000,10390800,298142000,1901400605000.0,28.27361189105789,2021-06-23,6377.5,6124.90087890625
S100OA6Q_1.xbrl,E01975,6594.T,2022-06-20,\\Nas\nas1\Documents\Education\2021 EDHEC Exec PhD\5 Pipeline\data\interim\paper1\data\E01975\S100OA6Q_1.xbrl,ok,,298142000,1773199000000,318857000000,-63869000000,15547500,298142000,1182729314000.0,27.798845861556252,2022-06-20,3967.0,3832.333984375
S100D7K5_1.xbrl,E01755,6645.T,2018-06-20,\\Nas\nas1\Documents\Education\2021 EDHEC Exec PhD\5 Pipeline\data\interim\paper1\data\E01755\S100D7K5_1.xbrl,ok,,227121000,654704000000,240133000000,-659000000,,227121000,1224182190000.0,27.833294136981127,2018-06-20,5390.0,4809.1064453125
S100G145_1.xbrl,E01755,6645.T,2019-06-19,\\Nas\nas1\Documents\Education\2021 EDHEC Exec PhD\5 Pipeline\data\interim\paper1\data\E01755\S100G145_1.xbrl,ok,,217398000,711011000000,257499000000,-19689000000,7829900,217398000,1195689000000.0,27.809743704197615,2019-06-19,5500.0,4989.0830078125
S100IXLK_1.xbrl,E01755,6645.T,2020-06-24,\\Nas\nas1\Documents\Education\2021 EDHEC Exec PhD\5 Pipeline\data\interim\paper1\data\E01755\S100IXLK_1.xbrl,ok,,213958000,683325000000,249743000000,-45386000000,3545500,213958000,1557614240000.0,28.07417643323277,2020-06-24,7280.0,6700.7734375
S100LLFL_1.xbrl,E01755,6645.T,2021-06-25,\\Nas\nas1\Documents\Education\2021 EDHEC Exec PhD\5 Pipeline\data\interim\paper1\data\E01755\S100LLFL_1.xbrl,ok,,213958000,697701000000,260124000000,-23347000000,3813700,213958000,1874272080000.0,28.259241475972477,2021-06-25,8760.0,8142.46875
S100OEI0_1.xbrl,E01755,6645.T,2022-06-24,\\Nas\nas1\Documents\Education\2021 EDHEC Exec PhD\5 Pipeline\data\interim\paper1\data\E01755\S100OEI0_1.xbrl,ok,,213958000,744952000000,257956000000,-24814000000,6447200,213958000,1490003512000.0,28.029799592930118,2022-06-24,6964.0,6534.8564453125
S100DHKK_1.xbrl,E02089,6674.T,2018-06-28,\\Nas\nas1\Documents\Education\2021 EDHEC Exec PhD\5 Pipeline\data\interim\paper1\data\E02089\S100DHKK_1.xbrl,ok,,413574000,340462000000,154702000000,-358000000,,413574000,1023595650000.0,27.6543426915161,2018-06-28,2475.0,2096.84423828125
S100G6XH_1.xbrl,E02089,6674.T,2019-06-27,\\Nas\nas1\Documents\Education\2021 EDHEC Exec PhD\5 Pipeline\data\interim\paper1\data\E02089\S100G6XH_1.xbrl,ok,,413574000,359522000000,182187000000,-1387000000,857500,413574000,870159696000.0,27.491942590370908,2019-06-27,2104.0,1820.8309326171875
S100ITOH_1.xbrl,E02089,6674.T,2020-06-26,\\Nas\nas1\Documents\Education\2021 EDHEC Exec PhD\5 Pipeline\data\interim\paper1\data\E02089\S100ITOH_1.xbrl,ok,,413574000,346523000000,177790000000,-2315000000,1519300,413574000,780000564000.0,27.38256047970671,2020-06-26,1886.0,1682.6710205078125
S100LTRR_1.xbrl,E02089,6674.T,2021-06-29,\\Nas\nas1\Documents\Education\2021 EDHEC Exec PhD\5 Pipeline\data\interim\paper1\data\E02089\S100LTRR_1.xbrl,ok,,413574000,370508000000,188155000000,-3680000000,2062500,413574000,1167105828000.0,27.78554814892607,2021-06-29,2822.0,2547.1845703125
S100OKYC_1.xbrl,E02089,6674.T,2022-06-29,\\Nas\nas1\Documents\Education\2021 EDHEC Exec PhD\5 Pipeline\data\interim\paper1\data\E02089\S100OKYC_1.xbrl,ok,,413574000,389216000000,205638000000,-4654000000,115900,413574000,893319840000.0,27.51821051719152,2022-06-29,2160.0,1989.6158447265625
S100DAXT_1.xbrl,E01765,6701.T,2018-06-25,\\Nas\nas1\Documents\Education\2021 EDHEC Exec PhD\5 Pipeline\data\interim\paper1\data\E01765\S100DAXT_1.xbrl,ok,,2604733000,2656199000000,767663000000,-3060000000,,2604733000,1604515528000.0,28.103842975230734,2018-06-25,616.0,553.9638671875
S100G3VA_1.xbrl,E01765,6701.T,2019-06-24,\\Nas\nas1\Documents\Education\2021 EDHEC Exec PhD\5 Pipeline\data\interim\paper1\data\E01765\S100G3VA_1.xbrl,ok,,2604733000,2656199000000,884192000000,-3364000000,648800,2604733000,2099414798000.0,28.37267975420384,2019-06-24,806.0,732.4793090820312
S100IXT2_1.xbrl,E01765,6701.T,2020-06-24,\\Nas\nas1\Documents\Education\2021 EDHEC Exec PhD\5 Pipeline\data\interim\paper1\data\E01765\S100IXT2_1.xbrl,ok,,2604733000,2528904000000,852493000000,-3547000000,657300,2604733000,2630780330000.0,28.598301621532517,2020-06-24,1010.0,933.3741455078124
S100LLHV_1.xbrl,E01765,6701.T,2021-06-22,\\Nas\nas1\Documents\Education\2021 EDHEC Exec PhD\5 Pipeline\data\interim\paper1\data\E01765\S100LLHV_1.xbrl,ok,,2604733000,2683996000000,1015579000000,-4157000000,12000,2604733000,2870415766000.0,28.685478001410072,2021-06-22,1102.0,1031.4007568359375
S100OAPM_1.xbrl,E01765,6701.T,2022-06-22,\\Nas\nas1\Documents\Education\2021 EDHEC Exec PhD\5 Pipeline\data\interim\paper1\data\E01765\S100OAPM_1.xbrl,ok,,260473000,2821351000000,718911000000,-1578000000,19600,260473000,269850028000.0,26.321132189772406,2022-06-22,1036.0,987.1422119140624
S100DCSS_1.xbrl,E01766,6702.T,2018-06-25,\\Nas\nas1\Documents\Education\2021 EDHEC Exec PhD\5 Pipeline\data\interim\paper1\data\E01766\S100DCSS_1.xbrl,ok,,2070018213,3105937000000,702449000000,-12502000000,,2070018213,1390638210224.623,27.960783901743266,2018-06-25,671.7999877929688,610.87255859375
S100G5W7_1.xbrl,E01766,6702.T,2019-06-24,\\Nas\nas1\Documents\Education\2021 EDHEC Exec PhD\5 Pipeline\data\interim\paper1\data\E01766\S100G5W7_1.xbrl,ok,,2070018213,3271121000000,907603000000,-7237000000,4342900,2070018213,1563691808637.754,28.078070685333447,2019-06-24,755.4000244140625,694.4622192382812
S100IVC3_1.xbrl,E01766,6702.T,2020-06-22,\\Nas\nas1\Documents\Education\2021 EDHEC Exec PhD\5 Pipeline\data\interim\paper1\data\E01766\S100IVC3_1.xbrl,ok,,2070018213,3226303000000,680608000000,-29556000000,6779900,2070018213,2506792055943.0,28.5500249862888,2020-06-22,1211.0,1134.890625
S100LT4R_1.xbrl,E01766,6702.T,2021-06-28,\\Nas\nas1\Documents\Education\2021 EDHEC Exec PhD\5 Pipeline\data\interim\paper1\data\E01766\S100LT4R_1.xbrl,ok,,2070018213,3191498000000,715477000000,-59614000000,8028600,2070018213,4231117227372.0,29.0734871940593,2021-06-28,2044.0,1940.8839111328125
S100OHKL_1.xbrl,E01766,6702.T,2022-06-27,\\Nas\nas1\Documents\Education\2021 EDHEC Exec PhD\5 Pipeline\data\interim\paper1\data\E01766\S100OHKL_1.xbrl,ok,,2070018213,3121522000000,810670000000,-79495000000,10515600,2070018213,3544906189762.5,28.89653281287209,2022-06-27,1712.5,1644.6326904296875
S100COA9_1.xbrl,E02081,6723.T,2018-03-29,\\Nas\nas1\Documents\Education\2021 EDHEC Exec PhD\5 Pipeline\data\interim\paper1\data\E02081\S100COA9_1.xbrl,ok,,417124000,669104000000,77924000000,-11000000,,417124000,438397324000.0,26.806391468546988,2018-03-29,1051.0,1011.9019775390624
S100FI7U_1.xbrl,E02081,6723.T,2019-03-28,\\Nas\nas1\Documents\Education\2021 EDHEC Exec PhD\5 Pipeline\data\interim\paper1\data\E02081\S100FI7U_1.xbrl,ok,,1667124000,873241000000,227314000000,-11000000,,1667124000,845231868000.0,27.46287682666279,2019-03-28,507.0,488.13916015625
S100IAXO_1.xbrl,E02081,6723.T,2020-03-27,\\Nas\nas1\Documents\Education\2021 EDHEC Exec PhD\5 Pipeline\data\interim\paper1\data\E02081\S100IAXO_1.xbrl,ok,,1667124000,873241000000,311909000000,-11000000,2500,1667124000,685187964000.0,27.25295903756784,2020-03-27,411.0,395.7104187011719
S100L3KH_1.xbrl,E02081,6723.T,2021-03-31,\\Nas\nas1\Documents\Education\2021 EDHEC Exec PhD\5 Pipeline\data\interim\paper1\data\E02081\S100L3KH_1.xbrl,ok,,1667124000,873241000000,381739000000,-11000000,2581,1667124000,2000548800000.0,28.324442658847698,2021-03-31,1200.0,1155.3590087890625
S100NRVN_1.xbrl,E02081,6723.T,2022-03-30,\\Nas\nas1\Documents\Education\2021 EDHEC Exec PhD\5 Pipeline\data\interim\paper1\data\E02081\S100NRVN_1.xbrl,ok,,1667194000,873241000000,511898000000,-11000000,2500,1667194000,2414096912000.0,28.51234638361414,2022-03-30,1448.0,1394.1331787109375
S100G26J_1.xbrl,E01873,6724.T,2019-06-27,\\Nas\nas1\Documents\Education\2021 EDHEC Exec PhD\5 Pipeline\data\interim\paper1\data\E01873\S100G26J_1.xbrl,ok,,199817389,1006282000000,336362000000,-30803000000,47233000,199817389,341088283023.0,26.555407175218132,2019-06-27,1707.0,1355.90283203125
S100IQ0W_1.xbrl,E01873,6724.T,2020-06-26,\\Nas\nas1\Documents\Education\2021 EDHEC Exec PhD\5 Pipeline\data\interim\paper1\data\E01873\S100IQ0W_1.xbrl,ok,,399634778,941340000000,354015000000,-30788000000,53444000,399634778,489952237828.0,26.917573749479793,2020-06-26,1226.0,1018.5614624023438
S100LNQK_1.xbrl,E01873,6724.T,2021-06-28,\\Nas\nas1\Documents\Education\2021 EDHEC Exec PhD\5 Pipeline\data\interim\paper1\data\E01873\S100LNQK_1.xbrl,ok,,399634778,974387000000,354216000000,-40953000000,53444800,399634778,787280512660.0,27.391850454715673,2021-06-28,1970.0,1705.4820556640625
S100OKHT_1.xbrl,E01873,6724.T,2022-06-29,\\Nas\nas1\Documents\Education\2021 EDHEC Exec PhD\5 Pipeline\data\interim\paper1\data\E01873\S100OKHT_1.xbrl,ok,,399634778,1033350000000,373873000000,-40874000000,53445300,399634778,779287817100.0,27.38164628454143,2022-06-29,1950.0,1739.466064453125
S100DI5Q_1.xbrl,E01772,6752.T,2018-06-29,\\Nas\nas1\Documents\Education\2021 EDHEC Exec PhD\5 Pipeline\data\interim\paper1\data\E01772\S100DI5Q_1.xbrl,ok,,2453053000,5820789000000,1586438000000,-210791000000,,2453053000,3663634655500.0,28.92947684584201,2018-06-29,1493.5,1229.8011474609375
S100GCK6_1.xbrl,E01772,6752.T,2019-06-28,\\Nas\nas1\Documents\Education\2021 EDHEC Exec PhD\5 Pipeline\data\interim\paper1\data\E01772\S100GCK6_1.xbrl,ok,,2453053000,5820789000000,1992552000000,-210674000000,135501300,2453053000,2201860312911.0107,28.42032371575501,2019-06-28,897.5999755859375,758.9946899414062
S100IZ9B_1.xbrl,E01772,6752.T,2020-06-26,\\Nas\nas1\Documents\Education\2021 EDHEC Exec PhD\5 Pipeline\data\interim\paper1\data\E01772\S100IZ9B_1.xbrl,ok,,2453053000,5488024000000,879713000000,-210560000000,135203600,2453053000,2299737187500.0,28.463815966030413,2020-06-26,937.5,820.4678955078125
S100ODSS_1.xbrl,E01772,6752.T,2022-06-24,\\Nas\nas1\Documents\Education\2021 EDHEC Exec PhD\5 Pipeline\data\interim\paper1\data\E01772\S100ODSS_1.xbrl,ok,,2453053000,6291148000000,1388655000000,-209757000000,134798000,2453053000,2721662303500.0,28.632263950558496,2022-06-24,1109.5,1011.3598022460938
S100D8OO_1.xbrl,E01773,6753.T,2018-06-21,\\Nas\nas1\Documents\Education\2021 EDHEC Exec PhD\5 Pipeline\data\interim\paper1\data\E01773\S100D8OO_1.xbrl,ok,,1701214000,2181680000000,207173000000,-13902000000,,1701214000,4560954734000.0,29.14855308903092,2018-06-21,2681.0,2470.615966796875
S100G50Y_1.xbrl,E01773,6753.T,2019-06-26,\\Nas\nas1\Documents\Education\2021 EDHEC Exec PhD\5 Pipeline\data\interim\paper1\data\E01773\S100G50Y_1.xbrl,ok,,1701214000,1961909000000,44515000000,-13936000000,1105900,1701214000,1944487602000.0,28.29601961458977,2019-06-26,1143.0,1070.8031005859375
S100J4CM_1.xbrl,E01773,6753.T,2020-06-30,\\Nas\nas1\Documents\Education\2021 EDHEC Exec PhD\5 Pipeline\data\interim\paper1\data\E01773\S100J4CM_1.xbrl,ok,,1701214000,1570672000000,-31211000000,-13987000000,1109100,1701214000,1949591244000.0,28.298640848069645,2020-06-30,1146.0,1090.20166015625
S100LV8Q_1.xbrl,E01773,6753.T,2021-06-30,\\Nas\nas1\Documents\Education\2021 EDHEC Exec PhD\5 Pipeline\data\interim\paper1\data\E01773\S100LV8Q_1.xbrl,ok,,498316000,1773682000000,307801000000,-13993000000,1151800,498316000,913413228000.0,27.54045421974703,2021-06-30,1833.0,1771.3865966796875
S100OEYJ_1.xbrl,E01773,6753.T,2022-06-24,\\Nas\nas1\Documents\Education\2021 EDHEC Exec PhD\5 Pipeline\data\interim\paper1\data\E01773\S100OEYJ_1.xbrl,ok,,498316000,1908461000000,401713000000,-14053000000,1131000,498316000,520740220000.0,26.978517136306237,2022-06-24,1045.0,1045.0
S100D83E_1.xbrl,E01777,6758.T,2018-06-19,\\Nas\nas1\Documents\Education\2021 EDHEC Exec PhD\5 Pipeline\data\interim\paper1\data\E01777\S100D83E_1.xbrl,ok,,1044708000,15333720000000,2783141000000,-4335000000,,1044708000,1108644078588.8672,27.734158833730596,2018-06-19,1061.199951171875,1012.6058959960938
S100G0MG_1.xbrl,E01777,6758.T,2019-06-18,\\Nas\nas1\Documents\Education\2021 EDHEC Exec PhD\5 Pipeline\data\interim\paper1\data\E01777\S100G0MG_1.xbrl,ok,,1169773000,15834331000000,2928469000000,-4530000000,20483400,1169773000,1315526687241.0889,27.9052582239873,2019-06-18,1124.5999755859375,1080.0772705078125
S100J1ER_1.xbrl,E01777,6758.T,2020-06-26,\\Nas\nas1\Documents\Education\2021 EDHEC Exec PhD\5 Pipeline\data\interim\paper1\data\E01777\S100J1ER_1.xbrl,ok,,1262494000,16673390000000,3124410000000,-104704000000,40898800,1262494000,1898538538845.2148,28.272105516041,2020-06-26,1503.800048828125,1454.1998291015625
S100OJ0K_1.xbrl,E01777,6758.T,2022-06-28,\\Nas\nas1\Documents\Education\2021 EDHEC Exec PhD\5 Pipeline\data\interim\paper1\data\E01777\S100OJ0K_1.xbrl,ok,,1266552000,24967066000000,3647157000000,-232503000000,24078100,1266552000,2938400640000.0,28.708886549257453,2022-06-28,2320.0,2267.5546875
S100DG03_1.xbrl,E01780,6762.T,2018-06-28,\\Nas\nas1\Documents\Education\2021 EDHEC Exec PhD\5 Pipeline\data\interim\paper1\data\E01780\S100DG03_1.xbrl,ok,,129591000,1239553000000,652243000000,-17412000000,,129591000,97366035363.46436,25.30174327387964,2018-06-28,751.3333129882812,657.7504272460938
S100G9YW_1.xbrl,E01780,6762.T,2019-06-27,\\Nas\nas1\Documents\Education\2021 EDHEC Exec PhD\5 Pipeline\data\interim\paper1\data\E01780\S100G9YW_1.xbrl,ok,,129591000,1404253000000,758007000000,-17182000000,3393800,129591000,71879810636.53564,24.99826126441945,2019-06-27,554.6666870117188,493.2401428222656
S100IVW9_1.xbrl,E01780,6762.T,2020-06-23,\\Nas\nas1\Documents\Education\2021 EDHEC Exec PhD\5 Pipeline\data\interim\paper1\data\E01780\S100IVW9_1.xbrl,ok,,129591000,1450564000000,684633000000,-16959000000,3363500,129591000,92959941363.46436,25.25543449927813,2020-06-23,717.3333129882812,650.824951171875
S100LMH9_1.xbrl,E01780,6762.T,2021-06-23,\\Nas\nas1\Documents\Education\2021 EDHEC Exec PhD\5 Pipeline\data\interim\paper1\data\E01780\S100LMH9_1.xbrl,ok,,129591000,1664333000000,802118000000,-16806000000,3359800,129591000,113953683363.46436,25.45905791649887,2021-06-23,879.3333129882812,808.883544921875
S100ODQV_1.xbrl,E01780,6762.T,2022-06-24,\\Nas\nas1\Documents\Education\2021 EDHEC Exec PhD\5 Pipeline\data\interim\paper1\data\E01780\S100ODQV_1.xbrl,ok,,129591000,1900928000000,804659000000,-16806000000,10023000,129591000,109504395000.0,25.4192305223838,2022-06-24,845.0,791.0717163085938
S100DA29_1.xbrl,E01793,6770.T,2018-06-22,\\Nas\nas1\Documents\Education\2021 EDHEC Exec PhD\5 Pipeline\data\interim\paper1\data\E01793\S100DA29_1.xbrl,ok,,181559000,512365000000,230380000000,-3493000000,,181559000,497108542000.0,26.93207423356466,2018-06-22,2738.0,2286.612548828125
S100G3U8_1.xbrl,E01793,6770.T,2019-06-21,\\Nas\nas1\Documents\Education\2021 EDHEC Exec PhD\5 Pipeline\data\interim\paper1\data\E01793\S100G3U8_1.xbrl,ok,,181559000,570482000000,283700000000,-3497000000,8264400,181559000,323719697000.0,26.503143845579405,2019-06-21,1783.0,1518.2535400390625
S100IWGU_1.xbrl,E01793,6770.T,2020-06-24,\\Nas\nas1\Documents\Education\2021 EDHEC Exec PhD\5 Pipeline\data\interim\paper1\data\E01793\S100IWGU_1.xbrl,ok,,198208000,562856000000,331764000000,-18283000000,14837900,198208000,288194432000.0,26.386901200408477,2020-06-24,1454.0,1262.3818359375
S100LP31_1.xbrl,E01793,6770.T,2021-06-25,\\Nas\nas1\Documents\Education\2021 EDHEC Exec PhD\5 Pipeline\data\interim\paper1\data\E01793\S100LP31_1.xbrl,ok,,198208000,602961000000,361114000000,-32233000000,12156700,198208000,234480064000.0,26.1806364062934,2021-06-25,1183.0,1040.990234375
S100OD9W_1.xbrl,E01793,6770.T,2022-06-23,\\Nas\nas1\Documents\Education\2021 EDHEC Exec PhD\5 Pipeline\data\interim\paper1\data\E01793\S100OD9W_1.xbrl,ok,,198208000,669874000000,415872000000,-26396000000,12076000,198208000,286608768000.0,26.381383945033722,2022-06-23,1446.0,1293.525390625
S100D64S_1.xbrl,E01878,6841.T,2018-06-26,\\Nas\nas1\Documents\Education\2021 EDHEC Exec PhD\5 Pipeline\data\interim\paper1\data\E01878\S100D64S_1.xbrl,ok,,268624000,398920000000,192106000000,-1409000000,,268624000,519787440000.0,26.976685795722197,2018-06-26,1935.0,1713.38427734375
S100G4N0_1.xbrl,E01878,6841.T,2019-06-25,\\Nas\nas1\Documents\Education\2021 EDHEC Exec PhD\5 Pipeline\data\interim\paper1\data\E01878\S100G4N0_1.xbrl,ok,,268624000,439957000000,221976000000,-1393000000,1689100,268624000,564647648000.0,27.05946774169521,2019-06-25,2102.0,1887.001708984375
S100IVEK_1.xbrl,E01878,6841.T,2020-06-24,\\Nas\nas1\Documents\Education\2021 EDHEC Exec PhD\5 Pipeline\data\interim\paper1\data\E01878\S100IVEK_1.xbrl,ok,,268624000,413061000000,246895000000,-1397000000,1690800,268624000,455854928000.0,26.845440455492543,2020-06-24,1697.0,1555.698974609375
S100LIZL_1.xbrl,E01878,6841.T,2021-06-23,\\Nas\nas1\Documents\Education\2021 EDHEC Exec PhD\5 Pipeline\data\interim\paper1\data\E01878\S100LIZL_1.xbrl,ok,,268624000,440695000000,262503000000,-1400000000,1692500,268624000,445915840000.0,26.823396071608904,2021-06-23,1660.0,1549.4486083984375
S100O7MY_1.xbrl,E01878,6841.T,2022-06-22,\\Nas\nas1\Documents\Education\2021 EDHEC Exec PhD\5 Pipeline\data\interim\paper1\data\E01878\S100O7MY_1.xbrl,ok,,268624000,444617000000,278704000000,-1404000000,1694000,268624000,597688400000.0,27.116335384858658,2022-06-22,2225.0,2111.153564453125
S100D9OX_1.xbrl,E01950,6857.T,2018-06-28,\\Nas\nas1\Documents\Education\2021 EDHEC Exec PhD\5 Pipeline\data\interim\paper1\data\E01950\S100D9OX_1.xbrl,ok,,199567000,192306000000,116252000000,-86039000000,,199567000,113852973500.0,25.458173746813824,2018-06-28,570.5,509.6630859375
S100GASS_1.xbrl,E01950,6857.T,2019-06-27,\\Nas\nas1\Documents\Education\2021 EDHEC Exec PhD\5 Pipeline\data\interim\paper1\data\E01950\S100GASS_1.xbrl,ok,,199567000,233237000000,140938000000,-77724000000,1460000,199567000,143239214250.0,25.687781896512867,2019-06-27,717.75,665.6448974609375
S100ITQK_1.xbrl,E01950,6857.T,2020-06-26,\\Nas\nas1\Documents\Education\2021 EDHEC Exec PhD\5 Pipeline\data\interim\paper1\data\E01950\S100ITQK_1.xbrl,ok,,199567000,210451000000,132122000000,-6262000000,614200,199567000,305836427500.0,26.446316245322063,2020-06-26,1532.5,1447.0108642578125
S100LOF7_1.xbrl,E01950,6857.T,2021-06-24,\\Nas\nas1\Documents\Education\2021 EDHEC Exec PhD\5 Pipeline\data\interim\paper1\data\E01950\S100LOF7_1.xbrl,ok,,199567000,231603000000,130031000000,-4179000000,2437200,199567000,498917500000.0,26.935706588367985,2021-06-24,2500.0,2398.736572265625
S100OCWZ_1.xbrl,E01950,6857.T,2022-06-22,\\Nas\nas1\Documents\Education\2021 EDHEC Exec PhD\5 Pipeline\data\interim\paper1\data\E01950\S100OCWZ_1.xbrl,ok,,199567000,254559000000,155528000000,-15001000000,9209300,199567000,356227095000.0,26.598834271725433,2022-06-22,1785.0,1733.3009033203125
S100D6C2_1.xbrl,E01967,6861.T,2018-06-14,\\Nas\nas1\Documents\Education\2021 EDHEC Exec PhD\5 Pipeline\data\interim\paper1\data\E01967\S100D6C2_1.xbrl,ok,,60801000,862176000000,804204000000,-3608000000,,60801000,1995792825000.0,28.322062493340557,2018-06-14,32825.0,31667.923828125
S100FZM4_1.xbrl,E01967,6861.T,2019-06-17,\\Nas\nas1\Documents\Education\2021 EDHEC Exec PhD\5 Pipeline\data\interim\paper1\data\E01967\S100FZM4_1.xbrl,ok,,60801000,996688000000,923375000000,-3658000000,,60801000,1883918985000.0,28.264375289565766,2019-06-17,30985.0,29986.115234375
S100IS40_1.xbrl,E01967,6861.T,2020-06-15,\\Nas\nas1\Documents\Education\2021 EDHEC Exec PhD\5 Pipeline\data\interim\paper1\data\E01967\S100IS40_1.xbrl,ok,,60801000,998078000000,950514000000,-3689000000,680600,60801000,2560938120000.0,28.571394760417473,2020-06-15,42120.0,40956.6796875
S100LIN5_1.xbrl,E01967,6861.T,2021-06-14,\\Nas\nas1\Documents\Education\2021 EDHEC Exec PhD\5 Pipeline\data\interim\paper1\data\E01967\S100LIN5_1.xbrl,ok,,60801000,1115670000000,1065959000000,-3734000000,681100,60801000,3387831720000.0,28.851211222063302,2021-06-14,55720.0,54408.765625
S100O80N_1.xbrl,E01967,6861.T,2022-06-13,\\Nas\nas1\Documents\Education\2021 EDHEC Exec PhD\5 Pipeline\data\interim\paper1\data\E01967\S100O80N_1.xbrl,ok,,121603000,1486222000000,1381057000000,-3763000000,681500,121603000,5885585200000.0,29.40352729094937,2022-06-13,48400.0,47414.3359375
S100D74H_1.xbrl,E01892,6902.T,2018-06-20,\\Nas\nas1\Documents\Education\2021 EDHEC Exec PhD\5 Pipeline\data\interim\paper1\data\E01892\S100D74H_1.xbrl,ok,,884069000,4642053000000,2823346000000,-31180000000,,884069000,1216478944000.0,27.826981690347772,2018-06-20,1376.0,1129.557861328125
S100G5W2_1.xbrl,E01892,6902.T,2019-06-26,\\Nas\nas1\Documents\Education\2021 EDHEC Exec PhD\5 Pipeline\data\interim\paper1\data\E01892\S100G5W2_1.xbrl,ok,,884069000,5283257000000,3341439000000,-57677000000,13147800,884069000,987505073000.0,27.618447470923684,2019-06-26,1117.0,942.7714233398438
S100ITB3_1.xbrl,E01892,6902.T,2020-06-19,\\Nas\nas1\Documents\Education\2021 EDHEC Exec PhD\5 Pipeline\data\interim\paper1\data\E01892\S100ITB3_1.xbrl,ok,,884069000,5042896000000,2192277000000,-56803000000,13153600,884069000,880532724000.0,27.50379292943908,2020-06-19,996.0,869.485595703125
S100LJ9G_1.xbrl,E01892,6902.T,2021-06-22,\\Nas\nas1\Documents\Education\2021 EDHEC Exec PhD\5 Pipeline\data\interim\paper1\data\E01892\S100LJ9G_1.xbrl,ok,,794069000,5150762000000,2238621000000,-56815000000,13156300,794069000,1503966686000.0,28.039127190944917,2021-06-22,1894.0,1695.27197265625
S100O98N_1.xbrl,E01892,6902.T,2022-06-21,\\Nas\nas1\Documents\Education\2021 EDHEC Exec PhD\5 Pipeline\data\interim\paper1\data\E01892\S100O98N_1.xbrl,ok,,794069000,5764417000000,2352681000000,-56830000000,24695200,794069000,1448977407750.0,28.001879187530637,2022-06-21,1824.75,1665.575927734375
S100E6G2_1.xbrl,E01991,6920.T,2018-09-27,\\Nas\nas1\Documents\Education\2021 EDHEC Exec PhD\5 Pipeline\data\interim\paper1\data\E01991\S100E6G2_1.xbrl,ok,,23571600,21687828000,17463218000,-976494000,,23571600,42487809000.0,24.472483024669472,2018-09-27,1802.5,1688.481689453125
S100H1DX_1.xbrl,E01991,6920.T,2019-09-30,\\Nas\nas1\Documents\Education\2021 EDHEC Exec PhD\5 Pipeline\data\interim\paper1\data\E01991\S100H1DX_1.xbrl,ok,,23571600,23621486000,20011125000,-976969000,2054100,23571600,79672008000.0,25.10118414398743,2019-09-30,3380.0,3211.05126953125
S100JRT9_1.xbrl,E01991,6920.T,2020-09-29,\\Nas\nas1\Documents\Education\2021 EDHEC Exec PhD\5 Pipeline\data\interim\paper1\data\E01991\S100JRT9_1.xbrl,ok,,23571600,25870073000,21808296000,-977387000,4108400,23571600,203894340000.0,26.04086775543629,2020-09-29,8650.0,8261.9091796875
S100MI7Y_1.xbrl,E01991,6920.T,2021-09-29,\\Nas\nas1\Documents\Education\2021 EDHEC Exec PhD\5 Pipeline\data\interim\paper1\data\E01991\S100MI7Y_1.xbrl,ok,,47143200,33019216000,24479345000,-977713000,4108400,47143200,1250709096000.0,27.854731783202098,2021-09-29,26530.0,25422.6796875
S100P96S_1.xbrl,E01991,6920.T,2022-09-29,\\Nas\nas1\Documents\Education\2021 EDHEC Exec PhD\5 Pipeline\data\interim\paper1\data\E01991\S100P96S_1.xbrl,ok,,47143200,38121791000,27053544000,-977713000,4105600,47143200,725298132000.0,27.309848623826454,2022-09-29,15385.0,14812.9375
S100DF3J_1.xbrl,E01935,6952.T,2018-06-28,\\Nas\nas1\Documents\Education\2021 EDHEC Exec PhD\5 Pipeline\data\interim\paper1\data\E01935\S100DF3J_1.xbrl,ok,,279020914,366964000000,185256000000,-19942000000,,279020914,498331352404.0,26.934531058986156,2018-06-28,1786.0,1414.667236328125
S100G8NX_1.xbrl,E01935,6952.T,2019-06-27,\\Nas\nas1\Documents\Education\2021 EDHEC Exec PhD\5 Pipeline\data\interim\paper1\data\E01935\S100G8NX_1.xbrl,ok,,269020914,374656000000,204158000000,-19949000000,12699900,269020914,362640192072.0,26.616676973228103,2019-06-27,1348.0,1097.81396484375
S100IXBH_1.xbrl,E01935,6952.T,2020-06-26,\\Nas\nas1\Documents\Education\2021 EDHEC Exec PhD\5 Pipeline\data\interim\paper1\data\E01935\S100IXBH_1.xbrl,ok,,269020914,368454000000,202111000000,-19956000000,16453000,269020914,499571837298.0,26.937017243108556,2020-06-26,1857.0,1556.3807373046875
S100LRTE_1.xbrl,E01935,6952.T,2021-06-29,\\Nas\nas1\Documents\Education\2021 EDHEC Exec PhD\5 Pipeline\data\interim\paper1\data\E01935\S100LRTE_1.xbrl,ok,,259020914,351452000000,196332000000,-24875000000,16416400,259020914,488513443804.0,26.914632828631937,2021-06-29,1886.0,1619.05322265625
S100OI3K_1.xbrl,E01935,6952.T,2022-06-29,\\Nas\nas1\Documents\Education\2021 EDHEC Exec PhD\5 Pipeline\data\interim\paper1\data\E01935\S100OI3K_1.xbrl,ok,,259020914,364203000000,206691000000,-24820000000,8208800,259020914,326625372554.0,26.512079701403454,2022-06-29,1261.0,1112.4654541015625
S100DEKU_1.xbrl,E01946,6954.T,2018-06-29,\\Nas\nas1\Documents\Education\2021 EDHEC Exec PhD\5 Pipeline\data\interim\paper1\data\E01946\S100DEKU_1.xbrl,ok,,239508317,1343904000000,1199863000000,-90677000000,,239508317,1054076103117.0,27.683685767536954,2018-06-29,4401.0,3682.757568359375
S100GB0Y_1.xbrl,E01946,6954.T,2019-06-28,\\Nas\nas1\Documents\Education\2021 EDHEC Exec PhD\5 Pipeline\data\interim\paper1\data\E01946\S100GB0Y_1.xbrl,ok,,239508317,1611626000000,1386695000000,-91020000000,10210500,239508317,954680151562.0,27.584642201498603,2019-06-28,3986.0,3500.824462890625
S100J2FA_1.xbrl,E01946,6954.T,2020-06-30,\\Nas\nas1\Documents\Education\2021 EDHEC Exec PhD\5 Pipeline\data\interim\paper1\data\E01946\S100J2FA_1.xbrl,ok,,205942215,1512895000000,1334910000000,-91040000000,12205800,205942215,793289412180.0,27.399453950612926,2020-06-30,3852.0,3444.082763671875
S100LT42_1.xbrl,E01946,6954.T,2021-06-30,\\Nas\nas1\Documents\Education\2021 EDHEC Exec PhD\5 Pipeline\data\interim\paper1\data\E01946\S100LT42_1.xbrl,ok,,204072715,1564769000000,1369457000000,-127822000000,10108100,204072715,1093625679685.0,27.72051960386996,2021-06-30,5359.0,4849.77783203125
S100O9SD_1.xbrl,E01946,6954.T,2022-06-30,\\Nas\nas1\Documents\Education\2021 EDHEC Exec PhD\5 Pipeline\data\interim\paper1\data\E01946\S100O9SD_1.xbrl,ok,,204059017,1728227000000,1467630000000,-106008000000,10089800,204059017,866842704216.0,27.48812337191098,2022-06-30,4248.0,3924.810546875
S100DFHN_1.xbrl,E01953,6963.T,2018-06-28,\\Nas\nas1\Documents\Education\2021 EDHEC Exec PhD\5 Pipeline\data\interim\paper1\data\E01953\S100DFHN_1.xbrl,ok,,113400000,754407000000,663387000000,-47777000000,,113400000,263371500000.0,26.29683141994592,2018-06-28,2322.5,1986.2740478515625
S100GAJC_1.xbrl,E01953,6963.T,2019-06-27,\\Nas\nas1\Documents\Education\2021 EDHEC Exec PhD\5 Pipeline\data\interim\paper1\data\E01953\S100GAJC_1.xbrl,ok,,113400000,864380000000,752433000000,-47788000000,5493300,113400000,203553000000.0,26.039192250180307,2019-06-27,1795.0,1565.8082275390625
S100IYS6_1.xbrl,E01953,6963.T,2020-06-26,\\Nas\nas1\Documents\Education\2021 EDHEC Exec PhD\5 Pipeline\data\interim\paper1\data\E01953\S100IYS6_1.xbrl,ok,,113400000,804134000000,706251000000,-47430000000,10504800,113400000,203836500000.0,26.040584038853126,2020-06-26,1797.5,1600.4122314453125
S100LO3Z_1.xbrl,E01953,6963.T,2021-06-25,\\Nas\nas1\Documents\Education\2021 EDHEC Exec PhD\5 Pipeline\data\interim\paper1\data\E01953\S100LO3Z_1.xbrl,ok,,111200000,834503000000,725452000000,-88726000000,4859100,111200000,285228000000.0,26.376554697385625,2021-06-25,2565.0,2321.704833984375
S100OE2P_1.xbrl,E01953,6963.T,2022-06-24,\\Nas\nas1\Documents\Education\2021 EDHEC Exec PhD\5 Pipeline\data\interim\paper1\data\E01953\S100OE2P_1.xbrl,ok,,111200000,864072000000,751877000000,-39947000000,4856300,111200000,270216000000.0,26.32248747611535,2022-06-24,2430.0,2239.95361328125
S100DCIX_1.xbrl,E01182,6971.T,2018-06-26,\\Nas\nas1\Documents\Education\2021 EDHEC Exec PhD\5 Pipeline\data\interim\paper1\data\E01182\S100DCIX_1.xbrl,ok,,377618580,2636704000000,1541203000000,-32309000000,,377618580,584459157195.0,27.093952738932884,2018-06-26,1547.75,1284.080078125
S100G7QO_1.xbrl,E01182,6971.T,2019-06-25,\\Nas\nas1\Documents\Education\2021 EDHEC Exec PhD\5 Pipeline\data\interim\paper1\data\E01182\S100G7QO_1.xbrl,ok,,377618580,3084637000000,1791255000000,-32309000000,15864900,377618580,658566803520.0,27.213331801002468,2019-06-25,1744.0,1477.9869384765625
S100IZ51_1.xbrl,E01182,6971.T,2020-06-25,\\Nas\nas1\Documents\Education\2021 EDHEC Exec PhD\5 Pipeline\data\interim\paper1\data\E01182\S100IZ51_1.xbrl,ok,,377618580,3084637000000,1890882000000,-72361000000,15186300,377618580,565389418905.0,27.060780567678115,2020-06-25,1497.25,1300.166015625
S100LQMQ_1.xbrl,E01182,6971.T,2021-06-25,\\Nas\nas1\Documents\Education\2021 EDHEC Exec PhD\5 Pipeline\data\interim\paper1\data\E01182\S100LQMQ_1.xbrl,ok,,377618580,3084637000000,1922944000000,-69275000000,15178200,377618580,652430501595.0,27.203970459505047,2021-06-25,1727.75,1531.9296875
S100OH5T_1.xbrl,E01182,6971.T,2022-06-28,\\Nas\nas1\Documents\Education\2021 EDHEC Exec PhD\5 Pipeline\data\interim\paper1\data\E01182\S100OH5T_1.xbrl,ok,,377618580,3128813000000,1917101000000,-69243000000,18717600,377618580,700104847320.0,27.274495942659343,2022-06-28,1854.0,1686.5406494140625
S100DJG1_1.xbrl,E01824,6976.T,2018-06-29,\\Nas\nas1\Documents\Education\2021 EDHEC Exec PhD\5 Pipeline\data\interim\paper1\data\E01824\S100DJG1_1.xbrl,ok,,120481395,247596000000,128556000000,-3309000000,,120481395,372889917525.0,26.644549085752782,2018-06-29,3095.0,2716.4794921875
S100GCZQ_1.xbrl,E01824,6976.T,2019-06-28,\\Nas\nas1\Documents\Education\2021 EDHEC Exec PhD\5 Pipeline\data\interim\paper1\data\E01824\S100GCZQ_1.xbrl,ok,,120481395,265454000000,150856000000,-3302000000,2555900,120481395,241565196975.0,26.210405240374754,2019-06-28,2005.0,1775.3001708984375
S100J34Y_1.xbrl,E01824,6976.T,2020-06-29,\\Nas\nas1\Documents\Education\2021 EDHEC Exec PhD\5 Pipeline\data\interim\paper1\data\E01824\S100J34Y_1.xbrl,ok,,120481395,268380000000,153381000000,-4613000000,4715700,120481395,404215080225.0,26.725212950039865,2020-06-29,3355.0,2998.830322265625
S100LVTG_1.xbrl,E01824,6976.T,2021-06-30,\\Nas\nas1\Documents\Education\2021 EDHEC Exec PhD\5 Pipeline\data\interim\paper1\data\E01824\S100LVTG_1.xbrl,ok,,120481395,271149000000,154150000000,-8596000000,4702000,120481395,661442858550.0,27.21768943513766,2021-06-30,5490.0,4942.80322265625
S100OM4A_1.xbrl,E01824,6976.T,2022-06-30,\\Nas\nas1\Documents\Education\2021 EDHEC Exec PhD\5 Pipeline\data\interim\paper1\data\E01824\S100OM4A_1.xbrl,ok,,120481395,287170000000,170118000000,-8576000000,5609600,120481395,555419230950.0,27.04298903662478,2022-06-30,4610.0,4203.13525390625
S100D9EX_1.xbrl,E01914,6981.T,2018-06-28,\\Nas\nas1\Documents\Education\2021 EDHEC Exec PhD\5 Pipeline\data\interim\paper1\data\E01914\S100D9EX_1.xbrl,ok,,225263000,1243687000000,430671000000,-55808000000,,225263000,454405517223.14453,26.842255846055927,2018-06-28,2017.22216796875,1731.3453369140625
S100J1A2_1.xbrl,E01914,6981.T,2020-06-26,\\Nas\nas1\Documents\Education\2021 EDHEC Exec PhD\5 Pipeline\data\interim\paper1\data\E01914\S100J1A2_1.xbrl,ok,,225263000,1517784000000,533022000000,-53593000000,36017800,225263000,481011574334.7168,26.8991571698286,2020-06-26,2135.333251953125,1930.7099609375
S100LPV9_1.xbrl,E01914,6981.T,2021-06-29,\\Nas\nas1\Documents\Education\2021 EDHEC Exec PhD\5 Pipeline\data\interim\paper1\data\E01914\S100LPV9_1.xbrl,ok,,225263000,1634999000000,580270000000,-53563000000,35998800,225263000,625330088000.0,27.161545488065546,2021-06-29,2776.0,2547.490234375
S100OJOR_1.xbrl,E01914,6981.T,2022-06-29,\\Nas\nas1\Documents\Education\2021 EDHEC Exec PhD\5 Pipeline\data\interim\paper1\data\E01914\S100OJOR_1.xbrl,ok,,225271000,1797013000000,587945000000,-53551000000,35982500,225271000,576543561000.7324,27.080316734947036,2022-06-29,2559.333251953125,2382.862060546875
S100D9JP_1.xbrl,E01888,6988.T,2018-06-22,\\Nas\nas1\Documents\Education\2021 EDHEC Exec PhD\5 Pipeline\data\interim\paper1\data\E01888\S100D9JP_1.xbrl,ok,,173758000,783583000000,527299000000,-50876000000,,173758000,287882262884.27734,26.385817424067408,2018-06-22,1656.800048828125,1361.5421142578125
S100G1QV_1.xbrl,E01888,6988.T,2019-06-21,\\Nas\nas1\Documents\Education\2021 EDHEC Exec PhD\5 Pipeline\data\interim\paper1\data\E01888\S100G1QV_1.xbrl,ok,,173758000,855433000000,617437000000,-69867000000,1908700,173758000,182341649442.13867,25.929147959032083,2019-06-21,1049.4000244140625,884.9168090820312
S100ISGM_1.xbrl,E01888,6988.T,2020-06-19,\\Nas\nas1\Documents\Education\2021 EDHEC Exec PhD\5 Pipeline\data\interim\paper1\data\E01888\S100ISGM_1.xbrl,ok,,173758000,825905000000,387227000000,-11081000000,4839700,173758000,206772020000.0,26.054882670620263,2020-06-19,1190.0,1043.570556640625
S100LK3M_1.xbrl,E01888,6988.T,2021-06-18,\\Nas\nas1\Documents\Education\2021 EDHEC Exec PhD\5 Pipeline\data\interim\paper1\data\E01888\S100LK3M_1.xbrl,ok,,173758000,879899000000,418558000000,-27505000000,1792600,173758000,288785796000.0,26.388951059930083,2021-06-18,1662.0,1493.9720458984375
S100O9FM_1.xbrl,E01888,6988.T,2022-06-17,\\Nas\nas1\Documents\Education\2021 EDHEC Exec PhD\5 Pipeline\data\interim\paper1\data\E01888\S100O9FM_1.xbrl,ok,,173758000,937796000000,449998000000,-10039000000,1744700,173758000,316587076000.0,26.480864162334594,2022-06-17,1822.0,1680.3480224609375
S100DFRX_1.xbrl,E02124,7004.T,2018-06-27,\\Nas\nas1\Documents\Education\2021 EDHEC Exec PhD\5 Pipeline\data\interim\paper1\data\E02124\S100DFRX_1.xbrl,ok,,159214000,379414000000,117564000000,-1013000000,,159214000,80721498000.0,25.114270770797763,2018-06-27,507.0,431.21234130859375
S100G9PG_1.xbrl,E02124,7004.T,2019-06-26,\\Nas\nas1\Documents\Education\2021 EDHEC Exec PhD\5 Pipeline\data\interim\paper1\data\E02124\S100G9PG_1.xbrl,ok,,167843000,408803000000,117530000000,-1016000000,1670300,167843000,65458770000.0,24.904686315742083,2019-06-26,390.0,343.6192626953125
S100IY4Q_1.xbrl,E02124,7004.T,2020-06-24,\\Nas\nas1\Documents\Education\2021 EDHEC Exec PhD\5 Pipeline\data\interim\paper1\data\E02124\S100IY4Q_1.xbrl,ok,,170214000,401648000000,120666000000,-1018000000,1674200,170214000,67064316000.0,24.92891793618784,2020-06-24,394.0,358.5252685546875
S100ODYL_1.xbrl,E02124,7004.T,2022-06-23,\\Nas\nas1\Documents\Education\2021 EDHEC Exec PhD\5 Pipeline\data\interim\paper1\data\E02124\S100ODYL_1.xbrl,ok,,170214000,391860000000,119014000000,-1022000000,1683500,170214000,141788262000.0,25.67760066905675,2022-06-23,833.0,780.7410278320312
S100D86E_1.xbrl,E02126,7011.T,2018-06-21,\\Nas\nas1\Documents\Education\2021 EDHEC Exec PhD\5 Pipeline\data\interim\paper1\data\E02126\S100D86E_1.xbrl,ok,,3373647000,4886035000000,1774223000000,-4609000000,,3373647000,1351820394082.2146,27.932473240110948,2018-06-21,400.7000122070313,334.2984619140625
S100G97S_1.xbrl,E02126,7011.T,2019-06-27,\\Nas\nas1\Documents\Education\2021 EDHEC Exec PhD\5 Pipeline\data\interim\paper1\data\E02126\S100G97S_1.xbrl,ok,,3373647000,5247000000000,2120014000000,-4609000000,816400,3373647000,1614964860082.2146,28.110334313903426,2019-06-27,478.7000122070313,411.2084655761719
S100J16X_1.xbrl,E02126,7011.T,2020-06-26,\\Nas\nas1\Documents\Education\2021 EDHEC Exec PhD\5 Pipeline\data\interim\paper1\data\E02126\S100J16X_1.xbrl,ok,,3373647000,5247000000000,1999737000000,-4081000000,663600,3373647000,848640913145.5536,27.466901981073725,2020-06-26,251.5500030517578,225.6430511474609
S100LUPR_1.xbrl,E02126,7011.T,2021-06-29,\\Nas\nas1\Documents\Education\2021 EDHEC Exec PhD\5 Pipeline\data\interim\paper1\data\E02126\S100LUPR_1.xbrl,ok,,3373647000,5247000000000,2104118000000,-5374000000,544000,3373647000,1106218830708.8928,27.73196885724123,2021-06-29,327.8999938964844,300.5499572753906
S100OKCL_1.xbrl,E02126,7011.T,2022-06-29,\\Nas\nas1\Documents\Education\2021 EDHEC Exec PhD\5 Pipeline\data\interim\paper1\data\E02126\S100OKCL_1.xbrl,ok,,337364000,5248756000000,2164469000000,-4452000000,499100,337364000,165105939540.89355,25.829853162639647,2022-06-29,489.3999938964844,461.4528198242188
S100DEVC_1.xbrl,E02127,7012.T,2018-06-27,\\Nas\nas1\Documents\Education\2021 EDHEC Exec PhD\5 Pipeline\data\interim\paper1\data\E02127\S100DEVC_1.xbrl,ok,,1671892000,1554430000000,376686000000,-96000000,,1671892000,5391851700000.0,29.31590998545112,2018-06-27,3225.0,2834.387451171875
S100FYV5_1.xbrl,E02127,7012.T,2019-06-26,\\Nas\nas1\Documents\Education\2021 EDHEC Exec PhD\5 Pipeline\data\interim\paper1\data\E02127\S100FYV5_1.xbrl,ok,,1670805000,1662283000000,447957000000,-124000000,35100,1670805000,4177012500000.0,29.060617394017513,2019-06-26,2500.0,2249.81005859375
S100ISEZ_1.xbrl,E02127,7012.T,2020-06-25,\\Nas\nas1\Documents\Education\2021 EDHEC Exec PhD\5 Pipeline\data\interim\paper1\data\E02127\S100ISEZ_1.xbrl,ok,,1670805000,1620458000000,445625000000,-130000000,36500,1670805000,2613139020000.0,28.59157330426648,2020-06-25,1564.0,1427.8458251953125
S100LI2X_1.xbrl,E02127,7012.T,2021-06-25,\\Nas\nas1\Documents\Education\2021 EDHEC Exec PhD\5 Pipeline\data\interim\paper1\data\E02127\S100LI2X_1.xbrl,ok,,1670805000,1687363000000,451327000000,-133000000,38200,1670805000,4046689710000.0,29.02892030727426,2021-06-25,2422.0,2211.15283203125
S100O7VN_1.xbrl,E02127,7012.T,2022-06-24,\\Nas\nas1\Documents\Education\2021 EDHEC Exec PhD\5 Pipeline\data\interim\paper1\data\E02127\S100O7VN_1.xbrl,ok,,167080000,1785028000000,481386000000,-136000000,39900,167080000,426722320000.0,26.779399334185733,2022-06-24,2554.0,2370.73486328125
S100D8VU_1.xbrl,E02128,7013.T,2018-06-22,\\Nas\nas1\Documents\Education\2021 EDHEC Exec PhD\5 Pipeline\data\interim\paper1\data\E02128\S100D8VU_1.xbrl,ok,,1546799000,1496361000000,362555000000,-513000000,,1546799000,867312309915.5884,27.48866496791277,2018-06-22,560.7142944335938,484.754150390625
S100G1TX_1.xbrl,E02128,7013.T,2019-06-20,\\Nas\nas1\Documents\Education\2021 EDHEC Exec PhD\5 Pipeline\data\interim\paper1\data\E02128\S100G1TX_1.xbrl,ok,,1546799000,1690882000000,359595000000,-879000000,185100,1546799000,580933530373.3826,27.08790218169995,2019-06-20,375.5714416503906,331.8212585449219
S100IZ6J_1.xbrl,E02128,7013.T,2020-06-25,\\Nas\nas1\Documents\Education\2021 EDHEC Exec PhD\5 Pipeline\data\interim\paper1\data\E02128\S100IZ6J_1.xbrl,ok,,1546799000,1715056000000,333359000000,-1170000000,5680800,1546799000,333666631313.3087,26.533408221639398,2020-06-25,215.7142791748047,195.73883056640625
S100LPBU_1.xbrl,E02128,7013.T,2021-06-24,\\Nas\nas1\Documents\Education\2021 EDHEC Exec PhD\5 Pipeline\data\interim\paper1\data\E02128\S100LPBU_1.xbrl,ok,,1546799000,1821274000000,337630000000,-1170000000,5633100,1546799000,586457785542.2058,27.097366525539343,2021-06-24,379.1428527832031,344.03369140625
S100OD8B_1.xbrl,E02128,7013.T,2022-06-23,\\Nas\nas1\Documents\Education\2021 EDHEC Exec PhD\5 Pipeline\data\interim\paper1\data\E02128\S100OD8B_1.xbrl,ok,,154679000,1821274000000,350217000000,-15953000000,2827300,154679000,83416173651.30615,25.147108056182113,2022-06-23,539.2857055664062,501.4165344238281
S100D891_1.xbrl,E32022,7186.T,2018-06-20,\\Nas\nas1\Documents\Education\2021 EDHEC Exec PhD\5 Pipeline\data\interim\paper1\data\E32022\S100D891_1.xbrl,ok,,1287616000,18739930000000,1113703000000,-5939000000,,1287616000,775144832000.0,27.376315728839867,2018-06-20,602.0,458.55279541015625
S100G177_1.xbrl,E32022,7186.T,2019-06-20,\\Nas\nas1\Documents\Education\2021 EDHEC Exec PhD\5 Pipeline\data\interim\paper1\data\E32022\S100G177_1.xbrl,ok,,1287616000,18739930000000,1113703000000,-7033000000,12273800,1287616000,520196864000.0,26.977473161492195,2019-06-20,404.0,318.10809326171875
S100ISRB_1.xbrl,E32022,7186.T,2020-06-22,\\Nas\nas1\Documents\Education\2021 EDHEC Exec PhD\5 Pipeline\data\interim\paper1\data\E32022\S100ISRB_1.xbrl,ok,,1287616000,18739930000000,1113703000000,-6879000000,698900,1287616000,459678912000.0,26.853794065310684,2020-06-22,357.0,293.0583190917969
S100LMJ0_1.xbrl,E32022,7186.T,2021-06-23,\\Nas\nas1\Documents\Education\2021 EDHEC Exec PhD\5 Pipeline\data\interim\paper1\data\E32022\S100LMJ0_1.xbrl,ok,,1287616000,18739930000000,1113703000000,-1416000000,679400,1287616000,545949184000.0,27.025791738763004,2021-06-23,424.0,362.3343200683594
S100OBWX_1.xbrl,E32022,7186.T,2022-06-22,\\Nas\nas1\Documents\Education\2021 EDHEC Exec PhD\5 Pipeline\data\interim\paper1\data\E32022\S100OBWX_1.xbrl,ok,,1264616000,18660581000000,1154002000000,-1342000000,7206200,1264616000,589311056000.0,27.10221998985644,2022-06-22,466.0,413.8287963867188
S100DHAZ_1.xbrl,E02142,7201.T,2018-06-28,\\Nas\nas1\Documents\Education\2021 EDHEC Exec PhD\5 Pipeline\data\interim\paper1\data\E02142\S100DHAZ_1.xbrl,ok,,4520715000,14703403000000,4671528000000,-140697000000,,4520715000,4857508267500.0,29.211546720203764,2018-06-28,1074.5,940.66064453125
S100GB62_1.xbrl,E02142,7201.T,2019-06-27,\\Nas\nas1\Documents\Education\2021 EDHEC Exec PhD\5 Pipeline\data\interim\paper1\data\E02142\S100GB62_1.xbrl,ok,,4520715000,17045659000000,5247262000000,-139970000000,28626900,4520715000,3516212071815.4907,28.88840541014854,2019-06-27,777.7999877929688,720.4760131835938
S100J6CF_1.xbrl,E02142,7201.T,2020-07-06,\\Nas\nas1\Documents\Education\2021 EDHEC Exec PhD\5 Pipeline\data\interim\paper1\data\E02142\S100J6CF_1.xbrl,ok,,4494715000,17373643000000,5140745000000,-139457000000,28633700,4494715000,1862160369632.8738,28.252758418697034,2020-07-06,414.2999877929688,389.2342834472656
S100LU0G_1.xbrl,E02142,7201.T,2021-06-29,\\Nas\nas1\Documents\Education\2021 EDHEC Exec PhD\5 Pipeline\data\interim\paper1\data\E02142\S100LU0G_1.xbrl,ok,,4220715000,18421008000000,5167136000000,-139262000000,28637800,4220715000,2341652630477.6,28.48187804836019,2021-06-29,554.7999877929688,521.2338256835938
S100OM2J_1.xbrl,E02142,7201.T,2022-06-30,\\Nas\nas1\Documents\Education\2021 EDHEC Exec PhD\5 Pipeline\data\interim\paper1\data\E02142\S100OM2J_1.xbrl,ok,,4220715000,18739935000000,5701710000000,-139259000000,27437100,4220715000,2229381714522.4,28.432745404895748,2022-06-30,528.2000122070312,500.8134765625
S100DGFT_1.xbrl,E02143,7202.T,2018-06-28,\\Nas\nas1\Documents\Education\2021 EDHEC Exec PhD\5 Pipeline\data\interim\paper1\data\E02143\S100DGFT_1.xbrl,ok,,1696845339,1521757000000,768953000000,-71364000000,,1696845339,2490968957652.0,28.543692890329257,2018-06-28,1468.0,1100.9188232421875
S100G7N6_1.xbrl,E02143,7202.T,2019-06-26,\\Nas\nas1\Documents\Education\2021 EDHEC Exec PhD\5 Pipeline\data\interim\paper1\data\E02143\S100G7N6_1.xbrl,ok,,848422669,1800998000000,914451000000,-71362000000,110237100,848422669,1011319821448.0,27.642277347630817,2019-06-26,1192.0,914.5941162109376
S100J2IP_1.xbrl,E02143,7202.T,2020-06-29,\\Nas\nas1\Documents\Education\2021 EDHEC Exec PhD\5 Pipeline\data\interim\paper1\data\E02143\S100J2IP_1.xbrl,ok,,848422669,1808377000000,897650000000,-150485000000,110244400,848422669,801589727314.478,27.409862751968447,2020-06-29,944.7999877929688,754.9794921875
S100LPZS_1.xbrl,E02143,7202.T,2021-06-25,\\Nas\nas1\Documents\Education\2021 EDHEC Exec PhD\5 Pipeline\data\interim\paper1\data\E02143\S100LPZS_1.xbrl,ok,,848422669,1879853000000,962107000000,-150441000000,39136000,848422669,1266695044817.0,27.867432297544713,2021-06-25,1493.0,1215.9970703125
S100OHML_1.xbrl,E02143,7202.T,2022-06-28,\\Nas\nas1\Documents\Education\2021 EDHEC Exec PhD\5 Pipeline\data\interim\paper1\data\E02143\S100OHML_1.xbrl,ok,,848422669,2066539000000,1086510000000,-54090000000,144000,848422669,1344749930365.0,27.927229186316904,2022-06-28,1585.0,1346.8536376953125
S100DA2Y_1.xbrl,E02144,7203.T,2018-06-25,\\Nas\nas1\Documents\Education\2021 EDHEC Exec PhD\5 Pipeline\data\interim\paper1\data\E02144\S100DA2Y_1.xbrl,ok,,3447997000,41437473000000,15218987000000,-1613590000000,,3447997000,4889949177040.771,29.218203026118122,2018-06-25,1418.199951171875,1137.7357177734375
S100G1ZO_1.xbrl,E02144,7203.T,2019-06-21,\\Nas\nas1\Documents\Education\2021 EDHEC Exec PhD\5 Pipeline\data\interim\paper1\data\E02144\S100G1ZO_1.xbrl,ok,,3417997000,47729830000000,17647329000000,-2063061000000,436924300,3417997000,4571229271247.192,29.150803271807913,2019-06-21,1337.4000244140625,1107.9224853515625
S100IUNR_1.xbrl,E02144,7203.T,2020-06-24,\\Nas\nas1\Documents\Education\2021 EDHEC Exec PhD\5 Pipeline\data\interim\paper1\data\E02144\S100IUNR_1.xbrl,ok,,3337997000,47427597000000,18088186000000,-2612230000000,503712400,3337997000,4657841095294.067,29.16957317244513,2020-06-24,1395.4000244140625,1192.1011962890625
S100LO6W_1.xbrl,E02144,7203.T,2021-06-24,\\Nas\nas1\Documents\Education\2021 EDHEC Exec PhD\5 Pipeline\data\interim\paper1\data\E02144\S100LO6W_1.xbrl,ok,,3262997000,53416405000000,18668953000000,-2606925000000,498437300,3262997000,6411136664926.025,29.489057697962117,2021-06-24,1964.800048828125,1731.0662841796875
S100OC13_1.xbrl,E02144,7203.T,2022-06-23,\\Nas\nas1\Documents\Education\2021 EDHEC Exec PhD\5 Pipeline\data\interim\paper1\data\E02144\S100OC13_1.xbrl,ok,,3262997000,53416405000000,19922076000000,-2901680000000,2568036500,3262997000,6938763120500.0,29.568144649851533,2022-06-23,2126.5,1919.19921875
S100DC6R_1.xbrl,E02146,7205.T,2018-06-26,\\Nas\nas1\Documents\Education\2021 EDHEC Exec PhD\5 Pipeline\data\interim\paper1\data\E02146\S100DC6R_1.xbrl,ok,,574580000,1009416000000,379589000000,-330000000,,574580000,668236540000.0,27.22790804960022,2018-06-26,1163.0,1080.245361328125
S100FZDJ_1.xbrl,E02146,7205.T,2019-06-19,\\Nas\nas1\Documents\Education\2021 EDHEC Exec PhD\5 Pipeline\data\interim\paper1\data\E02146\S100FZDJ_1.xbrl,ok,,574580000,1124196000000,465370000000,-258000000,792400,574580000,515972840000.0,26.969319965383754,2019-06-19,898.0,856.9597778320312
S100ITI5_1.xbrl,E02146,7205.T,2020-06-22,\\Nas\nas1\Documents\Education\2021 EDHEC Exec PhD\5 Pipeline\data\interim\paper1\data\E02146\S100ITI5_1.xbrl,ok,,574580000,1119888000000,473891000000,-215000000,742400,574580000,411973860000.0,26.744225737681177,2020-06-22,717.0,701.8012084960938
S100LNS1_1.xbrl,E02146,7205.T,2021-06-24,\\Nas\nas1\Documents\Education\2021 EDHEC Exec PhD\5 Pipeline\data\interim\paper1\data\E02146\S100LNS1_1.xbrl,ok,,574580000,1192385000000,512913000000,-196000000,743600,574580000,565386720000.0,27.060775794133807,2021-06-24,984.0,977.568603515625
S100OD19_1.xbrl,E02146,7205.T,2022-06-23,\\Nas\nas1\Documents\Education\2021 EDHEC Exec PhD\5 Pipeline\data\interim\paper1\data\E02146\S100OD19_1.xbrl,ok,,574580000,1286081000000,552848000000,-197000000,744500,574580000,403929740000.0,26.72450678889222,2022-06-23,703.0,703.0
S100DA0S_1.xbrl,E02213,7211.T,2018-06-22,\\Nas\nas1\Documents\Education\2021 EDHEC Exec PhD\5 Pipeline\data\interim\paper1\data\E02213\S100DA0S_1.xbrl,ok,,983661000,1543890000000,550009000000,-220000000,,983661000,876441951000.0,27.499136310934254,2018-06-22,891.0,786.0147094726562
S100G4HC_1.xbrl,E02213,7211.T,2019-06-21,\\Nas\nas1\Documents\Education\2021 EDHEC Exec PhD\5 Pipeline\data\interim\paper1\data\E02213\S100G4HC_1.xbrl,ok,,983661000,1582802000000,670766000000,-220000000,1969800,983661000,494781483000.0,26.927382053563186,2019-06-21,503.0,456.865234375
S100J0NG_1.xbrl,E02213,7211.T,2020-06-25,\\Nas\nas1\Documents\Education\2021 EDHEC Exec PhD\5 Pipeline\data\interim\paper1\data\E02213\S100J0NG_1.xbrl,ok,,983661000,1433725000000,685337000000,-1728000000,1969800,983661000,272474097000.0,26.330809389650785,2020-06-25,277.0,256.7178955078125
S100LPLR_1.xbrl,E02213,7211.T,2021-06-24,\\Nas\nas1\Documents\Education\2021 EDHEC Exec PhD\5 Pipeline\data\interim\paper1\data\E02213\S100LPLR_1.xbrl,ok,,1490282000,1484413000000,703463000000,-1728000000,1604500,1490282000,445594318000.0,26.822674774131688,2021-06-24,299.0,277.1070251464844
S100OG4J_1.xbrl,E02213,7211.T,2022-06-24,\\Nas\nas1\Documents\Education\2021 EDHEC Exec PhD\5 Pipeline\data\interim\paper1\data\E02213\S100OG4J_1.xbrl,ok,,1490282000,1646240000000,796562000000,-1659000000,1292900,1490282000,664665772000.0,27.222550152761066,2022-06-24,446.0,413.3436584472656
S100DCGT_1.xbrl,E02163,7261.T,2018-06-27,\\Nas\nas1\Documents\Education\2021 EDHEC Exec PhD\5 Pipeline\data\interim\paper1\data\E02163\S100DCGT_1.xbrl,ok,,2999377000,2246036000000,676837000000,-2231000000,,2999377000,4055157704000.0,29.031010693985056,2018-06-27,1352.0,1059.2017822265625
S100G2HN_1.xbrl,E02163,7261.T,2019-06-27,\\Nas\nas1\Documents\Education\2021 EDHEC Exec PhD\5 Pipeline\data\interim\paper1\data\E02163\S100G2HN_1.xbrl,ok,,599875000,2473287000000,891326000000,-2230000000,2079900,599875000,673959562500.0,27.23643594976807,2019-06-27,1123.5,904.2957153320312
S100IS9D_1.xbrl,E02163,7261.T,2020-06-25,\\Nas\nas1\Documents\Education\2021 EDHEC Exec PhD\5 Pipeline\data\interim\paper1\data\E02163\S100IS9D_1.xbrl,ok,,599875000,2548401000000,976723000000,-2215000000,2053400,599875000,388719000000.0,26.686122554494958,2020-06-25,648.0,546.72900390625
S100LM10_1.xbrl,E02163,7261.T,2021-06-25,\\Nas\nas1\Documents\Education\2021 EDHEC Exec PhD\5 Pipeline\data\interim\paper1\data\E02163\S100LM10_1.xbrl,ok,,599875000,2524552000000,1064038000000,-2186000000,2054200,599875000,637067250000.0,27.180141059944567,2021-06-25,1062.0,896.028076171875
S100OA73_1.xbrl,E02163,7261.T,2022-06-27,\\Nas\nas1\Documents\Education\2021 EDHEC Exec PhD\5 Pipeline\data\interim\paper1\data\E02163\S100OA73_1.xbrl,ok,,631803000,2724092000000,1219470000000,-2187000000,1975000,631803000,704460345000.0,27.280697878553287,2022-06-27,1115.0,961.650634765625
S100D7P7_1.xbrl,E02166,7267.T,2018-06-20,\\Nas\nas1\Documents\Education\2021 EDHEC Exec PhD\5 Pipeline\data\interim\paper1\data\E02166\S100D7P7_1.xbrl,ok,,1811428430,16048438000000,6113398000000,-26286000000,,1811428430,2065632293383.8782,28.3564574908166,2018-06-20,1140.3333740234375,852.7647705078125
S100G0M9_1.xbrl,E02166,7267.T,2019-06-19,\\Nas\nas1\Documents\Education\2021 EDHEC Exec PhD\5 Pipeline\data\interim\paper1\data\E02166\S100G0M9_1.xbrl,ok,,1811428430,18425837000000,6934446000000,-113271000000,62317800,1811428430,1705157925253.061,28.164678847156473,2019-06-19,941.3333129882812,729.4413452148438
S100IT9V_1.xbrl,E02166,7267.T,2020-06-19,\\Nas\nas1\Documents\Education\2021 EDHEC Exec PhD\5 Pipeline\data\interim\paper1\data\E02166\S100IT9V_1.xbrl,ok,,1811428430,18229294000000,1861647000000,-177827000000,95411700,1811428430,1734744663316.939,28.181881350380042,2020-06-19,957.6666870117188,772.2377319335938
S100LLW5_1.xbrl,E02166,7267.T,2021-06-23,\\Nas\nas1\Documents\Education\2021 EDHEC Exec PhD\5 Pipeline\data\interim\paper1\data\E02166\S100LLW5_1.xbrl,ok,,1811428430,18958123000000,1947645000000,-273940000000,97485400,1811428430,2103068407230.0,28.374418540522356,2021-06-23,1161.0,961.2232666015624
S100OBEJ_1.xbrl,E02166,7267.T,2022-06-22,\\Nas\nas1\Documents\Education\2021 EDHEC Exec PhD\5 Pipeline\data\interim\paper1\data\E02166\S100OBEJ_1.xbrl,ok,,1811428430,19349164000000,2078199000000,-273786000000,107520400,1811428430,2051744528006.1218,28.349711536464067,2022-06-22,1132.6666259765625,985.1281127929688
S100DGY8_1.xbrl,E02167,7269.T,2018-06-28,\\Nas\nas1\Documents\Education\2021 EDHEC Exec PhD\5 Pipeline\data\interim\paper1\data\E02167\S100DGY8_1.xbrl,ok,,561047304,2874074000000,1494357000000,-191051000000,,561047304,857280280512.0,27.47703075051425,2018-06-28,1528.0,1316.255859375
S100GDBK_1.xbrl,E02167,7269.T,2019-06-28,\\Nas\nas1\Documents\Education\2021 EDHEC Exec PhD\5 Pipeline\data\interim\paper1\data\E02167\S100GDBK_1.xbrl,ok,,561047304,3252800000000,1701390000000,-189126000000,29798700,561047304,710285886864.0,27.288933383491905,2019-06-28,1266.0,1104.53466796875
S100J04Y_1.xbrl,E02167,7269.T,2020-06-26,\\Nas\nas1\Documents\Education\2021 EDHEC Exec PhD\5 Pipeline\data\interim\paper1\data\E02167\S100J04Y_1.xbrl,ok,,491000000,2702008000000,1187703000000,-113963000000,5802000,491000000,464854250000.0,26.864989752540698,2020-06-26,946.75,846.6630249023438
S100LPRL_1.xbrl,E02167,7269.T,2021-06-25,\\Nas\nas1\Documents\Education\2021 EDHEC Exec PhD\5 Pipeline\data\interim\paper1\data\E02167\S100LPRL_1.xbrl,ok,,491000000,3115985000000,1387041000000,-21775000000,5607100,491000000,584290000000.0,27.09366327186437,2021-06-25,1190.0,1084.8775634765625
S100OJSN_1.xbrl,E02167,7269.T,2022-06-29,\\Nas\nas1\Documents\Education\2021 EDHEC Exec PhD\5 Pipeline\data\interim\paper1\data\E02167\S100OJSN_1.xbrl,ok,,491018100,3340828000000,1595227000000,-21027000000,5565800,491018100,523425294600.0,26.98366015334893,2022-06-29,1066.0,991.1068725585938
S100DBN2_1.xbrl,E02152,7270.T,2018-06-25,\\Nas\nas1\Documents\Education\2021 EDHEC Exec PhD\5 Pipeline\data\interim\paper1\data\E02152\S100DBN2_1.xbrl,ok,,782865000,1888363000000,770071000000,-7173000000,,782865000,2492642160000.0,28.54436437226128,2018-06-25,3184.0,2441.0126953125
S100G1EC_1.xbrl,E02152,7270.T,2019-06-24,\\Nas\nas1\Documents\Education\2021 EDHEC Exec PhD\5 Pipeline\data\interim\paper1\data\E02152\S100G1EC_1.xbrl,ok,,782865000,2199714000000,1030719000000,-7054000000,2414800,782865000,1982605612500.0,28.315433061419846,2019-06-24,2532.5,2036.5177001953125
S100IWST_1.xbrl,E02152,7270.T,2020-06-24,\\Nas\nas1\Documents\Education\2021 EDHEC Exec PhD\5 Pipeline\data\interim\paper1\data\E02152\S100IWST_1.xbrl,ok,,782865000,3070537000000,1349411000000,-7054000000,2360300,782865000,1856955780000.0,28.249959585414622,2020-06-24,2372.0,1976.757568359375
S100LMPK_1.xbrl,E02152,7270.T,2021-06-24,\\Nas\nas1\Documents\Education\2021 EDHEC Exec PhD\5 Pipeline\data\interim\paper1\data\E02152\S100LMPK_1.xbrl,ok,,769175000,3070537000000,1464888000000,-6722000000,2305100,769175000,1725644112500.0,28.176621495266705,2021-06-24,2243.5,1919.5013427734373
S100OB9K_1.xbrl,E02152,7270.T,2022-06-23,\\Nas\nas1\Documents\Education\2021 EDHEC Exec PhD\5 Pipeline\data\interim\paper1\data\E02152\S100OB9K_1.xbrl,ok,,769175000,3070537000000,1561023000000,-6524000000,2248100,769175000,1940628525000.0,28.294033018491724,2022-06-23,2523.0,2218.10009765625
S100CG80_1.xbrl,E02168,7272.T,2018-03-26,\\Nas\nas1\Documents\Education\2021 EDHEC Exec PhD\5 Pipeline\data\interim\paper1\data\E02168\S100CG80_1.xbrl,ok,,349803000,1146591000000,422792000000,-714000000,,349803000,348636997116.76025,26.577297094971048,2018-03-26,996.6666870117188,741.3513793945312
S100FGMG_1.xbrl,E02168,7272.T,2019-03-28,\\Nas\nas1\Documents\Education\2021 EDHEC Exec PhD\5 Pipeline\data\interim\paper1\data\E02168\S100FGMG_1.xbrl,ok,,349847000,1310040000000,503224000000,-722000000,,349847000,249557519549.01123,26.242955264842482,2019-03-28,713.3333129882812,551.4493408203125
S100I9Y4_1.xbrl,E02168,7272.T,2020-03-26,\\Nas\nas1\Documents\Education\2021 EDHEC Exec PhD\5 Pipeline\data\interim\paper1\data\E02168\S100I9Y4_1.xbrl,ok,,349898000,1305236000000,531700000000,-727000000,732300,349898000,154771552226.01318,25.765216010064265,2020-03-26,442.3333435058594,357.32684326171875
S100L05N_1.xbrl,E02168,7272.T,2021-03-25,\\Nas\nas1\Documents\Education\2021 EDHEC Exec PhD\5 Pipeline\data\interim\paper1\data\E02168\S100L05N_1.xbrl,ok,,349914000,1318776000000,575404000000,-733000000,784100,349914000,308040950880.98145,26.453498568487717,2021-03-25,880.3333129882812,731.6376953125
S100NPC9_1.xbrl,E02168,7272.T,2022-03-24,\\Nas\nas1\Documents\Education\2021 EDHEC Exec PhD\5 Pipeline\data\interim\paper1\data\E02168\S100NPC9_1.xbrl,ok,,349914000,1415845000000,665232000000,-734000000,4431900,349914000,313406313119.01855,26.47076631063168,2022-03-24,895.6666870117188,773.712646484375
S100QDTC_1.xbrl,E02168,7272.T,2023-03-23,\\Nas\nas1\Documents\Education\2021 EDHEC Exec PhD\5 Pipeline\data\interim\paper1\data\E02168\S100QDTC_1.xbrl,ok,,349914000,1420854000000,695743000000,-11722000000,12077200,349914000,373824804238.0371,26.64705308674344,2023-03-23,1068.3333740234375,964.2525634765624
S100D0Q3_1.xbrl,E03248,7453.T,2018-05-24,\\Nas\nas1\Documents\Education\2021 EDHEC Exec PhD\5 Pipeline\data\interim\paper1\data\E03248\S100D0Q3_1.xbrl,ok,,28078000,140229000000,111015000000,-10681000000,,28078000,51803910000.0,24.670731465988663,2018-05-24,1845.0,1608.68359375
S100FTRN_1.xbrl,E03248,7453.T,2019-05-23,\\Nas\nas1\Documents\Education\2021 EDHEC Exec PhD\5 Pipeline\data\interim\paper1\data\E03248\S100FTRN_1.xbrl,ok,,28078000,186947000000,128670000000,-15334000000,,28078000,27544518000.0,24.039069369079396,2019-05-23,981.0,866.6519165039062
S100INXY_1.xbrl,E03248,7453.T,2020-05-28,\\Nas\nas1\Documents\Education\2021 EDHEC Exec PhD\5 Pipeline\data\interim\paper1\data\E03248\S100INXY_1.xbrl,ok,,28078000,200919000000,143173000000,-14780000000,17154900,28078000,23346857000.0,23.873728208147018,2020-05-28,831.5,750.5948486328125
S100KA0X_1.xbrl,E03248,7453.T,2020-11-30,\\Nas\nas1\Documents\Education\2021 EDHEC Exec PhD\5 Pipeline\data\interim\paper1\data\E03248\S100KA0X_1.xbrl,ok,,28078000,200919000000,143173000000,-13984000000,17154900,28078000,30141733000.0,24.129176526832868,2020-11-30,1073.5,972.0574951171876
S100MYFI_1.xbrl,E03248,7453.T,2021-11-29,\\Nas\nas1\Documents\Education\2021 EDHEC Exec PhD\5 Pipeline\data\interim\paper1\data\E03248\S100MYFI_1.xbrl,ok,,28078000,214705000000,157018000000,-13965000000,5920700,28078000,26631983000.0,24.005378698889103,2021-11-29,948.5,873.6039428710938
S100POA3_1.xbrl,E03248,7453.T,2022-11-24,\\Nas\nas1\Documents\Education\2021 EDHEC Exec PhD\5 Pipeline\data\interim\paper1\data\E03248\S100POA3_1.xbrl,ok,,28078000,238313000000,174426000000,-30973000000,4719100,28078000,21086578000.0,23.771902561278168,2022-11-24,751.0,710.8973999023438
S100DCA4_1.xbrl,E02271,7731.T,2018-06-28,\\Nas\nas1\Documents\Education\2021 EDHEC Exec PhD\5 Pipeline\data\interim\paper1\data\E02271\S100DCA4_1.xbrl,ok,,400878000,1009420000000,546813000000,-13215000000,,400878000,707549670000.0,27.28507366894655,2018-06-28,1765.0,1401.91650390625
S100G4AP_1.xbrl,E02271,7731.T,2019-06-27,\\Nas\nas1\Documents\Education\2021 EDHEC Exec PhD\5 Pipeline\data\interim\paper1\data\E02271\S100G4AP_1.xbrl,ok,,400878000,1009420000000,572200000000,-13152000000,4043100,400878000,617352120000.0,27.148705394986827,2019-06-27,1540.0,1264.4229736328125
S100J2HK_1.xbrl,E02271,7731.T,2020-06-26,\\Nas\nas1\Documents\Education\2021 EDHEC Exec PhD\5 Pipeline\data\interim\paper1\data\E02271\S100J2HK_1.xbrl,ok,,400879000,982564000000,528280000000,-13044000000,10639900,400879000,367205164000.0,26.629186558774688,2020-06-26,916.0,775.966552734375
S100LLYK_1.xbrl,E02271,7731.T,2021-06-29,\\Nas\nas1\Documents\Education\2021 EDHEC Exec PhD\5 Pipeline\data\interim\paper1\data\E02271\S100LLYK_1.xbrl,ok,,400879000,1018351000000,522700000000,-17639000000,10570800,400879000,478248647000.0,26.893396616198476,2021-06-29,1193.0,1034.715087890625
S100ODD2_1.xbrl,E02271,7731.T,2022-06-29,\\Nas\nas1\Documents\Education\2021 EDHEC Exec PhD\5 Pipeline\data\interim\paper1\data\E02271\S100ODD2_1.xbrl,ok,,400879000,1098343000000,329601000000,-17529000000,10485700,400879000,652631012000.0,27.204277740663045,2022-06-29,1628.0,1456.434814453125
S100DDVH_1.xbrl,E02272,7733.T,2018-06-26,\\Nas\nas1\Documents\Education\2021 EDHEC Exec PhD\5 Pipeline\data\interim\paper1\data\E02272\S100DDVH_1.xbrl,ok,,342672000,960032000000,331284000000,-1122000000,,342672000,353808840000.0,26.592022604227676,2018-06-26,1032.5,983.5692749023438
S100G6TS_1.xbrl,E02272,7733.T,2019-06-25,\\Nas\nas1\Documents\Education\2021 EDHEC Exec PhD\5 Pipeline\data\interim\paper1\data\E02272\S100G6TS_1.xbrl,ok,,342672000,960032000000,357254000000,-4775000000,1292500,342672000,414290448000.0,26.749833130007282,2019-06-25,1209.0,1158.9483642578125
S100LL9I_1.xbrl,E02272,7733.T,2021-06-21,\\Nas\nas1\Documents\Education\2021 EDHEC Exec PhD\5 Pipeline\data\interim\paper1\data\E02272\S100LL9I_1.xbrl,ok,,342672000,960032000000,393097000000,-98135000000,85279900,342672000,774438720000.0,27.37540437165882,2021-06-21,2260.0,2190.21728515625
S100OBAY_1.xbrl,E02272,7733.T,2022-06-21,\\Nas\nas1\Documents\Education\2021 EDHEC Exec PhD\5 Pipeline\data\interim\paper1\data\E02272\S100OBAY_1.xbrl,ok,,342691000,978663000000,442951000000,-98048000000,26261600,342691000,933661629500.0,27.56237992848637,2022-06-21,2724.5,2656.352783203125
S100DEZO_1.xbrl,E02288,7735.T,2018-06-27,\\Nas\nas1\Documents\Education\2021 EDHEC Exec PhD\5 Pipeline\data\interim\paper1\data\E02288\S100DEZO_1.xbrl,ok,,253974000,232376000000,87097000000,-15299000000,,253974000,1047642750000.0,27.6775637563075,2018-06-27,4125.0,3554.0556640625
S100G8E9_1.xbrl,E02288,7735.T,2019-06-26,\\Nas\nas1\Documents\Education\2021 EDHEC Exec PhD\5 Pipeline\data\interim\paper1\data\E02288\S100G8E9_1.xbrl,ok,,253974000,249516000000,111513000000,-18085000000,4037400,253974000,539694750000.0,27.014269538897235,2019-06-26,2125.0,1870.536865234375
S100IWBK_1.xbrl,E02288,7735.T,2020-06-25,\\Nas\nas1\Documents\Education\2021 EDHEC Exec PhD\5 Pipeline\data\interim\paper1\data\E02288\S100IWBK_1.xbrl,ok,,253974000,270093000000,120288000000,-18044000000,4037900,253974000,638744610000.0,27.182770540072557,2020-06-25,2515.0,2230.2744140625
S100LLOH_1.xbrl,E02288,7735.T,2021-06-25,\\Nas\nas1\Documents\Education\2021 EDHEC Exec PhD\5 Pipeline\data\interim\paper1\data\E02288\S100LLOH_1.xbrl,ok,,50794000,300659000000,142915000000,-17961000000,4039200,50794000,276827300000.0,26.346659682994215,2021-06-25,5450.0,4866.29638671875
S100OCWL_1.xbrl,E02288,7735.T,2022-06-27,\\Nas\nas1\Documents\Education\2021 EDHEC Exec PhD\5 Pipeline\data\interim\paper1\data\E02288\S100OCWL_1.xbrl,ok,,50794000,365874000000,170880000000,-18590000000,4040200,50794000,252192210000.0,26.2534573718162,2022-06-27,4965.0,4541.0625
S100D4PC_1.xbrl,E01124,7741.T,2018-06-08,\\Nas\nas1\Documents\Education\2021 EDHEC Exec PhD\5 Pipeline\data\interim\paper1\data\E01124\S100D4PC_1.xbrl,ok,,435017020,704283000000,199144000000,-6816000000,,435017020,2828480664040.0,28.67076081558817,2018-06-08,6502.0,6087.42333984375
S100FX3P_1.xbrl,E01124,7741.T,2019-06-07,\\Nas\nas1\Documents\Education\2021 EDHEC Exec PhD\5 Pipeline\data\interim\paper1\data\E01124\S100FX3P_1.xbrl,ok,,425782920,733732000000,168455000000,-10886000000,1468800,425782920,3274270654800.0,28.817116259389824,2019-06-07,7690.0,7293.13671875
S100IU01_1.xbrl,E01124,7741.T,2020-06-23,\\Nas\nas1\Documents\Education\2021 EDHEC Exec PhD\5 Pipeline\data\interim\paper1\data\E01124\S100IU01_1.xbrl,ok,,404607520,639007000000,128933000000,-8319000000,3351400,404607520,4181618719200.0,29.061719540899098,2020-06-23,10335.0,9895.36328125
S100LGMY_1.xbrl,E01124,7741.T,2021-06-04,\\Nas\nas1\Documents\Education\2021 EDHEC Exec PhD\5 Pipeline\data\interim\paper1\data\E01124\S100LGMY_1.xbrl,ok,,389779920,659583000000,150249000000,-27963000000,3527400,389779920,5449123281600.0,29.32647584590195,2021-06-04,13980.0,13483.17578125
S100O6IV_1.xbrl,E01124,7741.T,2022-06-03,\\Nas\nas1\Documents\Education\2021 EDHEC Exec PhD\5 Pipeline\data\interim\paper1\data\E01124\S100O6IV_1.xbrl,ok,,381436420,650645000000,196689000000,-43560000000,4593700,381436420,5134134213200.0,29.266932340069303,2022-06-03,13460.0,13073.2626953125
S100CN71_1.xbrl,E02274,7751.T,2018-03-29,\\Nas\nas1\Documents\Education\2021 EDHEC Exec PhD\5 Pipeline\data\interim\paper1\data\E02274\S100CN71_1.xbrl,ok,,1333763464,4242710000000,1567030000000,-1010423000000,,1333763464,5134989336400.0,29.267098882656477,2018-03-29,3850.0,2794.9130859375
S100FHHS_1.xbrl,E02274,7751.T,2019-03-28,\\Nas\nas1\Documents\Education\2021 EDHEC Exec PhD\5 Pipeline\data\interim\paper1\data\E02274\S100FHHS_1.xbrl,ok,,1333763464,4460618000000,1447322000000,-1058481000000,,1333763464,4272044375192.0,29.083113604983804,2019-03-28,3203.0,2442.49951171875
S100IB70_1.xbrl,E02274,7751.T,2020-03-27,\\Nas\nas1\Documents\Education\2021 EDHEC Exec PhD\5 Pipeline\data\interim\paper1\data\E02274\S100IB70_1.xbrl,ok,,1333763464,4427773000000,1484157000000,-1058502000000,269928900,1333763464,3230375109808.0,28.80361937948768,2020-03-27,2422.0,1944.376220703125
S100L2I7_1.xbrl,E02274,7751.T,2021-03-30,\\Nas\nas1\Documents\Education\2021 EDHEC Exec PhD\5 Pipeline\data\interim\paper1\data\E02274\S100L2I7_1.xbrl,ok,,1333763464,5142279000000,1452646000000,-1108496000000,287989800,1333763464,3385091671632.0,28.850402103648978,2021-03-30,2538.0,2115.973876953125
S100NRAM_1.xbrl,E02274,7751.T,2022-03-30,\\Nas\nas1\Documents\Education\2021 EDHEC Exec PhD\5 Pipeline\data\interim\paper1\data\E02274\S100NRAM_1.xbrl,ok,,1333763464,5201626000000,1460364000000,-1158354000000,287991700,1333763464,3995288456412.0,29.016136896898626,2022-03-30,2995.5,2590.93359375
S100QHVI_1.xbrl,E02274,7751.T,2023-03-30,\\Nas\nas1\Documents\Education\2021 EDHEC Exec PhD\5 Pipeline\data\interim\paper1\data\E02274\S100QHVI_1.xbrl,ok,,1333763464,4902955000000,1489315000000,-1158351000000,318250000,1333763464,3913262003376.0,28.99539241407757,2023-03-30,2934.0,2639.71044921875
S100DF4C_1.xbrl,E02275,7752.T,2018-06-27,\\Nas\nas1\Documents\Education\2021 EDHEC Exec PhD\5 Pipeline\data\interim\paper1\data\E02275\S100DF4C_1.xbrl,ok,,744912000,2596618000000,1083337000000,-37151000000,,744912000,750871296000.0,27.344500097192967,2018-06-27,1008.0,834.8336791992188
S100G8OZ_1.xbrl,E02275,7752.T,2019-06-26,\\Nas\nas1\Documents\Education\2021 EDHEC Exec PhD\5 Pipeline\data\interim\paper1\data\E02275\S100G8OZ_1.xbrl,ok,,744912000,2730207000000,593174000000,-37329000000,20049400,744912000,794821104000.0,27.401382899863407,2019-06-26,1067.0,901.18359375
S100IXRR_1.xbrl,E02275,7752.T,2020-06-29,\\Nas\nas1\Documents\Education\2021 EDHEC Exec PhD\5 Pipeline\data\interim\paper1\data\E02275\S100IXRR_1.xbrl,ok,,744912000,2776461000000,572562000000,-37394000000,20057000,744912000,557939088000.0,27.047515632078873,2020-06-29,749.0,651.6900634765625
S100LKDZ_1.xbrl,E02275,7752.T,2021-06-25,\\Nas\nas1\Documents\Education\2021 EDHEC Exec PhD\5 Pipeline\data\interim\paper1\data\E02275\S100LKDZ_1.xbrl,ok,,744912000,2759287000000,547360000000,-37795000000,26276300,744912000,960936480000.0,27.59117414591737,2021-06-25,1290.0,1141.4642333984375
S100OE3Q_1.xbrl,E02275,7752.T,2022-06-27,\\Nas\nas1\Documents\Education\2021 EDHEC Exec PhD\5 Pipeline\data\interim\paper1\data\E02275\S100OE3Q_1.xbrl,ok,,744912000,2641030000000,482095000000,-45024000000,70100,744912000,794821104000.0,27.401382899863407,2022-06-27,1067.0,966.7257080078124
S100D713_1.xbrl,E02481,7832.T,2018-06-18,\\Nas\nas1\Documents\Education\2021 EDHEC Exec PhD\5 Pipeline\data\interim\paper1\data\E02481\S100D713_1.xbrl,ok,,222000000,405092000000,267951000000,-2423000000,,222000000,344469990966.7969,26.56527281465613,2018-06-18,1551.6666259765625,1332.2938232421875
S100G4QQ_1.xbrl,E02481,7832.T,2019-06-24,\\Nas\nas1\Documents\Education\2021 EDHEC Exec PhD\5 Pipeline\data\interim\paper1\data\E02481\S100G4QQ_1.xbrl,ok,,222000000,441763000000,303512000000,-2326000000,2316300,222000000,386280000000.0,26.67982833204513,2019-06-24,1740.0,1537.312255859375
S100ISF1_1.xbrl,E02481,7832.T,2020-06-22,\\Nas\nas1\Documents\Education\2021 EDHEC Exec PhD\5 Pipeline\data\interim\paper1\data\E02481\S100ISF1_1.xbrl,ok,,222000000,448336000000,317304000000,-2298000000,2545400,222000000,427572000000.0,26.781388532194626,2020-06-22,1926.0,1741.7664794921875
S100LJOJ_1.xbrl,E02481,7832.T,2021-06-21,\\Nas\nas1\Documents\Education\2021 EDHEC Exec PhD\5 Pipeline\data\interim\paper1\data\E02481\S100LJOJ_1.xbrl,ok,,222000000,488032000000,348784000000,-3634000000,2500100,222000000,559884000000.0,27.05099545636142,2021-06-21,2522.0,2313.061767578125
S100O9UA_1.xbrl,E02481,7832.T,2022-06-20,\\Nas\nas1\Documents\Education\2021 EDHEC Exec PhD\5 Pipeline\data\interim\paper1\data\E02481\S100O9UA_1.xbrl,ok,,222000000,540490000000,387354000000,-3905000000,2188700,222000000,687460018066.4062,27.256269509256267,2022-06-20,3096.666748046875,2905.0986328125
S100DEEX_1.xbrl,E00692,7911.T,2018-06-28,\\Nas\nas1\Documents\Education\2021 EDHEC Exec PhD\5 Pipeline\data\interim\paper1\data\E00692\S100DEEX_1.xbrl,ok,,699412000,1712351000000,913107000000,-53837000000,,699412000,1204387464000.0,27.816992224997662,2018-06-28,1722.0,1478.1466064453125
S100FTAK_1.xbrl,E00692,7911.T,2019-06-27,\\Nas\nas1\Documents\Education\2021 EDHEC Exec PhD\5 Pipeline\data\interim\paper1\data\E00692\S100FTAK_1.xbrl,ok,,699412000,1994642000000,1082843000000,-53903000000,25768500,699412000,1164520980000.0,27.78333094242453,2019-06-27,1665.0,1462.1328125
S100J99K_1.xbrl,E00692,7911.T,2020-07-21,\\Nas\nas1\Documents\Education\2021 EDHEC Exec PhD\5 Pipeline\data\interim\paper1\data\E00692\S100J99K_1.xbrl,ok,,699412000,1876574000000,1066851000000,-53932000000,1222800,699412000,1195295108000.0,27.80941422312558,2020-07-21,1709.0,1551.7041015625
S100LQWP_1.xbrl,E00692,7911.T,2021-06-29,\\Nas\nas1\Documents\Education\2021 EDHEC Exec PhD\5 Pipeline\data\interim\paper1\data\E00692\S100LQWP_1.xbrl,ok,,699412000,1997909000000,1171958000000,-4295000000,5763900,699412000,1255444540000.0,27.858510840932365,2021-06-29,1795.0,1668.23046875
S100OITA_1.xbrl,E00692,7911.T,2022-06-29,\\Nas\nas1\Documents\Education\2021 EDHEC Exec PhD\5 Pipeline\data\interim\paper1\data\E00692\S100OITA_1.xbrl,ok,,699412000,2147932000000,1303674000000,-10886000000,13782700,699412000,1608647600000.0,28.106414941927227,2022-06-29,2300.0,2182.32763671875
S100DDC3_1.xbrl,E00693,7912.T,2018-06-28,\\Nas\nas1\Documents\Education\2021 EDHEC Exec PhD\5 Pipeline\data\interim\paper1\data\E00693\S100DDC3_1.xbrl,ok,,700480000,1574753000000,976386000000,-69636000000,,700480000,864392320000.0,27.485292576764106,2018-06-28,1234.0,1053.9473876953125
S100G6I9_1.xbrl,E00693,7912.T,2019-06-27,\\Nas\nas1\Documents\Education\2021 EDHEC Exec PhD\5 Pipeline\data\interim\paper1\data\E00693\S100G6I9_1.xbrl,ok,,700480000,1809462000000,1124093000000,-62908000000,22409600,700480000,810455360000.0,27.42086209949245,2019-06-27,1157.0,1013.0106201171876
S100J081_1.xbrl,E00693,7912.T,2020-06-26,\\Nas\nas1\Documents\Education\2021 EDHEC Exec PhD\5 Pipeline\data\interim\paper1\data\E00693\S100J081_1.xbrl,ok,,680480000,1718636000000,1063241000000,-62898000000,43348200,680480000,846857360000.0,27.464798111277243,2020-06-26,1244.5,1116.8282470703125
S100LL3T_1.xbrl,E00693,7912.T,2021-06-29,\\Nas\nas1\Documents\Education\2021 EDHEC Exec PhD\5 Pipeline\data\interim\paper1\data\E00693\S100LL3T_1.xbrl,ok,,663480000,1741904000000,1081286000000,-122911000000,43352500,663480000,779920740000.0,27.38245813608224,2021-06-29,1175.5,1084.74462890625
S100ODSV_1.xbrl,E00693,7912.T,2022-06-29,\\Nas\nas1\Documents\Education\2021 EDHEC Exec PhD\5 Pipeline\data\interim\paper1\data\E00693\S100ODSV_1.xbrl,ok,,324240000,1794764000000,1102550000000,-122920000000,48164000,324240000,480847920000.0,26.89881688242226,2022-06-29,1483.0,1399.3179931640625
S100DD7A_1.xbrl,E02362,7951.T,2018-06-26,\\Nas\nas1\Documents\Education\2021 EDHEC Exec PhD\5 Pipeline\data\interim\paper1\data\E02362\S100DD7A_1.xbrl,ok,,197255025,438932000000,274843000000,-23731000000,,197255025,376757097750.0,26.654866513691616,2018-06-26,1910.0,1703.69921875
S100G30Y_1.xbrl,E02362,7951.T,2019-06-25,\\Nas\nas1\Documents\Education\2021 EDHEC Exec PhD\5 Pipeline\data\interim\paper1\data\E02362\S100G30Y_1.xbrl,ok,,197255025,530034000000,348752000000,-48556000000,11919300,197255025,337306092750.0,26.544256642147644,2019-06-25,1710.0,1541.3526611328125
S100J2XX_1.xbrl,E02362,7951.T,2020-06-30,\\Nas\nas1\Documents\Education\2021 EDHEC Exec PhD\5 Pipeline\data\interim\paper1\data\E02362\S100J2XX_1.xbrl,ok,,197255025,558535000000,303889000000,-48556000000,15735000,197255025,333360992250.0,26.53249180056806,2020-06-30,1690.0,1545.126220703125
S100LMW2_1.xbrl,E02362,7951.T,2021-06-25,\\Nas\nas1\Documents\Education\2021 EDHEC Exec PhD\5 Pipeline\data\interim\paper1\data\E02362\S100LMW2_1.xbrl,ok,,197255025,558535000000,367437000000,-65093000000,15756200,197255025,407002852197.345,26.732086030220337,2021-06-25,2063.333251953125,1909.0001220703125
S100O9VG_1.xbrl,E02362,7951.T,2022-06-23,\\Nas\nas1\Documents\Education\2021 EDHEC Exec PhD\5 Pipeline\data\interim\paper1\data\E02362\S100O9VG_1.xbrl,ok,,197255025,558535000000,388345000000,-65086000000,15756700,197255025,345853818526.3275,26.56928203292187,2022-06-23,1753.3333740234375,1639.4326171875
S100D6WC_1.xbrl,E02367,7974.T,2018-06-29,\\Nas\nas1\Documents\Education\2021 EDHEC Exec PhD\5 Pipeline\data\interim\paper1\data\E02367\S100D6WC_1.xbrl,ok,,141669000,1306410000000,1118438000000,-250601000000,,141669000,512841780000.0,26.963233213492995,2018-06-29,3620.0,2967.677490234375
S100G23Z_1.xbrl,E02367,7974.T,2019-06-28,\\Nas\nas1\Documents\Education\2021 EDHEC Exec PhD\5 Pipeline\data\interim\paper1\data\E02367\S100G23Z_1.xbrl,ok,,141669000,1352944000000,1167556000000,-250679000000,12544200,141669000,559450881000.0,27.050221569959827,2019-06-28,3949.0,3317.1005859375
S100ITKB_1.xbrl,E02367,7974.T,2020-06-29,\\Nas\nas1\Documents\Education\2021 EDHEC Exec PhD\5 Pipeline\data\interim\paper1\data\E02367\S100ITKB_1.xbrl,ok,,141669000,1296902000000,1160901000000,-156755000000,12545300,141669000,680577876000.0,27.24620809187305,2020-06-29,4804.0,4146.423828125
S100LK4Y_1.xbrl,E02367,7974.T,2021-06-30,\\Nas\nas1\Documents\Education\2021 EDHEC Exec PhD\5 Pipeline\data\interim\paper1\data\E02367\S100LK4Y_1.xbrl,ok,,141669000,1468452000000,1250972000000,-156798000000,12546200,141669000,915465078000.0,27.54269805505762,2021-06-30,6462.0,5779.72705078125
S100O9PP_1.xbrl,E02367,7974.T,2022-06-30,\\Nas\nas1\Documents\Education\2021 EDHEC Exec PhD\5 Pipeline\data\interim\paper1\data\E02367\S100O9PP_1.xbrl,ok,,141669000,1633474000000,1323574000000,-156851000000,12547000,141669000,831313692000.0,27.44627304793605,2022-06-30,5868.0,5424.228515625
S100D9OG_1.xbrl,E02497,8001.T,2018-06-22,\\Nas\nas1\Documents\Education\2021 EDHEC Exec PhD\5 Pipeline\data\interim\paper1\data\E02497\S100D9OG_1.xbrl,ok,,1584889000,7784851000000,2522823000000,-121326000000,,1584889000,635223491853.2106,27.17724272959158,2018-06-22,400.7999877929688,317.05859375
S100G06K_1.xbrl,E02497,8001.T,2019-06-21,\\Nas\nas1\Documents\Education\2021 EDHEC Exec PhD\5 Pipeline\data\interim\paper1\data\E02497\S100G06K_1.xbrl,ok,,1662889000,8560701000000,956014000000,-150208000000,64161100,1662889000,689101191450.531,27.25865396430319,2019-06-21,414.3999938964844,341.0791320800781
S100ITS8_1.xbrl,E02497,8001.T,2020-06-19,\\Nas\nas1\Documents\Education\2021 EDHEC Exec PhD\5 Pipeline\data\interim\paper1\data\E02497\S100ITS8_1.xbrl,ok,,1662889000,8036395000000,927125000000,-105601000000,95403800,1662889000,773575983098.9381,27.37428973497138,2020-06-19,465.2000122070313,397.3225402832031
S100LJXI_1.xbrl,E02497,8001.T,2021-06-18,\\Nas\nas1\Documents\Education\2021 EDHEC Exec PhD\5 Pipeline\data\interim\paper1\data\E02497\S100LJXI_1.xbrl,ok,,1662889000,8122032000000,975726000000,-167338000000,99563600,1662889000,1090522585901.062,27.71767813388307,2021-06-18,655.7999877929688,576.1034545898438
S100DAN9_1.xbrl,E02498,8002.T,2018-06-22,\\Nas\nas1\Documents\Education\2021 EDHEC Exec PhD\5 Pipeline\data\interim\paper1\data\E02498\S100DAN9_1.xbrl,ok,,1737941000,7256085000000,462973000000,-1347000000,,1737941000,1442317278330.2002,27.997272157170283,2018-06-22,829.9000244140625,608.1820678710938
S100G4LQ_1.xbrl,E02498,8002.T,2019-06-21,\\Nas\nas1\Documents\Education\2021 EDHEC Exec PhD\5 Pipeline\data\interim\paper1\data\E02498\S100G4LQ_1.xbrl,ok,,1737941000,7673064000000,378071000000,-1379000000,2589100,1737941000,1266090018500.0,27.866954541783063,2019-06-21,728.5,554.587890625
S100IU0U_1.xbrl,E02498,8002.T,2020-06-19,\\Nas\nas1\Documents\Education\2021 EDHEC Exec PhD\5 Pipeline\data\interim\paper1\data\E02498\S100IU0U_1.xbrl,ok,,1737941000,7117686000000,562495000000,-1384000000,2212800,1737941000,886349910000.0,27.510377641866175,2020-06-19,510.0,409.5832824707031
S100LO78_1.xbrl,E02498,8002.T,2021-06-24,\\Nas\nas1\Documents\Education\2021 EDHEC Exec PhD\5 Pipeline\data\interim\paper1\data\E02498\S100LO78_1.xbrl,ok,,1737941000,6896733000000,592074000000,-1172000000,1501500,1737941000,1707527032500.0,28.16606725989122,2021-06-24,982.5,812.47900390625
S100OE5O_1.xbrl,E02498,8002.T,2022-06-24,\\Nas\nas1\Documents\Education\2021 EDHEC Exec PhD\5 Pipeline\data\interim\paper1\data\E02498\S100OE5O_1.xbrl,ok,,1737941000,6877117000000,622759000000,-772000000,16356600,1737941000,2114205226500.0,28.379700078371382,2022-06-24,1216.5,1060.2545166015625
S100D7Y2_1.xbrl,E02505,8015.T,2018-06-21,\\Nas\nas1\Documents\Education\2021 EDHEC Exec PhD\5 Pipeline\data\interim\paper1\data\E02505\S100D7Y2_1.xbrl,ok,,354056000,4589526000000,1156080000000,-3297000000,,354056000,447290761073.2422,26.826474692294283,2018-06-21,1263.3333740234375,991.34326171875
S100G420_1.xbrl,E02505,8015.T,2019-06-25,\\Nas\nas1\Documents\Education\2021 EDHEC Exec PhD\5 Pipeline\data\interim\paper1\data\E02505\S100G420_1.xbrl,ok,,354056000,4589526000000,1304483000000,-3578000000,2165400,354056000,390051678926.7578,26.68954507736003,2019-06-25,1101.6666259765625,886.8175659179688
S100IVAP_1.xbrl,E02505,8015.T,2020-06-23,\\Nas\nas1\Documents\Education\2021 EDHEC Exec PhD\5 Pipeline\data\interim\paper1\data\E02505\S100IVAP_1.xbrl,ok,,354056000,4053391000000,1055777000000,-3596000000,2206600,354056000,332812640000.0,26.530845525941444,2020-06-23,940.0,783.6162719726562
S100LJ65_1.xbrl,E02505,8015.T,2021-06-24,\\Nas\nas1\Documents\Education\2021 EDHEC Exec PhD\5 Pipeline\data\interim\paper1\data\E02505\S100LJ65_1.xbrl,ok,,354056000,4212064000000,1151969000000,-3735000000,2213000,354056000,629039478926.7578,27.167459856266678,2021-06-24,1776.6666259765625,1525.46142578125
S100OD08_1.xbrl,E02505,8015.T,2022-06-24,\\Nas\nas1\Documents\Education\2021 EDHEC Exec PhD\5 Pipeline\data\interim\paper1\data\E02505\S100OD08_1.xbrl,ok,,354056000,4310043000000,558898000000,-3760000000,2201000,354056000,518692040000.0,26.97457617212856,2022-06-24,1465.0,1296.289794921875
S100D8HX_1.xbrl,E02513,8031.T,2018-06-21,\\Nas\nas1\Documents\Education\2021 EDHEC Exec PhD\5 Pipeline\data\interim\paper1\data\E02513\S100D8HX_1.xbrl,ok,,1829154000,11491319000000,1433627000000,-54401000000,,1829154000,1671389467500.0,28.144676412890444,2018-06-21,913.75,692.1329956054688
S100G1Q4_1.xbrl,E02513,8031.T,2019-06-20,\\Nas\nas1\Documents\Education\2021 EDHEC Exec PhD\5 Pipeline\data\interim\paper1\data\E02513\S100G1Q4_1.xbrl,ok,,1796514000,12202921000000,1655842000000,-104399000000,4241400,1796514000,1584076219500.0,28.091022526534342,2019-06-20,881.75,696.794677734375
S100ITHC_1.xbrl,E02513,8031.T,2020-06-19,\\Nas\nas1\Documents\Education\2021 EDHEC Exec PhD\5 Pipeline\data\interim\paper1\data\E02513\S100ITHC_1.xbrl,ok,,1796514000,10910511000000,1556111000000,-7576000000,35154400,1796514000,1504131346500.0,28.039236669092496,2020-06-19,837.25,693.4662475585938
S100LJUR_1.xbrl,E02513,8031.T,2021-06-18,\\Nas\nas1\Documents\Education\2021 EDHEC Exec PhD\5 Pipeline\data\interim\paper1\data\E02513\S100LJUR_1.xbrl,ok,,1796514000,11501013000000,1631739000000,-65138000000,44823000,1796514000,2252828556000.0,28.443207678611046,2021-06-18,1254.0,1078.942626953125
S100OBDU_1.xbrl,E02513,8031.T,2022-06-22,\\Nas\nas1\Documents\Education\2021 EDHEC Exec PhD\5 Pipeline\data\interim\paper1\data\E02513\S100OBDU_1.xbrl,ok,,1796514000,11306660000000,1983597000000,-89473000000,37660100,1796514000,2703753570000.0,28.625662134601157,2022-06-22,1505.0,1342.3255615234375
S100D6W6_1.xbrl,E02652,8035.T,2018-06-19,\\Nas\nas1\Documents\Education\2021 EDHEC Exec PhD\5 Pipeline\data\interim\paper1\data\E02652\S100D6W6_1.xbrl,ok,,180610000,828591000000,590613000000,-7766000000,,180610000,1117072850000.0,27.741732853226434,2018-06-19,6185.0,5019.912109375
S100FZBW_1.xbrl,E02652,8035.T,2019-06-18,\\Nas\nas1\Documents\Education\2021 EDHEC Exec PhD\5 Pipeline\data\interim\paper1\data\E02652\S100FZBW_1.xbrl,ok,,180610000,876153000000,641162000000,-7518000000,1002800,180610000,850071037270.5078,27.468585756198145,2019-06-18,4706.66650390625,4003.858642578125
S100IVX0_1.xbrl,E02652,8035.T,2020-06-23,\\Nas\nas1\Documents\Education\2021 EDHEC Exec PhD\5 Pipeline\data\interim\paper1\data\E02652\S100IVX0_1.xbrl,ok,,165210000,793367000000,564239000000,-11821000000,1213500,165210000,1406487746220.7031,27.972116752588605,2020-06-23,8513.3330078125,7446.59619140625
S100LJ5R_1.xbrl,E02652,8035.T,2021-06-17,\\Nas\nas1\Documents\Education\2021 EDHEC Exec PhD\5 Pipeline\data\interim\paper1\data\E02652\S100LJ5R_1.xbrl,ok,,165210000,957447000000,645999000000,-29310000000,1044300,165210000,2711096100000.0,28.62837413399091,2021-06-17,16410.0,14648.46484375
S100OA3X_1.xbrl,E02652,8035.T,2022-06-21,\\Nas\nas1\Documents\Education\2021 EDHEC Exec PhD\5 Pipeline\data\interim\paper1\data\E02652\S100OA3X_1.xbrl,ok,,165210000,1202796000000,771509000000,-30744000000,851000,165210000,2571769053779.297,28.575615125807055,2022-06-21,15566.6669921875,14235.5126953125
S100D9AW_1.xbrl,E02528,8053.T,2018-06-22,\\Nas\nas1\Documents\Education\2021 EDHEC Exec PhD\5 Pipeline\data\interim\paper1\data\E02528\S100D9AW_1.xbrl,ok,,1250602867,8668738000000,1031865000000,-3112000000,,1250602867,2284226136575.5,28.45704841182978,2018-06-22,1826.5,1288.906494140625
S100G2LA_1.xbrl,E02528,8053.T,2019-06-21,\\Nas\nas1\Documents\Education\2021 EDHEC Exec PhD\5 Pipeline\data\interim\paper1\data\E02528\S100G2LA_1.xbrl,ok,,1250602867,9021370000000,930090000000,-2796000000,2137100,1250602867,2012845314436.5,28.330570416333305,2019-06-21,1609.5,1185.9349365234375
S100ITZM_1.xbrl,E02528,8053.T,2020-06-19,\\Nas\nas1\Documents\Education\2021 EDHEC Exec PhD\5 Pipeline\data\interim\paper1\data\E02528\S100ITZM_1.xbrl,ok,,1250602867,7817818000000,873950000000,-2501000000,1784000,1250602867,1587640339656.5,28.09326996673918,2020-06-19,1269.5,985.6337280273438
S100LJW1_1.xbrl,E02528,8053.T,2021-06-18,\\Nas\nas1\Documents\Education\2021 EDHEC Exec PhD\5 Pipeline\data\interim\paper1\data\E02528\S100LJW1_1.xbrl,ok,,1250602867,7761794000000,962127000000,-2276000000,1625300,1250602867,1849641640293.0,28.246013028305242,2021-06-18,1479.0,1204.8641357421875
S100OE28_1.xbrl,E02528,8053.T,2022-06-24,\\Nas\nas1\Documents\Education\2021 EDHEC Exec PhD\5 Pipeline\data\interim\paper1\data\E02528\S100OE28_1.xbrl,ok,,1250602867,7770632000000,1110837000000,-2063000000,1480800,1250602867,2257963476368.5,28.445484406311955,2022-06-24,1805.5,1558.170654296875
S100D97M_1.xbrl,E02529,8058.T,2018-06-22,\\Nas\nas1\Documents\Education\2021 EDHEC Exec PhD\5 Pipeline\data\interim\paper1\data\E02529\S100D97M_1.xbrl,ok,,1653505000,15901125000000,2518119000000,-12115000000,,1653505000,1704212419385.376,28.16412419583007,2018-06-22,1030.6666259765625,773.6815185546875
S100G3H5_1.xbrl,E02529,8058.T,2019-06-21,\\Nas\nas1\Documents\Education\2021 EDHEC Exec PhD\5 Pipeline\data\interim\paper1\data\E02529\S100G3H5_1.xbrl,ok,,1624036000,16774366000000,2690523000000,-10970000000,3161500,1624036000,1565299998292.2363,28.079098613749576,2019-06-21,963.8333129882812,750.7888793945312
S100ISK7_1.xbrl,E02529,8058.T,2020-06-19,\\Nas\nas1\Documents\Education\2021 EDHEC Exec PhD\5 Pipeline\data\interim\paper1\data\E02529\S100ISK7_1.xbrl,ok,,1590076000,14916256000000,2336230000000,-8279000000,102211900,1590076000,1249534690983.1543,27.85379235072809,2020-06-19,785.8333129882812,644.6153564453125
S100LHA9_1.xbrl,E02529,8058.T,2021-06-25,\\Nas\nas1\Documents\Education\2021 EDHEC Exec PhD\5 Pipeline\data\interim\paper1\data\E02529\S100LHA9_1.xbrl,ok,,1590076000,15753557000000,2410021000000,-294580000000,6259900,1590076000,1637248189966.3086,28.124038015511093,2021-06-25,1029.6666259765625,884.6027221679688
S100O6ZR_1.xbrl,E02529,8058.T,2022-06-24,\\Nas\nas1\Documents\Education\2021 EDHEC Exec PhD\5 Pipeline\data\interim\paper1\data\E02529\S100O6ZR_1.xbrl,ok,,1590076000,16036989000000,2688097000000,-26750000000,5914000,1590076000,2098370229966.3086,28.372182078382764,2022-06-24,1319.6666259765625,1176.3214111328125
S100D035_1.xbrl,E03013,8233.T,2018-05-24,\\Nas\nas1\Documents\Education\2021 EDHEC Exec PhD\5 Pipeline\data\interim\paper1\data\E03013\S100D035_1.xbrl,ok,,330827000,902139000000,364912000000,-6160000000,,330827000,301052570000.0,26.43055073760834,2018-05-24,910.0,777.9873046875
S100FU34_1.xbrl,E03013,8233.T,2019-05-23,\\Nas\nas1\Documents\Education\2021 EDHEC Exec PhD\5 Pipeline\data\interim\paper1\data\E03013\S100FU34_1.xbrl,ok,,355518000,979611000000,408477000000,-6170000000,,355518000,214021836000.0,26.08934388414598,2019-05-23,602.0,522.1875
S100IMVM_1.xbrl,E03013,8233.T,2020-05-21,\\Nas\nas1\Documents\Education\2021 EDHEC Exec PhD\5 Pipeline\data\interim\paper1\data\E03013\S100IMVM_1.xbrl,ok,,355518000,974421000000,407386000000,-6177000000,11026100,355518000,174381579000.0,25.884511717842578,2020-05-21,490.5,434.6205139160156
S100LEJ4_1.xbrl,E03013,8233.T,2021-05-27,\\Nas\nas1\Documents\Education\2021 EDHEC Exec PhD\5 Pipeline\data\interim\paper1\data\E03013\S100LEJ4_1.xbrl,ok,,355518000,986464000000,421890000000,-15993000000,11026300,355518000,212422005000.0,26.081840722642823,2021-05-27,597.5,543.1392822265625
S100O42J_1.xbrl,E03013,8233.T,2022-05-26,\\Nas\nas1\Documents\Education\2021 EDHEC Exec PhD\5 Pipeline\data\interim\paper1\data\E03013\S100O42J_1.xbrl,ok,,355518000,1035807000000,449526000000,-15993000000,11027000,355518000,224865135000.0,26.138766659438836,2022-05-26,632.5,587.4766235351562
S100DBO6_1.xbrl,E03040,8252.T,2018-06-25,\\Nas\nas1\Documents\Education\2021 EDHEC Exec PhD\5 Pipeline\data\interim\paper1\data\E03040\S100DBO6_1.xbrl,ok,,318660417,664019000000,315889000000,-7389000000,,318660417,745346715363.0,27.337115336814744,2018-06-25,2339.0,1877.014404296875
S100G1XH_1.xbrl,E03040,8252.T,2019-06-20,\\Nas\nas1\Documents\Education\2021 EDHEC Exec PhD\5 Pipeline\data\interim\paper1\data\E03040\S100G1XH_1.xbrl,ok,,278660417,675627000000,307255000000,-22389000000,5712400,278660417,632837807007.0,27.173479997201444,2019-06-20,2271.0,1859.33642578125
S100JDKZ_1.xbrl,E03040,8252.T,2020-08-06,\\Nas\nas1\Documents\Education\2021 EDHEC Exec PhD\5 Pipeline\data\interim\paper1\data\E03040\S100JDKZ_1.xbrl,ok,,278660417,730126000000,282101000000,-12327000000,8703200,278660417,444742025532.0,26.820760233105638,2020-08-06,1596.0,1337.2900390625
S100LQTO_1.xbrl,E03040,8252.T,2021-06-25,\\Nas\nas1\Documents\Education\2021 EDHEC Exec PhD\5 Pipeline\data\interim\paper1\data\E03040\S100LQTO_1.xbrl,ok,,233660417,806575000000,274339000000,-19661000000,8704000,233660417,510781671562.0,26.95920807863252,2021-06-25,2186.0,1877.4676513671875
S100OGQ4_1.xbrl,E03040,8252.T,2022-06-29,\\Nas\nas1\Documents\Education\2021 EDHEC Exec PhD\5 Pipeline\data\interim\paper1\data\E03040\S100OGQ4_1.xbrl,ok,,233660417,865887000000,274900000000,-19662000000,7736500,233660417,552139565371.0,27.037066687082948,2022-06-29,2363.0,2077.66552734375
S100D89Z_1.xbrl,E03041,8253.T,2018-06-20,\\Nas\nas1\Documents\Education\2021 EDHEC Exec PhD\5 Pipeline\data\interim\paper1\data\E03041\S100D89Z_1.xbrl,ok,,185444772,2285943000000,422829000000,-52879000000,,185444772,329349915072.0,26.520386594167586,2018-06-20,1776.0,1388.4775390625
S100G283_1.xbrl,E03041,8253.T,2019-06-20,\\Nas\nas1\Documents\Education\2021 EDHEC Exec PhD\5 Pipeline\data\interim\paper1\data\E03041\S100G283_1.xbrl,ok,,185444772,2745804000000,447082000000,-52879000000,22034200,185444772,230136962052.0,26.16194045582008,2019-06-20,1241.0,999.3013305664062
S100ITIG_1.xbrl,E03041,8253.T,2020-06-18,\\Nas\nas1\Documents\Education\2021 EDHEC Exec PhD\5 Pipeline\data\interim\paper1\data\E03041\S100ITIG_1.xbrl,ok,,185444772,2745804000000,418988000000,-52881000000,29134900,185444772,252204889920.0,26.25350764934557,2020-06-18,1360.0,1134.051025390625
S100LN7Q_1.xbrl,E03041,8253.T,2021-06-23,\\Nas\nas1\Documents\Education\2021 EDHEC Exec PhD\5 Pipeline\data\interim\paper1\data\E03041\S100LN7Q_1.xbrl,ok,,185444772,2745804000000,446882000000,-62881000000,29102700,185444772,254430227184.0,26.2622924789013,2021-06-23,1372.0,1182.419921875
S100OCL9_1.xbrl,E03041,8253.T,2022-06-22,\\Nas\nas1\Documents\Education\2021 EDHEC Exec PhD\5 Pipeline\data\interim\paper1\data\E03041\S100OCL9_1.xbrl,ok,,185444772,2946978000000,480669000000,-62808000000,29070300,185444772,289664733864.0,26.391990001015103,2022-06-22,1562.0,1404.4188232421875
S100D0P3_1.xbrl,E03061,8267.T,2018-05-24,\\Nas\nas1\Documents\Education\2021 EDHEC Exec PhD\5 Pipeline\data\interim\paper1\data\E03061\S100D0P3_1.xbrl,ok,,846396000,6815241000000,1684569000000,-40709000000,,846396000,609264036780.0293,27.13551756862831,2018-05-24,719.8333129882812,646.591552734375
S100FUCN_1.xbrl,E03061,8267.T,2019-05-30,\\Nas\nas1\Documents\Education\2021 EDHEC Exec PhD\5 Pipeline\data\interim\paper1\data\E03061\S100FUCN_1.xbrl,ok,,871924000,7859803000000,1829980000000,-38962000000,,871924000,547568272000.0,27.028752988579846,2019-05-30,628.0,572.1856689453125
S100INDK_1.xbrl,E03061,8267.T,2020-05-25,\\Nas\nas1\Documents\Education\2021 EDHEC Exec PhD\5 Pipeline\data\interim\paper1\data\E03061\S100INDK_1.xbrl,ok,,871924000,8225874000000,1819474000000,-36290000000,24631600,871924000,668475084406.0059,27.228264961897803,2020-05-25,766.6666870117188,711.319091796875
S100LDRR_1.xbrl,E03061,8267.T,2021-05-27,\\Nas\nas1\Documents\Education\2021 EDHEC Exec PhD\5 Pipeline\data\interim\paper1\data\E03061\S100LDRR_1.xbrl,ok,,871924000,8750856000000,1862410000000,-42455000000,22078500,871924000,839372188406.0059,27.45592005459031,2021-05-27,962.6666870117188,903.8882446289062
S100O3HQ_1.xbrl,E03061,8267.T,2022-05-26,\\Nas\nas1\Documents\Education\2021 EDHEC Exec PhD\5 Pipeline\data\interim\paper1\data\E03061\S100O3HQ_1.xbrl,ok,,871924000,9452756000000,1916737000000,-36601000000,21990400,871924000,674433214000.0,27.23713849212477,2022-05-26,773.5,736.0552978515625
S100DGLL_1.xbrl,E03531,8304.T,2018-06-28,\\Nas\nas1\Documents\Education\2021 EDHEC Exec PhD\5 Pipeline\data\interim\paper1\data\E03531\S100DGLL_1.xbrl,ok,,1650147000,4805439000000,516038000000,-3387000000,,1650147000,6955369605000.0,29.570535082235587,2018-06-28,4215.0,2945.306640625
S100G83Q_1.xbrl,E03531,8304.T,2019-06-26,\\Nas\nas1\Documents\Education\2021 EDHEC Exec PhD\5 Pipeline\data\interim\paper1\data\E03531\S100G83Q_1.xbrl,ok,,1650147000,4924472000000,567414000000,-3351000000,1611600,1650147000,4196323821000.0,29.06522997722175,2019-06-26,2543.0,1867.6412353515625
S100LPOX_1.xbrl,E03531,8304.T,2021-06-25,\\Nas\nas1\Documents\Education\2021 EDHEC Exec PhD\5 Pipeline\data\interim\paper1\data\E03531\S100LPOX_1.xbrl,ok,,1182894000,4586007000000,420345000000,-3297000000,1586500,1182894000,2967881046000.0,28.718869361589533,2021-06-25,2509.0,2048.07177734375
S100OD3U_1.xbrl,E03531,8304.T,2022-06-23,\\Nas\nas1\Documents\Education\2021 EDHEC Exec PhD\5 Pipeline\data\interim\paper1\data\E03531\S100OD3U_1.xbrl,ok,,118289000,4912792000000,437234000000,-3260000000,1517000,118289000,322810681000.0,26.500331861394542,2022-06-23,2729.0,2358.018310546875
S100GAAD_1.xbrl,E03606,8306.T,2019-06-27,\\Nas\nas1\Documents\Education\2021 EDHEC Exec PhD\5 Pipeline\data\interim\paper1\data\E03606\S100GAAD_1.xbrl,ok,,14168853820,286149768000000,17287533000000,-522158000000,721057100,14168853820,7254453155840.0,29.612636624625807,2019-06-27,512.0,395.1584167480469
S100LT95_1.xbrl,E03606,8306.T,2021-06-29,\\Nas\nas1\Documents\Education\2021 EDHEC Exec PhD\5 Pipeline\data\interim\paper1\data\E03606\S100LT95_1.xbrl,ok,,14168853820,303297433000000,16658394000000,-505518000000,710854900,14168853820,8523982112192.717,29.77390473164004,2021-06-29,601.5999755859375,512.8026123046875
S100OG6F_1.xbrl,E03606,8306.T,2022-06-27,\\Nas\nas1\Documents\Education\2021 EDHEC Exec PhD\5 Pipeline\data\interim\paper1\data\E03606\S100OG6F_1.xbrl,ok,,13900028020,306937415000000,17295037000000,-502794000000,636014300,13900028020,10227640447437.924,29.95611501898889,2022-06-27,735.7999877929688,651.6072387695312
S100CZ02_1.xbrl,E03610,8308.T,2018-06-26,\\Nas\nas1\Documents\Education\2021 EDHEC Exec PhD\5 Pipeline\data\interim\paper1\data\E03610\S100CZ02_1.xbrl,ok,,2324118000,44719434000000,1956412000000,-1181000000,,2324118000,1373088886029.419,27.94808397916913,2018-06-26,590.7999877929688,449.5630493164063
S100G1MK_1.xbrl,E03610,8308.T,2019-06-25,\\Nas\nas1\Documents\Education\2021 EDHEC Exec PhD\5 Pipeline\data\interim\paper1\data\E03610\S100G1MK_1.xbrl,ok,,2324118000,46586565000000,2143379000000,-5250000000,982500,2324118000,1025168463985.2905,27.655878070121698,2019-06-25,441.1000061035156,348.48095703125
S100IV1N_1.xbrl,E03610,8308.T,2020-06-23,\\Nas\nas1\Documents\Education\2021 EDHEC Exec PhD\5 Pipeline\data\interim\paper1\data\E03610\S100IV1N_1.xbrl,ok,,2324118000,49126435000000,1833470000000,-4213000000,22696800,2324118000,878516604000.0,27.50150064479336,2020-06-23,378.0,314.4730834960937
S100LOV9_1.xbrl,E03610,8308.T,2021-06-25,\\Nas\nas1\Documents\Education\2021 EDHEC Exec PhD\5 Pipeline\data\interim\paper1\data\E03610\S100LOV9_1.xbrl,ok,,2324118000,48456133000000,1946779000000,-12880000000,997300,2324118000,1020520227985.2905,27.6513336406415,2021-06-25,439.1000061035156,384.0161743164063
S100OEJM_1.xbrl,E03610,8308.T,2022-06-28,\\Nas\nas1\Documents\Education\2021 EDHEC Exec PhD\5 Pipeline\data\interim\paper1\data\E03610\S100OEJM_1.xbrl,ok,,2324118000,50243789000000,2102936000000,-2478000000,906500,2324118000,1204125479058.838,27.816774675872214,2022-06-28,518.0999755859375,472.3922119140625
S100DANN_1.xbrl,E03611,8309.T,2018-06-29,\\Nas\nas1\Documents\Education\2021 EDHEC Exec PhD\5 Pipeline\data\interim\paper1\data\E03611\S100DANN_1.xbrl,ok,,3903486000,41889413000000,2441043000000,-34061000000,,3903486000,8574006999000.0,29.779756300409108,2018-06-29,2196.5,1622.105712890625
S100ITHH_1.xbrl,E03611,8309.T,2020-06-29,\\Nas\nas1\Documents\Education\2021 EDHEC Exec PhD\5 Pipeline\data\interim\paper1\data\E03611\S100ITHH_1.xbrl,ok,,3903486000,58229948000000,2704511000000,-51222000000,326100,3903486000,5715679375500.0,29.374234281963165,2020-06-29,1464.25,1163.677490234375
S100LMPB_1.xbrl,E03611,8309.T,2021-06-24,\\Nas\nas1\Documents\Education\2021 EDHEC Exec PhD\5 Pipeline\data\interim\paper1\data\E03611\S100LMPB_1.xbrl,ok,,390348000,65453725000000,2791682000000,-2855000000,323700,390348000,708676794000.0,27.286665397764818,2021-06-24,1815.5,1508.717529296875
S100O9U5_1.xbrl,E03611,8309.T,2022-06-24,\\Nas\nas1\Documents\Education\2021 EDHEC Exec PhD\5 Pipeline\data\interim\paper1\data\E03611\S100O9U5_1.xbrl,ok,,390348000,68356798000000,2872325000000,-2815000000,324400,390348000,832417110000.0,27.447599486276264,2022-06-24,2132.5,1846.6480712890625
S100DHOM_1.xbrl,E03614,8316.T,2018-06-28,\\Nas\nas1\Documents\Education\2021 EDHEC Exec PhD\5 Pipeline\data\interim\paper1\data\E03614\S100DHOM_1.xbrl,ok,,1414055625,161534387000000,9005019000000,-12913000000,,1414055625,2024456245586.9292,28.3363222597311,2018-06-28,1431.6666259765625,1014.4229736328124
S100GB0P_1.xbrl,E03614,8316.T,2019-06-27,\\Nas\nas1\Documents\Education\2021 EDHEC Exec PhD\5 Pipeline\data\interim\paper1\data\E03614\S100GB0P_1.xbrl,ok,,1414055625,183442585000000,10696271000000,-12493000000,3801100,1414055625,1793022532500.0,28.214923877399517,2019-06-27,1268.0,937.39013671875
S100J1VI_1.xbrl,E03614,8316.T,2020-06-26,\\Nas\nas1\Documents\Education\2021 EDHEC Exec PhD\5 Pipeline\data\interim\paper1\data\E03614\S100J1VI_1.xbrl,ok,,1414055625,186585842000000,10447669000000,-16302000000,3645200,1414055625,1448464369413.0708,28.00152505558822,2020-06-26,1024.3333740234375,802.84716796875
S100LU5N_1.xbrl,E03614,8316.T,2021-06-29,\\Nas\nas1\Documents\Education\2021 EDHEC Exec PhD\5 Pipeline\data\interim\paper1\data\E03614\S100LU5N_1.xbrl,ok,,1414055625,197791611000000,11234286000000,-13983000000,3612500,1414055625,1816590068711.9292,28.227982271034882,2021-06-29,1284.6666259765625,1062.8292236328125
S100OCJ8_1.xbrl,E03614,8316.T,2022-06-22,\\Nas\nas1\Documents\Education\2021 EDHEC Exec PhD\5 Pipeline\data\interim\paper1\data\E03614\S100OCJ8_1.xbrl,ok,,1414443390,199049128000000,11612892000000,-13698000000,3542500,1414443390,1909970115183.8489,28.278108711364077,2022-06-22,1350.3333740234375,1175.792724609375
S100DEJJ_1.xbrl,E03556,8331.T,2018-06-28,\\Nas\nas1\Documents\Education\2021 EDHEC Exec PhD\5 Pipeline\data\interim\paper1\data\E03556\S100DEJJ_1.xbrl,ok,,875521000,12023627000000,766187000000,-52219000000,,875521000,683781901000.0,27.250904845535747,2018-06-28,781.0,625.4990844726562
S100G8AJ_1.xbrl,E03556,8331.T,2019-06-27,\\Nas\nas1\Documents\Education\2021 EDHEC Exec PhD\5 Pipeline\data\interim\paper1\data\E03556\S100G8AJ_1.xbrl,ok,,875521000,12969442000000,858747000000,-59256000000,79121700,875521000,470154777000.0,26.876327790204925,2019-06-27,537.0,440.15667724609375
S100LRSD_1.xbrl,E03556,8331.T,2021-06-28,\\Nas\nas1\Documents\Education\2021 EDHEC Exec PhD\5 Pipeline\data\interim\paper1\data\E03556\S100LRSD_1.xbrl,ok,,875521000,14095743000000,900550000000,-49194000000,72602700,875521000,604985011000.0,27.12846951946373,2021-06-28,691.0,601.31982421875
S100OJJY_1.xbrl,E03556,8331.T,2022-06-29,\\Nas\nas1\Documents\Education\2021 EDHEC Exec PhD\5 Pipeline\data\interim\paper1\data\E03556\S100OJJY_1.xbrl,ok,,865521000,14381815000000,943236000000,-49121000000,78374000,865521000,643082103000.0,27.18953824043549,2022-06-29,743.0,667.4845581054688
S100DGVR_1.xbrl,E03624,8354.T,2018-06-28,\\Nas\nas1\Documents\Education\2021 EDHEC Exec PhD\5 Pipeline\data\interim\paper1\data\E03624\S100DGVR_1.xbrl,ok,,859761000,14125998000000,745778000000,-343000000,,859761000,2338549920000.0,28.480552160901826,2018-06-28,2720.0,2066.852294921875
S100GARS_1.xbrl,E03624,8354.T,2019-06-27,\\Nas\nas1\Documents\Education\2021 EDHEC Exec PhD\5 Pipeline\data\interim\paper1\data\E03624\S100GARS_1.xbrl,ok,,859761000,15661794000000,778093000000,-364000000,200600,859761000,1689430365000.0,28.155412525915146,2019-06-27,1965.0,1522.47900390625
S100J189_1.xbrl,E03624,8354.T,2020-06-26,\\Nas\nas1\Documents\Education\2021 EDHEC Exec PhD\5 Pipeline\data\interim\paper1\data\E03624\S100J189_1.xbrl,ok,,859761000,16406109000000,784691000000,-391000000,1037700,859761000,1494264618000.0,28.03265530743712,2020-06-26,1738.0,1410.66748046875
S100OKIR_1.xbrl,E03624,8354.T,2022-06-29,\\Nas\nas1\Documents\Education\2021 EDHEC Exec PhD\5 Pipeline\data\interim\paper1\data\E03624\S100OKIR_1.xbrl,ok,,859761000,20163679000000,778973000000,-2453000000,1045700,859761000,2099536362000.0,28.372737656282432,2022-06-29,2442.0,2157.018310546875
S100G5KA_1.xbrl,E03615,8411.T,2019-06-24,\\Nas\nas1\Documents\Education\2021 EDHEC Exec PhD\5 Pipeline\data\interim\paper1\data\E03615\S100G5KA_1.xbrl,ok,,24621897000,189684749000000,9800538000000,-5997000000,6520100,24621897000,38065452762000.0,31.2703282350597,2019-06-24,1546.0,1157.3792724609375
S100J1VW_1.xbrl,E03615,8411.T,2020-06-26,\\Nas\nas1\Documents\Education\2021 EDHEC Exec PhD\5 Pipeline\data\interim\paper1\data\E03615\S100J1VW_1.xbrl,ok,,25030525000,193458580000000,9353244000000,-7703000000,3622400,25030525000,33490842450000.0,31.142293157688503,2020-06-26,1338.0,1053.306396484375
S100OCNV_1.xbrl,E03615,8411.T,2022-06-22,\\Nas\nas1\Documents\Education\2021 EDHEC Exec PhD\5 Pipeline\data\interim\paper1\data\E03615\S100OCNV_1.xbrl,ok,,25389644000,205028300000000,9821246000000,-7124000000,684900,25389644000,39557065352000.0,31.30876543772718,2022-06-22,1558.0,1353.59228515625
S100DEE2_1.xbrl,E03753,8601.T,2018-06-28,\\Nas\nas1\Documents\Education\2021 EDHEC Exec PhD\5 Pipeline\data\interim\paper1\data\E03753\S100DEE2_1.xbrl,ok,,1749378000,19480863000000,1253462000000,-12719000000,,1749378000,1107356274000.0,27.732996555274877,2018-06-28,633.0,446.7844543457031
S100G8MJ_1.xbrl,E03753,8601.T,2019-06-27,\\Nas\nas1\Documents\Education\2021 EDHEC Exec PhD\5 Pipeline\data\interim\paper1\data\E03753\S100G8MJ_1.xbrl,ok,,1749378000,23001585000000,1434680000000,-54310000000,133081400,1749378000,838301958954.712,27.45464420540571,2019-06-27,479.2000122070313,349.619384765625
S100IYG9_1.xbrl,E03753,8601.T,2020-06-26,\\Nas\nas1\Documents\Education\2021 EDHEC Exec PhD\5 Pipeline\data\interim\paper1\data\E03753\S100IYG9_1.xbrl,ok,,1749378000,20420818000000,1313005000000,-87320000000,179906400,1749378000,798066264954.712,27.405457469739055,2020-06-26,456.2000122070313,347.01666259765625
S100LLQZ_1.xbrl,E03753,8601.T,2021-06-24,\\Nas\nas1\Documents\Education\2021 EDHEC Exec PhD\5 Pipeline\data\interim\paper1\data\E03753\S100LLQZ_1.xbrl,ok,,1699378000,19827296000000,1343433000000,-110351000000,175501700,1699378000,1045627262655.6396,27.67563807261165,2021-06-24,615.2999877929688,500.90380859375
S100OL76_1.xbrl,E03753,8601.T,2022-06-29,\\Nas\nas1\Documents\Education\2021 EDHEC Exec PhD\5 Pipeline\data\interim\paper1\data\E03753\S100OL76_1.xbrl,ok,,1699378000,21135041000000,1370520000000,-107646000000,216066400,1699378000,1030672757000.0,27.661232867088465,2022-06-29,606.5,517.7168579101562
S100DG55_1.xbrl,E23924,8630.T,2018-06-28,\\Nas\nas1\Documents\Education\2021 EDHEC Exec PhD\5 Pipeline\data\interim\paper1\data\E23924\S100DG55_1.xbrl,ok,,415352000,9499799000000,1390153000000,-71459000000,,415352000,615828548432.6172,27.146234431272287,2018-06-28,1482.6666259765625,1118.77685546875
S100GBWQ_1.xbrl,E23924,8630.T,2019-06-27,\\Nas\nas1\Documents\Education\2021 EDHEC Exec PhD\5 Pipeline\data\interim\paper1\data\E23924\S100GBWQ_1.xbrl,ok,,415352000,10253431000000,1829852000000,-128182000000,356000,415352000,571109000000.0,27.070845921554515,2019-06-27,1375.0,1067.94140625
S100J284_1.xbrl,E23924,8630.T,2020-06-26,\\Nas\nas1\Documents\Education\2021 EDHEC Exec PhD\5 Pipeline\data\interim\paper1\data\E23924\S100J284_1.xbrl,ok,,415352000,10186746000000,1652839000000,-2902000000,8153800,415352000,511575196432.6172,26.960760423131415,2020-06-26,1231.6666259765625,992.9044189453124
S100LQU4_1.xbrl,E23924,8630.T,2021-06-25,\\Nas\nas1\Documents\Education\2021 EDHEC Exec PhD\5 Pipeline\data\interim\paper1\data\E23924\S100LQU4_1.xbrl,ok,,415352000,11931135000000,1868940000000,-38842000000,17384000,415352000,578169984000.0,27.08313375234821,2021-06-25,1392.0,1169.934326171875
S100OB0Z_1.xbrl,E23924,8630.T,2022-06-24,\\Nas\nas1\Documents\Education\2021 EDHEC Exec PhD\5 Pipeline\data\interim\paper1\data\E23924\S100OB0Z_1.xbrl,ok,,415352000,11948323000000,1916210000000,-73772000000,4136500,415352000,798445011567.3827,27.405931937568187,2022-06-24,1922.3333740234373,1680.7237548828125
S100D5CX_1.xbrl,E03814,8697.T,2018-06-13,\\Nas\nas1\Documents\Education\2021 EDHEC Exec PhD\5 Pipeline\data\interim\paper1\data\E03814\S100D5CX_1.xbrl,ok,,274534550,17479946000000,202018000000,-13506000000,,274534550,296497314000.0,26.415303996321235,2018-06-13,1080.0,872.9700317382812
S100FYCY_1.xbrl,E03814,8697.T,2019-06-12,\\Nas\nas1\Documents\Education\2021 EDHEC Exec PhD\5 Pipeline\data\interim\paper1\data\E03814\S100FYCY_1.xbrl,ok,,274534550,27746771000000,228771000000,-953000000,,274534550,237746920300.0,26.194472584765407,2019-06-12,866.0,724.5792236328125
S100ISA8_1.xbrl,E03814,8697.T,2020-06-16,\\Nas\nas1\Documents\Education\2021 EDHEC Exec PhD\5 Pipeline\data\interim\paper1\data\E03814\S100ISA8_1.xbrl,ok,,549069100,29546776000000,110107000000,-1213000000,,549069100,656137574500.0,27.209636321128528,2020-06-16,1195.0,1030.0853271484375
S100LHH8_1.xbrl,E03814,8697.T,2021-06-09,\\Nas\nas1\Documents\Education\2021 EDHEC Exec PhD\5 Pipeline\data\interim\paper1\data\E03814\S100LHH8_1.xbrl,ok,,549069100,41288932000000,111061000000,-1548000000,,549069100,690317125975.0,27.26041693181499,2021-06-09,1257.25,1108.224609375
S100O7N7_1.xbrl,E03814,8697.T,2022-06-09,\\Nas\nas1\Documents\Education\2021 EDHEC Exec PhD\5 Pipeline\data\interim\paper1\data\E03814\S100O7N7_1.xbrl,ok,,536351448,41316341000000,111970000000,-1825000000,,536351448,569739325638.0,27.068444769728643,2022-06-09,1062.25,962.9484252929688
S100DASK_1.xbrl,E03854,8725.T,2018-06-25,\\Nas\nas1\Documents\Education\2021 EDHEC Exec PhD\5 Pipeline\data\interim\paper1\data\E03854\S100DASK_1.xbrl,ok,,633291000,16878148000000,2285832000000,-120050000000,,633291000,720896280768.6768,27.303761109193513,2018-06-25,1138.3333740234375,817.7250366210938
S100G4B9_1.xbrl,E03854,8725.T,2019-06-24,\\Nas\nas1\Documents\Education\2021 EDHEC Exec PhD\5 Pipeline\data\interim\paper1\data\E03854\S100G4B9_1.xbrl,ok,,633291000,18788046000000,3036663000000,-2599000000,9580000,633291000,721107326231.3232,27.304053820616883,2019-06-24,1138.6666259765625,850.5733642578125
S100IYJP_1.xbrl,E03854,8725.T,2020-06-25,\\Nas\nas1\Documents\Education\2021 EDHEC Exec PhD\5 Pipeline\data\interim\paper1\data\E03854\S100IYJP_1.xbrl,ok,,633291000,20303649000000,2725274000000,-32539000000,24244400,633291000,632868793115.6616,27.17352895974721,2020-06-25,999.3333129882812,780.0919799804688
S100LLG2_1.xbrl,E03854,8725.T,2021-06-28,\\Nas\nas1\Documents\Education\2021 EDHEC Exec PhD\5 Pipeline\data\interim\paper1\data\E03854\S100LLG2_1.xbrl,ok,,633291000,21234300000000,2734432000000,-84432000000,35263100,633291000,684376448231.3232,27.25177396608613,2021-06-28,1080.6666259765625,884.8818969726562
S100OD53_1.xbrl,E03854,8725.T,2022-06-27,\\Nas\nas1\Documents\Education\2021 EDHEC Exec PhD\5 Pipeline\data\interim\paper1\data\E03854\S100OD53_1.xbrl,ok,,593291000,22472927000000,2968387000000,-119267000000,46187000,593291000,815972912807.7393,27.427646996270994,2022-06-27,1375.3333740234375,1177.9915771484375
S100DADB_1.xbrl,E03847,8766.T,2018-06-22,\\Nas\nas1\Documents\Education\2021 EDHEC Exec PhD\5 Pipeline\data\interim\paper1\data\E03847\S100DADB_1.xbrl,ok,,769524000,18948000000000,2739114000000,-13658000000,,769524000,1367700687312.0117,27.944152115365057,2018-06-22,1777.3333740234375,1335.1083984375
S100G3HB_1.xbrl,E03847,8766.T,2019-06-21,\\Nas\nas1\Documents\Education\2021 EDHEC Exec PhD\5 Pipeline\data\interim\paper1\data\E03847\S100G3HB_1.xbrl,ok,,757524000,20889670000000,3609655000000,-114446000000,3449700,757524000,1363290661176.2695,27.94092249695459,2019-06-21,1799.6666259765625,1414.623291015625
S100IW0B_1.xbrl,E03847,8766.T,2020-06-26,\\Nas\nas1\Documents\Education\2021 EDHEC Exec PhD\5 Pipeline\data\interim\paper1\data\E03847\S100IW0B_1.xbrl,ok,,757524000,21855328000000,3512656000000,-18299000000,4136100,757524000,1207745794823.7305,27.819776758548105,2020-06-26,1594.3333740234375,1303.9835205078125
S100LPXJ_1.xbrl,E03847,8766.T,2021-06-25,\\Nas\nas1\Documents\Education\2021 EDHEC Exec PhD\5 Pipeline\data\interim\paper1\data\E03847\S100LPXJ_1.xbrl,ok,,753024000,22607603000000,3569760000000,-23210000000,4233400,753024000,1286918016000.0,27.8832713408818,2021-06-25,1709.0,1464.3797607421875
S100OEK9_1.xbrl,E03847,8766.T,2022-06-24,\\Nas\nas1\Documents\Education\2021 EDHEC Exec PhD\5 Pipeline\data\interim\paper1\data\E03847\S100OEK9_1.xbrl,ok,,748024000,22929935000000,3835536000000,-23211000000,1404600,748024000,1968799168000.0,28.308444913430726,2022-06-24,2632.0,2342.658203125
S100DEQI_1.xbrl,E03851,8795.T,2018-06-27,\\Nas\nas1\Documents\Education\2021 EDHEC Exec PhD\5 Pipeline\data\interim\paper1\data\E03851\S100DEQI_1.xbrl,ok,,681480000,13804219000000,1020324000000,-67763000000,,681480000,1152382680000.0,27.772852810540197,2018-06-27,1691.0,1309.336669921875
S100G858_1.xbrl,E03851,8795.T,2019-06-26,\\Nas\nas1\Documents\Education\2021 EDHEC Exec PhD\5 Pipeline\data\interim\paper1\data\E03851\S100G858_1.xbrl,ok,,681480000,14664705000000,1344950000000,-46703000000,42213700,681480000,774842760000.0,27.37592595539215,2019-06-26,1137.0,906.9534301757812
S100J0MC_1.xbrl,E03851,8795.T,2020-06-25,\\Nas\nas1\Documents\Education\2021 EDHEC Exec PhD\5 Pipeline\data\interim\paper1\data\E03851\S100J0MC_1.xbrl,ok,,681480000,14674207000000,1214061000000,-64863000000,31513000,681480000,644680080000.0,27.192020030693495,2020-06-25,946.0,787.705322265625
S100LJI6_1.xbrl,E03851,8795.T,2021-06-17,\\Nas\nas1\Documents\Education\2021 EDHEC Exec PhD\5 Pipeline\data\interim\paper1\data\E03851\S100LJI6_1.xbrl,ok,,681480000,14891167000000,1096772000000,-46200000000,41895200,681480000,1037894040000.0,27.66821481453678,2021-06-17,1523.0,1314.0111083984375
S100O9AN_1.xbrl,E03851,8795.T,2022-06-16,\\Nas\nas1\Documents\Education\2021 EDHEC Exec PhD\5 Pipeline\data\interim\paper1\data\E03851\S100O9AN_1.xbrl,ok,,655000000,15262398000000,1153036000000,-58882000000,26458400,655000000,1066340000000.0,27.69525334016201,2022-06-16,1628.0,1452.7025146484375
S100DGSO_1.xbrl,E03855,8801.T,2018-06-28,\\Nas\nas1\Documents\Education\2021 EDHEC Exec PhD\5 Pipeline\data\interim\paper1\data\E03855\S100DGSO_1.xbrl,ok,,881424000,4548822000000,1325420000000,-6244000000,,881424000,786523998067.3828,27.390889071461615,2018-06-28,892.3333129882812,765.5579833984375
S100G8OL_1.xbrl,E03855,8801.T,2019-06-27,\\Nas\nas1\Documents\Education\2021 EDHEC Exec PhD\5 Pipeline\data\interim\paper1\data\E03855\S100G8OL_1.xbrl,ok,,991424000,5067187000000,1932084000000,-6079000000,9193200,991424000,872453120000.0,27.494574758920425,2019-06-27,880.0,766.9674682617188
S100IU3A_1.xbrl,E03855,8801.T,2020-06-26,\\Nas\nas1\Documents\Education\2021 EDHEC Exec PhD\5 Pipeline\data\interim\paper1\data\E03855\S100IU3A_1.xbrl,ok,,991424000,5363477000000,1989041000000,-21088000000,8154200,991424000,635337526496.0938,27.177422232412056,2020-06-26,640.8333129882812,569.6785278320312
S100LOUC_1.xbrl,E03855,8801.T,2021-06-29,\\Nas\nas1\Documents\Education\2021 EDHEC Exec PhD\5 Pipeline\data\interim\paper1\data\E03855\S100LOUC_1.xbrl,ok,,991424000,5551751000000,2056931000000,-14364000000,3134100,991424000,864852182496.0938,27.485824441987642,2021-06-29,872.3333129882812,791.1852416992188
S100OIF1_1.xbrl,E03855,8801.T,2022-06-29,\\Nas\nas1\Documents\Education\2021 EDHEC Exec PhD\5 Pipeline\data\interim\paper1\data\E03855\S100OIF1_1.xbrl,ok,,991424000,6284723000000,2287700000000,-5920000000,8979300,991424000,996711574496.0938,27.62772727167079,2022-06-29,1005.3333129882812,930.5918579101562
S100DFQZ_1.xbrl,E03856,8802.T,2018-06-28,\\Nas\nas1\Documents\Education\2021 EDHEC Exec PhD\5 Pipeline\data\interim\paper1\data\E03856\S100DFQZ_1.xbrl,ok,,1390397000,4765368000000,1447093000000,-5489000000,,1390397000,2686247004000.0,28.619166169593065,2018-06-28,1932.0,1695.765625
S100GBG0_1.xbrl,E03856,8802.T,2019-06-27,\\Nas\nas1\Documents\Education\2021 EDHEC Exec PhD\5 Pipeline\data\interim\paper1\data\E03856\S100GBG0_1.xbrl,ok,,1390397000,4901526000000,1640163000000,-5294000000,2888100,1390397000,2806516344500.0,28.662965095113595,2019-06-27,2018.5,1798.6517333984375
S100IW9B_1.xbrl,E03856,8802.T,2020-06-26,\\Nas\nas1\Documents\Education\2021 EDHEC Exec PhD\5 Pipeline\data\interim\paper1\data\E03856\S100IW9B_1.xbrl,ok,,1390397000,5311840000000,1659180000000,-5278000000,52677100,1390397000,2233672780500.0,28.434668333376514,2020-06-26,1606.5,1457.509033203125
S100LTHE_1.xbrl,E03856,8802.T,2021-06-29,\\Nas\nas1\Documents\Education\2021 EDHEC Exec PhD\5 Pipeline\data\interim\paper1\data\E03856\S100LTHE_1.xbrl,ok,,1390685000,5484115000000,1767460000000,-105282000000,52733800,1390685000,2531046700000.0,28.559654048526372,2021-06-29,1820.0,1674.1148681640625
S100OKQO_1.xbrl,E03856,8802.T,2022-06-29,\\Nas\nas1\Documents\Education\2021 EDHEC Exec PhD\5 Pipeline\data\interim\paper1\data\E03856\S100OKQO_1.xbrl,ok,,1390908000,5801450000000,1879088000000,-105216000000,68852300,1390908000,2819370516000.0,28.667534754684397,2022-06-29,2027.0,1901.400634765625
S100CNAE_1.xbrl,E03859,8804.T,2018-03-28,\\Nas\nas1\Documents\Education\2021 EDHEC Exec PhD\5 Pipeline\data\interim\paper1\data\E03859\S100CNAE_1.xbrl,ok,,433059168,938161000000,262276000000,-27000000,,433059168,681635130432.0,27.24776035226008,2018-03-28,1574.0,1204.13671875
S100FGZF_1.xbrl,E03859,8804.T,2019-03-27,\\Nas\nas1\Documents\Education\2021 EDHEC Exec PhD\5 Pipeline\data\interim\paper1\data\E03859\S100FGZF_1.xbrl,ok,,433059168,1319465000000,305808000000,-32000000,,433059168,586362113472.0,27.09720337675495,2019-03-27,1354.0,1065.1085205078125
S100I9Q9_1.xbrl,E03859,8804.T,2020-03-25,\\Nas\nas1\Documents\Education\2021 EDHEC Exec PhD\5 Pipeline\data\interim\paper1\data\E03859\S100I9Q9_1.xbrl,ok,,216963374,1297112000000,312530000000,-237000000,7825700,216963374,268383693638.0,26.31568348624156,2020-03-25,1237.0,1001.0958251953124
S100L0MS_1.xbrl,E03859,8804.T,2021-03-25,\\Nas\nas1\Documents\Education\2021 EDHEC Exec PhD\5 Pipeline\data\interim\paper1\data\E03859\S100L0MS_1.xbrl,ok,,216963374,1314558000000,325593000000,-10232000000,31800,216963374,363847578198.0,26.620000875672282,2021-03-25,1677.0,1403.3006591796875
S100NRHB_1.xbrl,E03859,8804.T,2022-03-29,\\Nas\nas1\Documents\Education\2021 EDHEC Exec PhD\5 Pipeline\data\interim\paper1\data\E03859\S100NRHB_1.xbrl,ok,,216963374,1441050000000,353419000000,-219000000,35000,216963374,403334912266.0,26.72303310157052,2022-03-29,1859.0,1604.54638671875
S100QGZE_1.xbrl,E03859,8804.T,2023-03-29,\\Nas\nas1\Documents\Education\2021 EDHEC Exec PhD\5 Pipeline\data\interim\paper1\data\E03859\S100QGZE_1.xbrl,ok,,216963374,1450091000000,356578000000,-439000000,37300,216963374,344320874538.0,26.564839834375483,2023-03-29,1587.0,1422.8319091796875
S100DEIA_1.xbrl,E03907,8830.T,2018-06-29,\\Nas\nas1\Documents\Education\2021 EDHEC Exec PhD\5 Pipeline\data\interim\paper1\data\E03907\S100DEIA_1.xbrl,ok,,476085978,4220428000000,732531000000,-4379000000,,476085978,973357782021.0,27.60401756173989,2018-06-29,2044.5,1869.7230224609373
S100GCZG_1.xbrl,E03907,8830.T,2019-06-28,\\Nas\nas1\Documents\Education\2021 EDHEC Exec PhD\5 Pipeline\data\interim\paper1\data\E03907\S100GCZG_1.xbrl,ok,,476085978,4523804000000,859538000000,-4443000000,2145800,476085978,915989421672.0,27.543270653160846,2019-06-28,1924.0,1771.60400390625
S100J2S4_1.xbrl,E03907,8830.T,2020-06-29,\\Nas\nas1\Documents\Education\2021 EDHEC Exec PhD\5 Pipeline\data\interim\paper1\data\E03907\S100J2S4_1.xbrl,ok,,476085978,4675914000000,917277000000,-4469000000,2146400,476085978,685801851309.0,27.253854576459776,2020-06-29,1440.5,1340.546875
S100LUUL_1.xbrl,E03907,8830.T,2021-06-30,\\Nas\nas1\Documents\Education\2021 EDHEC Exec PhD\5 Pipeline\data\interim\paper1\data\E03907\S100LUUL_1.xbrl,ok,,476085978,4980039000000,1039103000000,-4473000000,2146900,476085978,945030666330.0,27.574483215056485,2021-06-30,1985.0,1867.103271484375
S100OLTA_1.xbrl,E03907,8830.T,2022-06-30,\\Nas\nas1\Documents\Education\2021 EDHEC Exec PhD\5 Pipeline\data\interim\paper1\data\E03907\S100OLTA_1.xbrl,ok,,476085978,5167198000000,1114975000000,-4475000000,2147000,476085978,852908029587.0,27.4719175586802,2022-06-30,1791.5,1705.251708984375
S100D6P7_1.xbrl,E04094,9001.T,2018-06-22,\\Nas\nas1\Documents\Education\2021 EDHEC Exec PhD\5 Pipeline\data\interim\paper1\data\E04094\S100D6P7_1.xbrl,ok,,1075540000,1480938000000,354066000000,-2567000000,,1075540000,3748256900000.0,28.9523120211788,2018-06-22,3485.0,3178.898193359375
S100G2C0_1.xbrl,E04094,9001.T,2019-06-21,\\Nas\nas1\Documents\Education\2021 EDHEC Exec PhD\5 Pipeline\data\interim\paper1\data\E04094\S100G2C0_1.xbrl,ok,,1075540000,1596725000000,394826000000,-3423000000,1055000,1075540000,3366440200000.0,28.84487698151837,2019-06-21,3130.0,2884.9873046875
S100IUQJ_1.xbrl,E04094,9001.T,2020-06-23,\\Nas\nas1\Documents\Education\2021 EDHEC Exec PhD\5 Pipeline\data\interim\paper1\data\E04094\S100IUQJ_1.xbrl,ok,,1075540000,1592475000000,411282000000,-3450000000,1068300,1075540000,3974120300000.0,29.010824531366474,2020-06-23,3695.0,3442.2421875
S100LIY5_1.xbrl,E04094,9001.T,2021-06-23,\\Nas\nas1\Documents\Education\2021 EDHEC Exec PhD\5 Pipeline\data\interim\paper1\data\E04094\S100LIY5_1.xbrl,ok,,1075540000,1597733000000,442772000000,-4442000000,1071900,1075540000,3137350180000.0,28.774399667851895,2021-06-23,2917.0,2734.29736328125
S100OBWF_1.xbrl,E04094,9001.T,2022-06-23,\\Nas\nas1\Documents\Education\2021 EDHEC Exec PhD\5 Pipeline\data\interim\paper1\data\E04094\S100OBWF_1.xbrl,ok,,212313000,1618274000000,460582000000,-4447000000,1074800,212313000,649677780000.0,27.199742353847864,2022-06-23,3060.0,2887.610107421875
S100DG8K_1.xbrl,E04090,9005.T,2018-06-28,\\Nas\nas1\Documents\Education\2021 EDHEC Exec PhD\5 Pipeline\data\interim\paper1\data\E04090\S100DG8K_1.xbrl,ok,,1263525000,2021794000000,537711000000,-29696000000,,1263525000,2449974975000.0,28.527098926147303,2018-06-28,1939.0,1783.5223388671875
S100GAM1_1.xbrl,E04090,9005.T,2019-06-27,\\Nas\nas1\Documents\Education\2021 EDHEC Exec PhD\5 Pipeline\data\interim\paper1\data\E04090\S100GAM1_1.xbrl,ok,,1249739000,2002532000000,579596000000,-29092000000,15556200,1249739000,2431992094000.0,28.519731829204815,2019-06-27,1946.0,1807.6312255859373
S100IXSG_1.xbrl,E04090,9005.T,2020-06-26,\\Nas\nas1\Documents\Education\2021 EDHEC Exec PhD\5 Pipeline\data\interim\paper1\data\E04090\S100IXSG_1.xbrl,ok,,1249739000,2092546000000,623297000000,-28506000000,20207900,1249739000,1948343101000.0,28.29800043551664,2020-06-26,1559.0,1465.53662109375
S100LQ75_1.xbrl,E04090,9005.T,2021-06-29,\\Nas\nas1\Documents\Education\2021 EDHEC Exec PhD\5 Pipeline\data\interim\paper1\data\E04090\S100LQ75_1.xbrl,ok,,1249739000,2148605000000,678382000000,-37291000000,20211800,1249739000,1927097538000.0,28.28703612058214,2021-06-29,1542.0,1469.4202880859375
S100OIH8_1.xbrl,E04090,9005.T,2022-06-29,\\Nas\nas1\Documents\Education\2021 EDHEC Exec PhD\5 Pipeline\data\interim\paper1\data\E04090\S100OIH8_1.xbrl,ok,,624869000,2266997000000,754153000000,-37153000000,19749000,624869000,999790400000.0,27.6308114939594,2022-06-29,1600.0,1538.64599609375
S100DHC7_1.xbrl,E04088,9007.T,2018-06-28,\\Nas\nas1\Documents\Education\2021 EDHEC Exec PhD\5 Pipeline\data\interim\paper1\data\E04088\S100DHC7_1.xbrl,ok,,736995000,1244344000000,267573000000,-10527000000,,736995000,1776157950000.0,28.205473692354783,2018-06-28,2410.0,2203.658203125
S100GBDX_1.xbrl,E04088,9007.T,2019-06-27,\\Nas\nas1\Documents\Education\2021 EDHEC Exec PhD\5 Pipeline\data\interim\paper1\data\E04088\S100GBDX_1.xbrl,ok,,736995000,1253849000000,308209000000,-10552000000,10395300,736995000,1955247735000.0,28.301538020007822,2019-06-27,2653.0,2444.68896484375
S100J24N_1.xbrl,E04088,9007.T,2020-06-26,\\Nas\nas1\Documents\Education\2021 EDHEC Exec PhD\5 Pipeline\data\interim\paper1\data\E04088\S100J24N_1.xbrl,ok,,736995000,1257332000000,317023000000,-10982000000,7838200,736995000,2008311375000.0,28.328315372967428,2020-06-26,2725.0,2531.62109375
S100LTWH_1.xbrl,E04088,9007.T,2021-06-29,\\Nas\nas1\Documents\Education\2021 EDHEC Exec PhD\5 Pipeline\data\interim\paper1\data\E04088\S100LTWH_1.xbrl,ok,,368497000,1270102000000,338703000000,-6520000000,7842700,368497000,1045425989000.0,27.67544556325676,2021-06-29,2837.0,2643.97412109375
S100OJ1L_1.xbrl,E04088,9007.T,2022-06-29,\\Nas\nas1\Documents\Education\2021 EDHEC Exec PhD\5 Pipeline\data\interim\paper1\data\E04088\S100OJ1L_1.xbrl,ok,,368497000,1294498000000,366577000000,-6503000000,7446000,368497000,674349510000.0,27.237014374283373,2022-06-29,1830.0,1713.704345703125
S100DHEM_1.xbrl,E04092,9008.T,2018-06-28,\\Nas\nas1\Documents\Education\2021 EDHEC Exec PhD\5 Pipeline\data\interim\paper1\data\E04092\S100DHEM_1.xbrl,ok,,642754152,787825000000,292607000000,-19497000000,,642754152,3503010128400.0,28.88464375148999,2018-06-28,5450.0,4987.0234375
S100G4K8_1.xbrl,E04092,9008.T,2019-06-27,\\Nas\nas1\Documents\Education\2021 EDHEC Exec PhD\5 Pipeline\data\interim\paper1\data\E04092\S100G4K8_1.xbrl,ok,,642754152,782422000000,307726000000,-19530000000,6477900,642754152,4576409562240.0,29.15193586823872,2019-06-27,7120.0,6564.21923828125
S100IWRF_1.xbrl,E04092,9008.T,2020-06-26,\\Nas\nas1\Documents\Education\2021 EDHEC Exec PhD\5 Pipeline\data\interim\paper1\data\E04092\S100IWRF_1.xbrl,ok,,642754152,820177000000,311818000000,-19542000000,6479300,642754152,4113626572800.0,29.045326133180463,2020-06-26,6400.0,5946.69140625
S100LTMW_1.xbrl,E04092,9008.T,2021-06-29,\\Nas\nas1\Documents\Education\2021 EDHEC Exec PhD\5 Pipeline\data\interim\paper1\data\E04092\S100LTMW_1.xbrl,ok,,642754152,834682000000,332020000000,-19552000000,6423100,642754152,4242177403200.0,29.076097791847218,2021-06-29,6600.0,6166.8076171875
S100OINV_1.xbrl,E04092,9008.T,2022-06-29,\\Nas\nas1\Documents\Education\2021 EDHEC Exec PhD\5 Pipeline\data\interim\paper1\data\E04092\S100OINV_1.xbrl,ok,,128550830,889135000000,352241000000,-19740000000,6425300,128550830,616401229850.0,27.147163935604528,2022-06-29,4795.0,4513.78759765625
S100CZXJ_1.xbrl,E04091,9009.T,2018-06-28,\\Nas\nas1\Documents\Education\2021 EDHEC Exec PhD\5 Pipeline\data\interim\paper1\data\E04091\S100CZXJ_1.xbrl,ok,,344822000,759388000000,241480000000,-2036000000,,344822000,440797470697.50977,26.811851356786597,2018-06-28,1278.3333740234375,1214.69580078125
S100GABZ_1.xbrl,E04091,9009.T,2019-06-27,\\Nas\nas1\Documents\Education\2021 EDHEC Exec PhD\5 Pipeline\data\interim\paper1\data\E04091\S100GABZ_1.xbrl,ok,,344822000,782257000000,267622000000,-2049000000,3328200,344822000,456314460697.50977,26.846448015584077,2019-06-27,1323.3333740234375,1262.771240234375
S100IUTI_1.xbrl,E04091,9009.T,2020-06-26,\\Nas\nas1\Documents\Education\2021 EDHEC Exec PhD\5 Pipeline\data\interim\paper1\data\E04091\S100IUTI_1.xbrl,ok,,344822000,781280000000,296374000000,-2050000000,3464000,344822000,401717630000.0,26.719015265822563,2020-06-26,1165.0,1116.7476806640625
S100LLIX_1.xbrl,E04091,9009.T,2021-06-29,\\Nas\nas1\Documents\Education\2021 EDHEC Exec PhD\5 Pipeline\data\interim\paper1\data\E04091\S100LLIX_1.xbrl,ok,,172411000,795447000000,332344000000,-5532000000,3464000,172411000,207180544651.24512,26.056856446452365,2021-06-29,1201.6666259765625,1157.7064208984375
S100OELJ_1.xbrl,E04091,9009.T,2022-06-29,\\Nas\nas1\Documents\Education\2021 EDHEC Exec PhD\5 Pipeline\data\interim\paper1\data\E04091\S100OELJ_1.xbrl,ok,,172411000,794712000000,366423000000,-6184000000,3464100,172411000,216375805000.0,26.1002825708287,2022-06-29,1255.0,1214.9127197265625
S100D93U_1.xbrl,E04147,9020.T,2018-06-22,\\Nas\nas1\Documents\Education\2021 EDHEC Exec PhD\5 Pipeline\data\interim\paper1\data\E04147\S100D93U_1.xbrl,ok,,395000000,7428303000000,2199357000000,-5161000000,,395000000,1423975000000.0,27.984473372584446,2018-06-22,3605.0,3205.813232421875
S100G3GY_1.xbrl,E04147,9020.T,2019-06-21,\\Nas\nas1\Documents\Education\2021 EDHEC Exec PhD\5 Pipeline\data\interim\paper1\data\E04147\S100G3GY_1.xbrl,ok,,393500000,7605690000000,2304976000000,-5457000000,348700,393500000,1325439134643.5547,27.912764942830965,2019-06-21,3368.333251953125,3037.216796875
S100IWJW_1.xbrl,E04147,9020.T,2020-06-23,\\Nas\nas1\Documents\Education\2021 EDHEC Exec PhD\5 Pipeline\data\interim\paper1\data\E04147\S100IWJW_1.xbrl,ok,,392500000,7789762000000,2462537000000,-5507000000,350500,392500000,1037115801391.6016,27.667464708557166,2020-06-23,2642.333251953125,2424.390625
S100LIXH_1.xbrl,E04147,9020.T,2021-06-22,\\Nas\nas1\Documents\Education\2021 EDHEC Exec PhD\5 Pipeline\data\interim\paper1\data\E04147\S100LIXH_1.xbrl,ok,,389407000,7911114000000,2675353000000,-5546000000,351600,389407000,1074244142356.6895,27.702638406811868,2021-06-22,2758.666748046875,2565.68408203125
S100OA8T_1.xbrl,E04147,9020.T,2022-06-22,\\Nas\nas1\Documents\Education\2021 EDHEC Exec PhD\5 Pipeline\data\interim\paper1\data\E04147\S100OA8T_1.xbrl,ok,,385655000,8147676000000,2884552000000,-5553000000,353000,385655000,863995720281.9824,27.484833652360862,2022-06-22,2240.333251953125,2112.50830078125
S100D8DH_1.xbrl,E04148,9021.T,2018-06-22,\\Nas\nas1\Documents\Education\2021 EDHEC Exec PhD\5 Pipeline\data\interim\paper1\data\E04148\S100D8DH_1.xbrl,ok,,193735000,2687890000000,807378000000,-481000000,,193735000,790051330000.0,27.39536375498026,2018-06-22,4078.0,3453.085205078125
S100G3K1_1.xbrl,E04148,9021.T,2019-06-21,\\Nas\nas1\Documents\Education\2021 EDHEC Exec PhD\5 Pipeline\data\interim\paper1\data\E04148\S100G3K1_1.xbrl,ok,,193735000,2786470000000,846701000000,-481000000,410600,193735000,846912552500.0,27.464863282466805,2019-06-21,4371.5,3781.497802734375
S100IUTK_1.xbrl,E04148,9021.T,2020-06-24,\\Nas\nas1\Documents\Education\2021 EDHEC Exec PhD\5 Pipeline\data\interim\paper1\data\E04148\S100IUTK_1.xbrl,ok,,193735000,2843194000000,926376000000,-483000000,410600,193735000,610846455000.0,27.13811146339092,2020-06-24,3153.0,2786.33154296875
S100LO2J_1.xbrl,E04148,9021.T,2021-06-24,\\Nas\nas1\Documents\Education\2021 EDHEC Exec PhD\5 Pipeline\data\interim\paper1\data\E04148\S100LO2J_1.xbrl,ok,,193735000,3007852000000,1032610000000,-483000000,410400,193735000,615399227500.0,27.145537044552448,2021-06-24,3176.5,2855.52490234375
S100OFLP_1.xbrl,E04148,9021.T,2022-06-24,\\Nas\nas1\Documents\Education\2021 EDHEC Exec PhD\5 Pipeline\data\interim\paper1\data\E04148\S100OFLP_1.xbrl,ok,,193735000,3071829000000,1116304000000,-482000000,410500,193735000,482497017500.0,26.902240576359198,2022-06-24,2490.5,2282.11376953125
S100D909_1.xbrl,E04149,9022.T,2018-06-22,\\Nas\nas1\Documents\Education\2021 EDHEC Exec PhD\5 Pipeline\data\interim\paper1\data\E04149\S100D909_1.xbrl,ok,,206000000,5178166000000,1802252000000,-103159000000,,206000000,998894000000.0,27.629914503859208,2018-06-22,4849.0,4573.6884765625
S100G233_1.xbrl,E04149,9022.T,2019-06-21,\\Nas\nas1\Documents\Education\2021 EDHEC Exec PhD\5 Pipeline\data\interim\paper1\data\E04149\S100G233_1.xbrl,ok,,206000000,5217982000000,2063967000000,-121687000000,9016200,206000000,918142000000.0,27.54561789970041,2019-06-21,4457.0,4228.767578125
S100IW1D_1.xbrl,E04149,9022.T,2020-06-23,\\Nas\nas1\Documents\Education\2021 EDHEC Exec PhD\5 Pipeline\data\interim\paper1\data\E04149\S100IW1D_1.xbrl,ok,,206000000,5268544000000,2352566000000,-116912000000,9016200,206000000,710906000000.0,27.289806049851858,2020-06-23,3451.0,3298.751953125
S100LMCH_1.xbrl,E04149,9022.T,2021-06-23,\\Nas\nas1\Documents\Education\2021 EDHEC Exec PhD\5 Pipeline\data\interim\paper1\data\E04149\S100LMCH_1.xbrl,ok,,206000000,7052675000000,2726729000000,-111615000000,9016200,206000000,719970000000.0,27.302475381421765,2021-06-23,3495.0,3367.32421875
S100OC2F_1.xbrl,E04149,9022.T,2022-06-23,\\Nas\nas1\Documents\Education\2021 EDHEC Exec PhD\5 Pipeline\data\interim\paper1\data\E04149\S100OC2F_1.xbrl,ok,,206000000,8908682000000,3084739000000,-103578000000,9016200,206000000,637364000000.0,27.180606757886867,2022-06-23,3094.0,3004.297119140625
S100D9G0_1.xbrl,E04187,9064.T,2018-06-22,\\Nas\nas1\Documents\Education\2021 EDHEC Exec PhD\5 Pipeline\data\interim\paper1\data\E04187\S100D9G0_1.xbrl,ok,,454684000,1032134000000,560172000000,-39077000000,,454684000,1564567644000.0,28.07863063593754,2018-06-22,3441.0,2998.85595703125
S100G06O_1.xbrl,E04187,9064.T,2019-06-21,\\Nas\nas1\Documents\Education\2021 EDHEC Exec PhD\5 Pipeline\data\interim\paper1\data\E04187\S100G06O_1.xbrl,ok,,435564000,1082531000000,571199000000,-39081000000,17065500,435564000,954974070000.0,27.584950025226064,2019-06-21,2192.5,1927.6680908203125
S100LK4W_1.xbrl,E04187,9064.T,2021-06-18,\\Nas\nas1\Documents\Education\2021 EDHEC Exec PhD\5 Pipeline\data\interim\paper1\data\E04187\S100LK4W_1.xbrl,ok,,411339000,1114672000000,545559000000,-54770000000,17066800,411339000,1258697340000.0,27.861098444950148,2021-06-18,3060.0,2788.331787109375
S100O90Q_1.xbrl,E04187,9064.T,2022-06-17,\\Nas\nas1\Documents\Education\2021 EDHEC Exec PhD\5 Pipeline\data\interim\paper1\data\E04187\S100O90Q_1.xbrl,ok,,411339000,1114870000000,557586000000,-39549000000,21600700,411339000,879854121000.0,27.503021959086126,2022-06-17,2139.0,1984.220947265625
S100D7VU_1.xbrl,E04235,9101.T,2018-06-20,\\Nas\nas1\Documents\Education\2021 EDHEC Exec PhD\5 Pipeline\data\interim\paper1\data\E04235\S100D7VU_1.xbrl,ok,,1700550000,2551236000000,773899000000,-3814000000,,1700550000,1249337434597.7783,27.853634474393587,2018-06-20,734.6666870117188,438.799072265625
S100G1WR_1.xbrl,E04235,9101.T,2019-06-19,\\Nas\nas1\Documents\Education\2021 EDHEC Exec PhD\5 Pipeline\data\interim\paper1\data\E04235\S100G1WR_1.xbrl,ok,,1700550000,2569828000000,880923000000,-3801000000,508500,1700550000,916596450000.0,27.543933136004988,2019-06-19,539.0,325.4166259765625
S100J2FF_1.xbrl,E04235,9101.T,2020-06-29,\\Nas\nas1\Documents\Education\2021 EDHEC Exec PhD\5 Pipeline\data\interim\paper1\data\E04235\S100J2FF_1.xbrl,ok,,1700550000,2244772000000,844269000000,-3715000000,514500,1700550000,846307032701.1108,27.464148053526632,2020-06-29,497.6666564941406,308.4222412109375
S100LK5W_1.xbrl,E04235,9101.T,2021-06-18,\\Nas\nas1\Documents\Education\2021 EDHEC Exec PhD\5 Pipeline\data\interim\paper1\data\E04235\S100LK5W_1.xbrl,ok,,1700550000,2044183000000,591936000000,-3429000000,499200,1700550000,2924946000000.0,28.70429713490349,2021-06-18,1720.0,1110.2969970703125
S100DBJ1_1.xbrl,E04236,9104.T,2018-06-26,\\Nas\nas1\Documents\Education\2021 EDHEC Exec PhD\5 Pipeline\data\interim\paper1\data\E04236\S100DBJ1_1.xbrl,ok,,1206286115,2364695000000,783549000000,-6820000000,,1206286115,1087668004900.2871,27.715057075241955,2018-06-26,901.6666870117188,563.4205932617188
S100G7SC_1.xbrl,E04236,9104.T,2019-06-25,\\Nas\nas1\Documents\Education\2021 EDHEC Exec PhD\5 Pipeline\data\interim\paper1\data\E04236\S100G7SC_1.xbrl,ok,,1206286115,2624049000000,892435000000,-6807000000,1041700,1206286115,993979758760.0,27.624982679975126,2019-06-25,824.0,523.307373046875
S100IW06_1.xbrl,E04236,9104.T,2020-06-23,\\Nas\nas1\Documents\Education\2021 EDHEC Exec PhD\5 Pipeline\data\interim\paper1\data\E04236\S100IW06_1.xbrl,ok,,1206286115,2219587000000,646924000000,-6764000000,1041700,1206286115,816253629025.2871,27.427990963499955,2020-06-23,676.6666870117188,442.9728698730469
S100LL1R_1.xbrl,E04236,9104.T,2021-06-22,\\Nas\nas1\Documents\Education\2021 EDHEC Exec PhD\5 Pipeline\data\interim\paper1\data\E04236\S100LL1R_1.xbrl,ok,,1206286115,2217528000000,683621000000,-6722000000,1015200,1206286115,2131105420749.4258,28.387661937905623,2021-06-22,1766.6666259765625,1207.42578125
S100OAA8_1.xbrl,E04236,9104.T,2022-06-21,\\Nas\nas1\Documents\Education\2021 EDHEC Exec PhD\5 Pipeline\data\interim\paper1\data\E04236\S100OAA8_1.xbrl,ok,,120628611,2225096000000,628044000000,-6515000000,358700,120628611,374551837155.0,26.648996047294233,2022-06-21,3105.0,2264.70263671875
S100D8OY_1.xbrl,E04237,9107.T,2018-06-21,\\Nas\nas1\Documents\Education\2021 EDHEC Exec PhD\5 Pipeline\data\interim\paper1\data\E04237\S100D8OY_1.xbrl,ok,,939382000,1254741000000,410688000000,-1084000000,,939382000,219502265444.6106,26.114628390340542,2018-06-21,233.6666717529297,166.7429962158203
S100G3HH_1.xbrl,E04237,9107.T,2019-06-21,\\Nas\nas1\Documents\Education\2021 EDHEC Exec PhD\5 Pipeline\data\interim\paper1\data\E04237\S100G3HH_1.xbrl,ok,,939382000,1223328000000,467440000000,-2383000000,427500,939382000,130782855926.14746,25.596804196477954,2019-06-21,139.22222900390625,99.34806823730467
S100IRQK_1.xbrl,E04237,9107.T,2020-06-23,\\Nas\nas1\Documents\Education\2021 EDHEC Exec PhD\5 Pipeline\data\interim\paper1\data\E04237\S100IRQK_1.xbrl,ok,,939382000,1115223000000,379913000000,-2381000000,428200,939382000,116483368000.0,25.481014335811928,2020-06-23,124.0,88.48558044433594
S100LLMF_1.xbrl,E04237,9107.T,2021-06-23,\\Nas\nas1\Documents\Education\2021 EDHEC Exec PhD\5 Pipeline\data\interim\paper1\data\E04237\S100LLMF_1.xbrl,ok,,93938000,1045209000000,245482000000,-2379000000,429100,93938000,40602091748.16895,24.427085423117802,2021-06-23,432.2222290039063,308.43096923828125
S100O8Q8_1.xbrl,E04237,9107.T,2022-06-23,\\Nas\nas1\Documents\Education\2021 EDHEC Exec PhD\5 Pipeline\data\interim\paper1\data\E04237\S100O8Q8_1.xbrl,ok,,93938000,1036886000000,243094000000,-2373000000,295700,93938000,81830433007.32422,25.12791505301911,2022-06-23,871.111083984375,674.9007568359375
S100D88E_1.xbrl,E04272,9201.T,2018-06-20,\\Nas\nas1\Documents\Education\2021 EDHEC Exec PhD\5 Pipeline\data\interim\paper1\data\E04272\S100D88E_1.xbrl,ok,,181352000,1340168000000,711064000000,-531000000,,181352000,748983760000.0,27.341983137985576,2018-06-20,4130.0,3636.798828125
S100FZC4_1.xbrl,E04272,9201.T,2019-06-19,\\Nas\nas1\Documents\Education\2021 EDHEC Exec PhD\5 Pipeline\data\interim\paper1\data\E04272\S100FZC4_1.xbrl,ok,,362704000,1473354000000,800751000000,-10535000000,166700,362704000,1268375888000.0,27.86875836965382,2019-06-19,3497.0,3165.686279296875
S100LK6A_1.xbrl,E04272,9201.T,2021-06-18,\\Nas\nas1\Documents\Education\2021 EDHEC Exec PhD\5 Pipeline\data\interim\paper1\data\E04272\S100LK6A_1.xbrl,ok,,353715000,2153648000000,1003393000000,-408000000,166817,353715000,873676050000.0,27.495975491719538,2021-06-18,2470.0,2272.457275390625
S100OBZH_1.xbrl,E04272,9201.T,2022-06-22,\\Nas\nas1\Documents\Education\2021 EDHEC Exec PhD\5 Pipeline\data\interim\paper1\data\E04272\S100OBZH_1.xbrl,ok,,353715000,2153648000000,1094127000000,-408000000,166800,353715000,839719410000.0,27.45633363726713,2022-06-22,2374.0,2184.134765625
S100DIXE_1.xbrl,E04273,9202.T,2018-06-29,\\Nas\nas1\Documents\Education\2021 EDHEC Exec PhD\5 Pipeline\data\interim\paper1\data\E04273\S100DIXE_1.xbrl,ok,,3516425257,2173607000000,751291000000,-3756000000,,3516425257,14308334370733.0,30.291863306547157,2018-06-29,4069.0,3850.599609375
S100G5LL_1.xbrl,E04273,9202.T,2019-06-24,\\Nas\nas1\Documents\Education\2021 EDHEC Exec PhD\5 Pipeline\data\interim\paper1\data\E04273\S100G5LL_1.xbrl,ok,,3516425257,2302437000000,803552000000,-59015000000,13678500,3516425257,12434079708752.0,30.151462182303,2019-06-24,3536.0,3408.965087890625
S100J9CP_1.xbrl,E04273,9202.T,2020-07-17,\\Nas\nas1\Documents\Education\2021 EDHEC Exec PhD\5 Pipeline\data\interim\paper1\data\E04273\S100J9CP_1.xbrl,ok,,3516425257,2228808000000,794900000000,-59032000000,13686400,3516425257,8711943574217.5,29.79571602474961,2020-07-17,2477.5,2388.492919921875
S100LVSH_1.xbrl,E04273,9202.T,2021-06-30,\\Nas\nas1\Documents\Education\2021 EDHEC Exec PhD\5 Pipeline\data\interim\paper1\data\E04273\S100LVSH_1.xbrl,ok,,3516425257,2314410000000,924175000000,-59435000000,13693100,3516425257,9184902771284.0,29.84858224894179,2021-06-30,2612.0,2518.160888671875
S100DG89_1.xbrl,E04430,9432.T,2018-06-27,\\Nas\nas1\Documents\Education\2021 EDHEC Exec PhD\5 Pipeline\data\interim\paper1\data\E04430\S100DG89_1.xbrl,ok,,1136697235,20284949000000,4329004000000,-375222000000,,1136697235,118193782311.11713,25.49559133741398,2018-06-27,103.9800033569336,80.6278076171875
S100GA5Q_1.xbrl,E04430,9432.T,2019-06-26,\\Nas\nas1\Documents\Education\2021 EDHEC Exec PhD\5 Pipeline\data\interim\paper1\data\E04430\S100GA5Q_1.xbrl,ok,,1136697235,21223727000000,4345475000000,-375223000000,33034500,1136697235,111919208717.4226,25.44104309720558,2019-06-26,98.45999908447266,79.1409683227539
S100IY94_1.xbrl,E04430,9432.T,2020-06-24,\\Nas\nas1\Documents\Education\2021 EDHEC Exec PhD\5 Pipeline\data\interim\paper1\data\E04430\S100IY94_1.xbrl,ok,,2096394470,21223727000000,4717924000000,-150635000000,265592700,2096394470,210394150288.73764,26.07224851461328,2020-06-24,100.36000061035156,83.5867919921875
S100LRAE_1.xbrl,E04430,9432.T,2021-06-25,\\Nas\nas1\Documents\Education\2021 EDHEC Exec PhD\5 Pipeline\data\interim\paper1\data\E04430\S100LRAE_1.xbrl,ok,,2096394470,21223727000000,4383511000000,-653369000000,278776200,2096394470,242930185425.6806,26.216039936232633,2021-06-25,115.87999725341795,100.3365478515625
S100OHL0_1.xbrl,E04430,9432.T,2022-06-27,\\Nas\nas1\Documents\Education\2021 EDHEC Exec PhD\5 Pipeline\data\interim\paper1\data\E04430\S100OHL0_1.xbrl,ok,,2096394470,21541444000000,4600636000000,-704793000000,79490400,2096394470,326031276931.16345,26.510259155217664,2022-06-27,155.52000427246094,139.2862548828125
S100D92Y_1.xbrl,E04425,9433.T,2018-06-21,\\Nas\nas1\Documents\Education\2021 EDHEC Exec PhD\5 Pipeline\data\interim\paper1\data\E04425\S100D92Y_1.xbrl,ok,,896963600,5349478000000,2916989000000,-240547000000,,896963600,1370560380800.0,27.94624080921601,2018-06-21,1528.0,1183.521728515625
S100G1VD_1.xbrl,E04425,9433.T,2019-06-20,\\Nas\nas1\Documents\Education\2021 EDHEC Exec PhD\5 Pipeline\data\interim\paper1\data\E04425\S100G1VD_1.xbrl,ok,,896963600,5626725000000,3238749000000,-338254000000,180953700,896963600,1254627835500.0,27.857860099115683,2019-06-20,1398.75,1125.7911376953125
S100ITAR_1.xbrl,E04425,9433.T,2020-06-18,\\Nas\nas1\Documents\Education\2021 EDHEC Exec PhD\5 Pipeline\data\interim\paper1\data\E04425\S100ITAR_1.xbrl,ok,,2690890800,5880623000000,3487084000000,-383728000000,55464900,2690890800,4251607464000.0,29.07831825417867,2020-06-18,1580.0,1319.95361328125
S100OC94_1.xbrl,E04425,9433.T,2022-06-23,\\Nas\nas1\Documents\Education\2021 EDHEC Exec PhD\5 Pipeline\data\interim\paper1\data\E04425\S100OC94_1.xbrl,ok,,2587213525,6574555000000,3580425000000,-86719000000,88978800,2587213525,5830285678587.5,29.3940871165634,2022-06-23,2253.5,2019.656494140625
S100G6EK_1.xbrl,E04426,9434.T,2019-06-25,\\Nas\nas1\Documents\Education\2021 EDHEC Exec PhD\5 Pipeline\data\interim\paper1\data\E04426\S100G6EK_1.xbrl,ok,,4443429,4767075000000,1889122000000,,,4443429,628967388.5102692,20.259589966755087,2019-06-25,141.5500030517578,100.41273498535156
S100IWZG_1.xbrl,E04426,9434.T,2020-06-25,\\Nas\nas1\Documents\Education\2021 EDHEC Exec PhD\5 Pipeline\data\interim\paper1\data\E04426\S100IWZG_1.xbrl,ok,,5861389,4767075000000,1391722000000,None,46000000,5861389,810337029.25,20.51296080458502,2020-06-25,138.25,103.92788696289062
S100LMHZ_1.xbrl,E04426,9434.T,2021-06-23,\\Nas\nas1\Documents\Education\2021 EDHEC Exec PhD\5 Pipeline\data\interim\paper1\data\E04426\S100LMHZ_1.xbrl,ok,,5861389,4691048000000,1370790000000,-68709000000,100659500,5861389,849022232.4250793,20.559595930534737,2021-06-23,144.85000610351562,116.1412124633789
S100OEL7_1.xbrl,E04426,9434.T,2022-06-24,\\Nas\nas1\Documents\Education\2021 EDHEC Exec PhD\5 Pipeline\data\interim\paper1\data\E04426\S100OEL7_1.xbrl,ok,,4610948240,5305567000000,657334000000,-134218000000,79843400,4610948240,699480833936.5027,27.273604231014673,2022-06-24,151.6999969482422,128.72640991210938
S100DGU4_1.xbrl,E04498,9501.T,2018-06-28,\\Nas\nas1\Documents\Education\2021 EDHEC Exec PhD\5 Pipeline\data\interim\paper1\data\E04498\S100DGU4_1.xbrl,ok,,1607017000,14801106000000,1577408000000,-8442000000,,1607017000,829220772000.0,27.443752267845504,2018-06-28,516.0,516.0
S100GAZW_1.xbrl,E04498,9501.T,2019-06-27,\\Nas\nas1\Documents\Education\2021 EDHEC Exec PhD\5 Pipeline\data\interim\paper1\data\E04498\S100GAZW_1.xbrl,ok,,1607017000,14212677000000,2102180000000,-8454000000,7177000,1607017000,898322503000.0,27.52379497551904,2019-06-27,559.0,559.0
S100IZPG_1.xbrl,E04498,9501.T,2020-06-26,\\Nas\nas1\Documents\Education\2021 EDHEC Exec PhD\5 Pipeline\data\interim\paper1\data\E04498\S100IZPG_1.xbrl,ok,,1607017000,13659769000000,2218139000000,-8469000000,7200900,1607017000,539957712000.0,27.014756662327144,2020-06-26,336.0,336.0
S100LV6U_1.xbrl,E04498,9501.T,2021-06-30,\\Nas\nas1\Documents\Education\2021 EDHEC Exec PhD\5 Pipeline\data\interim\paper1\data\E04498\S100LV6U_1.xbrl,ok,,1607017000,12277600000000,2348679000000,-8474000000,7221500,1607017000,530315610000.0,26.996738156824467,2021-06-30,330.0,330.0
S100OKB1_1.xbrl,E04498,9501.T,2022-06-29,\\Nas\nas1\Documents\Education\2021 EDHEC Exec PhD\5 Pipeline\data\interim\paper1\data\E04498\S100OKB1_1.xbrl,ok,,1607017000,12591823000000,2657265000000,-8477000000,7244000,1607017000,930462843000.0,27.558947979936935,2022-06-29,579.0,579.0
S100CV0N_1.xbrl,E04502,9502.T,2018-06-28,\\Nas\nas1\Documents\Education\2021 EDHEC Exec PhD\5 Pipeline\data\interim\paper1\data\E04502\S100CV0N_1.xbrl,ok,,758000000,5782180000000,1437171000000,-1206000000,,758000000,1255248000000.0,27.85835427855185,2018-06-28,1656.0,1293.572998046875
S100FGA5_1.xbrl,E04502,9502.T,2019-06-27,\\Nas\nas1\Documents\Education\2021 EDHEC Exec PhD\5 Pipeline\data\interim\paper1\data\E04502\S100FGA5_1.xbrl,ok,,758000000,5631311000000,1507508000000,-1891000000,1383700,758000000,1135863000000.0,27.758413830363363,2019-06-27,1498.5,1200.9547119140625
S100J0BW_1.xbrl,E04502,9502.T,2020-06-26,\\Nas\nas1\Documents\Education\2021 EDHEC Exec PhD\5 Pipeline\data\interim\paper1\data\E04502\S100J0BW_1.xbrl,ok,,758000000,5538216000000,1637109000000,-2008000000,1413500,758000000,1041492000000.0,27.67167541638894,2020-06-26,1374.0,1136.6800537109375
S100LNJL_1.xbrl,E04502,9502.T,2021-06-28,\\Nas\nas1\Documents\Education\2021 EDHEC Exec PhD\5 Pipeline\data\interim\paper1\data\E04502\S100LNJL_1.xbrl,ok,,758000000,5411487000000,1724713000000,-2474000000,1439400,758000000,1046419000000.0,27.676394974976855,2021-06-28,1380.5,1184.02880859375
S100NM6F_1.xbrl,E04502,9502.T,2022-06-29,\\Nas\nas1\Documents\Education\2021 EDHEC Exec PhD\5 Pipeline\data\interim\paper1\data\E04502\S100NM6F_1.xbrl,ok,,758000000,5529408000000,1791942000000,-2697000000,1468300,758000000,1035428000000.0,27.66583598373738,2022-06-29,1366.0,1216.6212158203125
S100DCR7_1.xbrl,E04499,9503.T,2018-06-28,\\Nas\nas1\Documents\Education\2021 EDHEC Exec PhD\5 Pipeline\data\interim\paper1\data\E04499\S100DCR7_1.xbrl,ok,,938733000,7777519000000,1213158000000,-96424000000,,938733000,1507605198000.0,28.0415435461976,2018-06-28,1606.0,1237.448974609375
S100G17T_1.xbrl,E04499,9503.T,2019-06-21,\\Nas\nas1\Documents\Education\2021 EDHEC Exec PhD\5 Pipeline\data\interim\paper1\data\E04499\S100G17T_1.xbrl,ok,,938733000,7743378000000,1060219000000,-96504000000,45971200,938733000,1147601092500.0,27.768694873039923,2019-06-21,1222.5,969.3250122070312
S100IRRA_1.xbrl,E04499,9503.T,2020-06-26,\\Nas\nas1\Documents\Education\2021 EDHEC Exec PhD\5 Pipeline\data\interim\paper1\data\E04499\S100IRRA_1.xbrl,ok,,938733000,7412472000000,1201831000000,-96806000000,46002800,938733000,973935487500.0,27.60461090379575,2020-06-26,1037.5,855.89990234375
S100LKRF_1.xbrl,E04499,9503.T,2021-06-28,\\Nas\nas1\Documents\Education\2021 EDHEC Exec PhD\5 Pipeline\data\interim\paper1\data\E04499\S100LKRF_1.xbrl,ok,,938733000,6853182000000,1344696000000,-96828000000,46029400,938733000,1020872137500.0,27.651678414653734,2021-06-28,1087.5,937.742919921875
S100OJ76_1.xbrl,E04499,9503.T,2022-06-29,\\Nas\nas1\Documents\Education\2021 EDHEC Exec PhD\5 Pipeline\data\interim\paper1\data\E04499\S100OJ76_1.xbrl,ok,,938733000,6985088000000,1472797000000,-96845000000,46273900,938733000,1257902220000.0,27.86046654463585,2022-06-29,1340.0,1206.55029296875
S100DDYC_1.xbrl,E04514,9531.T,2018-06-28,\\Nas\nas1\Documents\Education\2021 EDHEC Exec PhD\5 Pipeline\data\interim\paper1\data\E04514\S100DDYC_1.xbrl,ok,,2517551000,2176816000000,1029492000000,-3087000000,,2517551000,7352507695500.0,29.626062554024813,2018-06-28,2920.5,2461.87744140625
S100G7A2_1.xbrl,E04514,9531.T,2019-06-27,\\Nas\nas1\Documents\Education\2021 EDHEC Exec PhD\5 Pipeline\data\interim\paper1\data\E04514\S100G7A2_1.xbrl,ok,,2446778000,2257662000000,1087262000000,-3642000000,1441000,2446778000,6156093448000.0,29.44846351177697,2019-06-27,2516.0,2164.7666015625
S100IWP6_1.xbrl,E04514,9531.T,2020-06-26,\\Nas\nas1\Documents\Education\2021 EDHEC Exec PhD\5 Pipeline\data\interim\paper1\data\E04514\S100IWP6_1.xbrl,ok,,2396778000,2251518000000,1115172000000,-4111000000,1455100,2396778000,6049467672000.0,29.430991396000945,2020-06-26,2524.0,2220.372314453125
S100LSTE_1.xbrl,E04514,9531.T,2021-06-29,\\Nas\nas1\Documents\Education\2021 EDHEC Exec PhD\5 Pipeline\data\interim\paper1\data\E04514\S100LSTE_1.xbrl,ok,,2302856000,2230269000000,1112807000000,-3875000000,1468300,2302856000,4897023284000.0,29.21964864338523,2021-06-29,2126.5,1915.7938232421875
S100OJKI_1.xbrl,E04514,9531.T,2022-06-29,\\Nas\nas1\Documents\Education\2021 EDHEC Exec PhD\5 Pipeline\data\interim\paper1\data\E04514\S100OJKI_1.xbrl,ok,,458073000,2334316000000,1148433000000,-3907000000,1266000,458073000,1270236429000.0,27.870224163639506,2022-06-29,2773.0,2571.99072265625
S100DGFB_1.xbrl,E04520,9532.T,2018-06-29,\\Nas\nas1\Documents\Education\2021 EDHEC Exec PhD\5 Pipeline\data\interim\paper1\data\E04520\S100DGFB_1.xbrl,ok,,2083400000,1668317000000,828565000000,-1492000000,,2083400000,4776194500000.0,29.19466521564524,2018-06-29,2292.5,1890.01220703125
S100G3X2_1.xbrl,E04520,9532.T,2019-06-24,\\Nas\nas1\Documents\Education\2021 EDHEC Exec PhD\5 Pipeline\data\interim\paper1\data\E04520\S100G3X2_1.xbrl,ok,,2083400000,1862201000000,918869000000,-1663000000,947300,2083400000,3981377400000.0,29.012648955754894,2019-06-24,1911.0,1610.6663818359375
S100IXGI_1.xbrl,E04520,9532.T,2020-06-29,\\Nas\nas1\Documents\Education\2021 EDHEC Exec PhD\5 Pipeline\data\interim\paper1\data\E04520\S100IXGI_1.xbrl,ok,,2083400000,1829756000000,935786000000,-1744000000,976000,2083400000,4398057400000.0,29.112184059362942,2020-06-29,2111.0,1822.509521484375
S100LKB5_1.xbrl,E04520,9532.T,2021-06-28,\\Nas\nas1\Documents\Education\2021 EDHEC Exec PhD\5 Pipeline\data\interim\paper1\data\E04520\S100LKB5_1.xbrl,ok,,2083400000,1886577000000,991870000000,-1802000000,1000100,2083400000,4366806400000.0,29.105053056955555,2021-06-28,2096.0,1851.2843017578125
S100OIE9_1.xbrl,E04520,9532.T,2022-06-28,\\Nas\nas1\Documents\Education\2021 EDHEC Exec PhD\5 Pipeline\data\interim\paper1\data\E04520\S100OIE9_1.xbrl,ok,,416680000,1897230000000,1028799000000,-1852000000,1116700,416680000,1068367520000.0,27.697152917121084,2022-06-28,2564.0,2326.60791015625
S100D12I_1.xbrl,E04583,9602.T,2018-05-30,\\Nas\nas1\Documents\Education\2021 EDHEC Exec PhD\5 Pipeline\data\interim\paper1\data\E04583\S100D12I_1.xbrl,ok,,188990633,344814000000,260671000000,-18870000000,,188990633,140042059053.0,25.665208636245264,2018-05-30,741.0,649.0943603515625
S100FSUL_1.xbrl,E04583,9602.T,2019-05-23,\\Nas\nas1\Documents\Education\2021 EDHEC Exec PhD\5 Pipeline\data\interim\paper1\data\E04583\S100FSUL_1.xbrl,ok,,188990633,375709000000,281621000000,-22412000000,,188990633,175194316791.0,25.889161576515033,2019-05-23,927.0,821.7946166992188
S100INGE_1.xbrl,E04583,9602.T,2020-05-28,\\Nas\nas1\Documents\Education\2021 EDHEC Exec PhD\5 Pipeline\data\interim\paper1\data\E04583\S100INGE_1.xbrl,ok,,188990633,392143000000,294433000000,-23232000000,6522300,188990633,150814525134.0,25.739316608398987,2020-05-28,798.0,717.6360473632812
S100LE5F_1.xbrl,E04583,9602.T,2021-05-27,\\Nas\nas1\Documents\Education\2021 EDHEC Exec PhD\5 Pipeline\data\interim\paper1\data\E04583\S100LE5F_1.xbrl,ok,,188990633,417526000000,320442000000,-16902000000,8524600,188990633,167823682104.0,25.846179753941346,2021-05-27,888.0,805.5860595703125
S100O3B2_1.xbrl,E04583,9602.T,2022-05-26,\\Nas\nas1\Documents\Education\2021 EDHEC Exec PhD\5 Pipeline\data\interim\paper1\data\E04583\S100O3B2_1.xbrl,ok,,188990633,445785000000,349932000000,-23771000000,9615200,188990633,187667698569.0,25.95793867499435,2022-05-26,993.0,909.4129638671876
S100DCVL_1.xbrl,E04773,9735.T,2018-06-26,\\Nas\nas1\Documents\Education\2021 EDHEC Exec PhD\5 Pipeline\data\interim\paper1\data\E04773\S100DCVL_1.xbrl,ok,,233288717,1328226000000,830369000000,-73731000000,,233288717,973047238607.0,27.603698467395862,2018-06-26,4171.0,3619.922607421875
S100G8G0_1.xbrl,E04773,9735.T,2019-06-26,\\Nas\nas1\Documents\Education\2021 EDHEC Exec PhD\5 Pipeline\data\interim\paper1\data\E04773\S100G8G0_1.xbrl,ok,,233288717,1410715000000,907341000000,-73748000000,15031800,233288717,1091557906843.0,27.718627064065135,2019-06-26,4679.0,4132.95263671875
S100J09D_1.xbrl,E04773,9735.T,2020-06-25,\\Nas\nas1\Documents\Education\2021 EDHEC Exec PhD\5 Pipeline\data\interim\paper1\data\E04773\S100J09D_1.xbrl,ok,,233288717,1568052000000,943144000000,-73759000000,15033500,233288717,1089808241465.5,27.717022871431926,2020-06-25,4671.5,4202.66845703125
S100LOKE_1.xbrl,E04773,9735.T,2021-06-25,\\Nas\nas1\Documents\Education\2021 EDHEC Exec PhD\5 Pipeline\data\interim\paper1\data\E04773\S100LOKE_1.xbrl,ok,,233288717,1650176000000,1013253000000,-73775000000,15034500,233288717,994509800571.0,27.625515789964126,2021-06-25,4263.0,3902.25537109375
S100OHK9_1.xbrl,E04773,9735.T,2022-06-28,\\Nas\nas1\Documents\Education\2021 EDHEC Exec PhD\5 Pipeline\data\interim\paper1\data\E04773\S100OHK9_1.xbrl,ok,,233290441,1715123000000,1081213000000,-73785000000,15215200,233290441,981452885287.0,27.61229984674662,2022-06-28,4207.0,3932.059814453125
S100DGVQ_1.xbrl,E01956,9766.T,2018-06-28,\\Nas\nas1\Documents\Education\2021 EDHEC Exec PhD\5 Pipeline\data\interim\paper1\data\E01956\S100DGVQ_1.xbrl,ok,,143500000,300592000000,199293000000,-20903000000,,143500000,799295000000.0,27.40699592608528,2018-06-28,5570.0,4997.88720703125
S100GAJP_1.xbrl,E01956,9766.T,2019-06-27,\\Nas\nas1\Documents\Education\2021 EDHEC Exec PhD\5 Pipeline\data\interim\paper1\data\E01956\S100GAJP_1.xbrl,ok,,143500000,311592000000,207051000000,-21321000000,8266900,143500000,727545000000.0,27.312941689749177,2019-06-27,5070.0,4676.06298828125
S100J1B4_1.xbrl,E01956,9766.T,2020-06-29,\\Nas\nas1\Documents\Education\2021 EDHEC Exec PhD\5 Pipeline\data\interim\paper1\data\E01956\S100J1B4_1.xbrl,ok,,143500000,328187000000,205409000000,-21325000000,10285500,143500000,503685000000.0,26.945216909623863,2020-06-29,3510.0,3267.67041015625
S100LSMH_1.xbrl,E01956,9766.T,2021-06-29,\\Nas\nas1\Documents\Education\2021 EDHEC Exec PhD\5 Pipeline\data\interim\paper1\data\E01956\S100LSMH_1.xbrl,ok,,143500000,337144000000,211362000000,-27836000000,10286700,143500000,972930000000.0,27.603577974098393,2021-06-29,6780.0,6365.56103515625
S100OKD9_1.xbrl,E01956,9766.T,2022-06-29,\\Nas\nas1\Documents\Education\2021 EDHEC Exec PhD\5 Pipeline\data\interim\paper1\data\E01956\S100OKD9_1.xbrl,ok,,143500000,363108000000,215475000000,-27843000000,9919500,143500000,1102080000000.0,27.728220419305668,2022-06-29,7680.0,7327.57470703125
S100CZ4Y_1.xbrl,E03144,9843.T,2018-05-18,\\Nas\nas1\Documents\Education\2021 EDHEC Exec PhD\5 Pipeline\data\interim\paper1\data\E03144\S100CZ4Y_1.xbrl,ok,,57221748,321703000000,247898000000,-10188000000,,57221748,211720467600.0,26.078532692511125,2018-05-18,3700.0,3494.13916015625
S100FSYO_1.xbrl,E03144,9843.T,2019-05-17,\\Nas\nas1\Documents\Education\2021 EDHEC Exec PhD\5 Pipeline\data\interim\paper1\data\E03144\S100FSYO_1.xbrl,ok,,114443496,404793000000,310531000000,-8640000000,,114443496,291487584312.0,26.39826324941821,2019-05-17,2547.0,2421.013916015625
S100ILF5_1.xbrl,E03144,9843.T,2020-05-15,\\Nas\nas1\Documents\Education\2021 EDHEC Exec PhD\5 Pipeline\data\interim\paper1\data\E03144\S100ILF5_1.xbrl,ok,,114443496,414541000000,330968000000,-7727000000,1656100,114443496,395745609168.0,26.70403744068199,2020-05-15,3458.0,3309.322021484375
S100LBVH_1.xbrl,E03144,9843.T,2021-05-14,\\Nas\nas1\Documents\Education\2021 EDHEC Exec PhD\5 Pipeline\data\interim\paper1\data\E03144\S100LBVH_1.xbrl,ok,,114443496,487814000000,394778000000,-10875000000,1378300,114443496,446100747408.0,26.82381065450626,2021-05-14,3898.0,3750.08642578125
S100O35Q_1.xbrl,E03144,9843.T,2022-05-20,\\Nas\nas1\Documents\Education\2021 EDHEC Exec PhD\5 Pipeline\data\interim\paper1\data\E03144\S100O35Q_1.xbrl,ok,,114443496,550507000000,441668000000,-8971000000,1344100,114443496,282332104632.0,26.366349890968113,2022-05-20,2467.0,2391.09375
S100ENUV_1.xbrl,E03217,9983.T,2018-11-30,\\Nas\nas1\Documents\Education\2021 EDHEC Exec PhD\5 Pipeline\data\interim\paper1\data\E03217\S100ENUV_1.xbrl,ok,,106073656,977609000000,626581000000,-15563000000,,106073656,2087529550080.0,28.367002449298177,2018-11-30,19680.0,18456.830078125
S100HHAF_1.xbrl,E03217,9983.T,2019-11-29,\\Nas\nas1\Documents\Education\2021 EDHEC Exec PhD\5 Pipeline\data\interim\paper1\data\E03217\S100HHAF_1.xbrl,ok,,106073656,410009000000,376007000000,-15429000000,4011900,106073656,2358017372880.0,28.488842285650176,2019-11-29,22230.0,21026.849609375
S100K9IP_1.xbrl,E03217,9983.T,2020-11-27,\\Nas\nas1\Documents\Education\2021 EDHEC Exec PhD\5 Pipeline\data\interim\paper1\data\E03217\S100K9IP_1.xbrl,ok,,106073656,631086000000,345773000000,-15271000000,3973100,106073656,2974658962151.703,28.72115051378424,2020-11-27,28043.333984375,26740.373046875
S100MXXW_1.xbrl,E03217,9983.T,2021-11-26,\\Nas\nas1\Documents\Education\2021 EDHEC Exec PhD\5 Pipeline\data\interim\paper1\data\E03217\S100MXXW_1.xbrl,ok,,106073656,670111000000,377103000000,-15129000000,3928900,106073656,2532685257368.297,28.56030122236546,2021-11-26,23876.666015625,22894.2578125
S100POPP_1.xbrl,E03217,9983.T,2022-11-25,\\Nas\nas1\Documents\Education\2021 EDHEC Exec PhD\5 Pipeline\data\interim\paper1\data\E03217\S100POPP_1.xbrl,ok,,106073656,1953466000000,463229000000,-14973000000,3883900,106073656,2824741459280.0,28.66943795749991,2022-11-25,26630.0,25758.265625
S100D87G_1.xbrl,E02778,9984.T,2018-06-21,\\Nas\nas1\Documents\Education\2021 EDHEC Exec PhD\5 Pipeline\data\interim\paper1\data\E02778\S100D87G_1.xbrl,ok,,1200660365,16690127000000,936019000000,-67727000000,,1200660365,1296863276745.625,27.890969600706786,2018-06-21,1080.125,1028.618408203125
S100G1JI_1.xbrl,E02778,9984.T,2019-06-19,\\Nas\nas1\Documents\Education\2021 EDHEC Exec PhD\5 Pipeline\data\interim\paper1\data\E02778\S100G1JI_1.xbrl,ok,,1200660365,21034169000000,894693000000,-66458000000,46826900,1200660365,1538346092656.25,28.06172898943194,2019-06-19,1281.25,1225.1539306640625
S100IYQ1_1.xbrl,E02778,9984.T,2020-06-25,\\Nas\nas1\Documents\Education\2021 EDHEC Exec PhD\5 Pipeline\data\interim\paper1\data\E02778\S100IYQ1_1.xbrl,ok,,1200660365,20707192000000,1360467000000,-443482000000,21818400,1200660365,1611886540012.5,28.108426372928243,2020-06-25,1342.5,1297.4566650390625
