filing_date,document_score,mean_chunk_score,median_chunk_score,num_chunks,symbol,token_count,pos_rate,neg_rate,lmmd_net,market_cap,ln_market_cap,open,high,low,close,adj_close,volume,ret,vol_20_11,vol_60_11,vol_120_11,volatility,ln_volatility,polarity_conflict,same_sign_nonzero,sent_disagreement_raw,sent_disagreement_abs,document_score_z,lmmd_net_z,sent_disagreement_z,sent_disagreement_abs_z,gpt_valid,document_sent_class,lmmd_sent_class,polarity_conflict_thresh,same_polarity_thresh,either_neutral_thresh
2018-03-16,0.0,0.0,0.0,0,4151.T,1642,0.0140073081607795,0.0097442143727162,0.0042630937880633,1305158768520.0,27.89734581100417,2271.0,2280.0,2235.0,2264.0,1947.9364013671875,1677800.0,0.0080142129574796,0.0269017513482236,0.0187607097094499,0.0174560299283496,0.0187607097094499,-3.9759905051255013,0,0,0.0042630937880633,0.0042630937880633,-0.5272407128254694,0.36956627034087053,0.8968069831663399,0.8968069831663399,0,neutral,positive,0,0,1
2018-03-22,0.0,0.0,0.0,0,4519.T,678,0.0058997050147492,0.0088495575221238,-0.0029498525073746,1052209471320.0,27.6819133276472,1776.6666259765625,1890.0,1776.6666259765625,1880.0,1622.9205322265625,3231300.0,0.0444445928344392,0.0240560450394119,0.0192247619610251,0.0175012813785588,0.0192247619610251,-3.951556145408301,0,0,-0.0029498525073746,0.0029498525073746,-0.5272407128254694,-0.9424506526256022,-0.4152099398001329,0.4152099398001329,0,neutral,neutral,0,0,1
2018-03-23,0.0,0.0,0.0,0,3405.T,1029,0.0077745383867832,0.0038872691933916,0.0038872691933916,646655607000.0,27.195079697612105,1721.0,1734.0,1685.0,1689.0,1293.3265380859375,2389800.0,-0.0468395711244937,0.015137503432617,0.0152592750719377,0.0134765779052807,0.0152592750719377,-4.182567759369714,0,0,0.0038872691933916,0.0038872691933916,-0.5272407128254694,0.3012047148710678,0.8284454276965372,0.8284454276965372,0,neutral,neutral,0,0,1
2018-03-23,0.0,0.0,0.0,0,4452.T,998,0.0100200400801603,0.0090180360721442,0.001002004008016,3753384000000.0,28.95367894899277,7382.0,7418.0,7251.0,7274.0,6134.44482421875,1969800.0,-0.0257164138998546,0.0157405334451849,0.016902110974017,0.0153480964870934,0.016902110974017,-4.080316755148529,0,0,0.001002004008016,0.001002004008016,-0.5272407128254694,-0.22361781886290402,0.30362289396256537,0.30362289396256537,0,neutral,neutral,0,0,1
2018-03-23,0.0,0.0,0.0,0,5108.T,1423,0.0063246661981728,0.0140548137737174,-0.0077301475755446,1784758890000.0,28.210304446406365,2235.0,2255.5,2188.0,2195.0,1654.986083984375,6492600.0,-0.0416941096506424,0.0139115439110015,0.0142074408795953,0.0142321916727755,0.0142074408795953,-4.253989446012614,0,0,-0.0077301475755446,0.0077301475755446,-0.5272407128254694,-1.8119743908210557,-1.2847336779955865,1.2847336779955865,0,neutral,negative,0,0,1
2018-03-23,0.0,0.0,0.0,0,6326.T,682,0.0117302052785923,0.0073313782991202,0.0043988269794721,2166694565500.0,28.404223880463743,1736.0,1762.0,1720.0,1724.5,1448.200927734375,4463600.0,-0.0480263677889293,0.0193719904661985,0.0164997121852887,0.0150339654062626,0.0164997121852887,-4.104412341543575,0,0,0.0043988269794721,0.0043988269794721,-0.5272407128254694,0.39425579898039875,0.9214965118058681,0.9214965118058681,0,neutral,positive,0,0,1
2018-03-26,0.0,0.0,0.0,0,7272.T,2263,0.0114891736632788,0.0097216084843128,0.0017675651789659,348636997116.76025,26.577297094971048,981.6666870117188,996.6666870117188,973.3333129882812,996.6666870117188,741.3513793945312,7400100.0,-0.0016694868160925,0.0207869849974432,0.0179475561836776,0.0155854307961672,0.0179475561836776,-4.020301319072646,0,0,0.0017675651789659,0.0017675651789659,-0.5272407128254694,-0.0843641532023699,0.44287655962309946,0.44287655962309946,0,neutral,neutral,0,0,1
2018-03-27,0.0,0.0,0.0,0,2914.T,2162,0.0101757631822386,0.0046253469010175,0.005550416281221,5914000000000.0,29.408343537358835,2885.0,2960.5,2869.5,2957.0,1839.7611083984373,7430900.0,0.01632573516148,0.012492833449721,0.0117078214089867,0.009882515173537,0.0117078214089867,-4.4474981640280875,0,0,0.005550416281221,0.005550416281221,-0.5272407128254694,0.6037270178576736,1.130967730683143,1.130967730683143,0,neutral,positive,0,0,1
2018-03-27,0.0,0.0,0.0,0,4704.T,707,0.0056577086280056,0.0127298444130127,-0.007072135785007,848772674200.0,27.46705723027839,5960.0,6060.0,5940.0,6050.0,4562.29638671875,949200.0,0.0219594365497179,0.0288338932147998,0.0221950162911029,0.0184924695691322,0.0221950162911029,-3.8078875066976288,0,0,-0.007072135785007,0.007072135785007,-0.5272407128254694,-1.6922836889447859,-1.1650429761193166,1.1650429761193166,0,neutral,negative,0,0,1
2018-03-27,0.0,0.0,0.0,0,4911.T,3521,0.0059642147117296,0.011076398750355,-0.0051121840386253,2616800000000.0,28.592973313170585,6372.0,6546.0,6318.0,6542.0,6034.8388671875,2721200.0,0.034799214114064,0.0230067932750402,0.0222482977497881,0.0184691056789927,0.0222482977497881,-3.805489778924094,0,0,-0.0051121840386253,0.0051121840386253,-0.5272407128254694,-1.3357733595836871,-0.8085326467582178,0.8085326467582178,0,neutral,negative,0,0,1
2018-03-28,0.0,0.0,0.0,0,2502.T,1956,0.016359918200409,0.0040899795501022,0.0122699386503067,886088934677.1239,27.5100831602534,1838.0,1846.3333740234373,1816.0,1832.3333740234373,1507.9232177734375,3693300.0,-0.0123965039228612,0.0137068759856996,0.0173195534612678,0.0147430901707572,0.0173195534612678,-4.055919157862199,0,0,0.0122699386503067,0.0122699386503067,-0.5272407128254694,1.8259913605255644,2.353232073351034,2.353232073351034,0,neutral,positive,0,0,1
2018-03-28,0.0,0.0,0.0,0,3436.T,1512,0.0085978835978835,0.0138888888888888,-0.0052910052910052,712168054857.0,27.29157975260972,2845.0,2853.0,2732.0,2763.0,2269.300537109375,9287800.0,-0.0540911156733375,0.0285613846481289,0.0271666783006937,0.0291150508037423,0.0271666783006937,-3.6057641191571275,0,0,-0.0052910052910052,0.0052910052910052,-0.5272407128254694,-1.3683004989382224,-0.841059786112753,0.841059786112753,0,neutral,negative,0,0,1
2018-03-28,0.0,0.0,0.0,0,3659.T,1468,0.0136239782016348,0.0068119891008174,0.0068119891008174,783787912000.0,27.38740430029141,1730.0,1785.0,1729.0,1784.0,1721.2811279296875,2857100.0,-0.0317503413932138,0.0204106118057886,0.0253805182845176,0.0218404274115407,0.0253805182845176,-3.6737733959226198,0,0,0.0068119891008174,0.0068119891008174,-0.5272407128254694,0.833203964041496,1.3604446768669654,1.3604446768669654,0,neutral,positive,0,0,1
2018-03-28,0.0,0.0,0.0,0,8804.T,477,0.010482180293501,0.0020964360587002,0.0083857442348008,681635130432.0,27.24776035226008,1593.0,1598.0,1558.0,1574.0,1204.13671875,1285400.0,-0.0193149741280295,0.0162390321896024,0.0150679669021015,0.0137743074481018,0.0150679669021015,-4.1951841857235435,0,0,0.0083857442348008,0.0083857442348008,-0.5272407128254694,1.1194660938035808,1.6467068066290502,1.6467068066290502,0,neutral,positive,0,0,1
2018-03-29,0.0,0.0,0.0,0,2503.T,1378,0.013788098693759,0.0065312046444121,0.0072568940493468,2715027500000.0,28.629823198176595,2820.5,2827.0,2771.5,2813.5,2210.610595703125,3983400.0,0.0155209486655409,0.0194483158869081,0.0178265781017137,0.0148500147752051,0.0178265781017137,-4.02706478354513,0,0,0.0072568940493468,0.0072568940493468,-0.5272407128254694,0.9141310634088236,1.441371776234293,1.441371776234293,0,neutral,positive,0,0,1
2018-03-29,0.0,0.0,0.0,0,4004.T,980,0.0091836734693877,0.0122448979591836,-0.0030612244897959,6534898245000.0,29.508177892110744,4450.0,4485.0,4275.0,4365.0,3520.33935546875,1442800.0,-0.0135592158227747,0.0312680935680661,0.0274911575374995,0.0261264807791361,0.0274911575374995,-3.5938908701069243,0,0,-0.0030612244897959,0.0030612244897959,-0.5272407128254694,-0.9627089381716198,-0.4354682253461505,0.4354682253461505,0,neutral,neutral,0,0,1
2018-03-29,0.0,0.0,0.0,0,4324.T,2832,0.0134180790960451,0.0084745762711864,0.0049435028248587,1341106500000.0,27.92451613541914,4615.0,4665.0,4600.0,4650.0,3792.730224609375,1113400.0,0.0197368511741069,0.0201348808505225,0.0167048824099509,0.0150317396699129,0.0167048824099509,-4.092054242410949,0,0,0.0049435028248587,0.0049435028248587,-0.5272407128254694,0.4933309753934382,1.0205716882189075,1.0205716882189075,0,neutral,positive,0,0,1
2018-03-29,0.0,0.0,0.0,0,4755.T,1513,0.0165234633179114,0.0132187706543291,0.0033046926635822,1155467697519.5618,27.775526310856467,885.0999755859375,888.7000122070312,864.5,872.7999877929688,853.1331787109375,13651200.0,-0.0257841060810126,0.0194502281388426,0.0171560312256889,0.0159336798615606,0.0171560312256889,-4.065405492226053,0,0,0.0033046926635822,0.0033046926635822,-0.5272407128254694,0.19523549858611408,0.7224762114115835,0.7224762114115835,0,neutral,neutral,0,0,1
2018-03-29,0.0,0.0,0.0,0,5101.T,408,0.017156862745098,0.0,0.017156862745098,833883532000.0,27.44935957967311,2458.0,2483.0,2413.0,2434.0,1900.302978515625,524200.0,0.003711608903735,0.0198569158093368,0.0164345932509072,0.0163083238654329,0.0164345932509072,-4.108366821128272,0,0,0.017156862745098,0.017156862745098,-0.5272407128254694,2.7149106524484967,3.242151365273966,3.242151365273966,0,neutral,positive,0,0,1
2018-03-29,0.0,0.0,0.0,0,5201.T,874,0.011441647597254,0.0011441647597254,0.0102974828375286,5215568475000.0,29.28266920611056,4440.0,4485.0,4345.0,4395.0,3176.98779296875,1079900.0,0.0316902273851273,0.0140865696314914,0.0165670275382878,0.0153620292914434,0.0165670275382878,-4.10034085178967,0,0,0.0102974828375286,0.0102974828375286,-0.5272407128254694,1.4672065727051882,1.9944472855306574,1.9944472855306574,0,neutral,positive,0,0,1
2018-03-29,0.0,0.0,0.0,0,5301.T,1048,0.0085877862595419,0.0085877862595419,0.0,348436868096.0,26.576722897497163,1564.0,1585.0,1529.0,1549.0,1232.537109375,3465700.0,0.0064974621110964,0.0317189103075513,0.037582315560892,0.0373944799461976,0.037582315560892,-3.2812216700538652,0,0,0.0,0.0,-0.5272407128254694,-0.405879846271693,0.12136086655377637,0.12136086655377637,0,neutral,neutral,0,0,1
2018-03-29,0.0,0.0,0.0,0,6361.T,2105,0.0076009501187648,0.0147268408551068,-0.007125890736342,346978028000.0,26.57252729500376,750.0,755.0,740.0,746.0,612.1963500976562,2240500.0,0.0,0.0245678428450835,0.0206570370005295,0.0196679272818984,0.0206570370005295,-3.8796992427816113,0,0,-0.007125890736342,0.007125890736342,-0.5272407128254694,-1.702061580385537,-1.1748208675600678,1.1748208675600678,0,neutral,negative,0,0,1
2018-03-29,0.0,0.0,0.0,0,6723.T,3537,0.0042408821034775,0.010178117048346,-0.0059372349448685,438397324000.0,26.806391468546988,1059.0,1061.0,1035.0,1051.0,1011.9019775390624,4570800.0,-0.0047348179005316,0.0265280261163757,0.0214245418531355,0.0207345545989445,0.0214245418531355,-3.8432181984778975,0,0,-0.0059372349448685,0.0059372349448685,-0.5272407128254694,-1.4858480595692616,-0.9586073467437922,0.9586073467437922,0,neutral,negative,0,0,1
2018-03-29,0.0,0.0,0.0,0,7751.T,10311,0.0075647366889729,0.0063039472408107,0.0012607894481621,5134989336400.0,29.26709888265648,3880.0,3897.0,3825.0,3850.0,2794.9130859375,3603300.0,0.0,0.0127704847620585,0.0123102305731175,0.0101817696499062,0.0123102305731175,-4.397324608407372,0,0,0.0012607894481621,0.0012607894481621,-0.5272407128254694,-0.17654539339596834,0.35069531942950105,0.35069531942950105,0,neutral,neutral,0,0,1
2018-03-30,0.0,0.0,0.0,0,2501.T,5747,0.0132242909344005,0.0093962067165477,0.0038280842178527,244262020000.0,26.22150733853152,622.0,625.0,617.0,620.0,554.9539794921875,946000.0,0.0032364437780989,0.0144986323467156,0.0136115226462757,0.0140611194661458,0.0136115226462757,-4.296838591554068,0,0,0.0038280842178527,0.0038280842178527,-0.5272407128254694,0.29043911558447566,0.817679828409945,0.817679828409945,0,neutral,neutral,0,0,1
2018-03-30,0.0,0.0,0.0,0,4578.T,1725,0.0092753623188405,0.0127536231884057,-0.0034782608695652,2972706002993.0,28.720493766051305,5328.0,5339.0,5255.0,5329.0,4524.00390625,968100.0,0.0068014703285572,0.0168624830177663,0.016059895989765,0.0137214865496556,0.016059895989765,-4.131430046837855,0,0,-0.0034782608695652,0.0034782608695652,-0.5272407128254694,-1.0385668144594367,-0.5113261016339673,0.5113261016339673,0,neutral,neutral,0,0,1
2018-03-30,0.0,0.0,0.0,0,5214.T,1579,0.0101329955668144,0.0094996833438885,0.0006333122229259,1572467299440.0,28.0836670300361,3085.0,3195.0,3085.0,3160.0,2283.314697265625,689700.0,0.0394736154764634,0.0184262182953989,0.0232911838614153,0.0189682819217549,0.0232911838614153,-3.759680365058936,0,0,0.0006333122229259,0.0006333122229259,-0.5272407128254694,-0.2906819340779144,0.236558778747555,0.236558778747555,0,neutral,neutral,0,0,1
2018-04-27,0.0,0.0,0.0,0,1928.T,793,0.008827238335435,0.0050441361916771,0.0037831021437578,1376881183851.0,27.95084204571472,1990.0,2005.0,1977.0,2004.5,1443.3961181640625,2570500.0,0.0088072156546104,0.0121047078464327,0.0155683918890767,0.0128449589877404,0.0155683918890767,-4.162512581124284,0,0,0.0037831021437578,0.0037831021437578,-0.5272407128254694,0.28225698861092974,0.8094977014363991,0.8094977014363991,0,neutral,neutral,0,0,1
2018-05-18,0.0,0.0,0.0,0,9843.T,1583,0.0063171193935565,0.0088439671509791,-0.0025268477574226,211720467600.0,26.078532692511125,3701.0,3719.0,3673.0,3700.0,3494.13916015625,1147000.0,-0.0075107997044722,0.0140296341009174,0.0141022691841282,0.0158765012392363,0.0141022691841282,-4.261419559502117,0,0,-0.0025268477574226,0.0025268477574226,-0.5272407128254694,-0.8655071447024602,-0.3382664318769908,0.3382664318769908,0,neutral,neutral,0,0,1
2018-05-24,0.0,0.0,0.0,0,7453.T,952,0.0052521008403361,0.0063025210084033,-0.0010504201680672,51803910000.0,24.670731465988663,1855.0,1865.0,1832.5,1845.0,1608.68359375,3198000.0,-0.0067294661740388,0.0195386835567957,0.0177672500259635,0.0169366506235514,0.0177672500259635,-4.030398402535489,0,0,-0.0010504201680672,0.0010504201680672,-0.5272407128254694,-0.5969486523157819,-0.06970793949031251,0.06970793949031251,0,neutral,neutral,0,0,1
2018-05-24,0.0,0.0,0.0,0,8233.T,911,0.0120746432491767,0.0065861690450054,0.0054884742041712,301052570000.0,26.43055073760834,919.0,921.0,906.0,910.0,777.9873046875,1272000.0,-0.0087145561169523,0.0077364505682833,0.0155181603182681,0.0146682075457293,0.0155181603182681,-4.1657443074471,0,0,0.0054884742041712,0.0054884742041712,-0.5272407128254694,0.5924599086897552,1.1197006215152245,1.1197006215152245,0,neutral,positive,0,0,1
2018-05-24,0.0,0.0,0.0,0,8267.T,1561,0.0172966047405509,0.0051249199231262,0.0121716848174247,609264036780.0293,27.13551756862831,722.6666870117188,725.5,718.3333129882812,719.8333129882812,646.591552734375,5309700.0,-0.0025405014227825,0.0125255195489039,0.0127768953218488,0.0123694467425324,0.0127768953218488,-4.360116792108335,0,0,0.0121716848174247,0.0121716848174247,-0.5272407128254694,1.8081192336293697,2.335359946454839,2.335359946454839,0,neutral,positive,0,0,1
2018-05-25,0.0,0.0,0.0,0,3382.T,4550,0.0114285714285714,0.0079120879120879,0.0035164835164835,1448150683491.5835,28.00130846766267,1635.6666259765625,1645.0,1629.6666259765625,1633.6666259765625,1376.8057861328125,5610600.0,0.0084362754749054,0.0060608804136183,0.0098193638384151,0.0094400285261591,0.0098193638384151,-4.6233989409530105,0,0,0.0035164835164835,0.0035164835164835,-0.5272407128254694,0.23375972596206995,0.7610004387875393,0.7610004387875393,0,neutral,neutral,0,0,1
2018-05-28,0.0,0.0,0.0,0,3086.T,1402,0.0192582025677603,0.0028530670470756,0.0164051355206847,928764784096.0,27.557121351124632,1733.0,1736.0,1717.0,1732.0,1393.662109375,659100.0,-0.0005766200401331,0.0093055863520343,0.0177004411476977,0.0179321398308628,0.0177004411476977,-4.0341657161142015,0,0,0.0164051355206847,0.0164051355206847,-0.5272407128254694,2.578173347124503,3.105414059949972,3.105414059949972,0,neutral,positive,0,0,1
2018-05-30,0.0,0.0,0.0,0,6506.T,930,0.0043010752688172,0.0021505376344086,0.0021505376344086,1095116540000.0,27.72188190275757,4335.0,4370.0,4310.0,4340.0,3916.919677734375,2682700.0,-0.0214202770302885,0.0129316623809738,0.021147705999592,0.0218763606690773,0.021147705999592,-3.856223842748692,0,0,0.0021505376344086,0.0021505376344086,-0.5272407128254694,-0.014702419704000503,0.5125382931214688,0.5125382931214688,0,neutral,neutral,0,0,1
2018-05-30,0.0,0.0,0.0,0,9602.T,1690,0.0047337278106508,0.0183431952662721,-0.0136094674556213,140042059053.0,25.665208636245264,740.0,747.0,739.0,741.0,649.0943603515625,2046000.0,-0.0172414000229361,0.0125084485006287,0.0139607544235344,0.0141345150534329,0.0139607544235344,-4.2715051413076575,0,0,-0.0136094674556213,0.0136094674556213,-0.5272407128254694,-2.881407998426412,-2.354167285600943,2.354167285600943,0,neutral,negative,0,0,1
2018-05-31,0.0,0.0,0.0,0,6532.T,1574,0.0108005082592121,0.0114358322744599,-0.0006353240152477,288042500.0,19.47861859665737,403.0,425.0,403.0,420.5,381.888671875,3751000.0,0.0357142118158573,0.0276792211225837,0.0299985502675398,0.0319165072331146,0.0299985502675398,-3.5066062229029837,0,0,-0.0006353240152477,0.0006353240152477,-0.5272407128254694,-0.5214436984660737,0.005797014359395614,0.005797014359395614,0,neutral,neutral,0,0,1
2018-06-08,0.5,0.325,0.5,4,7741.T,3808,0.0112920168067226,0.0055147058823529,0.0057773109243697,2828480664040.0,28.67076081558817,6479.0,6582.0,6478.0,6502.0,6087.42333984375,1694700.0,0.008687612700245,0.0146667670367517,0.0160394866737991,0.0162886287248724,0.0160394866737991,-4.132701679936227,0,1,-0.4942226890756303,0.4942226890756303,0.8680038456546284,0.6449985869708135,-0.22300525868381493,0.22300525868381493,1,positive,positive,0,1,0
2018-06-13,0.8,0.8333333333333334,1.0,3,8697.T,2836,0.0130465444287729,0.0133991537376586,-0.0003526093088857,296497314000.0,26.415303996321235,1067.5,1088.5,1058.5,1080.0,872.9700317382812,2953800.0,0.0203117988929955,0.0135610880791116,0.0126883358915484,0.0148126358099379,0.0126883358915484,-4.36707214127262,1,0,-0.8003526093088857,0.8003526093088857,1.7051505807426872,-0.47001859921737316,-2.1751691799600605,2.1751691799600605,1,positive,neutral,0,0,1
2018-06-14,0.0,0.0,0.0,0,6861.T,355,0.0140845070422535,0.0,0.0140845070422535,1995792825000.0,28.32206249334056,33620.0,33750.0,32825.0,32825.0,31667.923828125,577400.0,-0.0262532443006997,0.0084309945285727,0.0140183777778615,0.0155924196821339,0.0140183777778615,-4.267386111783507,0,0,0.0140845070422535,0.0140845070422535,-0.5272407128254694,2.1560568206857287,2.683297533511198,2.683297533511198,0,neutral,positive,0,0,1
2018-06-15,-0.25,-0.125,-0.1,4,4503.T,4017,0.0097087378640776,0.0097087378640776,0.0,807912352000.0,27.41771941433612,1745.0,1770.0,1744.0,1768.0,1395.4599609375,12424400.0,0.0160920835695066,0.0093678633592276,0.0124705488190119,0.0126607409997747,0.0124705488190119,-4.384385509110948,0,0,0.25,0.25,-1.2248629920655183,-0.405879846271693,0.8189831457938253,0.8189831457938253,1,negative,neutral,0,0,1
2018-06-18,0.1,0.04,0.0,5,3099.T,4059,0.0115792067011579,0.0091155457009115,0.0024636610002463,557949897000.0,27.04753500497375,1425.0,1428.0,1405.0,1413.0,1265.3905029296875,1193900.0,-0.00842108666502,0.0227224387841951,0.0165847404118738,0.0163424892769836,0.0165847404118738,-4.0992722586879005,0,1,-0.09753633899975371,0.09753633899975371,-0.24819180112944975,0.042253938783671195,0.29044573991312095,0.29044573991312095,1,neutral,neutral,0,0,1
2018-06-18,0.1,0.075,0.05,4,4568.T,3677,0.0127821593690508,0.007886864291542,0.0048952950775088,948893083849.7314,27.578561967301955,1338.3333740234375,1350.0,1330.6666259765625,1338.3333740234375,1227.4886474609375,4229100.0,-0.0004976843315613,0.0260074533856914,0.0210085120040875,0.0198236431069444,0.0210085120040875,-3.862827589856181,0,1,-0.0951047049224912,0.0951047049224912,-0.24819180112944975,0.48456210650817194,0.7327539076376217,0.7327539076376217,1,neutral,positive,0,0,1
2018-06-18,0.3,0.2857142857142857,0.3,7,4689.T,2171,0.0175034546292031,0.00322432058959,0.014279134039613,2124197700000.0,28.384415294072696,379.0,380.0,372.0,373.0,330.2580261230469,15624900.0,-0.020997287949818,0.0132475212651229,0.0219511513787886,0.018798008631567,0.0219511513787886,-3.818935686222137,0,1,-0.285720865960387,0.285720865960387,0.30990602226258934,2.1914589855907027,1.8815529633281134,1.8815529633281134,1,positive,positive,0,1,0
2018-06-18,0.5,0.4555555555555555,0.5,9,6301.T,7986,0.0070122714750813,0.005885299273729,0.0011269722013523,3205986930000.0,28.79604109337647,3300.0,3313.0,3256.0,3261.0,2467.572998046875,5996200.0,-0.0389035116913742,0.0130038651621157,0.0189794740869981,0.0191266379118769,0.0189794740869981,-3.964397194983087,0,1,-0.4988730277986477,0.4988730277986477,0.8680038456546284,-0.20088641649637395,-1.0688902621510024,1.0688902621510024,1,positive,neutral,0,0,1
2018-06-18,0.4,0.32,0.3,5,7832.T,3891,0.0123361603700848,0.001799023387304,0.0105371369827807,344469990966.7969,26.56527281465613,1545.0,1558.3333740234375,1535.0,1551.6666259765625,1332.2938232421875,2279100.0,0.0075758240169554,0.0222899272152039,0.0175012753849715,0.0188641446328701,0.0175012753849715,-4.0454815215669955,0,1,-0.38946286301721933,0.38946286301721933,0.588954933958609,1.5107990633949766,0.9218441294363676,0.9218441294363676,1,positive,positive,0,1,0
2018-06-19,0.4,0.38,0.4,5,2768.T,4533,0.0116920361791308,0.0070593425987204,0.0046326935804103,2565573977050.0,28.573203342246945,2045.0,2095.0,2040.0,2050.0,1459.9085693359375,3240860.0,0.0024451822608781,0.0133552828557638,0.0157584006617453,0.0156690875074925,0.0157584006617453,-4.150381680555659,0,1,-0.3953673064195897,0.3953673064195897,0.588954933958609,0.43679554980893814,-0.15215938414967084,0.15215938414967084,1,positive,positive,0,1,0
2018-06-19,0.5,0.4285714285714285,0.4,7,4506.T,6267,0.0129248444231689,0.0090952608903781,0.0038295835327908,930290200000.0,27.55876241742917,2369.0,2410.0,2338.0,2338.0,2145.088134765625,1353000.0,-0.0139181683751022,0.0241434172669906,0.0180715872941204,0.020639919028271,0.0180715872941204,-4.0134143368345905,0,1,-0.4961704164672092,0.4961704164672092,0.8680038456546284,0.29071183722845734,-0.577292008426171,0.577292008426171,1,positive,neutral,0,0,1
2018-06-19,0.1,0.0181818181818181,0.0,22,6758.T,21328,0.0061890472618154,0.0133158289572393,-0.0071267816954238,1108644078588.8672,27.7341588337306,1063.0,1081.199951171875,1060.4000244140625,1061.199951171875,1012.6058959960938,23370000.0,-0.00988991990035,0.0142234466282148,0.0156706646077852,0.0162283176697972,0.0156706646077852,-4.155964810764068,1,0,-0.1071267816954238,0.1071267816954238,-0.24819180112944975,-1.702223643618107,-1.4540318424886574,1.4540318424886574,1,neutral,negative,0,0,1
2018-06-19,0.9,0.8571428571428571,1.0,7,8035.T,4089,0.0100269014428955,0.0017119100024455,0.0083149914404499,1117072850000.0,27.741732853226434,6246.66650390625,6300.0,6133.33349609375,6185.0,5019.912109375,4065000.0,-0.0093433610757175,0.0138588850628288,0.0196379363386079,0.020296704563392,0.0196379363386079,-3.930292055985486,0,1,-0.8916850085595501,0.8916850085595501,1.9841994924387067,1.1065963371558343,-0.8776031552828725,0.8776031552828725,1,positive,positive,0,1,0
2018-06-20,0.5,0.4,0.5,5,3401.T,4598,0.0100043497172683,0.0065245759025663,0.003479773814702,1991182020630.0,28.319749558544604,2025.0,2027.0,1991.0,2022.0,1599.6767578125,1381400.0,0.0014858875077006,0.0131582825330158,0.0099907023311856,0.0116808146972417,0.0099907023311856,-4.606100385370863,0,1,-0.496520226185298,0.496520226185298,0.8680038456546284,0.2270823228591461,-0.6409215227954823,0.6409215227954823,1,positive,neutral,0,0,1
2018-06-20,0.5,0.5,0.5,3,4507.T,2420,0.0099173553719008,0.0033057851239669,0.0066115702479338,676639389955.0,27.24040430909032,1898.0,1927.0,1890.0,1927.0,1660.3909912109375,4394700.0,0.0190376520136783,0.015265272705566,0.0129990330202256,0.0151970519515837,0.0129990330202256,-4.342880307346727,0,1,-0.4933884297520662,0.4933884297520662,0.8680038456546284,0.7967482750769012,-0.07125557057772725,0.07125557057772725,1,positive,positive,0,1,0
2018-06-20,0.8,0.625,0.5,4,4523.T,3966,0.0138678769541099,0.0075642965204236,0.0063035804336863,2422655823000.0,28.515885501862492,8025.0,8175.0,8013.0,8169.0,6828.67822265625,792800.0,0.0230433102016309,0.0179944502758395,0.0153766670635146,0.023532045854324,0.0153766670635146,-4.1749040442720675,0,1,-0.7936964195663138,0.7936964195663138,1.7051505807426872,0.7407256968068259,-0.9644248839358613,0.9644248839358613,1,positive,positive,0,1,0
2018-06-20,0.5,0.5,0.5,4,4902.T,3755,0.0117177097203728,0.0047936085219707,0.0069241011984021,557183872000.0,27.046161133709536,1041.0,1049.0,1022.0,1048.0,840.9791259765625,2101700.0,0.0067242559677114,0.0155666919142387,0.0141710573081389,0.0146140432648688,0.0141710573081389,-4.256553612104189,0,1,-0.4930758988015979,0.4930758988015979,0.8680038456546284,0.8535968746879303,-0.014406970966698074,0.014406970966698074,1,positive,positive,0,1,0
2018-06-20,0.5,0.3846153846153846,0.5,13,6098.T,12469,0.0144358007859491,0.0085812815783142,0.0058545192076349,188358398568.0,25.96161236031068,3119.0,3138.0,3087.0,3132.0,3011.020263671875,2987700.0,0.0142485804545078,0.0174127080587871,0.0198887187455911,0.0195664642808249,0.0198887187455911,-3.9176026052051434,0,1,-0.4941454807923651,0.4941454807923651,0.8680038456546284,0.659042580935,-0.2089612647196284,0.2089612647196284,1,positive,positive,0,1,0
2018-06-20,0.5,0.5,0.5,5,6645.T,4351,0.0103424500114916,0.0029878188922086,0.0073546311192829,1224182190000.0,27.833294136981127,5350.0,5400.0,5240.0,5390.0,4809.1064453125,829300.0,0.0018584486683661,0.0118298376173632,0.0170583881472617,0.018534875278337,0.0170583881472617,-4.071113222785436,0,1,-0.4926453688807171,0.4926453688807171,0.8680038456546284,0.9319091924153334,0.06390534676070503,0.06390534676070503,1,positive,positive,0,1,0
2018-06-20,0.5,0.5,0.5,3,6902.T,2810,0.0149466192170818,0.0074733096085409,0.0074733096085409,1216478944000.0,27.82698169034777,1359.5,1379.0,1351.75,1376.0,1129.557861328125,8145200.0,0.0115787814315333,0.0197603597834001,0.0167990533799432,0.0158167194022824,0.0167990533799432,-4.086432740592396,0,1,-0.4925266903914591,0.4925266903914591,0.8680038456546284,0.9534965133131853,0.0854926676585569,0.0854926676585569,1,positive,positive,0,1,0
2018-06-20,0.1,0.02,0.0,15,7186.T,6843,0.0049685810317112,0.0055531199766184,-0.0005845389449072,775144832000.0,27.376315728839867,610.0,611.0,591.0,602.0,458.55279541015625,5485300.0,-0.0243109008865569,0.0165983502885231,0.0172663365031878,0.0173879636948467,0.0172663365031878,-4.058996540004626,1,0,-0.10058453894490721,0.10058453894490721,-0.24819180112944975,-0.5122060209634808,-0.26401421983403106,0.26401421983403106,1,neutral,neutral,0,0,1
2018-06-20,0.2,0.16,0.1,15,7267.T,14409,0.010132556041363,0.0099937539038101,0.0001388021375529,2065632293383.8784,28.3564574908166,1143.3333740234375,1143.6666259765625,1123.3333740234375,1140.3333740234375,852.7647705078125,15043800.0,-0.0034954728031902,0.0156031696890449,0.0143658148292011,0.0146536676481526,0.0143658148292011,-4.242903864929436,0,1,-0.1998611978624471,0.1998611978624471,0.030857110566569822,-0.38063208399062515,-0.41148919455719496,0.41148919455719496,1,positive,neutral,0,0,1
2018-06-20,0.3,0.3,0.3,12,8253.T,10840,0.01190036900369,0.0062730627306273,0.0056273062730627,329349915072.0,26.520386594167583,1730.0,1778.0,1708.0,1776.0,1388.4775390625,1294200.0,0.0367775768020997,0.0140495633932763,0.0159693023786938,0.0165558488635987,0.0159693023786938,-4.137087000947065,0,1,-0.2943726937269373,0.2943726937269373,0.30990602226258934,0.6177131154065865,0.3078070931439971,0.3078070931439971,1,positive,positive,0,1,0
2018-06-20,0.5,0.22,0.1,5,9101.T,4781,0.0106672244300355,0.0079481280066931,0.0027190964233423,1249337434597.7783,27.853634474393587,732.3333129882812,737.3333129882812,714.6666870117188,734.6666870117188,438.799072265625,7569000.0,-0.0045169522445946,0.0137110461822538,0.01610394537138,0.0164179486980024,0.01610394537138,-4.128690982889595,0,1,-0.4972809035766577,0.4972809035766577,0.8680038456546284,0.08871700451300038,-0.779286841141628,0.779286841141628,1,positive,neutral,0,0,1
2018-06-20,0.5,0.5125,0.5,8,9201.T,6687,0.0121130551816958,0.0046358606250934,0.0074771945566023,748983760000.0,27.341983137985576,4134.0,4152.0,4105.0,4130.0,3636.798828125,1039800.0,0.0,0.0108895839033844,0.0098209524798919,0.0107309809161983,0.0098209524798919,-4.623237167440353,0,1,-0.4925228054433977,0.4925228054433977,0.8680038456546284,0.954203175666214,0.08619933001158564,0.08619933001158564,1,positive,positive,0,1,0
2018-06-21,0.8,0.62,0.6,5,4005.T,4857,0.0152357422277125,0.008235536339304,0.0070002058884084,1014788398000.0,27.645701231811543,611.0,620.0,607.0,613.0,480.9840698242188,8643000.0,0.0032731218697619,0.0165843442314636,0.0159738357716367,0.0176144209194892,0.0159738357716367,-4.136803159519087,0,1,-0.7929997941115916,0.7929997941115916,1.7051505807426872,0.8674401277936048,-0.8377104529490824,0.8377104529490824,1,positive,positive,0,1,0
2018-06-21,0.5,0.375,0.45,4,4061.T,3020,0.0096026490066225,0.0023178807947019,0.0072847682119205,1751647747495.0,28.19157803086214,3660.0,3665.0,3585.0,3635.0,2722.789794921875,416400.0,-0.0068303778516939,0.0206614802804395,0.0181955419637899,0.0181148015808435,0.0181955419637899,-4.006578661948326,0,1,-0.4927152317880795,0.4927152317880795,0.8680038456546284,0.9192013039890625,0.05119745833443412,0.05119745833443412,1,positive,positive,0,1,0
2018-06-21,0.2,0.15,0.15,6,5406.T,4975,0.0082412060301507,0.0088442211055276,-0.0006030150753768,3756594902000.0,28.9545340518466,1050.0,1055.0,1026.0,1031.0,785.583984375,3843900.0,-0.0180952325734325,0.012290540931758,0.0147609473330625,0.0194624399769897,0.0147609473330625,-4.215770279412608,1,0,-0.2006030150753768,0.2006030150753768,0.030857110566569822,-0.5155667829675433,-0.5464238935341131,0.5464238935341131,1,positive,neutral,0,0,1
2018-06-21,0.5,0.375,0.4,4,5411.T,3207,0.017149984409105,0.006859993763642,0.010289990645463,1309981816000.0,27.90103437212924,2118.5,2193.5,2103.0,2132.0,1558.0152587890625,5060900.0,-0.0018726528787716,0.0141119900297214,0.0142496543317534,0.0148677427642432,0.0142496543317534,-4.251022629982508,0,1,-0.489710009354537,0.489710009354537,0.8680038456546284,1.465843761673807,0.5978399160191785,0.5978399160191785,1,positive,positive,0,1,0
2018-06-21,0.5,0.275,0.25,8,6594.T,6745,0.0078576723498888,0.0054855448480355,0.0023721275018532,612579187500.0,27.1409440567229,4238.75,4273.75,4173.75,4222.5,3970.117431640625,3445200.0,-0.0041274424799365,0.011885648348647,0.0140930993224561,0.0161230284908282,0.0140930993224561,-4.262070011152944,0,1,-0.4976278724981468,0.4976278724981468,0.8680038456546284,0.025604223952710985,-0.8423996217019174,0.8423996217019174,1,positive,neutral,0,0,1
2018-06-21,0.8,0.8,0.8,4,6753.T,3845,0.0109232769830949,0.0026007802340702,0.0083224967490247,4560954734000.0,29.14855308903092,2680.0,2728.0,2670.0,2681.0,2470.615966796875,764700.0,-0.0014898257893491,0.0181370365572747,0.0187561320732346,0.0181248263528629,0.0187561320732346,-3.976234536127073,0,1,-0.7916775032509753,0.7916775032509753,1.7051505807426872,1.1079615340474918,-0.5971890466951955,0.5971890466951955,1,positive,positive,0,1,0
2018-06-21,0.1,-0.0145833333333333,0.0,48,7011.T,4949,0.0094968680541523,0.0131339664578702,-0.0036370984037179,1351820394082.2146,27.932473240110948,405.8999938964844,407.0,400.3999938964844,400.7000122070313,334.2984619140625,13935000.0,-0.0089042431954232,0.0086115059767132,0.0107295918098442,0.0130606550656127,0.0107295918098442,-4.534749765016153,1,0,-0.1036370984037179,0.1036370984037179,-0.24819180112944975,-1.0674589653607147,-0.819267164231265,0.819267164231265,1,neutral,neutral,0,0,1
2018-06-21,0.5,0.5,0.5,3,8015.T,2876,0.015299026425591,0.0111265646731571,0.0041724617524339,447290761073.2422,26.826474692294283,1265.0,1278.3333740234375,1256.6666259765625,1263.3333740234375,991.34326171875,1727400.0,-0.0117339709313334,0.018080278222793,0.0169730129724411,0.0176006396039094,0.0169730129724411,-4.076130668504378,0,1,-0.4958275382475661,0.4958275382475661,0.8680038456546284,0.3530805293359938,-0.5149233163186346,0.5149233163186346,1,positive,positive,0,1,0
2018-06-21,0.2,0.25,0.25,16,8031.T,14787,0.007033204842091,0.0144045445323595,-0.0073713396902684,1671389467500.0,28.144676412890444,917.75,923.5,909.0,913.75,692.1329956054688,9731600.0,-0.0105577149733685,0.014441608442877,0.0128087476139413,0.0131997347512461,0.0128087476139413,-4.357626934133857,1,0,-0.2073713396902684,0.2073713396902684,0.030857110566569822,-1.7467081323055946,-1.7775652428721644,1.7775652428721644,1,positive,negative,1,0,0
2018-06-21,0.6,0.52,0.5,5,9107.T,5054,0.0110803324099723,0.0083102493074792,0.002770083102493,219502265444.6106,26.114628390340545,234.3333282470703,235.11111450195312,231.7777709960937,233.6666717529297,166.7429962158203,3253500.0,-0.0103528486952301,0.0163839676646258,0.0140482758073502,0.0120284927972666,0.0140482758073502,-4.265255609070958,0,1,-0.5972299168975069,0.5972299168975069,1.147052757350648,0.09799135415482306,-1.049061403195825,1.049061403195825,1,positive,neutral,0,0,1
2018-06-21,0.5,0.4857142857142857,0.5,7,9433.T,6621,0.0089110406283038,0.0077027639329406,0.0012082766953632,1370560380800.0,27.94624080921601,1520.0,1534.5,1517.0,1528.0,1183.521728515625,8577400.0,-0.0013073616243421,0.0094170167792291,0.0091279416378721,0.0103921151179584,0.0091279416378721,-4.696415060190382,0,1,-0.4987917233046368,0.4987917233046368,0.8680038456546284,-0.18609733202433285,-1.0541011776789613,1.0541011776789613,1,positive,neutral,0,0,1
2018-06-21,0.1,0.0923076923076923,0.1,26,9984.T,18743,0.0059755642106386,0.010563943872379,-0.0045883796617403,1296863276745.625,27.890969600706786,1038.75,1086.125,1034.125,1080.125,1028.618408203125,73023200.0,0.0462525271055642,0.0159157224741303,0.0158291604493436,0.0157255058147217,0.0158291604493436,-4.145901441912978,1,0,-0.10458837966174031,0.10458837966174031,-0.24819180112944975,-1.2404946511824197,-0.99230285005297,0.99230285005297,1,neutral,negative,0,0,1
2018-06-22,0.2,0.0545454545454545,0.1,11,5711.T,3495,0.0094420600858369,0.0125894134477825,-0.0031473533619456,3932851994841.0,29.00038597705076,2932.0,2992.0,2903.0,2991.0,2371.5556640625,1408100.0,0.0074097396884027,0.0143101232143069,0.0136835953625611,0.0161829978491974,0.0136835953625611,-4.291557582417904,1,0,-0.20314735336194562,0.20314735336194562,0.030857110566569822,-0.9783755649823442,-1.009232675548914,1.009232675548914,1,positive,neutral,0,0,1
2018-06-22,0.7,0.7,0.7,3,5801.T,2665,0.0135084427767354,0.0093808630393996,0.0041275797373358,2703009609675.0,28.625386938405217,3810.0,3840.0,3775.0,3825.0,3151.21923828125,651500.0,-0.0141753695412019,0.0173933812140681,0.0232100427362192,0.0215742251598376,0.0232100427362192,-3.76317021741273,0,1,-0.6958724202626642,0.6958724202626642,1.4261016690466675,0.34491660284415404,-1.0811850662025133,1.0811850662025133,1,positive,positive,0,1,0
2018-06-22,0.8,0.8,0.8,3,6471.T,2916,0.0137174211248285,0.0096021947873799,0.0041152263374485,632855664000.0,27.17350821413297,1149.0,1156.0,1138.0,1148.0,877.977783203125,3500300.0,-0.0086356447636583,0.0185023116527508,0.0187258126204585,0.0183657179802391,0.0187258126204585,-3.977852352899222,0,1,-0.7958847736625515,0.7958847736625515,1.7051505807426872,0.34266955024672086,-1.3624810304959665,1.3624810304959665,1,positive,positive,0,1,0
2018-06-22,0.8,0.74,0.8,5,6770.T,4896,0.0112336601307189,0.0095996732026143,0.0016339869281045,497108542000.0,26.93207423356466,2723.0,2743.0,2706.0,2738.0,2286.612548828125,2014600.0,-0.005448391965658,0.0142898867145165,0.0182432254622972,0.017274200663676,0.0182432254622972,-4.003961475413571,0,1,-0.7983660130718956,0.7983660130718956,1.7051505807426872,-0.10866170353644983,-1.813812284279137,1.813812284279137,1,positive,neutral,0,0,1
2018-06-22,0.5,0.5,0.5,4,6988.T,3418,0.0181392627267407,0.0102399063779988,0.0078993563487419,287882262884.27734,26.385817424067408,1635.5999755859375,1658.4000244140625,1634.0,1656.800048828125,1361.5421142578125,3280000.0,0.0050957880922077,0.0155362335816699,0.0172484444901757,0.0180606103211967,0.0172484444901757,-4.0600333140533,0,1,-0.4921006436512581,0.4921006436512581,0.8680038456546284,1.0309933516678478,0.16298950601321938,0.16298950601321938,1,positive,positive,0,1,0
2018-06-22,0.2,0.14,0.1,5,7013.T,4345,0.0096662830840046,0.011277330264672,-0.0016110471806674,867312309915.5884,27.48866496791277,557.1428833007812,561.4285888671875,553.5714111328125,560.7142944335938,484.754150390625,6642300.0,-0.0038072437285087,0.0116318243846443,0.016534489898604,0.0167668677847427,0.016534489898604,-4.102306782821404,1,0,-0.2016110471806674,0.2016110471806674,0.030857110566569822,-0.6989253062205568,-0.7297824167871266,0.7297824167871266,1,positive,neutral,0,0,1
2018-06-22,0.5,0.4333333333333333,0.5,3,7211.T,2845,0.0119507908611599,0.0119507908611599,0.0,876441951000.0,27.49913631093425,870.0,893.0,867.0,891.0,786.0147094726562,6697400.0,0.0159635163804554,0.0162441503409281,0.0191266708518143,0.0186449118286872,0.0191266708518143,-3.956671538284872,0,0,-0.5,0.5,0.8680038456546284,-0.405879846271693,-1.2738836919263214,1.2738836919263214,1,positive,neutral,0,0,1
2018-06-22,0.5,0.3307692307692307,0.3,13,8001.T,12231,0.0081759463657918,0.0118551222303981,-0.0036791758646063,635223491853.2106,27.17724272959158,400.0,402.6000061035156,397.3999938964844,400.7999877929688,317.05859375,21697000.0,-0.0047181492355268,0.0121952292400725,0.0128255386246585,0.0131866261525055,0.0128255386246585,-4.356316890783142,1,0,-0.5036791758646063,0.5036791758646063,0.8680038456546284,-1.0751127504437894,-1.9431165960984178,1.9431165960984178,1,positive,neutral,0,0,1
2018-06-22,0.5,0.3333333333333333,0.35,6,8002.T,5995,0.0096747289407839,0.0168473728106755,-0.0071726438698915,1442317278330.2002,27.997272157170283,828.5,832.4000244140625,822.0,829.9000244140625,608.1820678710938,4747900.0,-0.0109642568838518,0.0133712782393686,0.0129668840796169,0.0134425393222565,0.0129668840796169,-4.345356550100841,1,0,-0.5071726438698915,0.5071726438698915,0.8680038456546284,-1.7105658586521661,-2.5785697043067946,2.5785697043067946,1,positive,negative,1,0,0
2018-06-22,0.5,0.5538461538461539,0.5,13,8053.T,11510,0.0115551694178974,0.0091225021720243,0.0024326672458731,2284226136575.5,28.45704841182978,1810.0,1831.5,1806.0,1826.5,1288.906494140625,3247300.0,-0.0024575957735361,0.0132317717843225,0.012715399498526,0.0141820383229913,0.012715399498526,-4.364941461134392,0,1,-0.4975673327541269,0.4975673327541269,0.8680038456546284,0.03661625224361967,-0.8313875934110088,0.8313875934110088,1,positive,neutral,0,0,1
2018-06-22,0.5,0.45,0.5,10,8058.T,9477,0.0103408251556399,0.0093911575393056,0.0009496676163342,1704212419385.376,28.16412419583007,1021.0,1035.0,1017.6666870117188,1030.6666259765625,773.6815185546875,10030200.0,-0.0003234201878077,0.0110580428467789,0.0129663749497705,0.0138039723434007,0.0129663749497705,-4.345395814725923,0,1,-0.4990503323836658,0.4990503323836658,0.8680038456546284,-0.23313767784437933,-1.1011415234990078,1.1011415234990078,1,positive,neutral,0,0,1
2018-06-22,0.1,0.0363636363636363,0.0,11,8766.T,10378,0.0033725187897475,0.0060705338215455,-0.002698015031798,1367700687312.0117,27.944152115365057,1790.6666259765625,1799.6666259765625,1776.3333740234375,1777.3333740234375,1335.1083984375,6749100.0,-0.0153277166877036,0.0118920623331332,0.0113092211869,0.0127440942729029,0.0113092211869,-4.482136851799819,1,0,-0.10269801503179801,0.10269801503179801,-0.24819180112944975,-0.8966420445672505,-0.6484502434378008,0.6484502434378008,1,neutral,neutral,0,0,1
2018-06-22,0.2,0.1166666666666666,0.15,6,9001.T,5186,0.0131122252217508,0.0067489394523717,0.006363285769379,3748256900000.0,28.9523120211788,3455.0,3500.0,3450.0,3485.0,3178.898193359375,269600.0,-0.001432499509565,0.009293556775692,0.0124749145798187,0.0119178740705917,0.0124749145798187,-4.38403548467712,0,1,-0.193636714230621,0.193636714230621,0.030857110566569822,0.751585948306239,0.7207288377396692,0.7207288377396692,1,positive,positive,0,1,0
2018-06-22,0.5,0.525,0.5,8,9020.T,7989,0.008386531480786,0.0053824008011015,0.0030041306796845,1423975000000.0,27.984473372584446,3515.0,3610.0,3505.0,3605.0,3205.813232421875,3446100.0,0.012166647614527,0.0071863659584004,0.0092837952225494,0.0097965754870857,0.0092837952225494,-4.679484847841492,0,1,-0.4969958693203155,0.4969958693203155,0.8680038456546284,0.1405640241120041,-0.7274398215426243,0.7274398215426243,1,positive,neutral,0,0,1
2018-06-22,0.5,0.425,0.45,8,9021.T,7991,0.009886121887123,0.0062570391690651,0.0036290827180578,790051330000.0,27.39536375498026,4044.0,4086.0,4042.0,4078.0,3453.085205078125,876400.0,0.0067892860554517,0.0094597288510835,0.0130611677659871,0.011676554969232,0.0130611677659871,-4.338111743665089,0,1,-0.4963709172819422,0.4963709172819422,0.8680038456546284,0.2542412396080863,-0.6137626060465421,0.6137626060465421,1,positive,neutral,0,0,1
2018-06-22,0.5,0.5,0.5,6,9022.T,4528,0.0094964664310954,0.0064045936395759,0.0030918727915194,998894000000.0,27.629914503859208,4810.0,4861.0,4797.0,4849.0,4573.6884765625,1199500.0,0.0016524690633901,0.0064809782498165,0.0111739662124319,0.010953112464221,0.0111739662124319,-4.494168651716362,0,1,-0.4969081272084806,0.4969081272084806,0.8680038456546284,0.15652409519377786,-0.7114797504608505,0.7114797504608505,1,positive,neutral,0,0,1
2018-06-22,0.5,0.45,0.5,8,9064.T,7573,0.0116202297636339,0.0055460187508253,0.0060742110128086,1564567644000.0,28.07863063593754,3481.0,3496.0,3427.0,3441.0,2998.85595703125,2267200.0,-0.0103537570588945,0.0116520042028827,0.0145238802105476,0.015299376733383,0.0145238802105476,-4.231961073154256,0,1,-0.4939257889871914,0.4939257889871914,0.8680038456546284,0.6990039718034246,-0.16899987385120385,0.16899987385120385,1,positive,positive,0,1,0
2018-06-25,0.1,0.05,0.05,4,2432.T,3344,0.0146531100478468,0.0110645933014354,0.0035885167464114,311724338211.0,26.465385102836997,2070.0,2087.0,2061.0,2067.0,1835.5521240234373,1009200.0,-0.0100575307613171,0.0077577307037316,0.0112301488687586,0.0153743683539559,0.0112301488687586,-4.489153253974271,0,1,-0.0964114832535886,0.0964114832535886,-0.24819180112944975,0.24686239064447799,0.49505419177392773,0.49505419177392773,1,neutral,neutral,0,0,1
2018-06-25,0.25,0.25,0.25,4,4043.T,3752,0.0106609808102345,0.0090618336886993,0.0015991471215351,238824610000.0,26.19899527010628,3440.0,3510.0,3395.0,3415.0,2717.36376953125,672400.0,-0.0029196677498366,0.0160114243844566,0.0226391108764765,0.0242344022725855,0.0226391108764765,-3.788076298658767,0,1,-0.2484008528784649,0.2484008528784649,0.17038156641457958,-0.11499897736875915,-0.2853805437833387,0.2853805437833387,1,positive,neutral,0,0,1
2018-06-25,0.8,0.75,0.75,6,4543.T,5956,0.0132639355271994,0.0067159167226326,0.0065480188045668,311403200000.0,26.464354372465635,1662.5,1667.5,1635.0,1640.0,1535.0419921875,4717600.0,-0.0179641747344826,0.0121186485064207,0.0196856167060476,0.0181138873678712,0.0196856167060476,-3.927867026347295,0,1,-0.7934519811954333,0.7934519811954333,1.7051505807426872,0.7851884261939023,-0.9199621545487849,0.9199621545487849,1,positive,positive,0,1,0
2018-06-25,0.4,0.34,0.3,5,6701.T,4063,0.0155057839035195,0.0056608417425547,0.0098449421609648,1604515528000.0,28.103842975230734,618.0,618.0,613.0,616.0,553.9638671875,1900500.0,-0.0016207455429497,0.0085534993434706,0.0083044486556325,0.0092139009547874,0.0083044486556325,-4.790963925160632,0,1,-0.3901550578390352,0.3901550578390352,0.588954933958609,1.3848905534721132,0.7959356195135042,0.7959356195135042,1,positive,positive,0,1,0
2018-06-25,0.2,0.1615384615384615,0.2,13,6702.T,12322,0.01428339555267,0.0077909430287291,0.0064924525239409,1390638210224.623,27.960783901743262,671.2999877929688,675.4000244140625,669.0999755859375,671.7999877929688,610.87255859375,6668000.0,-0.0062129217771194,0.0097629480908067,0.0109757057185366,0.0174184932910667,0.0109757057185366,-4.512071019715855,0,1,-0.1935075474760591,0.1935075474760591,0.030857110566569822,0.7750810584773847,0.7442239479108149,0.7442239479108149,1,positive,positive,0,1,0
2018-06-25,0.5,0.2105263157894737,0.3,19,7203.T,18527,0.0096075997193285,0.0113348086576348,-0.0017272089383062,4889949177040.771,29.21820302611812,1446.0,1448.0,1418.199951171875,1418.199951171875,1137.7357177734375,27649000.0,-0.0150020845916182,0.016024733602463,0.0134664859572118,0.0131966338528139,0.0134664859572118,-4.307551201792104,1,0,-0.5017272089383062,0.5017272089383062,0.8680038456546284,-0.7200548399202643,-1.5880586855748926,1.5880586855748926,1,positive,neutral,0,0,1
2018-06-25,0.1,0.1,0.1,4,7270.T,3351,0.0083557147120262,0.009847806624888,-0.0014920919128618,2492642160000.0,28.54436437226128,3250.0,3252.0,3173.0,3184.0,2441.0126953125,4812400.0,-0.0292681103453498,0.0126000318948132,0.0117937175161696,0.0111800223926836,0.0117937175161696,-4.440188303177049,1,0,-0.1014920919128618,0.1014920919128618,-0.24819180112944975,-0.6772876399959145,-0.42909583886646474,0.42909583886646474,1,neutral,neutral,0,0,1
2018-06-25,0.5,0.5,0.4,3,8252.T,2171,0.0124366651312759,0.0009212344541685,0.0115154306771073,745346715363.0,27.337115336814744,2337.0,2354.0,2328.0,2339.0,1877.014404296875,1300300.0,0.0077553866391177,0.0122104046250437,0.0160708722157574,0.0181950925249729,0.0160708722157574,-4.130746824678387,0,1,-0.4884845693228927,0.4884845693228927,0.8680038456546284,1.688748243939924,0.8207443982852956,0.8207443982852956,1,positive,positive,0,1,0
2018-06-25,-0.1,-0.04375,-0.1,16,8725.T,16271,0.0031958699526765,0.0066990350931104,-0.0035031651404339,720896280768.6768,27.303761109193516,1150.6666259765625,1152.3333740234375,1135.0,1138.3333740234375,817.7250366210938,3247800.0,-0.0023370333631171,0.0140922234785372,0.0117371780558029,0.0118411986363219,0.0117371780558029,-4.444993863509518,0,1,0.0964968348595661,0.0964968348595661,-0.8062896245214889,-1.0430968391533044,-0.23680721463181553,0.23680721463181553,1,neutral,neutral,0,0,1
2018-06-26,0.6,0.42,0.5,5,1721.T,4890,0.0108384458077709,0.0067484662576687,0.0040899795501022,426106863000.0,26.77795600387033,2888.0,2925.0,2854.0,2919.0,2323.93701171875,652400.0,-0.0121829625733843,0.0105349582692982,0.0169083465890001,0.0171116728797604,0.0169083465890001,-4.079947897966269,0,1,-0.5959100204498978,0.5959100204498978,1.147052757350648,0.33807722266072,-0.8089755346899279,0.8089755346899279,1,positive,positive,0,1,0
2018-06-26,0.5,0.5,0.5,7,2801.T,6241,0.0076910751482134,0.0036853068418522,0.0040057683063611,239415854000.0,26.201467851770644,1130.0,1150.0,1130.0,1138.0,1055.4285888671875,3081000.0,0.0053000480902944,0.0136752888051033,0.0155668283186985,0.0163788968314098,0.0155668283186985,-4.162613018530481,0,1,-0.4959942316936389,0.4959942316936389,0.8680038456546284,0.3227594076698808,-0.5452444379847476,0.5452444379847476,1,positive,positive,0,1,0
2018-06-26,0.2,0.15,0.15,4,2802.T,4221,0.0092395167022032,0.0047382136934375,0.0045013030087656,642211445170.5,27.18818344025943,1033.0,1047.75,1030.5,1045.75,936.187744140625,2705200.0,0.0140606582611284,0.0125023210561773,0.0149957436552994,0.0128991582640659,0.0149957436552994,-4.1999888744597405,0,1,-0.1954986969912344,0.1954986969912344,0.030857110566569822,0.4128959328625154,0.3820388222959456,0.3820388222959456,1,positive,positive,0,1,0
2018-06-26,0.5,0.575,0.6,4,2871.T,4181,0.0105237981344176,0.0031093039942597,0.0074144941401578,419960586767.5,26.76342670279072,1393.0,1425.0,1392.5,1419.5,1252.491455078125,1214200.0,0.0190240007309665,0.0099168833360141,0.0154493255107436,0.0167808865820572,0.0154493255107436,-4.170189932853895,0,1,-0.4925855058598422,0.4925855058598422,0.8680038456546284,0.9427981264557046,0.0747942808010762,0.0747942808010762,1,positive,positive,0,1,0
2018-06-26,0.3,0.3,0.25,4,3402.T,3162,0.0098039215686274,0.0028462998102466,0.0069576217583807,1421183059268.921,27.982510781003185,862.0,873.5999755859375,857.2999877929688,871.0999755859375,740.0963745117188,6134000.0,0.0114954772849895,0.011936231346527,0.0121409061983293,0.0127886921267655,0.0121409061983293,-4.411174850475241,0,1,-0.2930423782416193,0.2930423782416193,0.30990602226258934,0.859694180859065,0.5497881585964757,0.5497881585964757,1,positive,positive,0,1,0
2018-06-26,0.5,0.2285714285714285,0.3,7,4183.T,6441,0.007918025151374,0.0091600683123738,-0.0012420431609998,1506968602062.0,28.04112120062593,1426.5,1482.5,1422.5,1474.5,1114.900390625,2171800.0,0.0250262814618587,0.0166478525492011,0.0151412686039032,0.0164367659316484,0.0151412686039032,-4.1903312429439685,1,0,-0.5012420431609999,0.5012420431609999,0.8680038456546284,-0.6318043963154385,-1.499808241970067,1.499808241970067,1,positive,neutral,0,0,1
2018-06-26,0.5,0.5,0.45,4,4188.T,3862,0.0222682547902641,0.0064733298808907,0.0157949249093733,1385333091987.3047,27.956961726282277,897.9000244140625,921.7000122070312,893.9000244140625,919.7000122070312,692.4351806640625,5547700.0,0.0171421757521745,0.0142741436782719,0.0145419904506323,0.0157407844058924,0.0145419904506323,-4.2307149214294775,0,1,-0.4842050750906267,0.4842050750906267,0.8680038456546284,2.467177560406855,1.5991737147522267,1.5991737147522267,1,positive,positive,0,1,0
2018-06-26,0.5,0.5,0.5,3,5333.T,2443,0.0126893164142447,0.0085959885386819,0.0040933278755628,642345544356.0,27.188392226926087,1933.0,1967.0,1917.0,1961.0,1575.1966552734375,1026000.0,0.0061570144733191,0.017207413609754,0.0149433036995203,0.0150096215083021,0.0149433036995203,-4.203491992564033,0,1,-0.4959066721244372,0.4959066721244372,0.8680038456546284,0.3386862747024198,-0.5293175709522087,0.5293175709522087,1,positive,positive,0,1,0
2018-06-26,0.5,0.3,0.5,5,5401.T,4407,0.012480145223508,0.0031767642387111,0.0093033809847969,4152904518000.0,29.05482908922209,430.3999938964844,438.0,427.2000122070313,437.0,296.5608215332031,14563500.0,0.0048287634192349,0.0109052877932981,0.012615935852994,0.0142445779437457,0.012615935852994,-4.372794513909945,0,1,-0.4906966190152031,0.4906966190152031,0.8680038456546284,1.286381927613729,0.41837808195910053,0.41837808195910053,1,positive,positive,0,1,0
2018-06-26,0.5,0.3333333333333333,0.5,3,5713.T,2787,0.0096878363832077,0.0060997488338715,0.0035880875493362,2469010860000.0,28.534838724823835,4150.0,4256.0,4137.0,4245.0,3355.822265625,1275000.0,0.0016519248761492,0.0210371500325229,0.0221485306921508,0.0211962570817334,0.0221485306921508,-3.809984119131363,0,1,-0.4964119124506638,0.4964119124506638,0.8680038456546284,0.24678432076805226,-0.6212195248865762,0.6212195248865762,1,positive,neutral,0,0,1
2018-06-26,0.1,0.1,0.1,6,5714.T,5514,0.010518679724338,0.0059847660500544,0.0045339136742836,1069313806950.0,27.698038256764445,3385.0,3460.0,3365.0,3450.0,2869.37939453125,224800.0,0.0058308860750826,0.0150327490726153,0.0203738390336318,0.0184574519295769,0.0203738390336318,-3.893503601423081,0,1,-0.0954660863257164,0.0954660863257164,-0.24819180112944975,0.4188277315029512,0.667019532632401,0.667019532632401,1,neutral,positive,0,0,1
2018-06-26,0.9,0.7571428571428571,0.8,7,6103.T,4051,0.0120957788200444,0.0064181683534929,0.0056776104665514,491135250000.0,26.919985385057743,2825.0,2920.0,2790.0,2910.0,2431.666015625,570400.0,0.012173906327535,0.0195087043570633,0.0232176837313151,0.0221208713452378,0.0232176837313151,-3.762841060861408,0,1,-0.8943223895334487,0.8943223895334487,1.9841994924387067,0.6268633226104163,-1.3573361698282904,1.3573361698282904,1,positive,positive,0,1,0
2018-06-26,0.8,0.6,0.5,5,6305.T,4023,0.0156599552572706,0.0126771066368381,0.0029828486204325,766885110470.0,27.36560283631164,3465.0,3575.0,3425.0,3565.0,2841.357421875,1084200.0,0.0084865483568268,0.0211073844950788,0.0223203673015229,0.0230002679264524,0.0223203673015229,-3.802255685443008,0,1,-0.7970171513795675,0.7970171513795675,1.7051505807426872,0.1366928706678339,-1.5684577100748534,1.5684577100748534,1,positive,neutral,0,0,1
2018-06-26,0.5,0.2799999999999999,0.3,5,6504.T,3732,0.0056270096463022,0.0109860664523043,-0.0053590568060021,3135232800000.0,28.773724545629623,4190.0,4225.0,4150.0,4200.0,3594.285888671875,917200.0,-0.0106004538059287,0.0135086407296677,0.0180277728973312,0.0190948733317855,0.0180277728973312,-4.01584177145234,1,0,-0.5053590568060021,0.5053590568060021,0.8680038456546284,-1.3806788996156145,-2.248682745270243,2.248682745270243,1,positive,negative,1,0,0
2018-06-26,0.1,0.1333333333333333,0.1,3,6841.T,2868,0.0163877266387726,0.0066248256624825,0.00976290097629,519787440000.0,26.9766857957222,1900.0,1951.0,1899.0,1935.0,1713.38427734375,797100.0,0.0125588355003918,0.0136623080659805,0.0228461893615922,0.021988347011548,0.0228461893615922,-3.7789709430943756,0,1,-0.09023709902371001,0.09023709902371001,-0.24819180112944975,1.3699674668075645,1.6181592679370143,1.6181592679370143,1,neutral,positive,0,0,1
2018-06-26,0.1,0.0692307692307692,0.1,13,6971.T,12829,0.0079507366123626,0.009899446566373,-0.0019487099540104,584459157195.0,27.093952738932884,1521.75,1551.75,1521.0,1547.75,1284.080078125,4494400.0,0.0053589213841043,0.0096966126447539,0.0209069789371104,0.0202771673004508,0.0209069789371104,-3.8676722553144884,1,0,-0.10194870995401041,0.10194870995401041,-0.24819180112944975,-0.7603453216672285,-0.5121535205377787,0.5121535205377787,1,neutral,neutral,0,0,1
2018-06-26,0.8,0.8,0.8,4,7205.T,3183,0.0078542255733584,0.0034558592522777,0.0043983663210807,668236540000.0,27.22790804960022,1156.0,1167.0,1141.0,1163.0,1080.245361328125,1022800.0,-0.0008590965384472,0.0110980782566994,0.0151094337271894,0.0166274779113338,0.0151094337271894,-4.192435980091393,0,1,-0.7956016336789193,0.7956016336789193,1.7051505807426872,0.394172006369104,-1.3109785743735833,1.3109785743735833,1,positive,positive,0,1,0
2018-06-26,0.5,0.2166666666666666,0.1,6,7733.T,5391,0.0113151548877759,0.0087182340938601,0.0025969207939157,353808840000.0,26.59202260422768,1028.75,1047.5,1021.25,1032.5,983.5692749023438,4361600.0,-0.0012091624877869,0.0196459318607,0.0156553241587431,0.0153273669718484,0.0156553241587431,-4.156944218014878,0,1,-0.4974030792060843,0.4974030792060843,0.8680038456546284,0.06649356254960118,-0.8015102831050273,0.8015102831050273,1,positive,neutral,0,0,1
2018-06-26,0.8,0.72,0.8,5,7951.T,3989,0.0092755076460265,0.0050137879167711,0.0042617197292554,376757097750.0,26.654866513691616,1890.0,1916.6666259765625,1873.3333740234373,1910.0,1703.69921875,1671300.0,0.0,0.0112969526855313,0.0176806741646627,0.0174386106237948,0.0176806741646627,-4.035283091014179,0,1,-0.7957382802707447,0.7957382802707447,1.7051505807426872,0.36931633247425183,-1.3358342482684353,1.3358342482684353,1,positive,positive,0,1,0
2018-06-26,0.1,0.0333333333333333,0.0,12,8308.T,12899,0.0048840995426002,0.0088378944104194,-0.0039537948678192,1373088886029.419,27.94808397916913,581.2000122070312,595.0,580.2000122070312,590.7999877929688,449.5630493164063,9817400.0,0.0075034349936431,0.0126655140155111,0.0123071811033395,0.0137275174456812,0.0123071811033395,-4.397572357426129,1,0,-0.10395379486781921,0.10395379486781921,-0.24819180112944975,-1.1250652615017738,-0.876873460372324,0.876873460372324,1,neutral,negative,0,0,1
2018-06-26,0.1,0.1,0.1,4,9104.T,4020,0.0106965174129353,0.0074626865671641,0.0032338308457711,1087668004900.2872,27.715057075241955,864.3333129882812,907.3333129882812,860.0,901.6666870117188,563.4205932617188,3682800.0,0.0238457078058687,0.0145251045066037,0.0172795469729989,0.0160004426718088,0.0172795469729989,-4.058231732790237,0,1,-0.0967661691542289,0.0967661691542289,-0.24819180112944975,0.18234591084315055,0.43053771197260027,0.43053771197260027,1,neutral,neutral,0,0,1
2018-06-26,0.5,0.3375,0.3,8,9735.T,7187,0.0062613051342702,0.0094615277584527,-0.0032002226241825,973047238607.0,27.603698467395866,4158.5,4184.0,4141.5,4171.0,3619.922607421875,1039800.0,-0.0015561961555962,0.0057236649339855,0.0111930311071015,0.0128178137793982,0.0111930311071015,-4.4924639169221185,1,0,-0.5032002226241825,0.5032002226241825,0.8680038456546284,-0.9879923517874029,-1.8559961974420314,1.8559961974420314,1,positive,neutral,0,0,1
2018-06-27,0.3,0.275,0.25,4,1332.T,3330,0.0096096096096096,0.0063063063063063,0.0033033033033033,151356811242.0,25.742905874652266,548.0,549.0,538.0,546.0,460.6723327636719,1659900.0,-0.0036498205220543,0.0086914693745,0.0104573235164243,0.0118643944220086,0.0104573235164243,-4.560452731058622,0,1,-0.2966966966966967,0.2966966966966967,0.30990602226258934,0.19498277742012296,-0.11492324484246638,0.11492324484246638,1,positive,neutral,0,0,1
2018-06-27,0.1,0.06,0.1,5,1605.T,5018,0.0061777600637704,0.0091669988043045,-0.002989238740534,1664124256800.0,28.14032012909733,1143.0,1155.0,1111.5,1138.0,840.4043579101562,9818500.0,0.0147124324885199,0.0172739777388806,0.0184320028348028,0.0183956501729806,0.0184320028348028,-3.993666840670773,1,0,-0.102989238740534,0.102989238740534,-0.24819180112944975,-0.9496149101038148,-0.7014231089743651,0.7014231089743651,1,neutral,neutral,0,0,1
2018-06-27,0.2,0.1,0.1,9,1802.T,3596,0.0055617352614015,0.0022246941045606,0.0033370411568409,832621386000.0,27.44784485718092,1150.0,1157.0,1132.0,1154.0,880.1415405273438,2626800.0,0.0,0.0169413515465231,0.0148634621941544,0.0146889151077078,0.0148634621941544,-4.208849279336328,0,1,-0.19666295884315912,0.19666295884315912,0.030857110566569822,0.20111960874713453,0.17026249818056471,0.17026249818056471,1,positive,neutral,0,0,1
2018-06-27,0.2,0.1,0.05,4,1812.T,4085,0.008078335373317,0.0034271725826193,0.0046511627906976,1822805888000.0,28.231398126526223,1714.0,1730.0,1686.0,1724.0,1317.798583984375,2056500.0,-0.0011587787855769,0.0148746288423398,0.0158070727747858,0.016068688503584,0.0158070727747858,-4.147297795138105,0,1,-0.1953488372093024,0.1953488372093024,0.030857110566569822,0.44015505304911756,0.40929794248254775,0.40929794248254775,1,positive,positive,0,1,0
2018-06-27,0.5,0.44,0.5,5,2002.T,4792,0.013355592654424,0.0029215358931552,0.0104340567612687,656857312000.0,27.210732650717453,2350.0,2382.0,2345.0,2374.0,2009.390625,710800.0,0.0102128231493849,0.0080598371907798,0.014066761227915,0.0137073925235311,0.014066761227915,-4.26394062426725,0,1,-0.4895659432387313,0.4895659432387313,0.8680038456546284,1.492049028456769,0.6240451828021405,0.6240451828021405,1,positive,positive,0,1,0
2018-06-27,0.1,0.0833333333333333,0.1,6,2282.T,5313,0.0144927536231884,0.0043290043290043,0.010163749294184,1006300225000.0,27.637301577477047,4460.0,4460.0,4360.0,4405.0,3731.162841796875,540600.0,-0.0189309813455028,0.0073509134044982,0.014117995257935,0.0133656853626828,0.014117995257935,-4.260305035896787,0,1,-0.08983625070581601,0.08983625070581601,-0.24819180112944975,1.4428807750561246,1.6910725761855743,1.6910725761855743,1,neutral,positive,0,0,1
2018-06-27,0.2,0.1,0.0,5,3092.T,4594,0.0039181541140618,0.0032651284283848,0.0006530256856769,153488494528.3081,25.75689144695148,1396.6666259765625,1411.6666259765625,1383.3333740234375,1396.6666259765625,1209.2547607421875,5512800.0,-0.0011918690353613,0.024434241712384,0.0235521741526931,0.0254102670469303,0.0235521741526931,-3.748537142072168,0,1,-0.1993469743143231,0.1993469743143231,0.030857110566569822,-0.28709610442104583,-0.31795321498761564,0.31795321498761564,1,positive,neutral,0,0,1
2018-06-27,0.4,0.38,0.4,5,3289.T,4773,0.0144563167818981,0.0048187722606327,0.0096375445212654,501770652642.0,26.94140898499549,787.0,791.0,771.0,783.0,629.645751953125,1635500.0,-0.0012754022783754,0.0134483201396513,0.0158789334535184,0.0157418532170045,0.0158789334535184,-4.14276198829535,0,1,-0.3903624554787346,0.3903624554787346,0.588954933958609,1.3471654406092848,0.7582105066506758,0.7582105066506758,1,positive,positive,0,1,0
2018-06-27,0.8,0.75,0.75,4,3407.T,3986,0.0115403913697942,0.0057701956848971,0.0057701956848971,1985402948000.0,28.316843005940257,1415.5,1422.5,1399.5,1415.5,1108.2923583984375,3017400.0,0.0053267486248791,0.0104142764455171,0.0120187440204232,0.0156037672766129,0.0120187440204232,-4.421287846147998,0,1,-0.7942298043151029,0.7942298043151029,1.7051505807426872,0.6437043426749819,-1.0614462380677052,1.0614462380677052,1,positive,positive,0,1,0
2018-06-27,0.5,0.4,0.4,2,4021.T,1841,0.0119500271591526,0.002172732210755,0.0097772949483976,848470000000.0,27.466700564484142,5320.0,5330.0,5220.0,5270.0,4433.51904296875,439200.0,-0.0018936858159007,0.0136371330337164,0.0151531499846573,0.017634778658978,0.0151531499846573,-4.189546848859721,0,1,-0.4902227050516024,0.4902227050516024,0.8680038456546284,1.3725856943972838,0.5045818487426554,0.5045818487426554,1,positive,positive,0,1,0
2018-06-27,0.5,0.3333333333333333,0.5,3,4042.T,2133,0.0079699953117674,0.0079699953117674,0.0,1023778736136.0,27.654521541205465,1704.0,1712.0,1683.0,1703.0,1255.80517578125,1483200.0,-0.0023433530002754,0.0158003459423215,0.0193461222532585,0.0190418454436805,0.0193461222532585,-3.945263279937577,0,0,-0.5,0.5,0.8680038456546284,-0.405879846271693,-1.2738836919263214,1.2738836919263214,1,positive,neutral,0,0,1
2018-06-27,0.5,0.3875,0.5,8,4307.T,7695,0.0106562703053931,0.0067576348278102,0.0038986354775828,412500009155.2734,26.745502064915748,1806.6666259765625,1840.0,1803.3333740234373,1833.3333740234373,1667.1300048828125,1137300.0,0.0185185613316969,0.0114152847908365,0.0178581295825733,0.0178956547718546,0.0178581295825733,-4.025296435637635,0,1,-0.4961013645224172,0.4961013645224172,0.8680038456546284,0.30327221358785883,-0.5647316320667696,0.5647316320667696,1,positive,neutral,0,0,1
2018-06-27,0.2,0.2,0.2,6,5020.T,5102,0.0098000784006272,0.0074480595844766,0.0023520188161505,1951969179662.476,28.299859814687466,754.0,796.0,744.5999755859375,782.2000122070312,574.0178833007812,24171100.0,0.0634943287028528,0.0212576536831532,0.0188379292811845,0.0194080655330957,0.0188379292811845,-3.971882926639705,0,1,-0.19764798118384952,0.19764798118384952,0.030857110566569822,0.02194650422766005,-0.008910606338909773,0.008910606338909773,1,positive,neutral,0,0,1
2018-06-27,0.5,0.5,0.5,3,5802.T,2709,0.0107050572166851,0.0070136581764488,0.0036913990402362,1291345036500.0,27.886705455059104,1642.0,1644.5,1618.0,1626.5,1289.689453125,1909300.0,-0.0082318047376714,0.0130777639026053,0.0136268384657998,0.0144114846484575,0.0136268384657998,-4.295714014265794,0,1,-0.4963086009597638,0.4963086009597638,0.8680038456546284,0.26557642303053935,-0.6024274226240891,0.6024274226240891,1,positive,neutral,0,0,1
2018-06-27,0.8,0.8,0.8,4,6113.T,3953,0.0063243106501391,0.0015178345560333,0.0048064760941057,423860638000.0,26.77267055418769,1084.0,1085.0,1060.0,1069.0,803.9603271484375,1423500.0,-0.0165593539736058,0.0108849002713043,0.013710886905563,0.0163859240017596,0.013710886905563,-4.289565097087192,0,1,-0.7951935239058944,0.7951935239058944,1.7051505807426872,0.4684061551767098,-1.2367444255659774,1.2367444255659774,1,positive,positive,0,1,0
2018-06-27,0.9,0.9,0.9,2,6146.T,1657,0.0084490042245021,0.0006035003017501,0.0078455039227519,212978392201.17188,26.084456552445012,6280.0,6373.33349609375,6250.0,6263.33349609375,5507.64453125,677700.0,0.0021334187660357,0.0156812106482414,0.0258609769733489,0.0234577168330647,0.0258609769733489,-3.655020127026876,0,1,-0.8921544960772482,0.8921544960772482,1.9841994924387067,1.021197729830712,-0.9630017626079947,0.9630017626079947,1,positive,positive,0,1,0
2018-06-27,0.8,0.8,0.8,3,6273.T,2941,0.0078204692281536,0.0013600816048962,0.0064603876232573,2877346820000.0,28.687889742415667,43670.0,43990.0,41700.0,41780.0,38119.17578125,345000.0,-0.0194789764167754,0.0183702386580717,0.0217335880855229,0.0218828466617035,0.0217335880855229,-3.8288963770598246,0,1,-0.7935396123767428,0.7935396123767428,1.7051505807426872,0.7692485330977445,-0.9359020476449427,0.9359020476449427,1,positive,positive,0,1,0
2018-06-27,0.5,0.2857142857142857,0.3,7,6472.T,4415,0.0090600226500566,0.0117780294450736,-0.0027180067950169,236413572000.0,26.18884853199791,448.0,449.0,441.0,444.0,377.6292724609375,5703500.0,-0.0044842695774984,0.0184672160603961,0.0148910937088142,0.0156271600506751,0.0148910937088142,-4.206991982410578,1,0,-0.5027180067950169,0.5027180067950169,0.8680038456546284,-0.9002784963844124,-1.7682823420390408,1.7682823420390408,1,positive,neutral,0,0,1
2018-06-27,0.8,0.58,0.6,5,6473.T,4320,0.0148148148148148,0.0078703703703703,0.0069444444444444,514989930000.0,26.96741318402092,1533.0,1538.0,1500.0,1505.0,1206.1654052734375,868000.0,-0.0169823591391903,0.0163702742454398,0.0183428503578117,0.0193919121657626,0.0183428503578117,-3.9985154066828894,0,1,-0.7930555555555556,0.7930555555555556,1.7051505807426872,0.8572972603531405,-0.8478533203895467,0.8478533203895467,1,positive,positive,0,1,0
2018-06-27,-0.5,-0.5,-0.5,3,7004.T,2863,0.0139713587146349,0.0122249388753056,0.0017464198393293,80721498000.0,25.114270770797763,513.0,514.0,505.0,507.0,431.21234130859375,968400.0,-0.0116959387459839,0.0114017294665142,0.0115531802830393,0.0118291797384536,0.0115531802830393,-4.460794530735071,1,0,0.5017464198393293,0.5017464198393293,-1.9224852713055671,-0.08821043768983934,1.8342748336157277,1.8342748336157277,1,negative,neutral,0,0,1
2018-06-27,0.1,0.025,0.1,4,7012.T,3892,0.0095066803699897,0.0095066803699897,0.0,5391851700000.0,29.31590998545112,3250.0,3265.0,3185.0,3225.0,2834.387451171875,845900.0,-0.009216610705493,0.0200767710126057,0.0204576097205276,0.020060574243785,0.0204576097205276,-3.889400352237142,0,0,-0.1,0.1,-0.24819180112944975,-0.405879846271693,-0.15768804514224324,0.15768804514224324,1,neutral,neutral,0,0,1
2018-06-27,0.8,0.8,0.8,4,7261.T,3480,0.010919540229885,0.003735632183908,0.007183908045977,4055157704000.0,29.031010693985056,1350.0,1357.0,1338.5,1352.0,1059.2017822265625,4277300.0,-0.0069774947213019,0.0147325948474953,0.0115462239787783,0.010861450252071,0.0115462239787783,-4.461396823711326,0,1,-0.792816091954023,0.792816091954023,1.7051505807426872,0.900855091616072,-0.8042954891266152,0.8042954891266152,1,positive,positive,0,1,0
2018-06-27,0.8,0.5666666666666667,0.6,9,7735.T,4553,0.0118603118822754,0.005490885130683,0.0063694267515923,1047642750000.0,27.6775637563075,4175.0,4215.0,4095.0,4125.0,3554.0556640625,925200.0,-0.0036231854299432,0.0164560087275004,0.0207330387844382,0.0235189216184391,0.0207330387844382,-3.876026774544377,0,1,-0.7936305732484077,0.7936305732484077,1.7051505807426872,0.7527029776389795,-0.9524476031037077,0.9524476031037077,1,positive,positive,0,1,0
2018-06-27,0.1,-0.0099999999999999,0.05,10,7752.T,9483,0.0090688600653801,0.0137087419592955,-0.0046398818939154,750871296000.0,27.344500097192967,1009.0,1010.0,993.0,1008.0,834.8336791992188,2672500.0,-0.0078740243151437,0.0151361823869792,0.0143129979221541,0.0204681102702464,0.0143129979221541,-4.246587208952002,1,0,-0.1046398818939154,0.1046398818939154,-0.24819180112944975,-1.2498627786322274,-1.0016709775027777,1.0016709775027777,1,neutral,negative,0,0,1
2018-06-27,0.1,0.0,0.0,13,8795.T,13736,0.0050232964472917,0.0070617355853232,-0.0020384391380314,1152382680000.0,27.7728528105402,1681.0,1697.5,1658.5,1691.0,1309.336669921875,1577200.0,-0.0023599587739673,0.0169270287223553,0.0155763575565791,0.0158580344934077,0.0155763575565791,-4.1620010555658595,1,0,-0.1020384391380314,0.1020384391380314,-0.24819180112944975,-0.7766668362186379,-0.5284750350891881,0.5284750350891881,1,neutral,neutral,0,0,1
2018-06-27,0.5,0.4352941176470588,0.4,17,9432.T,16270,0.0087277197295636,0.010018438844499,-0.0012907191149354,118193782311.11713,25.49559133741398,102.5999984741211,104.22000122070312,101.81999969482422,103.9800033569336,80.6278076171875,109465000.0,0.0128581023679763,0.0099823139910067,0.0091770564238154,0.0111255602604527,0.0091770564238154,-4.6910487767697635,1,0,-0.5012907191149354,0.5012907191149354,0.8680038456546284,-0.6406584308096974,-1.5086622764643258,1.5086622764643258,1,positive,neutral,0,0,1
2018-06-28,-0.2,-0.15,-0.05,4,1803.T,2647,0.0086890819795995,0.0109557990177559,-0.0022667170381564,894175571142.0,27.51916798114028,1140.0,1150.0,1129.0,1134.0,906.4890747070312,2529600.0,-0.0078739258030908,0.012186841626202,0.0147250553586866,0.0146723412223709,0.0147250553586866,-4.218204789948219,0,1,0.19773328296184361,0.19773328296184361,-1.0853385362175083,-0.8181900163222641,0.26714851989524424,0.26714851989524424,1,negative,neutral,0,0,1
2018-06-28,0.5,0.35,0.25,6,1808.T,6010,0.0059900166389351,0.0049916805324459,0.0009983361064891,456605894646.0,26.847086480827368,1508.0,1519.0,1492.0,1518.0,1048.7308349609375,1356000.0,0.0,0.0113364150990789,0.0144039401386021,0.0157806930775226,0.0144039401386021,-4.240253489091252,0,1,-0.4990016638935109,0.4990016638935109,0.8680038456546284,-0.2242850009931954,-1.0922888466478238,1.0922888466478238,1,positive,neutral,0,0,1
2018-06-28,0.8,0.6857142857142857,0.7,7,1925.T,5052,0.0093032462391132,0.0033650039588281,0.005938242280285,2455445278000.0,28.52932923669581,3710.0,3726.0,3666.0,3718.0,2862.4296875,1999600.0,0.0008075081527594,0.0101718605916868,0.0134725242060527,0.01436472848613,0.0134725242060527,-4.307102911457349,0,1,-0.7940617577197151,0.7940617577197151,1.7051505807426872,0.674271598823177,-1.03087898191951,1.03087898191951,1,positive,positive,0,1,0
2018-06-28,0.5,0.5,0.5,4,1963.T,4278,0.0032725572697522,0.0039738195418419,-0.0007012622720897,583644156000.0,27.092557312144788,2185.0,2254.0,2173.0,2253.0,1971.734130859375,1524100.0,0.0287670403147461,0.0160997853912423,0.0203406787760823,0.0203769545901393,0.0203406787760823,-3.8951325174297335,1,0,-0.5007012622720897,0.5007012622720897,0.8680038456546284,-0.5334377027611469,-1.4014415484157752,1.4014415484157752,1,positive,neutral,0,0,1
2018-06-28,0.5,0.34,0.3,5,2269.T,3596,0.0091768631813125,0.0027808676307007,0.0063959955506117,354985650000.0,26.595343203069604,4685.0,4700.0,4620.0,4650.0,3886.13818359375,662800.0,-0.0116895722578065,0.0077600977727375,0.0117730842080712,0.0128375735985361,0.0117730842080712,-4.441939352268219,0,1,-0.4936040044493883,0.4936040044493883,0.8680038456546284,0.757535775847722,-0.11046806980690638,0.11046806980690638,1,positive,positive,0,1,0
2018-06-28,0.2,0.2,0.2,4,3861.T,3522,0.0090857467348097,0.0045428733674048,0.0045428733674048,744002890083.0,27.33531075629212,704.0,707.0,696.0,699.0,569.9934692382812,3710000.0,-0.0085105181234435,0.0180271475292415,0.0175984915610465,0.0161692658658418,0.0175984915610465,-4.039942087369787,0,1,-0.1954571266325952,0.1954571266325952,0.030857110566569822,0.42045747731251537,0.38960036674594556,0.38960036674594556,1,positive,positive,0,1,0
2018-06-28,0.5,0.46,0.5,5,4208.T,3841,0.0130174433741213,0.0044259307472012,0.00859151262692,3044756867000.0,28.74444216726867,2862.0,2884.0,2834.0,2867.0,2079.601806640625,415800.0,0.0031488659407246,0.0183037085578201,0.0150667103231071,0.0172895663680969,0.0150667103231071,-4.1952675832649025,0,1,-0.49140848737308,0.49140848737308,0.8680038456546284,1.1568948505992251,0.28889100494459674,0.28889100494459674,1,positive,positive,0,1,0
2018-06-28,0.6,0.6333333333333333,0.6499999999999999,6,4502.T,5676,0.0114517265680056,0.0179704016913319,-0.0065186751233262,3572516844000.0,28.90429146164485,4460.0,4538.0,4441.0,4524.0,3228.970458984375,4885700.0,0.0235292670027493,0.0137680305540727,0.0217041814651029,0.0180723321103919,0.0217041814651029,-3.830250342754501,1,0,-0.6065186751233261,0.6065186751233261,1.147052757350648,-1.591610576380408,-2.738663333731056,2.738663333731056,1,positive,negative,1,0,0
2018-06-28,0.2,0.1428571428571428,0.1,7,4661.T,2382,0.0092359361880772,0.0054575986565911,0.0037783375314861,210394757560.0,26.07225140095962,2330.0,2336.0,2305.0,2314.0,2268.35302734375,2351000.0,-0.0123774184660598,0.0099243631813092,0.0130177230521931,0.0141313714285562,0.0130177230521931,-4.341443538279081,0,1,-0.1962216624685139,0.1962216624685139,0.030857110566569822,0.2813903175342578,0.250533206967688,0.250533206967688,1,positive,neutral,0,0,1
2018-06-28,0.8,0.7111111111111111,0.7,9,5019.T,5438,0.0104817947774917,0.0029422581831555,0.0075395365943361,129280000000.0,25.585246431719195,800.0,826.0,759.0,808.0,596.0743408203125,19522000.0,0.0150752901816664,0.0202532707717368,0.0239861091732494,0.0227012658035612,0.0239861091732494,-3.730280400642509,0,1,-0.7924604634056639,0.7924604634056639,1.7051505807426872,0.9655430366839914,-0.7396075440586958,0.7396075440586958,1,positive,positive,0,1,0
2018-06-28,0.5,0.375,0.5,4,5631.T,3940,0.0111675126903553,0.0043147208121827,0.0068527918781725,1043439668124.0,27.67354374494889,2794.0,2836.0,2783.0,2809.0,2428.855712890625,235100.0,0.0035726185460018,0.017496436903197,0.0192902619984283,0.0223815399884901,0.0192902619984283,-3.9481548700712867,0,1,-0.4931472081218275,0.4931472081218275,0.8680038456546284,0.8406258873722968,-0.027377958282331583,0.027377958282331583,1,positive,positive,0,1,0
2018-06-28,0.1,0.06,0.1,5,5706.T,4502,0.0064415815193247,0.0082185695246557,-0.0017769880053309,2664291900000.0,28.610959434676182,4630.0,4665.0,4565.0,4650.0,3662.564453125,574300.0,0.0108695403150043,0.0238956968778277,0.0239714551268359,0.0231101445404074,0.0239714551268359,-3.73089152621085,1,0,-0.1017769880053309,0.1017769880053309,-0.24819180112944975,-0.7291095279313478,-0.48091772680189804,0.48091772680189804,1,neutral,neutral,0,0,1
2018-06-28,0.5,0.425,0.4,4,6302.T,2485,0.0092555331991951,0.0096579476861167,-0.0004024144869215,2282967805000.0,28.45649738131808,3655.0,3725.0,3650.0,3715.0,2866.02783203125,604000.0,0.0026990042665262,0.0137122062105019,0.0143906505674636,0.015790311370091,0.0143906505674636,-4.241176549413085,1,0,-0.5004024144869215,0.5004024144869215,0.8680038456546284,-0.47907803675618554,-1.347081882410814,1.347081882410814,1,positive,neutral,0,0,1
2018-06-28,0.8,0.8,0.8,5,6367.T,4158,0.0093795093795093,0.0062530062530062,0.0031265031265031,3948232110000.0,29.004289027564926,13390.0,13525.0,13290.0,13470.0,12328.326171875,844000.0,0.0059744696706913,0.0136906843442363,0.0166504748489352,0.0172302836820274,0.0166504748489352,-4.095316543506788,0,1,-0.796873496873497,0.796873496873497,1.7051505807426872,0.16282326666762484,-1.5423273140750624,1.5423273140750624,1,positive,neutral,0,0,1
2018-06-28,0.8,0.8,0.8,4,6479.T,3818,0.0146673651126244,0.002357255107386,0.0123101100052383,756023614330.0,27.35133844852436,1853.0,1898.0,1850.0,1894.0,1684.5653076171875,2965100.0,0.0182794243782131,0.0153188494866875,0.0184262452895252,0.0199387441022447,0.0184262452895252,-3.993979256242181,0,1,-0.7876898899947617,0.7876898899947617,1.7051505807426872,1.833298429693969,0.12814784895128173,0.12814784895128173,1,positive,positive,0,1,0
2018-06-28,0.5,0.375,0.4,4,6503.T,3118,0.0112251443232841,0.0076972418216805,0.0035279025016035,3164974274000.0,28.78316604321361,1461.0,1476.0,1453.0,1474.0,1232.9957275390625,9152000.0,0.0257480433944583,0.014541981894428,0.0170430503684124,0.016655000088496,0.0170430503684124,-4.072012761370971,0,1,-0.4964720974983965,0.4964720974983965,0.8680038456546284,0.23583681084623417,-0.6321670348083942,0.6321670348083942,1,positive,neutral,0,0,1
2018-06-28,0.1,0.075,0.05,4,6674.T,3050,0.0095081967213114,0.0075409836065573,0.001967213114754,1023595650000.0,27.6543426915161,2455.0,2490.0,2450.0,2475.0,2096.84423828125,281200.0,0.0020244251703529,0.0147292880087843,0.0134351257706942,0.0148923649450895,0.0134351257706942,-4.309882675537272,0,1,-0.09803278688524601,0.09803278688524601,-0.24819180112944975,-0.04804869213273938,0.20014310899671037,0.20014310899671037,1,neutral,neutral,0,0,1
2018-06-28,0.1,0.0666666666666666,0.1,6,6762.T,5655,0.0074270557029177,0.0093722369584438,-0.001945181255526,97366035363.46436,25.30174327387964,749.3333129882812,754.6666870117188,744.0,751.3333129882812,657.7504272460938,12565500.0,-0.0008862297566636,0.0199759749643084,0.0188563052445474,0.0194252336294249,0.0188563052445474,-3.970907925287385,1,0,-0.101945181255526,0.101945181255526,-0.24819180112944975,-0.7597034602228271,-0.5115116590933774,0.5115116590933774,1,neutral,neutral,0,0,1
2018-06-28,0.5,0.45,0.5,4,6857.T,3409,0.0123203285420944,0.005866823115283,0.0064535054268113,113852973500.0,25.458173746813824,556.5,581.75,550.0,570.5,509.6630859375,10059600.0,0.0228601086003068,0.0172504322052679,0.0256026259068632,0.0230707240259997,0.0256026259068632,-3.6650603582701793,0,1,-0.4935464945731887,0.4935464945731887,0.8680038456546284,0.7679966787466255,-0.10000716690800293,0.10000716690800293,1,positive,positive,0,1,0
2018-06-28,0.2,0.2,0.2,2,6952.T,2127,0.0178655383168782,0.006111894687353,0.0117536436295251,498331352404.0,26.93453105898616,1792.0,1808.0,1769.0,1786.0,1414.667236328125,1263000.0,-0.0083286519197504,0.0084423346589313,0.0146379309732865,0.0157459758083649,0.0146379309732865,-4.224139107397872,0,1,-0.1882463563704749,0.1882463563704749,0.030857110566569822,1.7320785852513017,1.7012214746847318,1.7012214746847318,1,positive,positive,0,1,0
2018-06-28,0.8,0.8,0.8,3,6963.T,2712,0.0103244837758112,0.0029498525073746,0.0073746312684365,263371500000.0,26.29683141994592,2287.5,2337.5,2280.0,2322.5,1986.2740478515625,2298000.0,0.015300873437104,0.0178833013274659,0.0193024780697476,0.0197490822599849,0.0193024780697476,-3.9475217939172884,0,1,-0.7926253687315635,0.7926253687315635,1.7051505807426872,0.9355471696130805,-0.7696034111296067,0.7696034111296067,1,positive,positive,0,1,0
2018-06-28,0.1,0.075,0.05,4,6981.T,3764,0.0085015940488841,0.0148777895855472,-0.0063761955366631,454405517223.1445,26.842255846055927,1976.6666259765625,2018.888916015625,1962.22216796875,2017.22216796875,1731.3453369140625,8798400.0,0.0148128008025096,0.0085340377354539,0.0134552613954783,0.0138438185346547,0.0134552613954783,-4.308385067606002,1,0,-0.10637619553666311,0.10637619553666311,-0.24819180112944975,-1.5656938952874837,-1.317502094158034,1.317502094158034,1,neutral,negative,0,0,1
2018-06-28,0.0,0.0,0.0,4,7201.T,3862,0.0088037286380113,0.0077679958570688,0.0010357327809425,4857508267500.0,29.211546720203764,1073.0,1077.5,1070.0,1074.5,940.66064453125,10033800.0,0.0023320219977631,0.0093968986198227,0.0080928983561843,0.0080879713637495,0.0080928983561843,-4.816768348020531,0,0,0.0010357327809425,0.0010357327809425,-0.5272407128254694,-0.21748263927638048,0.3097580735490889,0.3097580735490889,1,neutral,neutral,0,0,1
2018-06-28,0.5,0.3375,0.35,8,7202.T,4358,0.0096374483708122,0.0057365764111977,0.0039008719596145,2490968957652.0,28.543692890329257,1460.0,1472.0,1456.5,1468.0,1100.9188232421875,1352500.0,0.00616872952933,0.0159060989844149,0.0155082994678192,0.0153619558706871,0.0155082994678192,-4.166379948822165,0,1,-0.4960991280403855,0.4960991280403855,0.8680038456546284,0.3036790240857211,-0.5643248215689073,0.5643248215689073,1,positive,neutral,0,0,1
2018-06-28,0.5,0.4333333333333333,0.3,3,7269.T,2434,0.0110928512736236,0.0115036976170912,-0.0004108463434675,857280280512.0,27.47703075051425,1528.25,1545.75,1526.0,1528.0,1316.255859375,4700400.0,0.0013107488931067,0.0132826568154822,0.0163760060430556,0.0149832674707279,0.0163760060430556,-4.111938061604189,1,0,-0.5004108463434676,0.5004108463434676,0.8680038456546284,-0.4806117704105418,-1.34861561606517,1.34861561606517,1,positive,neutral,0,0,1
2018-06-28,0.5,0.45,0.5,4,7731.T,3631,0.0118424676397686,0.0104654365188653,0.0013770311209033,707549670000.0,27.28507366894655,1750.0,1776.0,1750.0,1765.0,1401.91650390625,1874800.0,0.0011345523269219,0.0117719913536011,0.0128858195557391,0.0155492612685659,0.0128858195557391,-4.351627831488122,0,1,-0.4986229688790967,0.4986229688790967,0.8680038456546284,-0.155401323338654,-1.0234051689932824,1.0234051689932824,1,positive,neutral,0,0,1
2018-06-28,0.2,0.2,0.2,4,7911.T,3633,0.0101844205890448,0.0104596751995595,-0.0002752546105147,1204387464000.0,27.816992224997666,1714.0,1726.0,1702.0,1722.0,1478.1466064453125,695500.0,-0.0011601873523163,0.0099469243955766,0.0113174477790498,0.0127817944804123,0.0113174477790498,-4.481409692841983,1,0,-0.2002752546105147,0.2002752546105147,0.030857110566569822,-0.4559479727109883,-0.4868050832775581,0.4868050832775581,1,positive,neutral,0,0,1
2018-06-28,0.2,0.12,0.1,5,7912.T,4397,0.007959972708665,0.0056856947919035,0.0022742779167614,864392320000.0,27.485292576764103,1242.5,1245.0,1225.0,1234.0,1053.9473876953125,1396000.0,-0.0116139075203176,0.0079412882515064,0.0106162273024911,0.0123250894798808,0.0106162273024911,-4.545371570869175,0,1,-0.1977257220832386,0.1977257220832386,0.030857110566569822,0.007805628720290059,-0.023051481846279764,0.023051481846279764,1,positive,neutral,0,0,1
2018-06-28,0.1,0.0583333333333333,0.05,12,8304.T,13186,0.0079629910511148,0.0031851964204459,0.0047777946306688,6955369605000.0,29.570535082235587,4225.0,4250.0,4210.0,4215.0,2945.306640625,503200.0,-0.0070672523971916,0.0085573154256269,0.008522259129213,0.0093607364582208,0.008522259129213,-4.7650738172776395,0,1,-0.09522220536933121,0.09522220536933121,-0.24819180112944975,0.4631890685849993,0.711380869714449,0.711380869714449,1,neutral,positive,0,0,1
2018-06-28,0.5,0.3666666666666667,0.3,12,8316.T,11140,0.003770197486535,0.0065529622980251,-0.0027827648114901,2024456245586.9287,28.3363222597311,1433.3333740234375,1437.0,1425.0,1431.6666259765625,1014.4229736328124,14655900.0,-0.004865531188449,0.0088748263538377,0.0101431101064776,0.0120008415160171,0.0101431101064776,-4.5909606112318775,1,0,-0.5027827648114901,0.5027827648114901,0.8680038456546284,-0.9120578179030433,-1.7800616635576718,1.7800616635576718,1,positive,neutral,0,0,1
2018-06-28,0.5,0.45,0.45,10,8331.T,9681,0.0050614605929139,0.0035120338807974,0.0015494267121165,683781901000.0,27.250904845535747,788.0,791.0,780.0,781.0,625.4990844726562,2207800.0,-0.0113924250892847,0.0142262798838278,0.0162241768033786,0.0164903224342958,0.0162241768033786,-4.121252753988599,0,1,-0.4984505732878835,0.4984505732878835,0.8680038456546284,-0.1240429957077401,-0.9920468413623685,0.9920468413623685,1,positive,neutral,0,0,1
2018-06-28,0.5,0.1875,0.0,8,8354.T,7198,0.0061128091136426,0.0055570991942206,0.000555709919422,2338549920000.0,28.480552160901823,2715.0,2735.0,2710.0,2720.0,2066.852294921875,930800.0,-0.0091074785706042,0.0167758903444185,0.0162679601472059,0.0171103958958853,0.0162679601472059,-4.118557740706209,0,1,-0.499444290080578,0.499444290080578,0.8680038456546284,-0.30479759933979134,-1.1728014449944197,1.1728014449944197,1,positive,neutral,0,0,1
2018-06-28,0.5,0.2222222222222222,0.0,9,8601.T,8885,0.0093415869442881,0.0106921778277996,-0.0013505908835115,1107356274000.0,27.73299655527488,636.2999877929688,641.9000244140625,630.0999755859375,633.0,446.7844543457031,8061100.0,-0.0089245465783495,0.0098872533978881,0.010214413979765,0.0121007743380966,0.010214413979765,-4.583955420956822,1,0,-0.5013505908835115,0.5013505908835115,0.8680038456546284,-0.6515489560350771,-1.5195528016897055,1.5195528016897055,1,positive,neutral,0,0,1
2018-06-28,0.1,0.06,0.1,10,8630.T,10123,0.0031611182455793,0.0068161612170305,-0.0036550429714511,615828548432.6172,27.146234431272287,1486.3333740234375,1497.6666259765625,1473.6666259765625,1482.6666259765625,1118.77685546875,3280500.0,-0.0064777724684046,0.0231730547995828,0.0151724555916266,0.0141661165713861,0.0151724555916266,-4.188273627157437,1,0,-0.1036550429714511,0.1036550429714511,-0.24819180112944975,-1.0707230374301504,-0.8225312363007007,0.8225312363007007,1,neutral,neutral,0,0,1
2018-06-28,0.4,0.34,0.3,5,8801.T,4293,0.0069881201956673,0.0055904961565338,0.0013976240391334,786523998067.3828,27.39088907146161,887.6666870117188,893.0,885.5,892.3333129882812,765.5579833984375,9489600.0,-0.0007465580138353,0.0085645475718563,0.0184715332749432,0.0172384212547315,0.0184715332749432,-3.9915244738719733,0,1,-0.3986023759608666,0.3986023759608666,0.588954933958609,-0.15165552292582624,-0.7406104568844352,0.7406104568844352,1,positive,neutral,0,0,1
2018-06-28,0.6,0.56,0.5,5,8802.T,4363,0.0210864084345633,0.0059592023836809,0.0151272060508824,2686247004000.0,28.619166169593065,1940.5,1943.5,1921.0,1932.0,1695.765625,3309800.0,-0.0059172478364369,0.0126080239222579,0.0176097094271522,0.0164559958175929,0.0176097094271522,-4.039304857055801,0,1,-0.5848727939491176,0.5848727939491176,1.147052757350648,2.3457211671049927,1.1986684097543447,1.1986684097543447,1,positive,positive,0,1,0
2018-06-28,0.4,0.4,0.4,5,9005.T,4138,0.0120831319478008,0.0060415659739004,0.0060415659739004,2449974975000.0,28.527098926147303,1934.0,1944.0,1925.0,1939.0,1783.5223388671875,1196400.0,-0.0025719725647157,0.0110680036829241,0.0117776170091295,0.0112141624877207,0.0117776170091295,-4.4415544124677035,0,1,-0.39395843402609965,0.39395843402609965,0.588954933958609,0.6930659207291295,0.10411098677052055,0.10411098677052055,1,positive,positive,0,1,0
2018-06-28,0.4,0.34,0.5,5,9007.T,4718,0.0137770241627808,0.0055108096651123,0.0082662144976685,1776157950000.0,28.205473692354783,2411.0,2421.0,2394.0,2410.0,2203.658203125,494700.0,-0.0037205741525395,0.0081998191681012,0.0100771927013393,0.0109298721353189,0.0100771927013393,-4.597480556979017,0,1,-0.3917337855023315,0.3917337855023315,0.588954933958609,1.0977239330426578,0.5087689990840488,0.5087689990840488,1,positive,positive,0,1,0
2018-06-28,0.5,0.4166666666666667,0.5,6,9008.T,5308,0.011868877166541,0.0028259231348907,0.0090429540316503,3503010128400.0,28.88464375148999,5490.0,5510.0,5440.0,5450.0,4987.0234375,264400.0,-0.0126809119692655,0.0075935498360256,0.0114255150746044,0.0123960768468167,0.0114255150746044,-4.471906260101723,0,1,-0.4909570459683497,0.4909570459683497,0.8680038456546284,1.239010915030279,0.37100706937565064,0.37100706937565064,1,positive,positive,0,1,0
2018-06-28,0.2,0.175,0.25,4,9009.T,3162,0.0158127767235926,0.0009487666034155,0.0148640101201771,440797470697.50977,26.8118513567866,1281.6666259765625,1285.0,1271.6666259765625,1278.3333740234375,1214.69580078125,1064100.0,-0.0026010505638215,0.0104714750739839,0.013371119845904,0.0140420630072325,0.013371119845904,-4.3146581332677965,0,1,-0.1851359898798229,0.1851359898798229,0.030857110566569822,2.297846484416772,2.266989373850202,2.266989373850202,1,positive,positive,0,1,0
2018-06-28,0.5,0.4499999999999999,0.4,4,9501.T,3429,0.0128317293671624,0.0052493438320209,0.0075823855351414,829220772000.0,27.443752267845504,521.0,522.0,513.0,516.0,516.0,8168000.0,-0.0095969289827255,0.0139166157930737,0.0231061771880722,0.0197062872976763,0.0231061771880722,-3.767655286463212,0,1,-0.4924176144648586,0.4924176144648586,0.8680038456546284,0.9733371520378378,0.10533330638320937,0.10533330638320937,1,positive,positive,0,1,0
2018-06-28,0.2,0.175,0.1,4,9502.T,3712,0.0056573275862068,0.0056573275862068,0.0,1255248000000.0,27.85835427855185,1682.0,1684.0,1645.5,1656.0,1293.572998046875,2072500.0,-0.0107527584370435,0.0087393268950845,0.0137484451463927,0.0139791451983299,0.0137484451463927,-4.286829541525961,0,0,-0.2,0.2,0.030857110566569822,-0.405879846271693,-0.4367369568382628,0.4367369568382628,1,positive,neutral,0,0,1
2018-06-28,0.5,0.25,0.35,4,9503.T,3568,0.0058856502242152,0.0047645739910313,0.0011210762331838,1507605198000.0,28.0415435461976,1620.0,1628.0,1600.5,1606.0,1237.448974609375,1702600.0,-0.0123000874074857,0.0105343574331943,0.0179617893046553,0.018519051729835,0.0179617893046553,-4.019508593862565,0,1,-0.4988789237668162,0.4988789237668162,0.8680038456546284,-0.2019588783860786,-1.069962724040707,1.069962724040707,1,positive,neutral,0,0,1
2018-06-28,0.5,0.3428571428571428,0.3,7,9531.T,6538,0.0067298868155399,0.0076475986540226,-0.0009177118384827,7352507695500.0,29.626062554024813,2918.5,2933.0,2895.0,2920.5,2461.87744140625,980400.0,0.0034358536824672,0.0067099025497193,0.0103837928586157,0.0138758063005129,0.0103837928586157,-4.567509067349599,1,0,-0.5009177118384827,0.5009177118384827,0.8680038456546284,-0.5728093384900845,-1.440813184144713,1.440813184144713,1,positive,neutral,0,0,1
2018-06-28,0.5,0.3428571428571428,0.3,7,9766.T,5869,0.0083489521213153,0.0022150281138183,0.006133924007497,799295000000.0,27.40699592608528,5560.0,5600.0,5480.0,5570.0,4997.88720703125,578000.0,0.0054154292979125,0.016134134129471,0.0182520737267052,0.0175759604104267,0.0182520737267052,-4.003476576548348,0,1,-0.493866075992503,0.493866075992503,0.8680038456546284,0.7098656164550339,-0.15813822919959453,0.15813822919959453,1,positive,positive,0,1,0
2018-06-29,0.5,0.45,0.5,4,1801.T,3283,0.0060919890344197,0.0021321961620469,0.0039597928723728,6967042734600.0,29.572211965817345,6160.0,6170.0,6070.0,6110.0,4872.9033203125,884000.0,-0.0097242387750225,0.0101695833397277,0.0131830555212792,0.0143004310620505,0.0131830555212792,-4.328822946633651,0,1,-0.4960402071276272,0.4960402071276272,0.8680038456546284,0.3143965910117934,-0.553607254642835,0.553607254642835,1,positive,positive,0,1,0
2018-06-29,0.9,0.6666666666666666,1.0,3,4063.T,2095,0.0105011933174224,0.0019093078758949,0.0085918854415274,853236497050.537,27.472302599293663,1992.0,1992.0,1956.199951171875,1974.5999755859373,1690.5394287109375,7449000.0,-0.0078384131030189,0.0139525113503706,0.0171931881176559,0.0189083431596799,0.0171931881176559,-4.063242013278321,0,1,-0.8914081145584726,0.8914081145584726,1.9841994924387067,1.156962664645525,-0.8272368277931816,0.8272368277931816,1,positive,positive,0,1,0
2018-06-29,0.5,0.1666666666666666,0.5,6,4901.T,5301,0.0096208262591963,0.0056593095642331,0.0039615166949632,742090692000.0,27.332737299059847,1433.0,1444.0,1427.3333740234375,1442.0,1266.7177734375,6244500.0,0.0176432520682712,0.0090150510945165,0.0126879571810169,0.0191765705372253,0.0126879571810169,-4.367101988857564,0,1,-0.4960384833050368,0.4960384833050368,0.8680038456546284,0.3147101500372123,-0.5532936956174161,0.5532936956174161,1,positive,positive,0,1,0
2018-06-29,0.2,0.1166666666666666,0.1,6,5233.T,2984,0.0067024128686327,0.0060321715817694,0.0006702412868632,4511781000000.0,29.137713091712293,3665.0,3690.0,3640.0,3645.0,3019.114501953125,400700.0,-0.0068120828735684,0.0122708917510735,0.015116350398886,0.0168886968760103,0.015116350398886,-4.191978313101615,0,1,-0.19932975871313682,0.19932975871313682,0.030857110566569822,-0.2839646295465201,-0.3148217401130899,0.3148217401130899,1,positive,neutral,0,0,1
2018-06-29,0.5,0.5,0.5,2,5803.T,1492,0.0134048257372654,0.0067024128686327,0.0067024128686327,254408415000.0,26.262206745695508,698.0,706.0,691.0,705.0,611.2672119140625,1019000.0,0.0100288838956146,0.0203530953864872,0.0211255344745971,0.0248639098351442,0.0211255344745971,-3.8572728054863097,0,1,-0.4932975871313673,0.4932975871313673,0.8680038456546284,0.8132723209801636,-0.05473152467446485,0.05473152467446485,1,positive,positive,0,1,0
2018-06-29,0.5,0.4333333333333333,0.4,6,6501.T,5706,0.0161233788994041,0.0113915177006659,0.0047318611987381,3777834562795.532,28.96017209442375,773.5,782.5,771.0999755859375,781.5999755859375,679.5952758789062,13070000.0,0.0121730876323045,0.0134116202183802,0.0158815540792861,0.0158812695197279,0.0158815540792861,-4.142596964016617,0,1,-0.4952681388012619,0.4952681388012619,0.8680038456546284,0.4548338919963251,-0.4131699536583033,0.4131699536583033,1,positive,positive,0,1,0
2018-06-29,0.8,0.65,0.8,4,6752.T,3658,0.0073810825587752,0.0054674685620557,0.0019136139967195,3663634655500.0,28.92947684584201,1489.0,1505.0,1475.5,1493.5,1229.8011474609375,7465300.0,0.0101455419274534,0.0129732270956035,0.016614152938236,0.0147170987831937,0.016614152938236,-4.097500360224456,0,1,-0.7980863860032805,0.7980863860032805,1.7051505807426872,-0.05779823788519006,-1.7629488186278772,1.7629488186278772,1,positive,neutral,0,0,1
2018-06-29,0.8,0.8,0.8,3,6954.T,2586,0.0116009280742459,0.0015467904098994,0.0100541376643464,1054076103117.0,27.683685767536957,4400.0,4410.0,4325.0,4401.0,3682.757568359375,5033500.0,0.0041068695359172,0.0139446632302095,0.019505085457827,0.021024865960492,0.019505085457827,-3.9370800547038662,0,1,-0.7899458623356537,0.7899458623356537,1.7051505807426872,1.4229426932501048,-0.2822078874925824,0.2822078874925824,1,positive,positive,0,1,0
2018-06-29,0.5,0.5,0.5,3,6976.T,1996,0.0145290581162324,0.00250501002004,0.0120240480961923,372889917525.0,26.644549085752782,3025.0,3095.0,2980.0,3095.0,2716.4794921875,2178100.0,0.0197694142679549,0.0199932560186712,0.0248902640325107,0.0214479548682105,0.0248902640325107,-3.6932785546833804,0,1,-0.4879759519038077,0.4879759519038077,0.8680038456546284,1.781264482633829,0.9132606369792007,0.9132606369792007,1,positive,positive,0,1,0
2018-06-29,0.8,0.8,0.8,3,7974.T,2801,0.0071403070332024,0.003213138164941,0.0039271688682613,512841780000.0,26.963233213492995,3637.0,3653.0,3561.0,3620.0,2967.677490234375,14651000.0,0.0047182618903149,0.0299291038171367,0.0208300630402317,0.0204561969930833,0.0208300630402317,-3.871357997298488,0,1,-0.7960728311317388,0.7960728311317388,1.7051505807426872,0.30846236611450156,-1.3966882146281856,1.3966882146281856,1,positive,neutral,0,0,1
2018-06-29,0.2,0.1083333333333333,0.0,12,8309.T,13240,0.0049848942598187,0.0077039274924471,-0.0027190332326283,8574006999000.0,29.779756300409108,2189.0,2215.0,2175.5,2196.5,1622.105712890625,1746400.0,0.0061841722082065,0.0089961499440862,0.010168238635252,0.0115334197853331,0.010168238635252,-4.588486276128447,1,0,-0.2027190332326283,0.2027190332326283,0.030857110566569822,-0.9004652028232747,-0.9313223133898445,0.9313223133898445,1,positive,neutral,0,0,1
2018-06-29,0.8,0.875,1.0,4,8830.T,3538,0.0206331260599208,0.0036743923120407,0.0169587337478801,973357782021.0,27.60401756173989,2077.0,2078.0,2038.5,2044.5,1869.7230224609373,3710000.0,-0.018482877502371,0.0099184461817112,0.012975777732982,0.0140088430445919,0.012975777732982,-4.344670910841635,0,1,-0.7830412662521199,0.7830412662521199,1.7051505807426872,2.6788714825125335,0.9737209017698463,0.9737209017698463,1,positive,positive,0,1,0
2018-06-29,0.7,0.5571428571428572,0.6,7,9202.T,6589,0.0097131582941265,0.0031871300652602,0.0065260282288662,14308334370733.0,30.29186330654716,4112.0,4120.0,4046.0,4069.0,3850.599609375,787000.0,0.001476747528494,0.0116251415513339,0.0100253478824292,0.010683540070704,0.0100253478824292,-4.60263860490239,0,1,-0.6934739717711338,0.6934739717711338,1.4261016690466675,0.7811883953766465,-0.6449132736700209,0.6449132736700209,1,positive,positive,0,1,0
2018-06-29,-0.1,-0.08,0.0,5,9532.T,4666,0.0083583369052721,0.0060008572653236,0.0023574796399485,4776194500000.0,29.19466521564524,2288.0,2300.5,2271.0,2292.5,1890.01220703125,1226400.0,0.002843238811528,0.0104273318081715,0.0108536689379515,0.0126248098093167,0.0108536689379515,-4.523252105192548,1,0,0.10235747963994851,0.10235747963994851,-0.8062896245214889,0.022939814442772228,0.8292294389642612,0.8292294389642612,1,neutral,neutral,0,0,1
2018-09-27,0.5,0.3333333333333333,0.3,3,6920.T,2984,0.0087131367292225,0.0030160857908847,0.0056970509383378,42487809000.0,24.472483024669472,1880.0,1880.0,1802.5,1802.5,1688.481689453125,716800.0,-0.0412234539376573,0.0300524656242367,0.034966119058032,0.0299868661867476,0.034966119058032,-3.3533757132467388,0,1,-0.4943029490616622,0.4943029490616622,0.8680038456546284,0.630399495892386,-0.23760434976224243,0.23760434976224243,1,positive,positive,0,1,0
2018-09-28,0.0,0.0,0.0,3,4385.T,2260,0.0066371681415929,0.0048672566371681,0.0017699115044247,24407500000.0,23.9181562990641,3790.0,3845.0,3710.0,3755.0,3755.0,1070700.0,0.0162381596752367,0.0284150238602806,0.0320608777613213,,0.0320608777613213,-3.440118753469304,0,0,0.0017699115044247,0.0017699115044247,-0.5272407128254694,-0.0839373624593583,0.44330335036611107,0.44330335036611107,1,neutral,neutral,0,0,1
2018-11-30,0.5,0.5,0.5,6,9983.T,5207,0.0136354906856155,0.0088342615709621,0.0048012291146533,2087529550080.0,28.367002449298177,19700.0,19810.0,19403.333984375,19680.0,18456.830078125,2078400.0,-0.0021969855672819,0.0234082140448033,0.0201944524945313,0.020570760880841,0.0201944524945313,-3.902347341276022,0,1,-0.4951987708853467,0.4951987708853467,0.8680038456546284,0.4674517427141685,-0.4005521029404599,0.4005521029404599,1,positive,positive,0,1,0
2018-12-19,0.2,0.2,0.2,3,4751.T,2056,0.0102140077821011,0.0043774319066147,0.0058365758754863,74354644125.0,25.03211197091462,1175.0,1200.0,1152.5,1176.25,1093.3084716796875,3088800.0,0.004268969763445,0.0294701693721563,0.0319264733740384,0.0268880562196246,0.0319264733740384,-3.4443197270231103,0,1,-0.1941634241245137,0.1941634241245137,0.030857110566569822,0.6557787336153186,0.6249216230487488,0.6249216230487488,1,positive,positive,0,1,0
2019-03-14,0.2,0.2333333333333333,0.2,6,4151.T,6124,0.0161659046374918,0.0070215545395166,0.0091443500979751,1337441847600.0,27.92177983634145,2326.0,2337.0,2305.0,2320.0,2029.7607421875,770700.0,0.0038942727468889,0.019072487734662,0.0197142959672153,0.0193861487016342,0.0197142959672153,-3.9264112228042425,0,1,-0.19085564990202492,0.19085564990202492,0.030857110566569822,1.2574546063446743,1.2265974957781045,1.2265974957781045,1,positive,positive,0,1,0
2019-03-22,0.1,0.075,0.1,4,5108.T,3447,0.0101537568900493,0.0089933275311865,0.0011604293588627,1754674116000.0,28.19330426671517,2166.0,2168.5,2146.5,2158.0,1689.6087646484375,5406000.0,0.0002318242858629,0.0159781539003912,0.0142577331257637,0.0137648723053234,0.0142577331257637,-4.250455843970383,0,1,-0.09883957064113731,0.09883957064113731,-0.24819180112944975,-0.19480064307591144,0.05339115805353831,0.05339115805353831,1,neutral,neutral,0,0,1
2019-03-22,0.2,0.1333333333333333,0.2,3,6326.T,2231,0.0103092783505154,0.0085163603765127,0.0017929179740026,2012227480500.0,28.33026342365376,1612.0,1621.5,1585.0,1609.5,1380.167236328125,2933200.0,0.0071963531042185,0.0221926215277021,0.0229106585402211,0.0203032438939949,0.0229106585402211,-3.776153038267212,0,1,-0.1982070820259974,0.1982070820259974,0.030857110566569822,-0.07975254308214909,-0.11060965364871891,0.11060965364871891,1,positive,neutral,0,0,1
2019-03-26,0.3,0.1666666666666666,0.15,6,4452.T,5622,0.0120953397367484,0.0058697972251867,0.0062255425115617,4396896000000.0,29.11191995335716,8574.0,8729.0,8574.0,8724.0,7468.0654296875,849300.0,0.033159656172722,0.0181641408104297,0.0200771613994093,0.0200576687154014,0.0200771613994093,-3.9081723587227715,0,1,-0.2937744574884383,0.2937744574884383,0.30990602226258934,0.7265307936054289,0.4166247713428396,0.4166247713428396,1,positive,positive,0,1,0
2019-03-26,0.2,0.08,0.2,5,4704.T,2212,0.0090415913200723,0.011754068716094,-0.0027124773960216,726717760720.0,27.31180401450703,5060.0,5190.0,5050.0,5180.0,4021.43212890625,517800.0,0.0277778800383188,0.0249493511322453,0.0253989838982472,0.0233469968997849,0.0253989838982472,-3.6730461097638436,1,0,-0.2027124773960216,0.2027124773960216,0.030857110566569822,-0.8992727125121194,-0.9301298230786892,0.9301298230786892,1,positive,neutral,0,0,1
2019-03-26,0.57,0.5714285714285714,0.5,7,4911.T,7056,0.01218820861678,0.0075113378684807,0.0046768707482993,3179600000000.0,28.78777651864537,7879.0,7973.0,7864.0,7949.0,7379.31005859375,1312700.0,0.0177978261184337,0.0186669036442631,0.0244888920268077,0.0254053285673043,0.0244888920268077,-3.7095356509031747,0,1,-0.5653231292517007,0.5653231292517007,1.063338083841842,0.4448312663531967,-0.6185068174886453,0.6185068174886453,1,positive,positive,0,1,0
2019-03-27,0.5,0.2666666666666666,0.5,15,2502.T,5846,0.0203557988368114,0.0070133424563804,0.013342456380431,788404764677.124,27.39327745568353,1627.6666259765625,1636.0,1613.6666259765625,1630.3333740234375,1370.3128662109375,2122800.0,0.0109548295423587,0.0127474128596416,0.0174454594179646,0.0170222889773774,0.0174454594179646,-4.048675869467202,0,1,-0.486657543619569,0.486657543619569,0.8680038456546284,2.0210796579380492,1.1530758122834208,1.1530758122834208,1,positive,positive,0,1,0
2019-03-27,-0.2,-0.1666666666666666,0.0,3,3405.T,2402,0.0037468776019983,0.0041631973355537,-0.0004163197335553,551322720000.0,27.03558617337435,1444.0,1452.0,1426.0,1440.0,1134.2725830078125,808600.0,-0.0034601270840339,0.0197512462092911,0.0206145664997074,0.0193126395712965,0.0206145664997074,-3.881757341435962,0,1,0.1995836802664447,0.1995836802664447,-1.0853385362175083,-0.48160736640239504,0.6037311698151133,0.6037311698151133,1,negative,neutral,0,0,1
2019-03-27,0.5,0.425,0.45,4,3659.T,3375,0.0151111111111111,0.0109629629629629,0.0041481481481481,749091672000.0,27.34212720549764,1774.0,1776.0,1717.0,1737.0,1675.9334716796875,1580500.0,0.0,0.0177686966633585,0.0314733619412269,0.031438986710239,0.0314733619412269,-3.4586137435759348,0,1,-0.4958518518518519,0.4958518518518519,0.8680038456546284,0.34865794541887024,-0.5193459002357581,0.5193459002357581,1,positive,positive,0,1,0
2019-03-27,0.5,0.3333333333333333,0.3,3,8804.T,2772,0.0198412698412698,0.0043290043290043,0.0155122655122655,586362113472.0,27.09720337675495,1370.0,1374.0,1340.0,1354.0,1065.1085205078125,676000.0,-0.0159884679853404,0.0131109935571278,0.0201142742025887,0.0200536036561879,0.0201142742025887,-3.9063255566281545,0,1,-0.4844877344877345,0.4844877344877345,0.8680038456546284,2.415762521773406,1.5477586761187774,1.5477586761187774,1,positive,positive,0,1,0
2019-03-28,0.2,0.2,0.2,5,2503.T,5185,0.0171648987463838,0.0098360655737704,0.0073288331726133,2499832500000.0,28.547244845558104,2611.5,2612.0,2582.0,2590.5,2077.41064453125,1490900.0,-0.0114482337502044,0.0181430680678951,0.0201001823176758,0.0191311468463724,0.0201001823176758,-3.9070263934271097,0,1,-0.19267116682738672,0.19267116682738672,0.030857110566569822,0.9272166103244742,0.8963594997579044,0.8963594997579044,1,positive,positive,0,1,0
2019-03-28,0.5,0.5,0.5,3,3436.T,2720,0.0091911764705882,0.0106617647058823,-0.0014705882352941,318065645926.0,26.48552363215164,1222.0,1248.0,1213.0,1234.0,1055.3565673828125,7129300.0,-0.0112179630141752,0.0284376897740717,0.0335807981281906,0.0365388762122638,0.0335807981281906,-3.3938008596524027,1,0,-0.5014705882352941,0.5014705882352941,0.8680038456546284,-0.6733761747334209,-1.5413800203880492,1.5413800203880492,1,positive,neutral,0,0,1
2019-03-28,0.5,0.375,0.5,4,4004.T,3564,0.0106621773288439,0.0064534231200897,0.0042087542087542,5718971660000.0,29.374810125437666,3835.0,3845.0,3770.0,3820.0,3193.4599609375,1713100.0,-0.0065018909288884,0.0269887035922957,0.0333283337384908,0.0342751207814389,0.0333283337384908,-3.401347380756733,0,1,-0.4957912457912458,0.4957912457912458,0.8680038456546284,0.3596820365312397,-0.5083218091233888,0.5083218091233888,1,positive,positive,0,1,0
2019-03-28,0.1,0.08,0.1,5,4324.T,4360,0.0135321100917431,0.0126146788990825,0.0009174311926605,1349758800000.0,27.93094702574943,4735.0,4750.0,4670.0,4680.0,3888.34130859375,583900.0,-0.01473696009995,0.0222311549258007,0.0252520504571017,0.0214790879341838,0.0252520504571017,-3.6788479203359654,0,1,-0.09908256880733951,0.09908256880733951,-0.24819180112944975,-0.2390014028276864,0.009190398301763353,0.009190398301763353,1,neutral,neutral,0,0,1
2019-03-28,0.5,0.5,0.5,5,4519.T,5198,0.0155829165063485,0.0063485956136975,0.009234320892651,1412274014362.6458,27.976222297335514,2533.333251953125,2550.0,2503.333251953125,2523.333251953125,2209.075439453125,1584000.0,-0.0156047628927015,0.0118545016688495,0.0176932299835747,0.0172689537787274,0.0176932299835747,-4.034573199372778,0,1,-0.490765679107349,0.490765679107349,0.8680038456546284,1.2738200692709942,0.4058162236163658,0.4058162236163658,1,positive,positive,0,1,0
2019-03-28,0.5,0.3857142857142857,0.4,7,4755.T,5455,0.0168652612282309,0.0082493125572868,0.008615948670944,1364475691800.0,27.94179136220545,1040.0,1046.0,1023.0,1027.0,1010.19873046875,7957500.0,-0.0105973844557387,0.021711623610417,0.023014250180292,0.0219849266951107,0.023014250180292,-3.7716416818529575,0,1,-0.491384051329056,0.491384051329056,0.8680038456546284,1.1613397059990387,0.2933358603444103,0.2933358603444103,1,positive,positive,0,1,0
2019-03-28,0.0,0.0,0.0,3,5101.T,2064,0.0203488372093023,0.0106589147286821,0.0096899224806201,695131342000.0,27.26736664595145,2061.0,2062.0,2022.0,2029.0,1631.0294189453125,265200.0,-0.0164807682780984,0.019691860135012,0.0215780147695922,0.0187916310557469,0.0215780147695922,-3.836080317378656,0,0,0.0096899224806201,0.0096899224806201,-0.5272407128254694,1.3566928606466806,1.88393357347215,1.88393357347215,1,neutral,positive,0,0,1
2019-03-28,0.2,0.2,0.2,3,5201.T,2460,0.008130081300813,0.0056910569105691,0.0024390243902439,4509479000000.0,29.13720274170576,3850.0,3850.0,3785.0,3800.0,2834.841552734375,519100.0,-0.0142672404169489,0.0101820792396303,0.0159901790067047,0.0163714414726885,0.0159901790067047,-4.135780557283071,0,1,-0.1975609756097561,0.1975609756097561,0.030857110566569822,0.03777260093312895,0.00691549036655913,0.00691549036655913,1,positive,neutral,0,0,1
2019-03-28,0.8,0.8,0.8,3,5301.T,2946,0.0084860828241683,0.0020366598778004,0.0064494229463679,307272280064.0,26.45100009721103,1385.0,1388.0,1355.0,1366.0,1104.3544921875,3894700.0,-0.0284494265171658,0.0241503895439019,0.0356877149900151,0.0359073309314882,0.0356877149900151,-3.332948767345452,0,1,-0.7935505770536322,0.7935505770536322,1.7051505807426872,0.7672540857464795,-0.9378964949962078,0.9378964949962078,1,positive,positive,0,1,0
2019-03-28,-0.2,-0.2,0.0,5,6723.T,4880,0.0108606557377049,0.0096311475409836,0.0012295081967213,845231868000.0,27.46287682666279,521.0,523.0,503.0,507.0,488.13916015625,8253400.0,-0.0576208699701484,0.0402434303010993,0.0423625824316951,0.0389519990768865,0.0423625824316951,-3.1614897961861192,1,0,0.2012295081967213,0.2012295081967213,-1.0853385362175083,-0.18223537493483785,0.9031031612826704,0.9031031612826704,1,negative,neutral,0,0,1
2019-03-28,0.0,-0.05,-0.05,4,7272.T,3398,0.0117716303708063,0.0126545026486168,-0.0008828722778104,249557519549.01123,26.24295526484248,728.0,728.0,712.0,713.3333129882812,551.4493408203125,2261400.0,-0.0174472398095565,0.0211908764170246,0.0236591703550958,0.0244659619737809,0.0236591703550958,-3.7440044863427335,0,0,-0.0008828722778104,0.0008828722778104,-0.5272407128254694,-0.5664721093858437,-0.03923139656037433,0.03923139656037433,1,neutral,neutral,0,0,1
2019-03-28,0.2,0.1692307692307692,0.2,13,7751.T,12486,0.008169149447381,0.0074483421432003,0.0007208073041806,4272044375192.0,29.083113604983804,3220.0,3221.0,3186.0,3203.0,2442.49951171875,1677200.0,-0.0132469508676876,0.0076009670525007,0.0111092164268811,0.0124390541384794,0.0111092164268811,-4.499980206451424,0,1,-0.19927919269581942,0.19927919269581942,0.030857110566569822,-0.27476679724193104,-0.30562390780850085,0.30562390780850085,1,positive,neutral,0,0,1
2019-03-29,-0.1,-0.02,0.0,10,2501.T,10048,0.0135350318471337,0.0063694267515923,0.0071656050955414,190445578995.39185,25.97263231613554,485.2000122070313,488.6000061035156,480.2000122070313,483.3999938964844,440.7618103027344,2030000.0,-0.0028877345222835,0.0151435635472106,0.018120359696889,0.018978112385684,0.018120359696889,-4.01071912774264,1,0,0.1071656050955414,0.1071656050955414,-0.8062896245214889,0.8975258306278249,1.7038154551493139,1.7038154551493139,1,neutral,positive,0,0,1
2019-03-29,0.1,0.0428571428571428,0.0,7,4578.T,5844,0.0123203285420944,0.0111225188227241,0.0011978097193702,2426027098333.0,28.517276096352163,4345.0,4359.0,4314.0,4349.0,3767.678955078125,1080500.0,0.0123368362276741,0.0142517164984229,0.0198248394424662,0.0201975380920758,0.0198248394424662,-3.920819610234691,0,1,-0.09880219028062981,0.09880219028062981,-0.24819180112944975,-0.1880012488251256,0.06019055230432416,0.06019055230432416,1,neutral,neutral,0,0,1
2019-03-29,0.0,-0.0833333333333333,0.0,12,5214.T,3906,0.010752688172043,0.0076804915514592,0.0030721966205837,1460503646790.0,28.00980245571734,2943.0,2949.0,2912.0,2935.0,2199.47802734375,442000.0,-0.000680960968036,0.0139224457501343,0.0217334453530079,0.0215187695627343,0.0217334453530079,-3.828902944451418,0,0,0.0030721966205837,0.0030721966205837,-0.5272407128254694,0.15294504882500798,0.6801857616504774,0.6801857616504774,1,neutral,neutral,0,0,1
2019-03-29,-0.2,-0.1,-0.1,5,6361.T,5031,0.0073544027032399,0.0115285231564301,-0.0041741204531902,290276688000.0,26.39410040161784,621.0,624.0,616.0,624.0,523.3665771484375,1997000.0,0.0263158335697195,0.0136868702853636,0.0211424556595295,0.0226570632197541,0.0211424556595295,-3.8564721435299374,0,1,0.1958258795468098,0.1958258795468098,-1.0853385362175083,-1.1651419354057622,-0.07980339918825385,0.07980339918825385,1,negative,negative,0,1,0
2019-04-26,0.1,-0.1,-0.25,6,1928.T,5055,0.010484668644906,0.0065281899109792,0.0039564787339268,1254123913728.0,27.85745836803254,1786.5,1793.5,1779.0,1792.0,1349.651123046875,1909100.0,0.0039214012696633,0.0089899371151525,0.0077482146632932,0.0116101309509967,0.0077482146632932,-4.860292828181894,0,1,-0.09604352126607321,0.09604352126607321,-0.24819180112944975,0.3137937575026965,0.5619855586321463,0.5619855586321463,1,neutral,positive,0,0,1
2019-05-17,0.8,0.72,0.7,5,9843.T,4199,0.0064301024053346,0.0054774946415813,0.0009526077637532,291487584312.0,26.39826324941821,2586.0,2587.0,2533.0,2547.0,2421.013916015625,2033000.0,-0.0093348454342364,0.0170972042425773,0.0149875533282572,0.0169280068101985,0.0149875533282572,-4.200535200452536,0,1,-0.7990473922362469,0.7990473922362469,1.7051505807426872,-0.2326028723693706,-1.937753453112058,1.937753453112058,1,positive,neutral,0,0,1
2019-05-23,0.5,0.5,0.5,3,7453.T,2892,0.010027662517289,0.0072614107883817,0.0027662517289073,27544518000.0,24.0390693690794,988.5,998.5,980.5,981.0,866.6519165039062,3704000.0,-0.0145655850031459,0.0285654986329752,0.0232922538779602,0.0251005782905246,0.0232922538779602,-3.759634425274454,0,1,-0.4972337482710927,0.4972337482710927,0.8680038456546284,0.0972944368651678,-0.7707094087894606,0.7707094087894606,1,positive,neutral,0,0,1
2019-05-23,-0.2,-0.0444444444444444,-0.1,9,8233.T,4226,0.0111216280170373,0.0016564126833885,0.0094652153336488,214021836000.0,26.08934388414598,598.0,606.0,593.5,602.0,522.1875,2687800.0,0.003333491652198,0.0116593131567713,0.0125288804872153,0.0199449268261413,0.0125288804872153,-4.379718860656762,1,0,0.2094652153336488,0.2094652153336488,-1.0853385362175083,1.315819191626806,2.401157727844314,2.401157727844314,1,negative,positive,1,0,0
2019-05-23,0.0,-0.0499999999999999,0.0,6,9602.T,5575,0.0060986547085201,0.0093273542600896,-0.0032286995515695,175194316791.0,25.889161576515036,918.0,932.0,917.0,927.0,821.7946166992188,2150500.0,0.0109052945652594,0.0159512572472085,0.0135864103895505,0.0157185377386429,0.0135864103895505,-4.298685221871768,0,0,-0.0032286995515695,0.0032286995515695,-0.5272407128254694,-0.9931722337822907,-0.46593152095682133,0.46593152095682133,1,neutral,neutral,0,0,1
2019-05-24,0.5,0.3333333333333333,0.3,9,3382.T,7790,0.0151476251604621,0.0038510911424903,0.0112965340179717,1121644625225.4165,27.745817139547786,1263.3333740234375,1278.6666259765625,1259.0,1265.3333740234375,1087.9835205078125,9101700.0,0.0058294077511318,0.0182149106878116,0.0155092057889394,0.0151270728109418,0.0155092057889394,-4.1663215094916675,0,1,-0.4887034659820283,0.4887034659820283,0.8680038456546284,1.6489314881506316,0.7809276424960032,0.7809276424960032,1,positive,positive,0,1,0
2019-05-27,-0.2,-0.2833333333333333,-0.35,6,3086.T,5235,0.0192932187201528,0.0070678127984718,0.0122254059216809,315308136864.0,26.47681620990088,1181.0,1184.0,1166.0,1176.0,970.2772827148438,1152300.0,0.0,0.0165961375437604,0.0179876304558503,0.0191755701680134,0.0179876304558503,-4.018070954211195,1,0,0.2122254059216809,0.2122254059216809,-1.0853385362175083,1.8178909683709912,2.9032295045884995,2.9032295045884995,1,negative,positive,1,0,0
2019-05-29,0.2,0.15,0.05,4,6506.T,3398,0.0064743967039434,0.003825779870512,0.0026486168334314,797365960000.0,27.404579582244075,3170.0,3190.0,3100.0,3160.0,2894.237548828125,4162300.0,-0.0291858509133138,0.0254738841167697,0.0307483407933954,0.0308712038268003,0.0307483407933954,-3.481919244123753,0,1,-0.1973513831665686,0.1973513831665686,0.030857110566569822,0.07589694307079557,0.045039832504225746,0.045039832504225746,1,positive,neutral,0,0,1
2019-05-30,0.5,0.4333333333333333,0.45,6,6532.T,5096,0.0113814756671899,0.0056907378335949,0.0056907378335949,254135000.0,19.3533761798518,373.5,373.5,358.5,371.0,342.7698059082031,1076000.0,-0.0132980405606268,0.0497706351952501,0.0353876406391437,0.0388207362487061,0.0353876406391437,-3.3413926542915093,0,1,-0.4943092621664051,0.4943092621664051,0.8680038456546284,0.6292511579012403,-0.2387526877533881,0.2387526877533881,1,positive,positive,0,1,0
2019-05-30,0.5,0.5142857142857142,0.5,7,8267.T,6014,0.0123046225473894,0.0051546391752577,0.0071499833721316,547568272000.0,27.028752988579846,641.6666870117188,642.0,625.5,628.0,572.1856689453125,13739100.0,-0.0311135988917433,0.0142871047873927,0.014601131743304,0.0175552169551435,0.014601131743304,-4.22665623660745,0,1,-0.4928500166278684,0.4928500166278684,0.8680038456546284,0.894684278141496,0.026680432486867578,0.026680432486867578,1,positive,positive,0,1,0
2019-06-07,0.8,0.72,0.8,5,7741.T,3563,0.0140331181588548,0.003087285994948,0.0109458321639068,3274270654800.0,28.817116259389824,7655.0,7717.0,7649.0,7690.0,7293.13671875,574700.0,0.0054915701140536,0.0194481407605536,0.0157034688479176,0.0220485382300094,0.0157034688479176,-4.153873645305551,0,1,-0.7890541678360933,0.7890541678360933,1.7051505807426872,1.5851396964746158,-0.12001088426807138,0.12001088426807138,1,positive,positive,0,1,0
2019-06-12,-0.1,-0.075,-0.05,4,8697.T,3188,0.010978670012547,0.0144291091593475,-0.0034504391468005,237746920300.0,26.194472584765407,869.5,869.5,864.0,866.0,724.5792236328125,1014000.0,-0.0005770998204213,0.0099024078927473,0.0142775999415515,0.0160903017610313,0.0142775999415515,-4.249063407516188,0,1,0.0965495608531995,0.0965495608531995,-0.8062896245214889,-1.033506112549531,-0.22721648802804217,0.22721648802804217,1,neutral,neutral,0,0,1
2019-06-17,0.1,0.1,0.1,4,4568.T,4144,0.0123069498069498,0.0086872586872586,0.0036196911196911,1440001341000.0,27.995665160766023,2006.6666259765625,2033.0,2005.3333740234373,2031.0,1891.249755859375,3636600.0,0.0173650740763917,0.025127150771065,0.0290242008603989,0.0279666405560427,0.0290242008603989,-3.5396252845800107,0,1,-0.09638030888030891,0.09638030888030891,-0.24819180112944975,0.2525329313126803,0.50072473244213,0.50072473244213,1,neutral,neutral,0,0,1
2019-06-17,-0.2,-0.1,-0.1,3,4689.T,2208,0.0190217391304347,0.0095108695652173,0.0095108695652173,1742653170000.0,28.18642987815692,306.0,308.0,303.0,306.0,279.9214172363281,8361800.0,0.0,0.0261854304051817,0.0182463616346625,0.020869301232855,0.0182463616346625,-4.0037895813132245,1,0,0.2095108695652173,0.2095108695652173,-1.0853385362175083,1.3241235823666606,2.4094621185841687,2.4094621185841687,1,negative,positive,1,0,0
2019-06-17,0.8,0.61,0.6499999999999999,10,6301.T,8079,0.0074266617155588,0.0066839955440029,0.0007426661715558,2361879810000.0,28.490478947565688,2452.0,2457.5,2426.0,2430.0,1909.444091796875,2995600.0,-0.0137986651179647,0.0266859322957566,0.0208106848395718,0.0230746094739786,0.0208106848395718,-3.872288729960385,0,1,-0.7992573338284442,0.7992573338284442,1.7051505807426872,-0.2707907238402365,-1.9759413045829237,1.9759413045829237,1,positive,neutral,0,0,1
2019-06-17,0.5,0.5,0.5,2,6861.T,1668,0.01378896882494,0.0053956834532374,0.0083932853717026,1883918985000.0,28.264375289565766,31150.0,31235.0,30760.0,30985.0,29986.115234375,572000.0,-0.0154115196066799,0.0107926829255285,0.01460671183723,0.0205709610552161,0.01460671183723,-4.22627414102559,0,1,-0.4916067146282974,0.4916067146282974,0.8680038456546284,1.1208378077784684,0.25283396212384,0.25283396212384,1,positive,positive,0,1,0
2019-06-18,0.5,0.375,0.5,4,4503.T,3772,0.0135206786850477,0.0098091198303287,0.0037115588547189,3319679987000.0,28.83088950475335,1472.0,1483.5,1465.0,1469.0,1184.124267578125,4260200.0,0.0058199644408665,0.0155330166662545,0.0163726450572244,0.0198820852314597,0.0163726450572244,-4.112143321102219,0,1,-0.4962884411452811,0.4962884411452811,0.8680038456546284,0.2692434429530219,-0.5987604027016065,0.5987604027016065,1,positive,neutral,0,0,1
2019-06-18,0.8,0.8,0.8,3,4507.T,2732,0.0084187408491947,0.0069546120058565,0.0014641288433382,722989363735.0,27.30666034770374,2062.0,2089.0,2052.666748046875,2059.0,1798.27490234375,3374700.0,0.010965723304775,0.0147717822009208,0.0157865931680594,0.0170689840833893,0.0157865931680594,-4.148594232824815,0,1,-0.7985358711566618,0.7985358711566618,1.7051505807426872,-0.13955846507992803,-1.8447090458226152,1.8447090458226152,1,positive,neutral,0,0,1
2019-06-18,0.1,0.0681818181818181,0.0,22,6758.T,20864,0.0063746165644171,0.013611963190184,-0.0072373466257668,1315526687241.0889,27.9052582239873,1110.199951171875,1131.800048828125,1108.0,1124.5999755859375,1080.0772705078125,39182500.0,-0.0021296113760923,0.0314060284449002,0.0256164714845228,0.0247880948775715,0.0256164714845228,-3.664519717036655,1,0,-0.10723734662576681,0.10723734662576681,-0.24819180112944975,-1.722335128406005,-1.4741433272765552,1.4741433272765552,1,neutral,negative,0,0,1
2019-06-18,0.6,0.45,0.45,6,8035.T,4110,0.0114355231143552,0.0031630170316301,0.008272506082725,850071037270.5078,27.468585756198145,4690.0,4736.66650390625,4670.0,4706.66650390625,4003.858642578125,3639300.0,-0.0101646435660087,0.0202344557222863,0.0204863682822679,0.023957426548639,0.0204863682822679,-3.887995575863548,0,1,-0.591727493917275,0.591727493917275,1.147052757350648,1.0988683566565745,-0.04818440069407348,0.04818440069407348,1,positive,positive,0,1,0
2019-06-19,0.5,0.375,0.5,4,4902.T,3917,0.0107224917028338,0.0074036252233852,0.0033188664794485,534688880000.0,27.00495088197641,1031.0,1049.0,1030.0,1045.0,861.2582397460938,2255700.0,0.021505403588184,0.0188616757404692,0.0143269695955829,0.0164302625171562,0.0143269695955829,-4.245611532249262,0,1,-0.4966811335205515,0.4966811335205515,0.8680038456546284,0.19781368030519306,-0.6701901653494353,0.6701901653494353,1,positive,neutral,0,0,1
2019-06-19,0.1,0.05,0.05,6,6501.T,5391,0.0144685587089593,0.0157670191059172,-0.0012984603969578,3834869662204.468,28.975156563782857,792.0,803.2000122070312,788.5999755859375,793.4000244140625,701.0827026367188,17164500.0,0.0143186533065933,0.0155086169616274,0.0185520418975659,0.0225523203486227,0.0185520418975659,-3.987175420646059,1,0,-0.1012984603969578,0.1012984603969578,-0.24819180112944975,-0.642066550682331,-0.39387474955288126,0.39387474955288126,1,neutral,neutral,0,0,1
2019-06-19,-0.1,-0.0875,0.0,8,6594.T,6646,0.0073728558531447,0.0073728558531447,0.0,1046289210000.0,27.67627093475037,3538.75,3558.75,3510.0,3557.5,3368.51611328125,2866400.0,0.0360394569936506,0.0107205957009982,0.0148727432691718,0.0204840782686842,0.0148727432691718,-4.2082250520568785,0,0,0.1,0.1,-0.8062896245214889,-0.405879846271693,0.4004097782497959,0.4004097782497959,1,neutral,neutral,0,0,1
2019-06-19,-0.1,-0.06,0.0,5,6645.T,4216,0.0094876660341555,0.0059297912713472,0.0035578747628083,1195689000000.0,27.80974370419761,5500.0,5530.0,5460.0,5500.0,4989.0830078125,1099400.0,0.041666488257954,0.0165950135939269,0.0322845052425155,0.0290952103639465,0.0322845052425155,-3.433167877707038,1,0,0.10355787476280831,0.10355787476280831,-0.8062896245214889,0.24128869032926056,1.0475783148507494,1.0475783148507494,1,neutral,neutral,0,0,1
2019-06-19,0.5,0.275,0.4,4,7205.T,3216,0.0074626865671641,0.0043532338308457,0.0031094527363184,515972840000.0,26.969319965383757,896.0,906.0,892.0,898.0,856.9597778320312,1065100.0,0.0251141645859578,0.0132751008389492,0.0167135838154414,0.017717646660223,0.0167135838154414,-4.091533488069415,0,1,-0.4968905472636816,0.4968905472636816,0.8680038456546284,0.1597218432618167,-0.7082820023928117,0.7082820023928117,1,positive,neutral,0,0,1
2019-06-19,0.1,0.02,0.0,20,7267.T,14927,0.0088430361090641,0.0125946271856367,-0.0037515910765726,1705157925253.061,28.164678847156477,934.6666870117188,943.5,930.5,941.3333129882812,729.4413452148438,9276600.0,0.0209689971817172,0.016352583780825,0.0142881308741029,0.0158664124853571,0.0142881308741029,-4.248326095168296,1,0,-0.1037515910765726,0.1037515910765726,-0.24819180112944975,-1.0882848967053085,-0.8400930955758588,0.8400930955758588,1,neutral,neutral,0,0,1
2019-06-19,-0.2,-0.16,0.0,5,9101.T,5143,0.0079720007777561,0.0106941473847948,-0.0027221466070386,916596450000.0,27.543933136004988,543.3333129882812,546.6666870117188,538.6666870117188,539.0,325.4166259765625,4752900.0,0.0125234501934838,0.0125395612378889,0.0134688080286721,0.0149689738922649,0.0134688080286721,-4.307378783294109,0,1,0.19727785339296142,0.19727785339296142,-1.0853385362175083,-0.9010315178555143,0.18430701836199403,0.18430701836199403,1,negative,neutral,0,0,1
2019-06-19,0.4,0.31,0.4,10,9201.T,9005,0.0098833981121599,0.005552470849528,0.0043309272626318,1268375888000.0,27.86875836965382,3483.0,3506.0,3466.0,3497.0,3165.686279296875,1872100.0,0.0022929604860852,0.0114686725620183,0.0102598273425401,0.0112808958253911,0.0102598273425401,-4.579519267593575,0,1,-0.39566907273736823,0.39566907273736823,0.588954933958609,0.38190501000870614,-0.20704992394990285,0.20704992394990285,1,positive,positive,0,1,0
2019-06-19,0.5,0.25,0.5,28,9984.T,21578,0.0074613031791639,0.0095467605894892,-0.0020854574103253,1538346092656.25,28.06172898943194,1273.75,1282.5,1260.0,1281.25,1225.1539306640625,51479200.0,0.040292267654201,0.0300104381548063,0.0228788914904929,0.0292405914197183,0.0228788914904929,-3.7775405624863163,1,0,-0.5020854574103253,0.5020854574103253,0.8680038456546284,-0.7852193425609159,-1.6532231882155441,1.6532231882155441,1,positive,neutral,0,0,1
2019-06-20,0.2,0.175,0.15,4,2768.T,3991,0.0100225507391631,0.0122776246554748,-0.0022550739163117,2196381624255.0,28.41783240601445,1745.0,1760.0,1740.0,1755.0,1303.57666015625,766000.0,0.0028572166436977,0.0125844359370817,0.0117111112517967,0.0153221930537846,0.0117111112517967,-4.447217208198094,1,0,-0.2022550739163117,0.2022550739163117,0.030857110566569822,-0.8160721615274669,-0.8469292720940367,0.8469292720940367,1,positive,neutral,0,0,1
2019-06-20,0.1,-0.0444444444444444,0.0,9,3401.T,4407,0.0113455865668255,0.0070342636714318,0.0043113228953936,1743022837050.0,28.186641984532063,1777.0,1799.0,1767.0,1770.0,1449.9593505859375,1360100.0,-0.0258668694418013,0.0115345771268008,0.010299381079532,0.0125651774921728,0.010299381079532,-4.575671474917811,0,1,-0.0956886771046064,0.0956886771046064,-0.24819180112944975,0.378339024553243,0.6265308256826927,0.6265308256826927,1,neutral,positive,0,0,1
2019-06-20,0.5,0.5,0.5,4,4061.T,3063,0.0088148873653281,0.0052236369572314,0.0035912504080966,1479404334175.0,28.022660645780217,3210.0,3210.0,3150.0,3175.0,2460.73876953125,186100.0,-0.0078127276407109,0.0191184711553594,0.0173001655182669,0.0203349265503058,0.0173001655182669,-4.057039209994294,0,1,-0.4964087495919034,0.4964087495919034,0.8680038456546284,0.2473596368800303,-0.6206442087745981,0.6206442087745981,1,positive,neutral,0,0,1
2019-06-20,-0.2,-0.2,-0.25,4,4506.T,4047,0.0155670867309117,0.0160612799604645,-0.0004941932295527,831213100000.0,27.446152036953723,2112.0,2138.0,2085.0,2089.0,1938.2479248046875,957600.0,-0.0052380270691124,0.0218512973907406,0.021109059631084,0.0328116770645651,0.021109059631084,-3.8580529642494077,0,1,0.19950580677044732,0.19950580677044732,-1.0853385362175083,-0.495772360901768,0.5895661753157403,0.5895661753157403,1,negative,neutral,0,0,1
2019-06-20,0.8,0.7,0.5,5,4523.T,4014,0.0161933233682112,0.0059790732436472,0.010214250124564,1909291908000.0,28.277753560454364,6424.0,6515.0,6409.0,6438.0,5486.9111328125,964400.0,0.017865555478965,0.0184521018164042,0.0334231140083638,0.0296524591893231,0.0334231140083638,-3.398507582167544,0,1,-0.789785749875436,0.789785749875436,1.7051505807426872,1.4520667500195494,-0.2530838307231378,0.2530838307231378,1,positive,positive,0,1,0
2019-06-20,-0.2,-0.12,-0.2,5,5406.T,5192,0.0071263482280431,0.0119414483821263,-0.0048151001540832,2521400264000.0,28.55583552344731,696.0,697.0,684.0,692.0,538.9799194335938,1768200.0,-0.0014431086473553,0.024838196733625,0.0195422094359969,0.0195340515460485,0.0195422094359969,-3.935178566293134,0,1,0.1951848998459168,0.1951848998459168,-1.0853385362175083,-1.281734542698778,-0.19639600648126976,0.19639600648126976,1,negative,negative,0,1,0
2019-06-20,0.5,0.5777777777777778,0.6,9,6098.T,8390,0.0150178784266984,0.0057210965435041,0.0092967818831942,2015365835650.0,28.33182185100172,3545.0,3583.0,3542.0,3565.0,3455.674072265625,2620600.0,0.0102010425857772,0.0222573177082369,0.0178774662562604,0.0222019903600926,0.0178774662562604,-4.024214227541175,0,1,-0.4907032181168058,0.4907032181168058,0.8680038456546284,1.2851815675078186,0.41717772185319024,0.41717772185319024,1,positive,positive,0,1,0
2019-06-20,0.1,-0.0833333333333333,0.0,12,6178.T,21692,0.0094043887147335,0.0082057901530518,0.0011985985616817,181950000000.0,25.92699776100458,1200.0,1214.0,1200.0,1213.0,911.2099609375,3986800.0,0.0099916301189075,0.0075386243339842,0.0084311139866105,0.0085621047000105,0.0084311139866105,-4.775826370193424,0,1,-0.09880140143831831,0.09880140143831831,-0.24819180112944975,-0.18785776037812374,0.06033404075132601,0.06033404075132601,1,neutral,neutral,0,0,1
2019-06-20,0.1,0.08,0.1,5,7013.T,4904,0.0091761827079934,0.0089722675367047,0.0002039151712887,580933530373.3826,27.08790218169995,377.4285583496094,379.1428527832031,368.71429443359375,375.5714416503906,331.8212585449219,7000700.0,-0.0049204329431885,0.0285901721651484,0.0232159697688478,0.0249699559818827,0.0232159697688478,-3.7629148850100105,0,1,-0.0997960848287113,0.0997960848287113,-0.24819180112944975,-0.36878818571827987,-0.12059638458883012,0.12059638458883012,1,neutral,neutral,0,0,1
2019-06-20,-0.5,-0.2857142857142857,-0.5,7,7186.T,6648,0.0045126353790613,0.0063176895306859,-0.0018050541516245,520196864000.0,26.977473161492195,403.0,407.0,402.0,404.0,318.10809326171875,2606300.0,0.0099999408946858,0.0154085420662646,0.0172049933399243,0.0189888576487486,0.0172049933399243,-4.062555626833943,0,1,0.4981949458483755,0.4981949458483755,-1.9224852713055671,-0.734214689870921,1.1882705814346461,1.1882705814346461,1,negative,neutral,0,0,1
2019-06-20,0.1,0.0375,0.0,16,8031.T,14577,0.0061741098991562,0.0137202442203471,-0.0075461343211909,1584076219500.0,28.091022526534346,875.25,887.75,868.0,881.75,696.794677734375,12135600.0,-0.0031090940542647,0.0118776619356762,0.0123573188629883,0.0144608591772971,0.0123573188629883,-4.393506770953443,1,0,-0.10754613432119091,0.10754613432119091,-0.24819180112944975,-1.778502839270077,-1.5303110381406273,1.5303110381406273,1,neutral,negative,0,0,1
2019-06-20,0.8,0.8,0.8,3,8252.T,2687,0.0126535169333829,0.0014886490509862,0.0111648678823967,632837807007.0,27.173479997201444,2307.0,2313.0,2270.0,2271.0,1859.33642578125,813500.0,-0.0091621873562777,0.021813068916596,0.0166995162206902,0.0173313088471047,0.0166995162206902,-4.092375528799979,0,1,-0.7888351321176034,0.7888351321176034,1.7051505807426872,1.624981746813273,-0.08016883392941421,0.08016883392941421,1,positive,positive,0,1,0
2019-06-20,0.1,0.0769230769230769,0.0,13,8253.T,11834,0.0118303194186243,0.0067601825249281,0.0050701368936961,230136962052.0,26.16194045582008,1244.0,1256.0,1235.0,1241.0,999.3013305664062,993800.0,0.0008063884646838,0.0346777086407143,0.0248086374946462,0.0219666898010844,0.0248086374946462,-3.6965634003742727,0,1,-0.0949298631063039,0.0949298631063039,-0.24819180112944975,0.5163653963545168,0.7645571974839666,0.7645571974839666,1,neutral,positive,0,0,1
2019-06-20,0.5,0.25,0.5,8,9433.T,7177,0.0087780409641911,0.0066880312108123,0.0020900097533788,1254627835500.0,27.857860099115683,1403.0,1412.25,1395.75,1398.75,1125.7911376953125,9668800.0,0.0030475960524054,0.0114119699530939,0.0139177329767751,0.0126372773894386,0.0139177329767751,-4.274591498202992,0,1,-0.4979099902466212,0.4979099902466212,0.8680038456546284,-0.025712290146627643,-0.8937161358012561,0.8937161358012561,1,positive,neutral,0,0,1
2019-06-21,-0.1,-0.06,0.0,5,4005.T,3339,0.0176699610661874,0.011979634621144,0.0056903264450434,807857648000.0,27.41765170172848,483.0,492.0,482.0,488.0,397.4792785644531,9362500.0,0.008264382838528,0.0149744847131147,0.0149361961376959,0.0171733103760398,0.0149361961376959,-4.203967740953208,1,0,0.1056903264450434,0.1056903264450434,-0.8062896245214889,0.6291763273508139,1.4354659518723027,1.4354659518723027,1,neutral,positive,0,0,1
2019-06-21,0.0,0.0,0.0,3,5333.T,2701,0.0111069974083672,0.0159200296186597,-0.0048130322102924,501167099880.0,26.94020541511622,1542.0,1552.0,1524.0,1530.0,1265.03564453125,936300.0,-0.0006533302436357,0.0115413816442358,0.013474948323322,0.015112163623894,0.013474948323322,-4.306922997198363,0,0,-0.0048130322102924,0.0048130322102924,-0.5272407128254694,-1.281358388886155,-0.7541176760606857,0.7541176760606857,1,neutral,negative,0,0,1
2019-06-21,0.2,0.12,0.2,5,5411.T,4672,0.0188356164383561,0.0062071917808219,0.0126284246575342,946234520000.0,27.575756282251177,1532.5,1550.5,1524.0,1540.0,1175.45849609375,6005000.0,0.0039113458847672,0.0174499530623165,0.0146239919034411,0.0160104278104349,0.0146239919034411,-4.225091817919218,0,1,-0.18737157534246582,0.18737157534246582,0.030857110566569822,1.8911990702275825,1.8603419596610127,1.8603419596610127,1,positive,positive,0,1,0
2019-06-21,-0.5,-0.5,-0.5,3,5711.T,3255,0.0086021505376344,0.0181259600614439,-0.0095238095238095,3977558436775.0,29.01168928888575,3070.0,3085.0,3020.0,3025.0,2460.64013671875,966500.0,0.0066556167534528,0.0136844346803634,0.0138485225484519,0.0142476231374256,0.0138485225484519,-4.279576727241023,0,1,0.4904761904761905,0.4904761904761905,-1.9224852713055671,-2.1382370210714714,-0.21575174976590428,0.21575174976590428,1,negative,negative,0,1,0
2019-06-21,-0.1,-0.1,-0.1,3,5802.T,2743,0.0113014947138169,0.0065621582209259,0.0047393364928909,1092859786500.0,27.71981903372836,1372.0,1381.5,1363.5,1376.5,1123.7662353515625,4789000.0,0.0036456987024082,0.0121113237310222,0.0126292629067502,0.0149548102212697,0.0126292629067502,-4.371738704833451,1,0,0.10473933649289091,0.10473933649289091,-0.8062896245214889,0.45619362933955604,1.2624832538610449,1.2624832538610449,1,neutral,positive,0,0,1
2019-06-21,0.5,0.45,0.45,6,6103.T,4557,0.0127276717138468,0.0092165898617511,0.0035110818520956,453160875000.0,26.83951303183517,2730.0,2745.0,2675.0,2685.0,2289.689697265625,465200.0,-0.0146789017813814,0.0227891184871605,0.0211480663462152,0.0218351982349531,0.0211480663462152,-3.8562068033803003,0,1,-0.4964889181479044,0.4964889181479044,0.8680038456546284,0.23277717669595485,-0.6352266689586735,0.6352266689586735,1,positive,neutral,0,0,1
2019-06-21,-0.2,-0.0375,0.05,8,6770.T,5056,0.0083069620253164,0.0126582278481012,-0.0043512658227848,323719697000.0,26.503143845579405,1777.0,1803.0,1766.0,1783.0,1518.2535400390625,2334900.0,-0.0077907069784577,0.0172906639178935,0.0206751477810226,0.0213797043822777,0.0206751477810226,-3.878822890285468,0,1,0.1956487341772152,0.1956487341772152,-1.0853385362175083,-1.1973642358657375,-0.11202569964822917,0.11202569964822917,1,negative,negative,0,1,0
2019-06-21,-0.5,-0.375,-0.5,4,6988.T,3340,0.0137724550898203,0.0137724550898203,0.0,182341649442.13867,25.929147959032083,1038.0,1057.4000244140625,1035.4000244140625,1049.4000244140625,884.9168090820312,5400500.0,0.0045951544741158,0.0167995112401083,0.0206430302443933,0.0197760866098332,0.0206430302443933,-3.880377534978578,0,0,0.5,0.5,-1.9224852713055671,-0.405879846271693,1.516605425033874,1.516605425033874,1,negative,neutral,0,0,1
2019-06-21,0.1,0.0611111111111111,0.0,18,7203.T,18827,0.0092951612046528,0.0107823869973973,-0.0014872257927444,4571229271247.192,29.150803271807916,1348.0,1351.4000244140625,1335.4000244140625,1337.4000244140625,1107.9224853515625,32139500.0,-0.0078635449331916,0.0098807197642074,0.0102198544306916,0.0121546904795743,0.0102198544306916,-4.58342293788027,1,0,-0.10148722579274441,0.10148722579274441,-0.24819180112944975,-0.6764025048955389,-0.42821070376608916,0.42821070376608916,1,neutral,neutral,0,0,1
2019-06-21,0.5,0.325,0.25,4,7211.T,3198,0.0087554721701063,0.0090681676047529,-0.0003126954346466,494781483000.0,26.927382053563186,500.0,506.0,499.0,503.0,456.865234375,4713000.0,-0.0019841572744799,0.0389810561167071,0.0251164067634518,0.0234529938484531,0.0251164067634518,-3.6842339904699624,1,0,-0.5003126954346466,0.5003126954346466,0.8680038456546284,-0.4627583651440963,-1.3307622107987247,1.3307622107987247,1,positive,neutral,0,0,1
2019-06-21,0.5,0.3333333333333333,0.35,12,8001.T,11516,0.0063390065995137,0.0094650920458492,-0.0031260854463355,689101191450.531,27.25865396430319,414.0,416.7000122070313,412.5,414.3999938964844,341.0791320800781,32711500.0,-0.0004824771800366,0.0103431509604686,0.0100972766140721,0.0134148309575503,0.0100972766140721,-4.595489533665989,1,0,-0.5031260854463355,0.5031260854463355,0.8680038456546284,-0.9745069842313239,-1.8425108298859523,1.8425108298859523,1,positive,neutral,0,0,1
2019-06-21,0.2,0.1142857142857142,0.1,7,8002.T,6504,0.008610086100861,0.0164514145141451,-0.0078413284132841,1266090018500.0,27.866954541783063,725.0,737.2999877929688,723.5,728.5,554.587890625,11793000.0,0.0108227971246448,0.0113982572448324,0.0143225696699398,0.0181018375527185,0.0143225696699398,-4.245918687323339,1,0,-0.20784132841328412,0.20784132841328412,0.030857110566569822,-1.8321979076266741,-1.863055018193244,1.863055018193244,1,positive,negative,1,0,0
2019-06-21,0.5,0.1923076923076923,0.0,13,8053.T,11138,0.0097863171125875,0.0100556652899982,-0.0002693481774106,2012845314436.5,28.330570416333305,1622.0,1629.0,1604.0,1609.5,1185.9349365234375,8942800.0,-0.0061747989190572,0.0097744743421977,0.0119321597972832,0.0143630052539521,0.0119321597972832,-4.428518020089174,1,0,-0.5002693481774106,0.5002693481774106,0.8680038456546284,-0.45487360727562526,-1.3228774529302536,1.3228774529302536,1,positive,neutral,0,0,1
2019-06-21,0.2,0.3636363636363636,0.5,11,8058.T,10418,0.007679017085813,0.0112305624880015,-0.0035515454021885,1565299998292.2363,28.079098613749576,963.3333129882812,971.5,961.3333129882812,963.8333129882812,750.7888793945312,19598100.0,0.0015586500395463,0.0157154153534995,0.013117732375791,0.0141098119637488,0.013117732375791,-4.3337903476153175,1,0,-0.2035515454021885,0.2035515454021885,0.030857110566569822,-1.051897087978078,-1.0827541985446478,1.0827541985446478,1,positive,neutral,0,0,1
2019-06-21,0.1,0.1,0.1,10,8766.T,10486,0.0024794964714857,0.007343124165554,-0.0048636276940682,1363290661176.2695,27.94092249695459,1825.3333740234373,1829.0,1795.0,1799.6666259765625,1414.623291015625,8770200.0,-0.0185421490741798,0.012968276150883,0.0116898363122617,0.0122453032207513,0.0116898363122617,-4.449035505969017,1,0,-0.1048636276940682,0.1048636276940682,-0.24819180112944975,-1.2905615810659599,-1.0423697799365101,1.0423697799365101,1,neutral,negative,0,0,1
2019-06-21,0.1,0.0588235294117647,0.1,17,9001.T,5127,0.01248293348937,0.0076067875950848,0.0048761458942851,3366440200000.0,28.84487698151837,3175.0,3180.0,3130.0,3130.0,2884.9873046875,462400.0,-0.0141733394923299,0.0111803053457651,0.0126364854980088,0.0128083121388521,0.0126364854980088,-4.371166974969001,0,1,-0.0951238541057149,0.0951238541057149,-0.24819180112944975,0.48107891788851315,0.7292707190179629,0.7292707190179629,1,neutral,positive,0,0,1
2019-06-21,0.5,0.5,0.5,9,9020.T,8707,0.0093028597680027,0.0047088549442976,0.004594004823705,1325439134643.5547,27.912764942830965,3413.333251953125,3415.0,3366.666748046875,3368.333251953125,3037.216796875,3264000.0,-0.0165450949115044,0.0090856963344006,0.0120209676419208,0.012918051442132,0.0120209676419208,-4.4211028504596,0,1,-0.495405995176295,0.495405995176295,0.8680038456546284,0.4297581615563746,-0.4382456840982538,0.4382456840982538,1,positive,positive,0,1,0
2019-06-21,0.2,0.1625,0.15,8,9021.T,8096,0.0114871541501976,0.0090167984189723,0.0024703557312252,846912552500.0,27.464863282466805,4425.5,4425.5,4369.0,4371.5,3781.497802734375,1591800.0,-0.0132052869311976,0.0109231293176015,0.011583966019503,0.0120059162550497,0.011583966019503,-4.458133376742337,0,1,-0.1975296442687748,0.1975296442687748,0.030857110566569822,0.04347169363435964,0.012614583067789818,0.012614583067789818,1,positive,neutral,0,0,1
2019-06-21,0.8,0.6833333333333333,0.7,6,9022.T,4174,0.0114997604216578,0.0062290368950646,0.0052707235265931,918142000000.0,27.54561789970041,4502.0,4509.0,4457.0,4457.0,4228.767578125,1926500.0,-0.0102153179139553,0.0104103659442831,0.0152707732735534,0.0144910592743361,0.0152707732735534,-4.181814520984421,0,1,-0.794729276473407,0.794729276473407,1.7051505807426872,0.5528516040846618,-1.1522989766580254,1.1522989766580254,1,positive,positive,0,1,0
2019-06-21,0.3,0.2111111111111111,0.2,9,9064.T,7828,0.011113949923352,0.0099642309657639,0.0011497189575881,954974070000.0,27.584950025226064,2230.5,2234.5,2191.5,2192.5,1927.6680908203125,1083800.0,-0.0128319382353614,0.0178109639035384,0.0202640369784966,0.0199698927097597,0.0202640369784966,-3.8989075414474463,0,1,-0.2988502810424119,0.2988502810424119,0.30990602226258934,-0.19674883832768042,-0.5066548605902698,0.5066548605902698,1,positive,neutral,0,0,1
2019-06-21,-0.6,-0.6,-0.6,5,9107.T,4951,0.0078771965259543,0.0131286608765905,-0.0052514643506362,130782855926.14746,25.596804196477954,138.55555725097656,144.0,138.44444274902344,139.22222900390625,99.34806823730467,11748600.0,0.0088566797131541,0.0202015633370113,0.0320068628775045,0.0298375600014752,0.0320068628775045,-3.4418049342547086,0,1,0.5947485356493638,0.5947485356493638,-2.201534183001587,-1.3611081006048327,0.8404260823967542,0.8404260823967542,1,negative,negative,0,1,0
2019-06-21,-0.2,-0.2,-0.15,4,9503.T,3807,0.0047281323877068,0.0052534804307853,-0.0005253480430785,1147601092500.0,27.768694873039923,1220.5,1228.5,1206.5,1222.5,969.3250122070312,3956600.0,0.0008187325916131,0.0171776778157795,0.0197238149938937,0.0202362999389496,0.0197238149938937,-3.9259284904100546,0,1,0.19947465195692152,0.19947465195692152,-1.0853385362175083,-0.5014393436995699,0.5838991925179384,0.5838991925179384,1,negative,neutral,0,0,1
2019-06-24,-0.2,-0.2,-0.15,4,2432.T,3326,0.0147324113048707,0.0123271196632591,0.0024052916416115,314288108772.0,26.473575946028483,2046.0,2095.0,2042.0,2084.0,1895.35009765625,2121900.0,-0.0183702933425452,0.0347034140502513,0.0232908386169882,0.019312384878708,0.0232908386169882,-3.759695188134824,1,0,0.2024052916416115,0.2024052916416115,-1.0853385362175083,0.03163669817562813,1.1169752343931365,1.1169752343931365,1,negative,neutral,0,0,1
2019-06-24,0.1,0.075,0.05,4,4043.T,3477,0.0103537532355478,0.0069025021570319,0.0034512510785159,196654408000.0,26.004713751031943,2685.0,2832.0,2681.0,2812.0,2277.084716796875,742900.0,0.0368729876200313,0.019455926528789,0.0208132557051988,0.0226240420526829,0.0208132557051988,-3.87216520174097,0,1,-0.0965487489214841,0.0965487489214841,-0.24819180112944975,0.22189410835807036,0.4700859094875201,0.4700859094875201,1,neutral,neutral,0,0,1
2019-06-24,0.0,0.0,0.0,4,4543.T,3646,0.0197476686780032,0.0082281952825013,0.0115194733955019,609514800000.0,27.135929067771453,1613.0,1622.0,1595.5,1605.0,1514.4227294921875,1542000.0,0.0012477108823067,0.0186717986736912,0.0172585667538987,0.0199385961256008,0.0172585667538987,-4.059446635366946,0,0,0.0115194733955019,0.0115194733955019,-0.5272407128254694,1.6894836043226649,2.216724317148134,2.216724317148134,1,neutral,positive,0,0,1
2019-06-24,0.0,-0.02,0.0,5,6701.T,4764,0.0132241813602015,0.0100755667506297,0.0031486146095717,2099414798000.0,28.37267975420384,809.0,810.0,800.0,806.0,732.4793090820312,3922500.0,0.0062422373450434,0.0153609439010963,0.0153829497857977,0.016271551782698,0.0153829497857977,-4.174495539679748,0,0,0.0031486146095717,0.0031486146095717,-0.5272407128254694,0.16684529023325692,0.6940860030587263,0.6940860030587263,1,neutral,neutral,0,0,1
2019-06-24,-0.25,-0.1666666666666666,0.0,12,6702.T,11205,0.0141900937081659,0.0094600624721106,0.0047300312360553,1563691808637.754,28.078070685333447,752.2999877929688,756.2000122070312,748.0999755859375,755.4000244140625,694.4622192382812,3292000.0,0.0061268313422258,0.011320900865858,0.0157187458189683,0.0170918301567185,0.0157187458189683,-4.152901277672248,1,0,0.2547300312360553,0.2547300312360553,-1.2248629920655183,0.45450102635309286,1.6793640184186112,1.6793640184186112,1,negative,positive,1,0,0
2019-06-24,-0.5,-0.4,-0.3,5,7270.T,3474,0.0071963154864709,0.0109383995394358,-0.0037420840529648,1982605612500.0,28.31543306141985,2501.5,2534.5,2487.5,2532.5,2036.5177001953125,1731300.0,0.0152333506117572,0.018909522388835,0.0179987992327717,0.0200835499380402,0.0179987992327717,-4.017450232601597,0,1,0.4962579159470352,0.4962579159470352,-1.9224852713055671,-1.0865555928467223,0.8359296784588448,0.8359296784588448,1,negative,neutral,0,0,1
2019-06-24,0.8,0.66,0.7,5,7832.T,4221,0.0137408197109689,0.0011845534233593,0.0125562662876095,386280000000.0,26.67982833204513,1736.6666259765625,1743.3333740234375,1696.6666259765625,1740.0,1537.312255859375,1608900.0,0.0,0.016063474233685,0.0160710675620402,0.0197708344939722,0.0160710675620402,-4.130734669451655,0,1,-0.7874437337123905,0.7874437337123905,1.7051505807426872,1.878073642892187,0.1729230621494997,0.1729230621494997,1,positive,positive,0,1,0
2019-06-24,-0.5,-0.2692307692307692,-0.5,13,8411.T,11883,0.0063115374905326,0.0076579988218463,-0.0013464613313136,38065452762000.0,31.2703282350597,1540.0,1551.0,1535.0,1546.0,1157.3792724609375,5048890.0,0.001295175502934,0.0075744123973293,0.0074534759777287,0.0086686362010539,0.0074534759777287,-4.899074781210791,0,1,0.4986535386686864,0.4986535386686864,-1.9224852713055671,-0.6507978008003091,1.2716874705052579,1.2716874705052579,1,negative,neutral,0,0,1
2019-06-24,0.2,0.1538461538461538,0.1,13,8725.T,16407,0.0032912781130005,0.006582556226001,-0.0032912781130005,721107326231.3232,27.304053820616883,1133.6666259765625,1143.0,1128.3333740234375,1138.6666259765625,850.5733642578125,2509500.0,-0.0020449929968102,0.0114552796421829,0.0096099389561169,0.009312845160865,0.0096099389561169,-4.644957408141141,1,0,-0.20329127811300052,0.20329127811300052,0.030857110566569822,-1.0045551178700731,-1.035412228436643,1.035412228436643,1,positive,neutral,0,0,1
2019-06-24,0.3,0.1666666666666666,0.0,6,9202.T,5984,0.0115307486631016,0.0038435828877005,0.007687165775401,12434079708752.0,30.151462182303,3545.0,3549.0,3527.0,3536.0,3408.965087890625,585200.0,-0.002820045892876,0.0088816497492817,0.0091883156447294,0.0102319023992499,0.0091883156447294,-4.689822640726063,0,1,-0.29231283422459897,0.29231283422459897,0.30990602226258934,0.9923964161418891,0.6824903938792998,0.6824903938792998,1,positive,positive,0,1,0
2019-06-24,-0.1,0.0,0.0,6,9532.T,5268,0.0068337129840546,0.0053151100987091,0.0015186028853454,3981377400000.0,29.01264895575489,1930.0,1930.0,1907.0,1911.0,1610.6663818359375,1035300.0,-0.0041688880811627,0.0093480953649041,0.0122106626110637,0.0145448431245581,0.0122106626110637,-4.405445724431588,1,0,0.10151860288534541,0.10151860288534541,-0.8062896245214889,-0.12964977284121865,0.6766398516802703,0.6766398516802703,1,neutral,neutral,0,0,1
2019-06-25,0.5,0.3,0.35,6,1721.T,5377,0.0106007067137809,0.0059512739445787,0.0046494327692021,397203417000.0,26.707714371799455,2718.0,2751.0,2710.0,2721.0,2208.173828125,514200.0,0.0096471881028654,0.0142416841355879,0.0132444109259359,0.0146174735846111,0.0132444109259359,-4.324179632450183,0,1,-0.4953505672307979,0.4953505672307979,0.8680038456546284,0.4398403664583374,-0.428163479196291,0.428163479196291,1,positive,positive,0,1,0
2019-06-25,0.5,0.3,0.3,5,1925.T,4813,0.0099729898192395,0.005402036152088,0.0045709536671514,2067117730000.0,28.357176351948624,3212.0,3212.0,3130.0,3130.0,2489.736328125,2398600.0,-0.0240100405432681,0.0101375706249647,0.0210708718297138,0.0185679773145099,0.0210708718297138,-3.8598636742473347,0,1,-0.4954290463328486,0.4954290463328486,0.8680038456546284,0.4255652137298532,-0.4424386319247752,0.4424386319247752,1,positive,positive,0,1,0
2019-06-25,0.5,0.5,0.5,6,2801.T,6042,0.0059582919563058,0.003475670307845,0.0024826216484607,196497722000.0,26.00391667531321,924.0,938.0,924.0,934.0,872.19580078125,2015500.0,0.0053822565853511,0.0204892846387443,0.0188988697037635,0.0216744782038342,0.0188988697037635,-3.96865316273855,0,1,-0.4975173783515393,0.4975173783515393,0.8680038456546284,0.045702833355843575,-0.8223010122987848,0.8223010122987848,1,positive,neutral,0,0,1
2019-06-25,-0.2,-0.1399999999999999,-0.2,5,2802.T,4660,0.0092274678111587,0.0120171673819742,-0.0027896995708154,557464855788.5,27.04666529934925,929.75,947.5,929.25,937.75,854.0227661132812,2894600.0,0.0146066191178206,0.0134307559499415,0.0159643649178428,0.0185249534764114,0.0159643649178428,-4.137396233259438,0,1,0.1972103004291846,0.1972103004291846,-1.0853385362175083,-0.9133192333106759,0.17201930290683243,0.17201930290683243,1,negative,neutral,0,0,1
2019-06-25,0.2,0.0869565217391304,0.1,23,2871.T,4350,0.0128735632183908,0.0036781609195402,0.0091954022988505,378541437667.5,26.659591382477537,1280.5,1290.0,1270.5,1279.5,1141.721435546875,1428200.0,-0.0050546258293975,0.016232248507653,0.0136036278404911,0.0163524452097415,0.0136036278404911,-4.297418768835094,0,1,-0.19080459770114952,0.19080459770114952,0.030857110566569822,1.2667408742246355,1.2358837636580657,1.2358837636580657,1,positive,positive,0,1,0
2019-06-25,-0.25,-0.1666666666666666,0.0,6,3402.T,3405,0.0091042584434654,0.0035242290748898,0.0055800293685756,1347113881615.5396,27.92898555441229,828.0,835.2999877929688,820.7999877929688,825.7000122070312,715.7745971679688,4720600.0,-0.0026574820476661,0.0222126762641455,0.0181570740070126,0.0178511972429761,0.0181570740070126,-4.00869504175255,1,0,0.2555800293685756,0.2555800293685756,-1.2248629920655183,0.6091135645140784,1.8339765565795967,1.8339765565795967,1,negative,positive,1,0,0
2019-06-25,0.3,0.3,0.25,4,3407.T,3917,0.0097013020168496,0.0066377329588971,0.0030635690579525,1622125404000.0,28.1147583830598,1160.0,1167.5,1150.5,1156.5,927.9862670898438,2448000.0,-0.0004321957285203,0.012564848117986,0.0151507748159233,0.0195275398434434,0.0151507748159233,-4.1897036053692815,0,1,-0.29693643094204747,0.29693643094204747,0.30990602226258934,0.1513757167223626,-0.15853030554022673,0.15853030554022673,1,positive,neutral,0,0,1
2019-06-25,0.2,0.1428571428571428,0.1,7,4183.T,6724,0.0074360499702558,0.0080309339678762,-0.0005948839976204,1339868319636.0,27.9235924561343,1330.5,1336.0,1309.5,1311.0,1027.47412109375,1200400.0,-0.0105659465340818,0.0147200594687766,0.0161882203293389,0.0174158281651514,0.0161882203293389,-4.123471441402698,1,0,-0.2005948839976204,0.2005948839976204,0.030857110566569822,-0.5140877602240771,-0.5449448707906469,0.5449448707906469,1,positive,neutral,0,0,1
2019-06-25,-0.2,-0.15,-0.15,4,4188.T,4063,0.0223972434161949,0.0093526950529165,0.0130445483632783,1116460683987.3047,27.741184693981268,749.9000244140625,749.9000244140625,740.0999755859375,741.2000122070312,583.0497436523438,4767200.0,-0.0143617145859951,0.0110468819137338,0.0140468021935395,0.0170831982830293,0.0140468021935395,-4.265360510990932,1,0,0.2130445483632783,0.2130445483632783,-1.0853385362175083,1.9668909333888394,3.0522294696063477,3.0522294696063477,1,negative,positive,1,0,0
2019-06-25,0.5,0.3333333333333333,0.3,12,4307.T,8481,0.0116731517509727,0.0082537436623039,0.0034194080886687,401999990844.72656,26.71971790279112,1770.0,1813.3333740234373,1770.0,1786.6666259765625,1652.2305908203125,1834200.0,0.0018690104230085,0.0169303154297636,0.0134705288318955,0.0176187621254486,0.0134705288318955,-4.307251029353123,0,1,-0.4965805919113313,0.4965805919113313,0.8680038456546284,0.2161019480055386,-0.6519018976490898,0.6519018976490898,1,positive,neutral,0,0,1
2019-06-25,-0.2,-0.08,-0.2,5,5332.T,3458,0.0130133024869866,0.0060728744939271,0.0069404279930595,1483100780000.0,28.025156133619618,4175.0,4205.0,4140.0,4190.0,3669.427734375,524300.0,0.0047961544123458,0.0174951827681256,0.0197177449950059,0.0184044032641173,0.0197177449950059,-3.9262362875122703,1,0,0.2069404279930595,0.2069404279930595,-1.0853385362175083,0.8565666778738846,1.9419052140913928,1.9419052140913928,1,negative,positive,1,0,0
2019-06-25,0.5,0.3714285714285714,0.5,7,5401.T,5182,0.0138942493245851,0.0069471246622925,0.0069471246622925,3512387952403.015,28.887317250407868,370.7999877929688,373.2000122070313,367.8999938964844,369.6000061035156,260.2114562988281,13334000.0,0.0018975472536149,0.0108173400986405,0.0112078181315502,0.0124675408371739,0.0112078181315502,-4.491143696743057,0,1,-0.4930528753377075,0.4930528753377075,0.8680038456546284,0.8577847852881546,-0.010219060366473798,0.010219060366473798,1,positive,positive,0,1,0
2019-06-25,0.2,0.125,0.1,8,5631.T,4489,0.0077968367119625,0.0051236355535754,0.0026732011583871,658975425864.0,27.21395208071417,1780.0,1797.0,1762.0,1774.0,1570.20703125,349200.0,-0.0061623771188749,0.0241765593913101,0.0242690121643845,0.0253984502380138,0.0242690121643845,-3.718554961992677,0,1,-0.19732679884161292,0.19732679884161292,0.030857110566569822,0.08036877040188023,0.049511659835310404,0.049511659835310404,1,positive,neutral,0,0,1
2019-06-25,-0.2,-0.2,0.0,5,5713.T,4455,0.0092031425364758,0.0098765432098765,-0.0006734006734006,1823985408000.0,28.232045007548688,3150.0,3186.0,3123.0,3136.0,2527.57958984375,1362300.0,0.0051282778182517,0.0125708680055002,0.0198086104033867,0.0209432819850758,0.0198086104033867,-3.9216385669517915,0,1,0.1993265993265994,0.1993265993265994,-1.0853385362175083,-0.5283697475201491,0.5569687886973592,0.5569687886973592,1,negative,neutral,0,0,1
2019-06-25,-0.2,-0.12,0.0,5,5714.T,4334,0.0094600830641439,0.0096908167974157,-0.0002307337332718,1089460298965.0,27.716703550983805,3525.0,3570.0,3510.0,3515.0,2995.034423828125,193700.0,-0.0028368887716233,0.0168909340984987,0.0139874145466955,0.0149277853453189,0.0139874145466955,-4.269597314624917,0,1,0.19976926626672822,0.19976926626672822,-1.0853385362175083,-0.44784973629337593,0.6374887999241323,0.6374887999241323,1,negative,neutral,0,0,1
2019-06-25,-0.2,-0.2,-0.2,2,6146.T,1662,0.0060168471720818,0.0054151624548736,0.0006016847172081,189350219144.53125,25.966864148645172,5346.66650390625,5373.33349609375,5280.0,5303.33349609375,4754.8017578125,378900.0,-0.0093402152366641,0.022788609612084,0.0261019046282177,0.0286854112321852,0.0261019046282177,-3.645746993054767,1,0,0.2006016847172081,0.2006016847172081,-1.0853385362175083,-0.2964348984052958,0.7889036378122125,0.7889036378122125,1,negative,neutral,0,0,1
2019-06-25,0.5,0.22,0.3,5,6305.T,4088,0.0146771037181996,0.011986301369863,0.0026908023483365,601891876324.0,27.12334365868867,2801.0,2839.0,2788.0,2798.0,2301.2236328125,909100.0,-0.0081531729945427,0.0173731027917325,0.0226137799588868,0.0237079115592919,0.0226137799588868,-3.7891958258212433,0,1,-0.4973091976516635,0.4973091976516635,0.8680038456546284,0.08357038290973517,-0.7844334627448932,0.7844334627448932,1,positive,neutral,0,0,1
2019-06-25,-0.1,-0.0333333333333333,0.0,3,6471.T,2880,0.0083333333333333,0.0121527777777777,-0.0038194444444444,508820364000.0,26.955360871756305,922.0,927.0,913.0,923.0,730.7686767578125,2233500.0,-0.0128340737199669,0.0145254544409166,0.0194613020775811,0.0190764094589672,0.0194613020775811,-3.939327294001167,0,1,0.0961805555555556,0.0961805555555556,-0.8062896245214889,-1.1006272549153477,-0.29433763039385885,0.29433763039385885,1,neutral,neutral,0,0,1
2019-06-25,0.5,0.4,0.4,4,6504.T,3772,0.0076882290562036,0.0098091198303287,-0.0021208907741251,2750793540000.0,28.6429105459816,3660.0,3695.0,3625.0,3685.0,3219.981689453125,691400.0,0.0082077416086046,0.0233459054952273,0.0231461842667682,0.0238607560326493,0.0231461842667682,-3.765925338524767,1,0,-0.5021208907741251,0.5021208907741251,0.8680038456546284,-0.7916645829715326,-1.6596684286261612,1.6596684286261612,1,positive,neutral,0,0,1
2019-06-25,0.2,0.2,0.2,3,6841.T,2658,0.0097817908201655,0.0048908954100827,0.0048908954100827,564647648000.0,27.05946774169521,2116.0,2126.0,2097.0,2102.0,1887.001708984375,511100.0,-0.0070855941026541,0.0161621549682263,0.0160056812509481,0.0197089184464007,0.0160056812509481,-4.134811541583439,0,1,-0.19510910458991731,0.19510910458991731,0.030857110566569822,0.4837618179877765,0.4529047074212067,0.4529047074212067,1,positive,positive,0,1,0
2019-06-25,0.3,0.2,0.2,11,6971.T,10467,0.0094582975064488,0.0108913728862138,-0.0014330753797649,658566803520.0,27.213331801002468,1743.5,1762.5,1738.5,1744.0,1477.9869384765625,3415600.0,-0.0109170523280681,0.0128226814060885,0.0146865023082389,0.0158081547674345,0.0146865023082389,-4.220826417334659,1,0,-0.3014330753797649,0.3014330753797649,0.30990602226258934,-0.666552679968981,-0.9764587022315704,0.9764587022315704,1,positive,neutral,0,0,1
2019-06-25,-0.2,-0.24,-0.3,5,7733.T,4180,0.0107655502392344,0.0112440191387559,-0.0004784688995215,414290448000.0,26.74983313000728,1192.0,1210.0,1185.0,1209.0,1158.9483642578125,3817300.0,0.0033195624120956,0.0144805850967688,0.0162890855539303,0.0265366014914153,0.0162890855539303,-4.117259993368617,0,1,0.19952153110047852,0.19952153110047852,-1.0853385362175083,-0.4929121445271788,0.5924263916903295,0.5924263916903295,1,negative,neutral,0,0,1
2019-06-25,0.2,0.0833333333333333,0.05,6,7951.T,3841,0.006769070554543,0.00859151262692,-0.0018224420723769,337306092750.0,26.544256642147644,1703.3333740234375,1733.3333740234375,1703.3333740234375,1710.0,1541.3526611328125,1466700.0,0.0058823763713939,0.0159514064212623,0.015123922924175,0.0227539559232337,0.015123922924175,-4.191477489225694,1,0,-0.2018224420723769,0.2018224420723769,0.030857110566569822,-0.7373775092442992,-0.768234619810869,0.768234619810869,1,positive,neutral,0,0,1
2019-06-25,0.5,0.5,0.5,3,8015.T,3073,0.0117149365440937,0.0100878620240807,0.001627074520013,390051678926.7578,26.68954507736003,1090.0,1103.3333740234375,1088.3333740234375,1101.6666259765625,886.8175659179688,1402500.0,0.0045591449532507,0.0125980023324955,0.0157415150935978,0.0174876158402749,0.0157415150935978,-4.151453783090536,0,1,-0.498372925479987,0.498372925479987,0.8680038456546284,-0.10991905331045751,-0.9779228989650859,0.9779228989650859,1,positive,neutral,0,0,1
2019-06-25,0.0,-0.0357142857142857,0.0,14,8308.T,13793,0.0048575364315232,0.0079750598129485,-0.0031175233814253,1025168463985.2904,27.655878070121695,438.8999938964844,442.7999877929688,438.2999877929688,441.1000061035156,348.48095703125,6963400.0,-0.0040640624698827,0.0101095984604193,0.012225761000282,0.0123871720143703,0.012225761000282,-4.404209996046801,0,0,-0.0031175233814253,0.0031175233814253,-0.5272407128254694,-0.9729495660006037,-0.4457088531751343,0.4457088531751343,1,neutral,neutral,0,0,1
2019-06-25,0.2,0.175,0.15,4,9104.T,3881,0.0092759598041741,0.010048956454522,-0.0007729966503478,993979758760.0,27.62498267997513,831.6666870117188,834.3333129882812,822.3333129882812,824.0,523.307373046875,1951500.0,-0.0004043213417312,0.0176988468176666,0.0186384385042567,0.0203088281076574,0.0186384385042567,-3.982529244464561,1,0,-0.2007729966503478,0.2007729966503478,0.030857110566569822,-0.5464860070709451,-0.5773431176375149,0.5773431176375149,1,positive,neutral,0,0,1
2019-06-25,0.5,0.3833333333333333,0.4,12,9434.T,11511,0.0054730258014073,0.0080792285639822,-0.0026062027625749,628967388.5102692,20.259589966755087,140.6999969482422,141.6999969482422,140.6999969482422,141.5500030517578,100.41273498535156,78448000.0,0.0067566135894607,0.0095593427068353,0.0150888591723569,,0.0150888591723569,-4.193798610627128,1,0,-0.502606202762575,0.502606202762575,0.8680038456546284,-0.8799416220183056,-1.747945467672934,1.747945467672934,1,positive,neutral,0,0,1
2019-06-26,0.1,0.075,0.05,4,1332.T,3436,0.0084400465657741,0.009022118742724,-0.0005820721769499,186562516421.0,25.95203222855209,674.0,675.0,664.0,673.0,574.0237426757812,1463200.0,-0.0117473677573923,0.0182939192932512,0.0179551397123497,0.0181289603680825,0.0179551397123497,-4.0198788700840336,1,0,-0.10058207217694991,0.10058207217694991,-0.24819180112944975,-0.5117573220306942,-0.2635655209012445,0.2635655209012445,1,neutral,neutral,0,0,1
2019-06-26,0.4,0.36,0.4,5,1605.T,4856,0.0059719934102141,0.0065897858319604,-0.0006177924217462,1404123138570.63,27.970434123220898,971.0999755859376,977.7000122070312,958.2000122070312,960.2000122070312,723.9505615234375,4925000.0,-0.0072374738620737,0.023604597470197,0.0194453099996358,0.0232165846508396,0.0194453099996358,-3.940149369118589,1,0,-0.4006177924217462,0.4006177924217462,0.588954933958609,-0.518254745378334,-1.107209679336943,1.107209679336943,1,positive,neutral,0,0,1
2019-06-26,0.5,0.4,0.3,4,1802.T,3484,0.005166475315729,0.0017221584385763,0.0034443168771526,761191995000.0,27.35815145602304,1050.0,1061.0,1039.0,1055.0,827.93994140625,2310400.0,0.0028516836895566,0.0162325479345894,0.0151344805636444,0.0168328321439876,0.0151344805636444,-4.190779657305904,0,1,-0.4965556831228474,0.4965556831228474,0.8680038456546284,0.2206327944423323,-0.6473710512122961,0.6473710512122961,1,positive,neutral,0,0,1
2019-06-26,0.2,0.12,0.1,5,1812.T,4722,0.0091063108852181,0.0052943667937314,0.0038119440914866,1539446272000.0,28.06244390405922,1462.0,1470.0,1446.0,1456.0,1146.9971923828125,1679700.0,-0.00952380048846,0.0222236612231086,0.0188487072508439,0.0193049862809741,0.0188487072508439,-3.9713109482969795,0,1,-0.1961880559085134,0.1961880559085134,0.030857110566569822,0.2875032668946643,0.2566461563280945,0.2566461563280945,1,positive,neutral,0,0,1
2019-06-26,0.2,0.08,0.1,5,2002.T,4775,0.0117277486910994,0.0041884816753926,0.0075392670157068,755718431000.0,27.3509346979836,2484.0,2500.0,2477.0,2483.0,2128.661376953125,547500.0,-0.0119378886196713,0.0113491950635767,0.0125358572099639,0.0146279791532701,0.0125358572099639,-4.379162164391829,0,1,-0.1924607329842932,0.1924607329842932,0.030857110566569822,0.9654940010043642,0.9346368904377944,0.9346368904377944,1,positive,positive,0,1,0
2019-06-26,-0.2,-0.2,0.0,5,2282.T,4888,0.0149345335515548,0.0061374795417348,0.0087970540098199,954720000000.0,27.584683940720183,4640.0,4680.0,4615.0,4680.0,4053.736083984375,211600.0,0.0053705612807823,0.0163661800160201,0.01257834938922,0.016037438079113,0.01257834938922,-4.375778245442519,1,0,0.2087970540098199,0.2087970540098199,-1.0853385362175083,1.1942823149846409,2.279620851202149,2.279620851202149,1,negative,positive,1,0,0
2019-06-26,-0.14,-0.0714285714285714,0.0,14,3092.T,6560,0.0024390243902439,0.0057926829268292,-0.0033536585365853,71322698700.0,24.99048046854122,650.3333129882812,656.3333129882812,638.3333129882812,649.0,566.9984741210938,20168400.0,0.001028322787538,0.0321351558001992,0.036671614231513,0.0416146348223086,0.036671614231513,-3.3057522773738297,0,1,0.1366463414634147,0.1366463414634147,-0.9179091891998968,-1.0159019611783118,-0.09799277197841494,0.09799277197841494,1,negative,neutral,0,0,1
2019-06-26,0.5,0.5,0.5,5,3289.T,5019,0.0133492727634987,0.0075712293285515,0.0057780434349472,380653598556.0,26.66515560836733,599.0,602.0,594.0,594.0,488.02783203125,1971600.0,-0.0149252260318964,0.0180999778078329,0.0166785957335182,0.0165639505573402,0.0166785957335182,-4.093629074233596,0,1,-0.4942219565650528,0.4942219565650528,0.8680038456546284,0.6451318288160411,-0.22287201683858726,0.22287201683858726,1,positive,positive,0,1,0
2019-06-26,0.5,0.5,0.5,2,4021.T,2024,0.0098814229249011,0.0049407114624505,0.0049407114624505,756820000000.0,27.3523912813962,4825.0,4840.0,4775.0,4790.0,4090.285400390625,443700.0,-0.0194471126327132,0.0151024489301645,0.0145814340821331,0.0170215404449561,0.0145814340821331,-4.228006197695871,0,1,-0.4950592885375495,0.4950592885375495,0.8680038456546284,0.49282323354043045,-0.37518061211419795,0.37518061211419795,1,positive,positive,0,1,0
2019-06-26,0.2,0.1666666666666666,0.15,6,4042.T,2768,0.0111994219653179,0.0104768786127167,0.0007225433526011,890921953584.0,27.51552266639881,1478.0,1511.0,1478.0,1482.0,1128.677978515625,1428700.0,0.0047459069622284,0.0152153027546283,0.0187709373671993,0.0184838342806303,0.0187709373671993,-3.9754454899823246,0,1,-0.1992774566473989,0.1992774566473989,0.030857110566569822,-0.27445101436854047,-0.3053081249351103,0.3053081249351103,1,positive,neutral,0,0,1
2019-06-26,0.2,0.1666666666666666,0.2,6,5020.T,5519,0.0092408044935676,0.0074288820438485,0.0018119224497191,1316618352675.0488,27.906087711329373,530.2000122070312,534.2999877929688,525.7000122070312,527.5999755859375,399.99322509765625,12705100.0,0.0020893525438372,0.0186921487299444,0.0187700937265219,0.0224365048779788,0.0187700937265219,-3.9754904349746685,0,1,-0.19818807755028092,0.19818807755028092,0.030857110566569822,-0.07629567639676645,-0.10715278696333627,0.10715278696333627,1,positive,neutral,0,0,1
2019-06-26,0.8,0.7285714285714285,0.7,7,6113.T,7014,0.011120615911035,0.0042771599657827,0.0068434559452523,465348408000.0,26.866052226491373,1201.0,1212.0,1197.0,1204.0,942.6482543945312,1596100.0,-0.0041356710038832,0.0197926032836616,0.0196437558738504,0.0204593328848162,0.0196437558738504,-3.9299957583996488,0,1,-0.7931565440547478,0.7931565440547478,1.7051505807426872,0.8389277044826325,-0.8662228762600547,0.8662228762600547,1,positive,positive,0,1,0
2019-06-26,0.1,0.08,0.1,5,6473.T,4585,0.0161395856052344,0.0087241003271537,0.0074154852780806,438376222000.0,26.806343332970588,1252.0,1280.0,1248.0,1277.0,1053.677001953125,862300.0,0.0191536690477596,0.0171830314597051,0.020036078297494,0.0213080470903402,0.020036078297494,-3.910220715653815,0,1,-0.0925845147219194,0.0925845147219194,-0.24819180112944975,0.9429784119693415,1.1911702130987913,1.1911702130987913,1,neutral,positive,0,0,1
2019-06-26,0.1,0.08,0.1,5,6753.T,4319,0.0108821486455197,0.005556841861542,0.0053253067839777,1944487602000.0,28.29601961458977,1142.0,1175.0,1135.0,1143.0,1070.8031005859375,2459100.0,-0.0017467118709493,0.022848169058694,0.0241721785934223,0.0358031630544993,0.0241721785934223,-3.722552952068025,0,1,-0.0946746932160223,0.0946746932160223,-0.24819180112944975,0.5627801623278481,0.8109719634572978,0.8109719634572978,1,neutral,positive,0,0,1
2019-06-26,0.0,0.0,0.0,3,6902.T,2691,0.0137495354886659,0.0085470085470085,0.0052025269416573,987505073000.0,27.618447470923684,1114.0,1121.25,1113.25,1117.0,942.7714233398438,3180400.0,0.0006718711251285,0.0150654809709585,0.0158024650785907,0.0168720765777022,0.0158024650785907,-4.147589333486378,0,0,0.0052025269416573,0.0052025269416573,-0.5272407128254694,0.5404468155475723,1.0676875283730416,1.0676875283730416,1,neutral,positive,0,0,1
2019-06-26,0.2,0.0733333333333333,0.1,15,7004.T,2842,0.0158339197748064,0.0066854327938071,0.0091484869809992,65458770000.0,24.904686315742083,396.0,406.0,388.0,390.0,343.6192626953125,3946000.0,0.0051547169413816,0.0156516678952271,0.0194752664531339,0.019345736750856,0.0194752664531339,-3.9386100055148687,0,1,-0.1908515130190008,0.1908515130190008,0.030857110566569822,1.2582070950384256,1.2273499844718558,1.2273499844718558,1,positive,positive,0,1,0
2019-06-26,0.0,0.03,0.05,20,7012.T,3884,0.0113285272914521,0.008496395468589,0.002832131822863,4177012500000.0,29.060617394017516,2490.0,2514.0,2488.0,2500.0,2249.81005859375,437000.0,-0.0003999388647832,0.0172002179921615,0.016133437096152,0.0184683711418128,0.016133437096152,-4.126861322368674,0,0,0.002832131822863,0.002832131822863,-0.5272407128254694,0.10927786147643506,0.6365185743019044,0.6365185743019044,1,neutral,neutral,0,0,1
2019-06-26,0.2,0.1399999999999999,0.1,5,7202.T,4144,0.0089285714285714,0.0072393822393822,0.0016891891891891,1011319821448.0,27.642277347630817,1200.5,1211.0,1189.0,1192.0,914.5941162109376,2438800.0,-0.0205423404830658,0.0258174303649203,0.0280601965587141,0.025932676037332,0.0280601965587141,-3.573403199388875,0,1,-0.19831081081081092,0.19831081081081092,0.030857110566569822,-0.09862055006566668,-0.1294776606322365,0.1294776606322365,1,positive,neutral,0,0,1
2019-06-26,-0.2,-0.1399999999999999,0.0,5,7735.T,3984,0.0112951807228915,0.0112951807228915,0.0,539694750000.0,27.014269538897235,2040.0,2155.0,2035.0,2125.0,1870.536865234375,2039400.0,0.032806908709839,0.0365733621261561,0.0329547116648926,0.0355151434500338,0.0329547116648926,-3.4126210338741703,0,0,0.2,0.2,-1.0853385362175083,-0.405879846271693,0.6794586899458153,0.6794586899458153,1,negative,neutral,0,0,1
2019-06-26,0.2,0.0916666666666666,0.1,12,7752.T,10303,0.0089294380277589,0.0094147335727458,-0.0004852955449868,794821104000.0,27.401382899863407,1073.0,1077.0,1063.0,1067.0,901.18359375,2069600.0,-0.0211008083729373,0.0126918731320281,0.0130753808699059,0.0157407247628366,0.0130753808699059,-4.337024139825895,1,0,-0.2004852955449868,0.2004852955449868,0.030857110566569822,-0.4941538942935997,-0.5250110048601695,0.5250110048601695,1,positive,neutral,0,0,1
2019-06-26,-0.1,-0.04,0.0,15,8304.T,14275,0.0086865148861646,0.0028721541155866,0.0058143607705779,4196323821000.0,29.06522997722175,2567.0,2594.0,2540.0,2543.0,1867.6412353515625,855600.0,-0.0011783049825934,0.0124203759871128,0.014615807946913,0.0154388784083584,0.014615807946913,-4.225651599913875,1,0,0.1058143607705779,0.1058143607705779,-0.8062896245214889,0.6517378614957341,1.4580274860172229,1.4580274860172229,1,neutral,positive,0,0,1
2019-06-26,0.1,0.3214285714285714,0.5,14,8795.T,16078,0.0049757432516482,0.0072148277148899,-0.0022390844632416,774842760000.0,27.37592595539215,1136.0,1148.5,1132.5,1137.0,906.9534301757812,1885200.0,-0.004378262591232,0.0263084643958409,0.0205972736695809,0.0211360274661403,0.0205972736695809,-3.882596558081974,1,0,-0.1022390844632416,0.1022390844632416,-0.24819180112944975,-0.8131637199340201,-0.5649719188045704,0.5649719188045704,1,neutral,neutral,0,0,1
2019-06-26,0.5,0.1461538461538461,0.1,13,9432.T,12237,0.0090708506987006,0.0081719375663969,0.0008989131323036,111919208717.4226,25.44104309720558,98.66000366210938,98.86000061035156,97.86000061035156,98.45999908447266,79.1409683227539,172055000.0,-0.0140196514268448,0.0099613356992233,0.0107346078638579,0.0115594035802721,0.0107346078638579,-4.534282377069594,0,1,-0.4991010868676964,0.4991010868676964,0.8680038456546284,-0.24236979177356477,-1.1103736374281932,1.1103736374281932,1,positive,neutral,0,0,1
2019-06-26,0.2,0.1125,0.1,8,9735.T,7491,0.0058737151248164,0.0109464690962488,-0.0050727539714323,1091557906843.0,27.71862706406513,4671.5,4724.0,4638.5,4679.0,4132.95263671875,810400.0,-0.0080557579391229,0.013736563502593,0.0112743651776662,0.0123649469445053,0.0112743651776662,-4.48522369871143,1,0,-0.20507275397143232,0.20507275397143232,0.030857110566569822,-1.3286011288042008,-1.3594582393707706,1.3594582393707706,1,positive,negative,1,0,0
2019-06-27,-0.2,-0.1666666666666666,-0.2,3,1801.T,2941,0.0051003060183611,0.0044202652159129,0.0006800408024481,4632368341300.0,29.16408937404366,3890.0,3955.0,3865.0,3955.0,3233.585205078125,1158600.0,0.0154042898736674,0.0171251976403681,0.0174396577105819,0.0185009556246909,0.0174396577105819,-4.0490084873807275,1,0,0.2006800408024481,0.2006800408024481,-1.0853385362175083,-0.2821821221275484,0.8031564140899599,0.8031564140899599,1,negative,neutral,0,0,1
2019-06-27,0.5,0.375,0.5,4,1803.T,2936,0.0091961852861035,0.0064713896457765,0.0027247956403269,708874637087.0,27.286944531324203,881.0,899.0,881.0,899.0,744.9969482421875,3031700.0,0.0112484753847017,0.0177994495064547,0.0199273365984023,0.0184614117368326,0.0199273365984023,-3.9156627914999897,0,1,-0.4972752043596731,0.4972752043596731,0.8680038456546284,0.08975367785357172,-0.7782501678010567,0.7782501678010567,1,positive,neutral,0,0,1
2019-06-27,0.2,0.0833333333333333,0.1,6,1808.T,5514,0.0048966267682263,0.0045339136742836,0.0003627130939426,328768275921.0,26.518619011048333,1075.0,1096.0,1072.0,1093.0,798.6589965820312,1130900.0,0.0139145225739449,0.0110443986713638,0.0138119074556294,0.0207687519773951,0.0138119074556294,-4.282224199764313,0,1,-0.19963728690605742,0.19963728690605742,0.030857110566569822,-0.3399032400497375,-0.3707603506163073,0.3707603506163073,1,positive,neutral,0,0,1
2019-06-27,0.2,0.18,0.2,5,1963.T,4681,0.0049134800256355,0.0040589617603076,0.0008545182653279,389355156000.0,26.68775776146552,1493.0,1513.0,1482.0,1503.0,1340.737060546875,2215800.0,0.0308642114356445,0.0331562860985891,0.0319890105432424,0.030759364916918,0.0319890105432424,-3.4423628556884176,0,1,-0.19914548173467211,0.19914548173467211,0.030857110566569822,-0.25044510723817653,-0.28130221780474635,0.28130221780474635,1,positive,neutral,0,0,1
2019-06-27,0.5,0.375,0.4,4,2269.T,3567,0.009251471825063,0.0044855620970002,0.0047659097280627,292767735000.0,26.40264541828956,3825.0,3840.0,3800.0,3835.0,3259.6005859375,718000.0,-0.0013021429407067,0.0116759290535284,0.0127831090590833,0.013953978444219,0.0127831090590833,-4.35963058426077,0,1,-0.4952340902719373,0.4952340902719373,0.8680038456546284,0.46102723447334454,-0.40697661118128386,0.40697661118128386,1,positive,positive,0,1,0
2019-06-27,0.4,0.38,0.4,5,3861.T,4352,0.0094209558823529,0.0073529411764705,0.0020680147058823,668431781076.0,27.228200180526507,625.0,631.0,622.0,628.0,520.226806640625,2849900.0,0.0145397514939453,0.016081368228626,0.017621792248887,0.0183248431143314,0.017621792248887,-4.038618946910975,0,1,-0.3979319852941177,0.3979319852941177,0.588954933958609,-0.029713134372393164,-0.6186680683310022,0.6186680683310022,1,positive,neutral,0,0,1
2019-06-27,0.2,0.14,0.1,5,4208.T,4136,0.0132978723404255,0.0087040618955512,0.0045938104448742,2365076227000.0,28.491831368642668,2211.0,2233.0,2204.0,2227.0,1671.02734375,639500.0,0.0206233060976868,0.0150872790104782,0.017982756332149,0.0200968998047614,0.017982756332149,-4.018341961790839,0,1,-0.19540618955512581,0.19540618955512581,0.030857110566569822,0.4297228045323473,0.3988656939657775,0.3988656939657775,1,positive,positive,0,1,0
2019-06-27,0.0,0.0,0.0,17,4502.T,15886,0.0081203575475261,0.0134709807377565,-0.0053506231902303,3009610440000.0,28.73283176438668,3790.0,3826.0,3766.0,3810.0,2825.76025390625,3787000.0,-0.0085870444497969,0.0201626933003823,0.0199924288535217,0.0237326959178624,0.0199924288535217,-3.912401634422973,0,0,-0.0053506231902303,0.0053506231902303,-0.5272407128254694,-1.3791448459624773,-0.851904133137008,0.851904133137008,1,neutral,negative,0,0,1
2019-06-27,0.8,0.8,0.8,3,4661.T,2755,0.0087114337568058,0.0018148820326678,0.0068965517241379,242672259260.0,26.21497764261052,2672.0,2678.0,2644.0,2669.0,2625.310791015625,2196500.0,-0.0037328726637466,0.0167162032312883,0.0133293445356642,0.0146391475157148,0.0133293445356642,-4.3177873181187225,0,1,-0.7931034482758621,0.7931034482758621,1.7051505807426872,0.8485856941005578,-0.8565648866421294,0.8565648866421294,1,positive,positive,0,1,0
2019-06-27,0.1,0.0428571428571428,0.0,7,5019.T,5004,0.009392486011191,0.004996003197442,0.004396482813749,104960000000.0,25.37684516214219,650.0,656.0,641.0,656.0,494.1416320800781,6356500.0,0.02982727849934,0.0300042638359867,0.0260735122398875,0.0281539432165026,0.0260735122398875,-3.646835336678528,0,1,-0.095603517186251,0.095603517186251,-0.24819180112944975,0.3938294010879188,0.6420212022173686,0.6420212022173686,1,neutral,positive,0,0,1
2019-06-27,-0.2,-0.1399999999999999,-0.2,5,5706.T,4712,0.0067911714770797,0.0163412563667232,-0.0095500848896434,1496014226000.0,28.03382550479391,2613.0,2630.0,2589.0,2611.0,2107.5263671875,615100.0,0.0211185519950924,0.0228540000318232,0.0251476313539109,0.0258755489114901,0.0251476313539109,-3.682991567630685,0,1,0.1904499151103566,0.1904499151103566,-1.0853385362175083,-2.14301644451637,-1.0576779082988619,1.0576779082988619,1,negative,negative,0,1,0
2019-06-27,0.1,0.125,0.1,4,5801.T,3577,0.0153760134190662,0.0095051719317864,0.0058708414872798,2226007913850.0,28.43123092396426,3105.0,3155.0,3105.0,3150.0,2674.5263671875,672000.0,0.027732431156292,0.0166124100790754,0.0224736519903457,0.0251253478082015,0.0224736519903457,-3.7954116786058325,0,1,-0.0941291585127202,0.0941291585127202,-0.24819180112944975,0.6620115628514528,0.9102033639809025,0.9102033639809025,1,neutral,positive,0,0,1
2019-06-27,-0.5,-0.5,-0.5,2,5803.T,1804,0.0094235033259423,0.0127494456762749,-0.0033259423503325,145066926000.0,25.70046103150226,397.0,403.0,395.0,402.0,356.63494873046875,1950100.0,0.0203046155060411,0.0258772104499005,0.0243197909775407,0.0244417012120703,0.0243197909775407,-3.716464816594596,0,1,0.4966740576496675,0.4966740576496675,-1.9224852713055671,-1.0108604560964338,0.9116248152091333,0.9116248152091333,1,negative,neutral,0,0,1
2019-06-27,-0.1,-0.05,-0.05,4,6273.T,3092,0.0064683053040103,0.0064683053040103,0.0,2696781070000.0,28.62307998141119,39600.0,40150.0,39470.0,40030.0,36898.65625,190500.0,0.0290489447898796,0.0206801301130311,0.0221203322417507,0.0246844509710124,0.0221203322417507,-3.811258082470155,0,0,0.1,0.1,-0.8062896245214889,-0.405879846271693,0.4004097782497959,0.4004097782497959,1,neutral,neutral,0,0,1
2019-06-27,0.5,0.5,0.5,3,6302.T,2475,0.0088888888888888,0.0076767676767676,0.0012121212121212,2270677265000.0,28.45109925754852,3685.0,3715.0,3675.0,3695.0,2936.602294921875,357300.0,0.0095628075902849,0.0135298999259854,0.0166300017010719,0.0198727695652827,0.0166300017010719,-4.096546883487956,0,1,-0.4987878787878788,0.4987878787878788,0.8680038456546284,-0.18539802402445013,-1.0534018696790786,1.0534018696790786,1,positive,neutral,0,0,1
2019-06-27,0.5,0.4,0.5,5,6367.T,4665,0.007502679528403,0.0040728831725616,0.0034297963558413,4225223895000.0,29.07209336823302,13880.0,14425.0,13855.0,14415.0,13348.0439453125,1295100.0,0.0525738757489109,0.0157053803341256,0.0164158849441525,0.0200640431468937,0.0164158849441525,-4.109505818780979,0,1,-0.4965702036441587,0.4965702036441587,0.8680038456546284,0.21799154786840866,-0.6500122977862197,0.6500122977862197,1,positive,neutral,0,0,1
2019-06-27,0.5,0.375,0.5,4,6479.T,4018,0.0169238427078148,0.0064708810353409,0.0104529616724738,720098521780.0,27.302653875400903,1761.0,1816.0,1761.0,1804.0,1628.7540283203125,1671000.0,0.032627228600256,0.0189816496241092,0.0205798179403008,0.024229192267084,0.0205798179403008,-3.883444395053614,0,1,-0.4895470383275262,0.4895470383275262,0.8680038456546284,1.4954877846061054,0.627483938951477,0.627483938951477,1,positive,positive,0,1,0
2019-06-27,0.0,0.0,0.0,3,6503.T,2948,0.0088195386702849,0.0118724559023066,-0.0030529172320217,3085527837000.0,28.75774385654336,1411.5,1437.5,1407.0,1437.0,1235.1429443359375,4009300.0,0.0286329507466931,0.0135744206216319,0.0165231513192322,0.0180721720306999,0.0165231513192322,-4.102992771258493,0,0,-0.0030529172320217,0.0030529172320217,-0.5272407128254694,-0.961197868722775,-0.43395715589730566,0.43395715589730566,1,neutral,neutral,0,0,1
2019-06-27,0.1,0.0,-0.1,4,6674.T,3285,0.0091324200913242,0.0094368340943683,-0.0003044140030441,870159696000.0,27.491942590370908,2083.0,2119.0,2078.0,2104.0,1820.8309326171875,510000.0,0.0238443469366378,0.0161275691953707,0.0188471266484987,0.0194603331630195,0.0188471266484987,-3.9713948091475095,1,0,-0.1003044140030441,0.1003044140030441,-0.24819180112944975,-0.46125199341140477,-0.21306019228195502,0.21306019228195502,1,neutral,neutral,0,0,1
2019-06-27,0.0,0.0,0.0,4,6724.T,3462,0.0170421721548238,0.0109763142692085,0.0060658578856152,341088283023.0,26.55540717521813,1707.0,1716.0,1699.0,1707.0,1355.90283203125,1285200.0,0.0088653453344789,0.0100970029183838,0.0110005472573396,0.0132942899642526,0.0110005472573396,-4.5098102567540534,0,0,0.0060658578856152,0.0060658578856152,-0.5272407128254694,0.6974845588217469,1.2247252716472161,1.2247252716472161,1,neutral,positive,0,0,1
2019-06-27,0.5,0.3833333333333333,0.35,6,6762.T,5446,0.008079324274697,0.0117517443995593,-0.0036724201248622,71879810636.53564,24.99826126441945,546.6666870117188,558.6666870117188,544.6666870117188,554.6666870117188,493.2401428222656,21540000.0,0.0413016659803038,0.02644471915513,0.0214718052824945,0.0245029057101408,0.0214718052824945,-3.8410145866722063,1,0,-0.5036724201248622,0.5036724201248622,0.8680038456546284,-1.0738838982510284,-1.9418877439056568,1.9418877439056568,1,positive,neutral,0,0,1
2019-06-27,0.8,0.6,0.55,4,6857.T,3432,0.0142773892773892,0.004079254079254,0.0101981351981352,143239214250.0,25.687781896512867,708.25,724.5,702.5,717.75,665.6448974609375,15064000.0,0.0319914798144749,0.0296472106973312,0.0294402586621245,0.0289642200398755,0.0294402586621245,-3.5253921990824604,0,1,-0.7898018648018649,0.7898018648018649,1.7051505807426872,1.4491354851354175,-0.25601509560726976,0.25601509560726976,1,positive,positive,0,1,0
2019-06-27,0.2,0.175,0.15,4,6952.T,3371,0.0127558587956096,0.0086027884900622,0.0041530703055473,362640192072.0,26.616676973228103,1352.0,1354.0,1340.0,1348.0,1097.81396484375,867800.0,0.0,0.0157809236305329,0.0140479097552994,0.0165232124320022,0.0140479097552994,-4.265281666134825,0,1,-0.19584692969445272,0.19584692969445272,0.030857110566569822,0.3495532735609001,0.3186961629943303,0.3186961629943303,1,positive,positive,0,1,0
2019-06-27,0.1,0.1,0.1,3,6963.T,2909,0.0089377793056033,0.00859401856308,0.0003437607425232,203553000000.0,26.039192250180307,1762.5,1802.5,1757.5,1795.0,1565.8082275390625,3657200.0,0.0466471977296576,0.0218320852235155,0.0248987274884012,0.026678308375778,0.0248987274884012,-3.69293858170086,0,1,-0.09965623925747681,0.09965623925747681,-0.24819180112944975,-0.3433506254556135,-0.09515882432616377,0.09515882432616377,1,neutral,neutral,0,0,1
2019-06-27,0.2,0.1285714285714286,0.1,7,7011.T,6091,0.0126416023641438,0.0100147758988671,0.0026268264652766,1614964860082.2146,28.110334313903422,472.3999938964844,479.7999877929688,472.1000061035156,478.7000122070313,411.2084655761719,10549000.0,0.0141949885765992,0.0130245194346718,0.0115363513192111,0.0114742597335155,0.0115363513192111,-4.462252244741412,0,1,-0.19737317353472342,0.19737317353472342,0.030857110566569822,0.07193332950627339,0.04107621893970356,0.04107621893970356,1,positive,neutral,0,0,1
2019-06-27,-0.5,-0.44,-0.5,5,7201.T,3917,0.0084248149093694,0.0091907071738575,-0.0007658922644881,3516212071815.4907,28.88840541014854,767.0999755859375,779.5,763.7000122070312,777.7999877929688,720.4760131835938,11641700.0,0.0218077744887879,0.0175294785795762,0.0164347004239454,0.0150132172204059,0.0164347004239454,-4.108360299963609,0,1,0.4992341077355119,0.4992341077355119,-1.9224852713055671,-0.5451937370202024,1.3772915342853649,1.3772915342853649,1,negative,neutral,0,0,1
2019-06-27,0.0,-0.05,-0.1,4,7261.T,3636,0.0085258525852585,0.0055005500550055,0.003025302530253,673959562500.0,27.23643594976807,1095.5,1127.0,1095.5,1123.5,904.2957153320312,3129200.0,0.0144469870317549,0.0204489330724785,0.0159411314601334,0.0181582638042115,0.0159411314601334,-4.138852625696705,0,0,0.003025302530253,0.003025302530253,-0.5272407128254694,0.14441513087179778,0.6716558436972672,0.6716558436972672,1,neutral,neutral,0,0,1
2019-06-27,0.5,0.425,0.45,4,7731.T,3528,0.014172335600907,0.0073696145124716,0.0068027210884353,617352120000.0,27.148705394986827,1540.0,1547.0,1530.0,1540.0,1264.4229736328125,1640500.0,0.0078533167935481,0.0168890108872611,0.0158228954554288,0.0215349726358394,0.0158228954554288,-4.146297308394161,0,1,-0.4931972789115647,0.4931972789115647,0.8680038456546284,0.8315181357281385,-0.03648570992648992,0.03648570992648992,1,positive,positive,0,1,0
2019-06-27,0.0,0.0,0.0,4,7911.T,3538,0.0096099491237987,0.0113058224985867,-0.001695873374788,1164520980000.0,27.78333094242453,1639.0,1672.0,1639.0,1665.0,1462.1328125,845500.0,0.0177262302886465,0.0139227483960291,0.0153511268913039,0.0156605967089427,0.0153511268913039,-4.1765663945292815,0,0,-0.001695873374788,0.001695873374788,-0.5272407128254694,-0.7143549791501139,-0.18711426632464456,0.18711426632464456,1,neutral,neutral,0,0,1
2019-06-27,-0.2,-0.12,-0.1,5,7912.T,4216,0.0080645161290322,0.0101992409867172,-0.002134724857685,810455360000.0,27.42086209949245,1147.0,1161.0,1144.0,1157.0,1013.0106201171876,1132000.0,0.0025994715277766,0.0134034067682405,0.0136605020977497,0.0138193993797298,0.0136605020977497,-4.293246668725132,0,1,0.197865275142315,0.197865275142315,-1.0853385362175083,-0.7941809682322688,0.2911575679852395,0.2911575679852395,1,negative,neutral,0,0,1
2019-06-27,-0.2,-0.15,-0.15,14,8306.T,13082,0.0044335728481883,0.008790704785201,-0.0043571319370126,7254453155840.0,29.612636624625807,507.0,512.0,506.6000061035156,512.0,395.1584167480469,42507700.0,0.0142630746090812,0.0124827092002226,0.0112881536631998,0.0118906250077255,0.0112881536631998,-4.484001451554772,0,1,0.19564286806298742,0.19564286806298742,-1.0853385362175083,-1.1984312673981634,-0.1130927311806551,0.1130927311806551,1,negative,negative,0,1,0
2019-06-27,-0.1,-0.0214285714285714,0.0,14,8316.T,11577,0.0045780426708128,0.0067374967608188,-0.002159454090006,1793022532500.0,28.21492387739952,1261.3333740234375,1271.0,1259.3333740234375,1268.0,937.39013671875,11856600.0,0.0125099186178885,0.0079914502138902,0.0094998448012751,0.011100843787316,0.0094998448012751,-4.6564798172169715,0,1,0.09784054590999401,0.09784054590999401,-0.8062896245214889,-0.7986791538513193,0.007610470670169622,0.007610470670169622,1,neutral,neutral,0,0,1
2019-06-27,0.1,0.1,0.0,10,8331.T,9748,0.0048215018465326,0.0036930652441526,0.0011284366023799,470154777000.0,26.876327790204925,529.0,538.0,527.0,537.0,440.15667724609375,1863900.0,0.0248089814511192,0.0129329697226995,0.0162287607317281,0.0176302384497437,0.0162287607317281,-4.120970257011243,0,1,-0.0988715633976201,0.0988715633976201,-0.24819180112944975,-0.2006200456055445,0.047571755523905246,0.047571755523905246,1,neutral,neutral,0,0,1
2019-06-27,0.2,0.075,0.1,8,8354.T,7853,0.0059849738953266,0.0054756144148732,0.0005093594804533,1689430365000.0,28.155412525915143,1923.0,1977.0,1919.0,1965.0,1522.47900390625,886400.0,0.0282573676544508,0.0192099791016923,0.0255519471390246,0.0229284922412358,0.0255519471390246,-3.6670417562723983,0,1,-0.1994906405195467,0.1994906405195467,0.030857110566569822,-0.3132286284675588,-0.3440857390341286,0.3440857390341286,1,positive,neutral,0,0,1
2019-06-27,-0.2,-0.1916666666666666,-0.15,12,8601.T,9072,0.0078262786596119,0.01168430335097,-0.003858024691358,838301958954.712,27.45464420540571,470.0,479.2999877929688,469.8999938964844,479.2000122070313,349.619384765625,5974500.0,0.0248074851026545,0.0131819286072694,0.0126098073881877,0.0154125627292685,0.0126098073881877,-4.373280403651093,0,1,0.19614197530864202,0.19614197530864202,-1.0853385362175083,-1.1076449055077116,-0.022306369290203243,0.022306369290203243,1,negative,neutral,0,0,1
2019-06-27,0.1,-0.01,0.0,10,8630.T,9998,0.0028005601120224,0.0083016603320664,-0.005501100220044,571109000000.0,27.070845921554515,1361.0,1375.6666259765625,1358.3333740234375,1375.0,1067.94140625,2650500.0,0.003649749757995,0.016864845070834,0.013308729376686,0.0144498969017462,0.013308729376686,-4.3193351149422945,1,0,-0.10550110022004401,0.10550110022004401,-0.24819180112944975,-1.406516241997711,-1.1583244408682614,1.1583244408682614,1,neutral,negative,0,0,1
2019-06-27,0.5,0.3666666666666666,0.5,6,8801.T,6005,0.0096586178184845,0.0051623646960865,0.004496253122398,872453120000.0,27.494574758920425,874.1666870117188,881.0,866.1666870117188,880.0,766.9674682617188,8055300.0,0.0064810968742046,0.0130142503946365,0.0127261596246648,0.0151734010920745,0.0127261596246648,-4.364095591057934,0,1,-0.495503746877602,0.495503746877602,0.8680038456546284,0.41197737114002764,-0.45602647451460077,0.45602647451460077,1,positive,positive,0,1,0
2019-06-27,0.6,0.56,0.5,5,8802.T,4436,0.0207394048692515,0.0058611361587015,0.01487826871055,2806516344500.0,28.662965095113595,2027.0,2031.0,2006.0,2018.5,1798.6517333984375,3114500.0,-0.0046845075461176,0.012796487634994,0.017424312065223,0.016794582550176,0.017424312065223,-4.049888802872543,0,1,-0.58512173128945,0.58512173128945,1.147052757350648,2.3004400864069496,1.1533873290563017,1.1533873290563017,1,positive,positive,0,1,0
2019-06-27,0.2,0.1666666666666666,0.2,6,9005.T,4355,0.0133180252583237,0.0059701492537313,0.0073478760045924,2431992094000.0,28.51973182920481,1940.0,1946.0,1924.0,1946.0,1807.6312255859373,1242800.0,0.011434351398853,0.0122604296925029,0.0145641565085005,0.0142772454360856,0.0145641565085005,-4.22919180246876,0,1,-0.1926521239954076,0.1926521239954076,0.030857110566569822,0.9306804539182616,0.8998233433516918,0.8998233433516918,1,positive,positive,0,1,0
2019-06-27,0.2,0.0799999999999999,0.3,5,9007.T,4153,0.0115579099446183,0.0065013243438478,0.0050565856007705,1955247735000.0,28.301538020007825,2664.0,2670.0,2642.0,2653.0,2444.68896484375,496700.0,-0.0082245454730037,0.0116569730984436,0.0132520295685568,0.0132391062002555,0.0132520295685568,-4.323604563294577,0,1,-0.19494341439922952,0.19494341439922952,0.030857110566569822,0.5139004500041318,0.48304333943756195,0.48304333943756195,1,positive,positive,0,1,0
2019-06-27,0.5,0.3727272727272727,0.5,11,9008.T,5344,0.0114146706586826,0.0035553892215568,0.0078592814371257,4576409562240.0,29.15193586823872,7280.0,7280.0,7060.0,7120.0,6564.21923828125,351200.0,-0.0219780507584123,0.0178885059833599,0.0157560098546554,0.015324170703145,0.0157560098546554,-4.150533408419535,0,1,-0.4921407185628743,0.4921407185628743,0.8680038456546284,1.0237038252977297,0.15569997964310134,0.15569997964310134,1,positive,positive,0,1,0
2019-06-27,0.5,0.42,0.5,5,9009.T,3388,0.0177095631641086,0.0,0.0177095631641086,456314460697.50977,26.84644801558408,1311.6666259765625,1325.0,1305.0,1323.3333740234375,1262.771240234375,1081500.0,0.0012610833585875,0.0141517770493824,0.014053724712092,0.0145719268831391,0.014053724712092,-4.264867814272768,0,1,-0.4822904368358914,0.4822904368358914,0.8680038456546284,2.815445478769222,1.9474416331145936,1.9474416331145936,1,positive,positive,0,1,0
2019-06-27,0.1,0.1,0.15,4,9501.T,3283,0.0118793786171184,0.0057873895826987,0.0060919890344197,898322503000.0,27.52379497551904,550.0,559.0,546.0,559.0,559.0,6129400.0,0.0126811594202898,0.0157742576822021,0.0161901082700889,0.0215753938764402,0.0161901082700889,-4.123354823848067,0,1,-0.09390801096558031,0.09390801096558031,-0.24819180112944975,0.7022377495490566,0.9504295506785063,0.9504295506785063,1,neutral,positive,0,0,1
2019-06-27,0.0,0.0,0.0,4,9502.T,4129,0.0048437878420925,0.0053281666263017,-0.0004843787842092,1135863000000.0,27.758413830363363,1496.0,1499.0,1473.5,1498.5,1200.9547119140625,2061800.0,0.0036836955460521,0.0150847259667782,0.0153424798622394,0.0168990121113712,0.0153424798622394,-4.177129836249422,0,0,-0.0004843787842092,0.0004843787842092,-0.5272407128254694,-0.49398713779698133,0.033253575028488025,0.033253575028488025,1,neutral,neutral,0,0,1
2019-06-27,0.1,0.0375,0.05,8,9531.T,7255,0.0078566505858028,0.0081323225361819,-0.000275671950379,6156093448000.0,29.44846351177697,2507.5,2516.0,2483.5,2516.0,2164.7666015625,1865100.0,-0.0033668141422829,0.0130626158696639,0.0116737120653076,0.0126389270517584,0.0116737120653076,-4.450415797117735,1,0,-0.10027567195037901,0.10027567195037901,-0.24819180112944975,-0.4560238857903546,-0.20783208466090483,0.20783208466090483,1,neutral,neutral,0,0,1
2019-06-27,0.4,0.2799999999999999,0.6,5,9766.T,4292,0.0095526561043802,0.0018639328984156,0.0076887232059645,727545000000.0,27.312941689749177,5050.0,5090.0,5040.0,5070.0,4676.06298828125,303100.0,-0.0058824420932346,0.0157633637590096,0.0155052364702348,0.0174074502316008,0.0155052364702348,-4.166577475321593,0,1,-0.39231127679403555,0.39231127679403555,0.588954933958609,0.992679708873037,0.40372477491442804,0.40372477491442804,1,positive,positive,0,1,0
2019-06-28,0.8,0.8,0.8,4,2413.T,3793,0.0166095438966517,0.0034273662008963,0.0131821776957553,636969531000.0,27.179987659349468,1965.0,1976.0,1949.0,1969.0,1900.0682373046875,1618800.0,0.0081925005421379,0.0257421366401555,0.0230720752826167,0.0275232133003732,0.0230720752826167,-3.769132254942104,0,1,-0.7868178223042448,0.7868178223042448,1.7051505807426872,1.9919253653546802,0.286774784611993,0.286774784611993,1,positive,positive,0,1,0
2019-06-28,0.8,0.8,0.8,3,4063.T,2192,0.0077554744525547,0.0022810218978102,0.0054744525547445,867236742000.0,27.488577835276708,1983.199951171875,2007.0,1974.5999755859373,2007.0,1754.51708984375,9293500.0,0.0136365210322995,0.0111167512094246,0.0145552563713977,0.0166070187345264,0.0145552563713977,-4.229803087965253,0,1,-0.7945255474452555,0.7945255474452555,1.7051505807426872,0.5899094056661337,-1.1152411750765534,1.1152411750765534,1,positive,positive,0,1,0
2019-06-28,0.4,0.28,0.3,5,4901.T,4422,0.0106286748077792,0.0074626865671641,0.0031659882406151,937133946000.0,27.56609206094256,1811.3333740234373,1823.3333740234373,1806.6666259765625,1821.0,1624.8291015625,4366200.0,0.0079336171978587,0.0111790757838299,0.0113840275712389,0.0129386550794143,0.0113840275712389,-4.475543996268592,0,1,-0.39683401175938493,0.39683401175938493,0.588954933958609,0.17000551034424452,-0.4189494236143645,0.4189494236143645,1,positive,neutral,0,0,1
2019-06-28,0.5,0.5,0.5,3,5233.T,2975,0.0090756302521008,0.0050420168067226,0.0040336134453781,4035228000000.0,29.02608392163029,3255.0,3270.0,3195.0,3260.0,2760.685546875,631500.0,-0.0076103490074671,0.0143695510956235,0.0159655806878949,0.015805691184826,0.0159655806878949,-4.137320080918454,0,1,-0.4959663865546219,0.4959663865546219,0.8680038456546284,0.32782436893761746,-0.5401794767170109,0.5401794767170109,1,positive,positive,0,1,0
2019-06-28,-0.5,-0.5,-0.5,5,6472.T,4517,0.0086340491476643,0.016161168917423,-0.0075271197697586,170388160000.0,25.861344965359457,327.0,329.0,319.0,320.0,282.6943054199219,4056500.0,-0.0123456171465161,0.0186431980089572,0.0201064216997784,0.0216318394785378,0.0201064216997784,-3.906716027391223,0,1,0.4924728802302414,0.4924728802302414,-1.9224852713055671,-1.7750441398371462,0.14744113146842097,0.14744113146842097,1,negative,negative,0,1,0
2019-06-28,0.3,0.3,0.25,4,6752.T,3602,0.0077734591893392,0.0127706829539144,-0.0049972237645752,2201860312911.0107,28.42032371575501,902.7999877929688,905.0,893.0,897.5999755859375,758.9946899414062,9222700.0,0.0001113882726566,0.0126025407081171,0.0158528345395783,0.0188477733249624,0.0158528345395783,-4.14440695934335,1,0,-0.30499722376457516,0.30499722376457516,0.30990602226258934,-1.314862372749085,-1.6247683950116742,1.6247683950116742,1,positive,negative,1,0,0
2019-06-28,-0.2,-0.3333333333333333,-0.5,3,6954.T,2610,0.0091954022988505,0.0076628352490421,0.0015325670498084,954680151562.0,27.584642201498603,3990.0,4012.0,3945.0,3986.0,3500.824462890625,4463500.0,-0.0052408878465124,0.0140956840633904,0.0164293196898306,0.0189955558295946,0.0164293196898306,-4.1086877543738884,1,0,0.2015325670498084,0.2015325670498084,-1.0853385362175083,-0.12710972618897465,0.9582288100285337,0.9582288100285337,1,negative,neutral,0,0,1
2019-06-28,0.5,0.5,0.5,3,6976.T,2060,0.0145631067961165,0.0033980582524271,0.0111650485436893,241565196975.0,26.210405240374754,1984.0,2005.0,1926.0,2005.0,1775.3001708984375,7726600.0,0.0136503363812232,0.0247814752247016,0.0326318629247651,0.0398218422514609,0.0326318629247651,-3.422466077614183,0,1,-0.4888349514563107,0.4888349514563107,0.8680038456546284,1.6250146086513497,0.7570107629967213,0.7570107629967213,1,positive,positive,0,1,0
2019-06-28,0.1,0.1,0.1,3,7269.T,2626,0.0121858339680121,0.0178979436405179,-0.0057121096725057,710285886864.0,27.288933383491905,1262.25,1272.25,1255.5,1266.0,1104.53466796875,6020000.0,0.0089658241583381,0.0251665727680121,0.020215478598393,0.0204728187647829,0.020215478598393,-3.901306700760658,1,0,-0.1057121096725057,0.1057121096725057,-0.24819180112944975,-1.444898334584584,-1.1967065334551343,1.1967065334551343,1,neutral,negative,0,0,1
2019-06-28,0.8,0.8,0.8,3,7974.T,2667,0.0056242969628796,0.0044994375703037,0.0011248593925759,559450881000.0,27.050221569959827,3920.0,3955.0,3902.0,3949.0,3317.1005859375,14552000.0,0.0027931952759019,0.0159764317469562,0.0248136818803534,0.0259141082483896,0.0248136818803534,-3.6963600892115496,0,1,-0.7988751406074242,0.7988751406074242,1.7051505807426872,-0.2012707311378655,-1.9064213118805526,1.9064213118805526,1,positive,neutral,0,0,1
2019-06-28,0.9,0.925,1.0,4,8830.T,3990,0.0175438596491228,0.0040100250626566,0.0135338345864661,915989421672.0,27.54327065316085,1950.0,1952.0,1920.5,1924.0,1771.60400390625,3008200.0,-0.0138392257421137,0.0125463068699796,0.0106709998570784,0.0116343423744218,0.0106709998570784,-4.540225510741168,0,1,-0.886466165413534,0.886466165413534,1.9841994924387067,2.0558908758121968,0.07169138337349001,0.07169138337349001,1,positive,positive,0,1,0
2019-09-27,0.0,0.0,0.0,4,4385.T,2941,0.0085005100306018,0.0057803468208092,0.0027201632097925,17049500000.0,23.55938671473274,2677.0,2709.0,2602.0,2623.0,2623.0,566300.0,-0.0176029962546816,0.0298150834223152,0.0294591954697646,0.0302885775925261,0.0294591954697646,-3.5247491775614055,0,0,0.0027201632097925,0.0027201632097925,-0.5272407128254694,0.08891105030490365,0.616151763130373,0.616151763130373,1,neutral,neutral,0,0,1
2019-09-30,0.5,0.2666666666666666,0.3,3,6920.T,2511,0.0063719633612106,0.0031859816806053,0.0031859816806053,79672008000.0,25.10118414398743,3330.0,3400.0,3325.0,3380.0,3211.05126953125,698600.0,0.0,0.031796095548823,0.0331561735121343,0.0323325029282397,0.0331561735121343,-3.4065263500618728,0,1,-0.4968140183193947,0.4968140183193947,0.8680038456546284,0.17364226716191947,-0.694361578492709,0.694361578492709,1,positive,neutral,0,0,1
2019-11-28,0.8,0.76,0.8,5,3697.T,3307,0.0111883882673117,0.0021167221046265,0.0090716661626852,7455031706.817627,22.73215503824832,524.6666870117188,532.6666870117188,516.6666870117188,517.3333129882812,517.3333129882812,8656500.0,0.0,0.0253249103720711,0.0335357961235656,0.0332471709669244,0.0335357961235656,-3.3951418696327407,0,1,-0.7909283338373149,0.7909283338373149,1.7051505807426872,1.2442335799814996,-0.4609170007611876,0.4609170007611876,1,positive,positive,0,1,0
2019-11-29,0.5,0.55,0.55,6,9983.T,5188,0.0150346954510408,0.0080956052428681,0.0069390902081727,2358017372880.0,28.488842285650176,22356.666015625,22390.0,22193.333984375,22230.0,21026.849609375,1117800.0,0.0004496832423435,0.0142346538068772,0.0142232875086138,0.0134258612108113,0.0142232875086138,-4.252874692254418,0,1,-0.4930609097918273,0.4930609097918273,0.8680038456546284,0.856323338142951,-0.011680507511677374,0.011680507511677374,1,positive,positive,0,1,0
2019-12-20,0.2,0.2,0.1,3,4751.T,2209,0.0108646446355817,0.0067904028972385,0.0040742417383431,60684768000.0,24.828958564476917,953.75,966.25,950.0,960.0,899.072998046875,3696000.0,0.0052354720410752,0.0218223753988378,0.025539927941695,0.0257253445050255,0.025539927941695,-3.6675122497718964,0,1,-0.19592575826165692,0.19592575826165692,0.030857110566569822,0.335214553993485,0.3043574434269152,0.3043574434269152,1,positive,positive,0,1,0
2020-03-12,0.4,0.38,0.4,5,4151.T,5115,0.01524926686217,0.0070381231671554,0.0082111436950146,1308617669850.0,27.899992482156545,2354.0,2362.0,2263.0,2270.0,2023.8048095703125,2163800.0,-0.0502090753421714,0.0168199570890333,0.0132797623745493,0.014654244545804,0.0132797623745493,-4.321514028576673,0,1,-0.39178885630498544,0.39178885630498544,0.588954933958609,1.087706691532214,0.498751757573605,0.498751757573605,1,positive,positive,0,1,0
2020-03-19,-0.1,-0.0714285714285714,0.0,7,2914.T,6713,0.0168330105764933,0.007597199463727,0.0092358111127662,3810000000000.0,28.96865030506716,1925.0,1942.5,1893.0,1905.0,1330.22998046875,12738000.0,0.000788343101906,0.0093520117840424,0.0080180921536922,0.0088491883495501,0.0080180921536922,-4.826054771476386,1,0,0.1092358111127662,0.1092358111127662,-0.8062896245214889,1.2740911365893965,2.0803807611108853,2.0803807611108853,1,neutral,positive,0,0,1
2020-03-19,0.5,0.2666666666666666,0.3,3,6326.T,2160,0.0101851851851851,0.0060185185185185,0.0041666666666666,1605130072000.0,28.104225910971373,1267.5,1310.0,1255.0,1288.0,1127.472412109375,6575600.0,0.0370370120861565,0.0175864809557314,0.0143244961106484,0.0152161379699603,0.0143244961106484,-4.245784192521934,0,1,-0.4958333333333334,0.4958333333333334,0.8680038456546284,0.3520264177031998,-0.5159774279514286,0.5159774279514286,1,positive,positive,0,1,0
2020-03-24,-0.25,-0.125,-0.25,4,5108.T,3509,0.0094043887147335,0.0088344257623254,0.000569962952408,1287953568000.0,27.884075693271463,1582.0,1586.5,1540.5,1584.0,1288.4266357421875,6208800.0,0.0269042567702593,0.0158439082254077,0.0110661081052889,0.011181772364025,0.0110661081052889,-4.503868165415232,1,0,0.250569962952408,0.250569962952408,-1.2248629920655183,-0.3022050082244161,0.9226579838411022,0.9226579838411022,1,negative,neutral,0,0,1
2020-03-25,0.2,0.1166666666666666,0.1,6,4452.T,5338,0.0099288122892469,0.0067440989134507,0.0031847133757961,4320288000000.0,29.09434318262911,8257.0,8572.0,8068.0,8572.0,7448.1494140625,2743000.0,0.057358056716106,0.0141681284501887,0.0127545054815674,0.0117142359318738,0.0127545054815674,-4.36187069869524,0,1,-0.19681528662420392,0.19681528662420392,0.030857110566569822,0.17341156568363414,0.14255445511706433,0.14255445511706433,1,positive,neutral,0,0,1
2020-03-25,0.5,0.275,0.3,8,4911.T,7380,0.010840108401084,0.0084010840108401,0.0024390243902439,2597200000000.0,28.58545505758074,6224.0,6593.0,6210.0,6493.0,6072.4560546875,4582400.0,0.0885162857445949,0.0133367625887726,0.0154803429704845,0.0161269497397387,0.0154803429704845,-4.168184255349938,0,1,-0.4975609756097561,0.4975609756097561,0.8680038456546284,0.03777260093312895,-0.8302312447214995,0.8302312447214995,1,positive,neutral,0,0,1
2020-03-25,0.5,0.45,0.5,4,8804.T,3183,0.0175934652843229,0.004712535344015,0.0128809299403078,268383693638.0,26.31568348624156,1165.0,1243.0,1134.0,1237.0,1001.0958251953124,3986100.0,0.1691869266543073,0.0294953482612675,0.0208165965602186,0.0183621837733315,0.0208165965602186,-3.872004698888081,0,1,-0.4871190700596922,0.4871190700596922,0.8680038456546284,1.9371291507477904,1.069125305093162,1.069125305093162,1,positive,positive,0,1,0
2020-03-26,0.5,0.4166666666666667,0.45,6,1605.T,5177,0.0059880239520958,0.0056016998261541,0.0003863241259416,877247963341.2598,27.500055529766986,614.5999755859375,617.9000244140625,582.7999877929688,599.9000244140625,464.9866333007813,13159700.0,-0.0450493893440655,0.0317527200129749,0.0239579331901569,0.0234381859336417,0.0239579331901569,-3.73145577030044,0,1,-0.4996136758740584,0.4996136758740584,0.8680038456546284,-0.3356084522775085,-1.2036122979321369,1.2036122979321369,1,positive,neutral,0,0,1
2020-03-26,-0.14,-0.075,-0.1,8,2502.T,6724,0.0212671029149315,0.0058001189767995,0.015466983938132,552415284677.124,27.0375659276808,1201.3333740234375,1216.6666259765625,1130.3333740234375,1142.3333740234375,979.6798095703124,6813300.0,-0.0610959278155675,0.0207162734781676,0.015842552434044,0.014579578864597,0.015842552434044,-4.145055767064394,1,0,0.15546698393813202,0.15546698393813202,-0.9179091891998968,2.407525916490584,3.325435105690481,3.325435105690481,1,negative,positive,1,0,0
2020-03-26,-0.5,-0.5,-0.5,3,3405.T,2518,0.0035742652899126,0.0099285146942017,-0.0063542494042891,371541561000.0,26.64092656833272,1066.0,1076.0,1040.0,1047.0,851.44189453125,2513200.0,-0.0376836900014059,0.0195664274224377,0.0172856727485233,0.0176337898770804,0.0172856727485233,-4.057877285421587,0,1,0.4936457505957109,0.4936457505957109,-1.9224852713055671,-1.5617019486003771,0.36078332270519,0.36078332270519,1,negative,negative,0,1,0
2020-03-26,-0.2,-0.2333333333333333,-0.2,3,3436.T,2629,0.00912894636744,0.0140737923164701,-0.00494484594903,402094473969.0,26.719952907828077,1364.0,1442.0,1361.0,1371.0,1203.427490234375,14787900.0,-0.0338265825345328,0.0399695651968974,0.0281985092036893,0.0264330782279051,0.0281985092036893,-3.568486167552879,0,1,0.19505515405097001,0.19505515405097001,-1.0853385362175083,-1.305334978870278,-0.21999644265276963,0.21999644265276963,1,negative,negative,0,1,0
2020-03-26,0.1,0.075,0.05,4,3659.T,3626,0.014892443463872,0.0140650854936569,0.0008273579702151,711517763000.0,27.29066621973039,1649.0,1682.0,1592.0,1639.0,1584.059814453125,3027000.0,-0.0255649366662391,0.0304049235793825,0.022850051369614,0.021371264806844,0.022850051369614,-3.7788019135212996,0,1,-0.0991726420297849,0.0991726420297849,-0.24819180112944975,-0.2553854971095521,-0.00719369598010236,0.00719369598010236,1,neutral,neutral,0,0,1
2020-03-26,-0.5,-0.5,-0.5,4,4004.T,3443,0.0110368864362474,0.0136508858553586,-0.0026139994191112,3364012911000.0,28.844155696022373,2200.0,2268.0,2175.0,2247.0,1960.3067626953125,3551600.0,0.0071716333265074,0.0230876950661975,0.0181668530368347,0.0186467385517524,0.0181668530368347,-4.008156607125339,0,1,0.4973860005808888,0.4973860005808888,-1.9224852713055671,-0.8813598143767669,1.0411254569288002,1.0411254569288002,1,negative,neutral,0,0,1
2020-03-26,0.3,0.24,0.2,5,4704.T,2322,0.008182601205857,0.0077519379844961,0.0004306632213608,697256229880.0,27.27041879834417,5110.0,5120.0,4860.0,4970.0,3968.05322265625,1430000.0,-0.0587120275402877,0.0152879308966669,0.0124624515715329,0.0131840219616216,0.0124624515715329,-4.385035029636904,0,1,-0.2995693367786392,0.2995693367786392,0.30990602226258934,-0.3275432815197823,-0.6374493037823716,0.6374493037823716,1,positive,neutral,0,0,1
2020-03-26,-0.2,-0.2,-0.2,5,7272.T,4594,0.0084893339138006,0.0108837614279495,-0.0023944275141488,154771552226.01318,25.765216010064265,466.3333435058594,466.3333435058594,438.6666564941406,442.3333435058594,357.32684326171875,9978600.0,-0.0608633676440899,0.021335408765547,0.0184667129093303,0.0183086544420147,0.0184667129093303,-3.991785469784785,0,1,0.1976055724858512,0.1976055724858512,-1.0853385362175083,-0.8414202330574297,0.24391830316007856,0.24391830316007856,1,negative,neutral,0,0,1
2020-03-27,0.14,0.0714285714285714,0.1,7,2503.T,6173,0.0149036125060748,0.0121496841082131,0.0027539283978616,2083920000000.0,28.36527185136691,2292.0,2305.5,2203.5,2280.0,1878.16552734375,4623800.0,0.0337793220108486,0.0266086556760651,0.0184458820845089,0.0177935214675872,0.0184458820845089,-3.9929141266584716,0,1,-0.13724607160213842,0.13724607160213842,-0.1365722364510419,0.09505285371495045,0.23162509016599236,0.23162509016599236,1,positive,neutral,0,0,1
2020-03-27,-0.4,-0.32,-0.3,5,4324.T,4373,0.0116624742739538,0.0164646695632289,-0.004802195289275,634213590000.0,27.175651627392497,2320.0,2330.0,2150.0,2199.0,1873.385009765625,2491500.0,-0.0107963843347298,0.029288594840175,0.0238411003075472,0.0207614634744894,0.0238411003075472,-3.7363442840099768,0,1,0.395197804710725,0.395197804710725,-1.6434363596095478,-1.2793871800090457,0.3640491796005021,0.3640491796005021,1,negative,negative,0,1,0
2020-03-27,-0.2,-0.2428571428571428,-0.3,7,4755.T,6244,0.0171364509929532,0.012011531069827,0.0051249199231262,1157172485100.0,27.77700063263125,833.0,840.0,795.0,809.0,799.5929565429688,12957300.0,-0.0158150606646539,0.034783127127134,0.0227467941346895,0.0214564903701326,0.0227467941346895,-3.7833310606714385,1,0,0.2051249199231262,0.2051249199231262,-1.0853385362175083,0.5263302926340195,1.6116688288515277,1.6116688288515277,1,negative,positive,1,0,0
2020-03-27,0.2,0.2,0.2,3,5101.T,2295,0.0217864923747276,0.0082788671023965,0.0135076252723311,241946423000.0,26.211982146030163,1403.0,1450.0,1369.0,1427.0,1183.15087890625,1243300.0,0.050036910219223,0.0256855500908714,0.0182825487908916,0.0162110739934084,0.0182825487908916,-4.0018082921017335,0,1,-0.1864923747276689,0.1864923747276689,0.030857110566569822,2.0511234670064202,2.0202663564398504,2.0202663564398504,1,positive,positive,0,1,0
2020-03-27,-0.2,-0.0666666666666666,0.1,3,5201.T,3138,0.0073295092415551,0.0076481835564053,-0.0003186743148502,3245638175000.0,28.808333110847364,2758.0,2776.0,2634.0,2735.0,2136.00634765625,1561800.0,0.0486962558694197,0.0187836079091684,0.0167713574412502,0.0193534060165793,0.0167713574412502,-4.08808276180448,0,1,0.19968132568514982,0.19968132568514982,-1.0853385362175083,-0.4638459085259836,0.6214926276915247,0.6214926276915247,1,negative,neutral,0,0,1
2020-03-27,-0.2,-0.15,-0.15,4,5301.T,3358,0.0092316855270994,0.0068493150684931,0.0023823704586063,206272826368.0,26.05246552933676,914.0,917.0,887.0,917.0,773.80615234375,3847700.0,0.0200222379915651,0.0152666743684057,0.011898590872795,0.0142763730817771,0.011898590872795,-4.431335299926991,1,0,0.2023823704586063,0.2023823704586063,-1.0853385362175083,0.027467392213062648,1.112805928430571,1.112805928430571,1,negative,neutral,0,0,1
2020-03-27,-0.25,-0.125,-0.25,4,6723.T,3774,0.0113937466878643,0.0074191838897721,0.0039745627980922,685187964000.0,27.25295903756784,425.0,429.0,400.0,411.0,395.7104187011719,13497400.0,0.0173267326732673,0.0432241636151502,0.0320642194588634,0.0308243499373955,0.0320642194588634,-3.4400145291424806,1,0,0.2539745627980922,0.2539745627980922,-1.2248629920655183,0.31708320362487596,1.5419461956903944,1.5419461956903944,1,negative,positive,1,0,0
2020-03-27,-0.3,-0.1285714285714285,0.0,14,7751.T,12282,0.0078977365249959,0.0085490962383976,-0.0006513597134017,3230375109808.0,28.80361937948768,2473.5,2477.5,2345.0,2422.0,1944.376220703125,8801100.0,0.0204340111656025,0.0232346017371691,0.0165954241161489,0.0137356710169148,0.0165954241161489,-4.098628277273323,0,1,0.2993486402865983,0.2993486402865983,-1.3643874479135278,-0.5243605519248243,0.8400268959887035,0.8400268959887035,1,negative,neutral,0,0,1
2020-03-30,0.83,0.8333333333333334,1.0,6,4519.T,5165,0.0149080348499515,0.0063891577928363,0.0085188770571151,2314301151015.0,28.470128879280995,3905.0,4135.0,3896.666748046875,4135.0,3678.218505859375,4765500.0,0.0693965008137247,0.0144383019094455,0.0160485899930354,0.0146892584691598,0.0160485899930354,-4.13213428416645,0,1,-0.8214811229428849,0.8214811229428849,1.788865254251493,1.1436826217970204,-0.6451826324544725,0.6451826324544725,1,positive,positive,0,1,0
2020-03-30,0.5,0.5428571428571428,0.5,7,4578.T,5794,0.0112185018985157,0.0091473938557128,0.0020711080428028,2395903975015.0,28.50478171817288,4045.0,4307.0,4018.0,4295.0,3811.89892578125,1821900.0,0.0437422777397893,0.0247396637271391,0.0191186220048642,0.0215352898572612,0.0191186220048642,-3.9570924448314155,0,1,-0.4979288919571972,0.4979288919571972,0.8680038456546284,-0.029150464109521577,-0.89715430976415,0.89715430976415,1,positive,neutral,0,0,1
2020-03-30,-0.8,-0.625,-0.5,4,5214.T,3987,0.0127915726109857,0.0135440180586907,-0.000752445447705,745429118532.0,27.33722588753231,1438.0,1498.0,1419.0,1498.0,1166.8795166015625,900300.0,-0.0066314790430442,0.0233608826176809,0.0189002995328384,0.0184411374109497,0.0189002995328384,-3.9685775087437953,0,1,0.799247554552295,0.799247554552295,-2.759632006393626,-0.5427477946192981,2.2168842117743277,2.2168842117743277,1,negative,neutral,0,0,1
2020-03-30,0.2,0.16,0.2,5,6361.T,5115,0.0074291300097751,0.0103616813294232,-0.002932551319648,191845328000.0,25.97995530098424,412.2000122070313,417.7999877929688,392.3999938964844,412.0,352.2431030273437,4158500.0,-0.0440833979386964,0.0297891148053583,0.0271166383068403,0.0225116194417779,0.0271166383068403,-3.6076077798306034,1,0,-0.20293255131964802,0.20293255131964802,0.030857110566569822,-0.9393036097730755,-0.9701607203396453,0.9701607203396453,1,positive,neutral,0,0,1
2020-04-24,0.5,0.45,0.5,6,1928.T,5036,0.011517077045274,0.0049642573471008,0.0065528196981731,1259333310417.0,27.86160357814256,1781.0,1781.0,1749.0,1774.5,1389.2017822265625,1833400.0,-0.0122461318617109,0.0445710548463056,0.0292049725590901,0.0222826931330889,0.0292049725590901,-3.5334162910866045,0,1,-0.4934471803018269,0.4934471803018269,0.8680038456546284,0.7860616967547561,-0.08194214889987228,0.08194214889987228,1,positive,positive,0,1,0
2020-05-15,0.5,0.375,0.5,4,9843.T,3426,0.0081727962638645,0.0040863981319322,0.0040863981319322,395745609168.0,26.70403744068199,3431.0,3471.0,3416.0,3458.0,3309.322021484375,1471500.0,0.0108156289369099,0.0253946256629539,0.0271307594881771,0.0203640470451442,0.0271307594881771,-3.6070871582992585,0,1,-0.4959136018680678,0.4959136018680678,0.8680038456546284,0.3374257716371305,-0.5305780740174979,0.5305780740174979,1,positive,positive,0,1,0
2020-05-21,-0.2,-0.0857142857142857,-0.1,7,8233.T,4826,0.0089100704517198,0.0039370078740157,0.0049730625777041,174381579000.0,25.884511717842575,500.0,501.0,490.5,490.5,434.6205139160156,1542800.0,-0.0110887613359259,0.0300194316127894,0.0281418186482602,0.0217358406664354,0.0281418186482602,-3.5704986008035555,1,0,0.20497306257770412,0.20497306257770412,-1.0853385362175083,0.498707820635777,1.5840463568532854,1.5840463568532854,1,negative,positive,1,0,0
2020-05-25,0.5,0.5,0.5,8,8267.T,6801,0.0089692692251139,0.0058814880164681,0.0030877812086457,668475084406.0059,27.228264961897803,772.6666870117188,772.6666870117188,756.1666870117188,766.6666870117188,711.319091796875,4496100.0,0.0072257855979507,0.0185540593127998,0.03177701839384,0.0237991527241133,0.03177701839384,-3.449011942481377,0,1,-0.4969122187913543,0.4969122187913543,0.8680038456546284,0.15577984648428597,-0.7122239991703424,0.7122239991703424,1,positive,neutral,0,0,1
2020-05-28,0.2,0.06,0.1,10,3382.T,8421,0.0152000950005937,0.0055812848830305,0.0096188101175632,1113962055900.5835,27.73894419572301,1225.6666259765625,1259.0,1219.6666259765625,1256.6666259765625,1108.8458251953125,8148600.0,0.0388535729692316,0.0219264664602147,0.0325133773004152,0.0243353800095661,0.0325133773004152,-3.4261036650907473,0,1,-0.1903811898824368,0.1903811898824368,0.030857110566569822,1.3437576993490292,1.3129005887824594,1.3129005887824594,1,positive,positive,0,1,0
2020-05-28,-0.2,-0.1333333333333333,0.0,6,6506.T,5712,0.0143557422969187,0.0106792717086834,0.0036764705882352,1032124485000.0,27.662640400713308,4000.0,4010.0,3895.0,3955.0,3676.531494140625,2426900.0,0.0,0.0318786167561322,0.0361199711524847,0.0286268705153725,0.0361199711524847,-3.3209093490913486,1,0,0.2036764705882352,0.2036764705882352,-1.0853385362175083,0.2628609748826178,1.3481995111001261,1.3481995111001261,1,negative,neutral,0,0,1
2020-05-28,0.8,0.8,0.8,5,6532.T,4972,0.0094529364440868,0.0062349155269509,0.0032180209171359,552036000.0,20.129123819506116,720.0,727.0,702.0,716.0,671.1063842773438,1807000.0,0.0184923388498159,0.055730566586921,0.0647416740177417,0.0502633644231986,0.0647416740177417,-2.7373501732690393,0,1,-0.7967819790828642,0.7967819790828642,1.7051505807426872,0.17947012429620315,-1.525680456446484,1.525680456446484,1,positive,neutral,0,0,1
2020-05-28,-0.2,-0.1333333333333333,-0.2,3,7453.T,2811,0.0099608680184987,0.0085378868729989,0.0014229811454998,23346857000.0,23.873728208147018,820.0,860.0,815.0,831.5,750.5948486328125,13517200.0,0.0165036890555305,0.0356347893841601,0.0384658337150132,0.0339733012238443,0.0384658337150132,-3.257984867666505,1,0,0.2014229811454998,0.2014229811454998,-1.0853385362175083,-0.14704312858549684,0.9382954076320115,0.9382954076320115,1,negative,neutral,0,0,1
2020-05-28,0.5,0.4285714285714285,0.5,7,9602.T,5912,0.006765899864682,0.0086265223274695,-0.0018606224627875,150814525134.0,25.739316608398987,791.0,799.0,786.0,798.0,717.6360473632812,2086500.0,0.0152670654943267,0.0201978116943094,0.0260361729167543,0.0206581994407987,0.0260361729167543,-3.6482684418455062,1,0,-0.5018606224627875,0.5018606224627875,0.8680038456546284,-0.7443224269370675,-1.6123262725916958,1.6123262725916958,1,positive,neutral,0,0,1
2020-05-29,0.1,0.0833333333333333,0.05,6,3086.T,4967,0.0144956714314475,0.0062411918663176,0.0082544795651298,245329035060.0,26.225866146717827,932.0,951.0,911.0,915.0,777.6705322265625,17087300.0,-0.0488564834407013,0.0417311271758414,0.0455437224775673,0.0340365012646362,0.0455437224775673,-3.0890824808534303,0,1,-0.0917455204348702,0.0917455204348702,-0.24819180112944975,1.0955893781118409,1.3437811792412906,1.3437811792412906,1,neutral,positive,0,0,1
2020-06-12,0.14,0.075,0.05,8,3092.T,7019,0.0034192904972218,0.0044165835589115,-0.0009972930616896,82916202852.75879,25.141096330565787,763.3333129882812,783.3333129882812,747.6666870117188,771.6666870117188,685.7987060546875,5204100.0,-0.0190677266948697,0.0205741372626999,0.0373015043890925,0.0320414518444316,0.0373015043890925,-3.2887216209984342,1,0,-0.14099729306168962,0.14099729306168962,-0.1365722364510419,-0.5872849643052752,-0.45071272785423333,0.45071272785423333,1,positive,neutral,0,0,1
2020-06-15,-0.4,-0.38,-0.4,5,3099.T,4446,0.0105713000449842,0.0114709851551956,-0.0008996851102114,269075358000.0,26.318257318579956,698.0,708.0,681.0,681.0,625.595703125,3054200.0,-0.036775277417565,0.0363267582694356,0.0406114911397134,0.0318595600705768,0.0406114911397134,-3.2037042194228658,0,1,0.39910031488978864,0.39910031488978864,-1.6434363596095478,-0.5695303216238945,1.0739060379856533,1.0739060379856533,1,negative,neutral,0,0,1
2020-06-15,0.5,0.3714285714285714,0.4,7,4568.T,5815,0.0139294926913155,0.0048151332760103,0.0091143594153052,2037697614000.0,28.342841665824608,2914.333251953125,2988.666748046875,2873.333251953125,2874.0,2702.512939453125,3352500.0,-0.0237769269559441,0.0276121237502905,0.0336952117012583,0.0285963696328672,0.0336952117012583,-3.3903995377350697,0,1,-0.4908856405846948,0.4908856405846948,0.8680038456546284,1.2519993760431385,0.3839955303885101,0.3839955303885101,1,positive,positive,0,1,0
2020-06-15,-0.2,-0.1,-0.1,2,6861.T,1754,0.0125427594070695,0.0074116305587229,0.0051311288483466,2560938120000.0,28.571394760417476,43200.0,43460.0,42120.0,42120.0,40956.6796875,490700.0,-0.0317241654448062,0.0168404703341692,0.0228139652482628,0.0195841096760342,0.0228139652482628,-3.7803824196412537,1,0,0.2051311288483466,0.2051311288483466,-1.0853385362175083,0.5274596806301218,1.6127982168476303,1.6127982168476303,1,negative,positive,1,0,0
2020-06-16,0.1,0.075,0.1,4,8697.T,3254,0.0113706207744314,0.0132145052243392,-0.0018438844499078,656137574500.0,27.209636321128528,1185.0,1199.0,1171.0,1195.0,1030.0853271484375,2596600.0,0.0231162221299956,0.0198883457694811,0.0272419422848743,0.0212823583903112,0.0272419422848743,-3.6029974975674723,1,0,-0.1018438844499078,0.1018438844499078,-0.24819180112944975,-0.7412778241831435,-0.49308602305369376,0.49308602305369376,1,neutral,neutral,0,0,1
2020-06-18,-0.2,-0.0714285714285714,0.0,7,2768.T,6406,0.0082734935997502,0.0163908835466749,-0.0081173899469247,1551859381240.0,28.070474928713573,1240.0,1250.0,1220.0,1240.0,975.0797729492188,1724140.0,-0.0040159913975726,0.0203007404667117,0.0316002377157829,0.0235349798799268,0.0316002377157829,-3.454590635766208,0,1,0.1918826100530753,0.1918826100530753,-1.0853385362175083,-1.8824128113679692,-0.7970742751504609,0.7970742751504609,1,negative,negative,0,1,0
2020-06-18,0.1,0.1,0.1,4,4503.T,3873,0.0118770978569584,0.0072295378259746,0.0046475600309837,3904853922500.0,28.99324149071001,1784.0,1787.5,1744.0,1757.5,1451.8359375,3656700.0,-0.0126405231275814,0.0221418170746934,0.0290755182795501,0.0240770767551875,0.0290755182795501,-3.537858755128369,0,1,-0.09535243996901631,0.09535243996901631,-0.24819180112944975,0.43949972005197496,0.6876915211814247,0.6876915211814247,1,neutral,positive,0,0,1
2020-06-18,-0.1,-0.088,-0.1,25,6178.T,26006,0.0089979235561024,0.0110743674536645,-0.0020764438975621,3588300109863.281,28.908699699287023,800.0,804.4000244140625,788.4000244140625,797.4000244140625,631.5906982421875,3990500.0,-0.0160416488576677,0.0311766943472978,0.0277397783901667,0.0206535881738156,0.0277397783901667,-3.5848878529461548,0,1,0.0979235561024379,0.0979235561024379,-0.8062896245214889,-0.7835798070928405,0.022709817428648416,0.022709817428648416,1,neutral,neutral,0,0,1
2020-06-18,-0.2,-0.1428571428571428,0.0,7,6594.T,6320,0.0080696202531645,0.0096518987341772,-0.0015822784810126,1012788374000.0,27.643728409202502,3393.0,3407.5,3347.0,3397.0,3245.072998046875,1929800.0,-0.0017630852339358,0.0215410164816562,0.035660532554744,0.0274830371207012,0.035660532554744,-3.333710732425791,0,1,0.1984177215189874,0.1984177215189874,-1.0853385362175083,-0.6936923515786084,0.3916461846388999,0.3916461846388999,1,negative,neutral,0,0,1
2020-06-18,0.1,0.15,0.0,10,8253.T,9414,0.0116847248778415,0.0055236881240705,0.0061610367537709,252204889920.0,26.25350764934557,1365.0,1379.0,1349.0,1360.0,1134.051025390625,944300.0,-0.0123456973872648,0.0304721032576317,0.0371827441887132,0.0293213253826206,0.0371827441887132,-3.2919104912169086,0,1,-0.0938389632462291,0.0938389632462291,-0.24819180112944975,0.7147973573113261,0.9629891584407758,0.9629891584407758,1,neutral,positive,0,0,1
2020-06-18,0.5,0.3857142857142857,0.4,7,9433.T,6148,0.0073194534808067,0.0076447625243981,-0.0003253090435914,4251607464000.0,29.07831825417867,1594.0,1600.5,1569.5,1580.0,1319.95361328125,7855400.0,-0.0140407909294809,0.0142109289526987,0.0273065362240097,0.0216902380344609,0.0273065362240097,-3.6006291833232287,1,0,-0.5003253090435914,0.5003253090435914,0.8680038456546284,-0.46505274911943884,-1.3330565947740673,1.3330565947740673,1,positive,neutral,0,0,1
2020-06-19,-0.2,-0.3333333333333333,-0.5,6,3401.T,5497,0.0101873749317809,0.0107331271602692,-0.0005457522284882,1743022837050.0,28.186641984532063,1799.0,1799.0,1756.0,1770.0,1495.662109375,1209300.0,-0.0022549389645326,0.0129887479635284,0.0253588698862875,0.0209858856017223,0.0253588698862875,-3.6746267132496175,0,1,0.1994542477715118,0.1994542477715118,-1.0853385362175083,-0.5051508140835659,0.5801877221339424,0.5801877221339424,1,negative,neutral,0,0,1
2020-06-19,-0.1,-0.15,-0.15,4,4061.T,3778,0.0063525674960296,0.0100582318687136,-0.0037056643726839,1249222998401.0,27.853542872689385,2726.0,2730.0,2657.0,2681.0,2178.763671875,630200.0,-0.0114306381512737,0.021403083485819,0.051439809803617,0.0376659916223284,0.051439809803617,-2.967342896500958,0,1,0.09629433562731611,0.09629433562731611,-0.8062896245214889,-1.0799309439306766,-0.2736413194091877,0.2736413194091877,1,neutral,neutral,0,0,1
2020-06-19,0.8,0.76,0.8,5,4523.T,4586,0.0154819014391626,0.0050152638464893,0.0104666375926733,2521404132000.0,28.55583705751435,8598.0,8598.0,8436.0,8502.0,7426.34326171875,951300.0,-0.0070076139541955,0.0154499106979991,0.0346318369283914,0.0276883082757207,0.0346318369283914,-3.3629818775509506,0,1,-0.7895333624073267,0.7895333624073267,1.7051505807426872,1.4979754003464625,-0.20717518039622473,0.20717518039622473,1,positive,positive,0,1,0
2020-06-19,-0.67,-0.6666666666666667,-0.8,3,5411.T,2836,0.020098730606488,0.0126939351198871,0.0074047954866008,512441292000.0,26.962451989202247,864.0,868.0,824.0,834.0,646.10546875,8365100.0,-0.0279721968507921,0.0391510781956648,0.0458284791620808,0.0354872200162046,0.0458284791620808,-3.0828495653433596,1,0,0.6774047954866008,0.6774047954866008,-2.3968684211888007,0.9410339655877913,3.337902386776592,3.337902386776592,1,negative,positive,1,0,0
2020-06-19,-0.2,-0.1416666666666666,-0.1,12,6103.T,5165,0.0112294288480154,0.0127783155856727,-0.0015488867376573,399574812500.0,26.713666849952443,2420.0,2420.0,2347.5,2367.5,2079.81787109375,471400.0,-0.0031582307542168,0.0306587653819871,0.0493497796310669,0.0362015238906953,0.0493497796310669,-3.0088219785418584,0,1,0.19845111326234272,0.19845111326234272,-1.0853385362175083,-0.6876184768296425,0.3977200593878658,0.3977200593878658,1,negative,neutral,0,0,1
2020-06-19,-0.5,-0.5333333333333333,-0.7,3,6902.T,2430,0.0115226337448559,0.0090534979423868,0.0024691358024691,880532724000.0,27.50379292943908,1024.0,1024.0,994.5,996.0,869.485595703125,7686000.0,-0.0225712246748954,0.0217887274331175,0.0327640914768362,0.0245403274780613,0.0327640914768362,-3.4184221353403643,1,0,0.5024691358024691,0.5024691358024691,-1.9224852713055671,0.04324979163935532,1.9657350629449224,1.9657350629449224,1,negative,neutral,0,0,1
2020-06-19,-0.2,-0.225,-0.2,4,6988.T,3717,0.0139897767016411,0.0088781275221953,0.0051116491794457,206772020000.0,26.054882670620263,1180.0,1198.0,1164.0,1190.0,1043.570556640625,6994500.0,0.0,0.0121228627955072,0.0290512608692184,0.0233717600518075,0.0290512608692184,-3.538693393210682,1,0,0.20511164917944572,0.20511164917944572,-1.0853385362175083,0.5239163774908859,1.6092549137083942,1.6092549137083942,1,negative,positive,1,0,0
2020-06-19,-0.5,-0.40625,-0.5,16,7267.T,15425,0.0091410048622366,0.0188006482982171,-0.0096596434359805,1734744663316.939,28.18188135038004,964.5,966.8333129882812,951.3333129882812,957.6666870117188,772.2377319335938,18228600.0,-0.009310366535831,0.0278965447230902,0.0372018495471219,0.0283571094739945,0.0372018495471219,-3.291396799930332,0,1,0.4903403565640195,0.4903403565640195,-1.9224852713055671,-2.16294487056618,-0.2404595992606129,0.2404595992606129,1,negative,negative,0,1,0
2020-06-19,0.2,0.2857142857142857,0.5,14,8001.T,11882,0.0066487123379902,0.012035010940919,-0.0053862986029288,773575983098.9381,27.37428973497138,470.0,470.0,464.7000122070313,465.2000122070313,397.3225402832031,27823500.0,-0.0027866441755942,0.0176159898864629,0.0259119114035189,0.0199143330549242,0.0259119114035189,-3.6530525162483576,1,0,-0.2053862986029288,0.2053862986029288,0.030857110566569822,-1.385634114463457,-1.4164912250300268,1.4164912250300268,1,positive,negative,1,0,0
2020-06-19,-0.2,-0.2461538461538461,-0.3,13,8002.T,11950,0.0107949790794979,0.0215899581589958,-0.0107949790794979,886349910000.0,27.51037764186617,515.0,515.4000244140625,505.0,510.0,409.5832824707031,11344600.0,-0.0041006974517396,0.02416387199232,0.0371866322307071,0.0274720026364089,0.0371866322307071,-3.2918059309211354,0,1,0.18920502092050212,0.18920502092050212,-1.0853385362175083,-2.3694595895907757,-1.2841210533732674,1.2841210533732674,1,negative,negative,0,1,0
2020-06-19,0.0,0.0,0.0,14,8031.T,13915,0.0057491915199425,0.0164570607258354,-0.0107078692058929,1504131346500.0,28.039236669092496,843.5,844.25,830.75,837.25,693.4662475585938,17375400.0,0.0002986346883382,0.0233557194492913,0.0284105851455062,0.0217047547090649,0.0284105851455062,-3.560993486865413,0,0,-0.0107078692058929,0.0107078692058929,-0.5272407128254694,-2.3536145210645456,-1.8263738082390764,1.8263738082390764,1,neutral,negative,0,0,1
2020-06-19,-0.5,-0.375,0.0,8,8053.T,8610,0.0102206736353077,0.0127758420441347,-0.0025551684088269,1587640339656.5,28.09326996673918,1280.0,1282.0,1260.0,1269.5,985.6337280273438,6396100.0,0.0015779764551424,0.0258395492123032,0.0280081889344524,0.0208668584960959,0.0280081889344524,-3.5752583496208623,0,1,0.4974448315911731,0.4974448315911731,-1.9224852713055671,-0.8706586004862606,1.0518266708193065,1.0518266708193065,1,negative,neutral,0,0,1
2020-06-19,-0.2,-0.0428571428571428,0.0,7,8058.T,6641,0.0076795663303719,0.015810871856648,-0.0081313055262761,1249534690983.1543,27.85379235072809,789.5,790.8333129882812,782.3333129882812,785.8333129882812,644.6153564453125,20255700.0,-0.0100777062593917,0.017607270819502,0.0219996151880415,0.0167130548869996,0.0219996151880415,-3.8167303172294575,0,1,0.1918686944737239,0.1918686944737239,-1.0853385362175083,-1.884944020509713,-0.7996054842922047,0.7996054842922047,1,negative,negative,0,1,0
2020-06-22,-0.5,-0.375,-0.4,4,2432.T,3195,0.0128325508607198,0.0156494522691705,-0.0028169014084507,205855695045.0,26.050441250774284,1394.0,1394.0,1354.0,1365.0,1262.424072265625,1205200.0,-0.0270849118534307,0.0235811066434007,0.0312619171983669,0.0263079815767544,0.0312619171983669,-3.4653546251475484,0,1,0.4971830985915493,0.4971830985915493,-1.9224852713055671,-0.9182671796631773,1.00421809164239,1.00421809164239,1,negative,neutral,0,0,1
2020-06-22,0.5,0.5,0.5,3,4689.T,2070,0.0188405797101449,0.002415458937198,0.0164251207729468,3069761849000.0,28.75262110090303,514.0,541.0,514.0,539.0,506.0604248046875,49761700.0,0.0527344636548727,0.018338186873943,0.0373893401215792,0.030758855288772,0.0373893401215792,-3.286369638675752,0,1,-0.4835748792270532,0.4835748792270532,0.8680038456546284,2.5818086146148786,1.7138047689602502,1.7138047689602502,1,positive,positive,0,1,0
2020-06-22,0.5,0.44,0.45,10,6702.T,10003,0.017294811556533,0.0073977806658002,0.0098970308907327,2506792055943.0,28.5500249862888,1205.0,1220.5,1201.0,1211.0,1134.890625,4756000.0,-0.0049302757289666,0.0181704647506337,0.0278192394724289,0.0253892069774004,0.0278192394724289,-3.5820274303001662,0,1,-0.4901029691092673,0.4901029691092673,0.8680038456546284,1.3943653633697743,0.5263615177151459,0.5263615177151459,1,positive,positive,0,1,0
2020-06-22,-0.2,-0.1222222222222222,-0.1,9,7186.T,8756,0.0054819552306989,0.0074234810415714,-0.0019415258108725,459678912000.0,26.853794065310684,356.0,361.0,356.0,357.0,293.0583190917969,1682100.0,0.0,0.0233917489961029,0.0347893726124429,0.0269634011236187,0.0347893726124429,-3.358443323541028,0,1,0.1980584741891275,0.1980584741891275,-1.0853385362175083,-0.7590385439667069,0.3262999922508014,0.3262999922508014,1,negative,neutral,0,0,1
2020-06-22,-0.5,-0.5,-0.5,4,7205.T,3895,0.0077021822849807,0.0156611039794608,-0.0079589216944801,411973860000.0,26.744225737681177,718.0,726.0,707.0,717.0,701.8012084960938,2659200.0,-0.0164609599108765,0.0351532935953782,0.0471375797273327,0.0352900912382487,0.0471375797273327,-3.054684725021045,0,1,0.4920410783055199,0.4920410783055199,-1.9224852713055671,-1.8535878318874286,0.06889743941813853,0.06889743941813853,1,negative,negative,0,1,0
2020-06-22,-0.1,-0.1,-0.2,5,7832.T,4617,0.0119124972926142,0.0062811349361056,0.0056313623565085,427572000000.0,26.781388532194622,1966.3333740234373,1967.6666259765625,1925.6666259765625,1926.0,1741.7664794921875,3474900.0,-0.0280907570695356,0.0170579541953421,0.0243275764950219,0.0226316695941343,0.0243275764950219,-3.716144736888246,1,0,0.10563136235650851,0.10563136235650851,-0.8062896245214889,0.6184509068587728,1.4247405313802617,1.4247405313802617,1,neutral,positive,0,0,1
2020-06-23,0.5,0.5,0.5,7,2801.T,6224,0.0056233933161953,0.0033740359897172,0.0022493573264781,222164448000.0,26.126683701350576,1056.0,1062.0,1020.0,1056.0,994.4861450195312,2179000.0,0.0173407954029773,0.0179136332430297,0.0308016016648593,0.027408223043766,0.0308016016648593,-3.4801885882488492,0,1,-0.4977506426735219,0.4977506426735219,0.8680038456546284,0.0032726355656504066,-0.864731210088978,0.864731210088978,1,positive,neutral,0,0,1
2020-06-23,-0.1,-0.1666666666666666,-0.5,3,3402.T,2916,0.0089163237311385,0.0120027434842249,-0.0030864197530864,851633082000.0,27.470421616087684,523.0,527.5999755859375,515.0,522.0,464.5907287597656,5911500.0,0.0116278289356739,0.0299747693125205,0.0362411028867152,0.0283333004090386,0.0362411028867152,-3.317561365414049,0,1,0.0969135802469136,0.0969135802469136,-0.8062896245214889,-0.9672918936605079,-0.16100226913901905,0.16100226913901905,1,neutral,neutral,0,0,1
2020-06-23,0.5,0.3,0.5,10,4307.T,9057,0.0099370652533951,0.0093850060726509,0.0005520591807441,796059000000.0,27.40293914064701,2938.0,2948.0,2913.0,2924.0,2741.70361328125,1310400.0,0.0027435662897261,0.0190147779976303,0.0359609426991979,0.0293179025689042,0.0359609426991979,-3.3253218545054812,0,1,-0.4994479408192559,0.4994479408192559,0.8680038456546284,-0.30546165959069915,-1.1734655052453276,1.1734655052453276,1,positive,neutral,0,0,1
2020-06-23,0.0,0.1,0.0,5,4506.T,5095,0.0155053974484789,0.0080471050049067,0.0074582924435721,592871000000.0,27.108242674336665,1500.0,1510.0,1451.0,1490.0,1406.76953125,824300.0,0.0067567567567567,0.0282590938508007,0.0329256943389217,0.0274423881608832,0.0329256943389217,-3.4135019430733538,0,0,0.0074582924435721,0.0074582924435721,-0.5272407128254694,0.9507649284979057,1.478005641323375,1.478005641323375,1,neutral,positive,0,0,1
2020-06-23,-0.4,-0.36,-0.4,5,5801.T,4465,0.012094064949608,0.0161254199328107,-0.0040313549832026,1935566881281.0,28.29142136140766,2775.0,2807.0,2725.0,2739.0,2425.399169921875,843300.0,-0.0018222427149728,0.0410001038394578,0.0350767930535136,0.0279076217741304,0.0350767930535136,-3.350215533743884,0,1,0.3959686450167974,0.3959686450167974,-1.6434363596095478,-1.1391732528498606,0.5042631067596872,0.5042631067596872,1,negative,negative,0,1,0
2020-06-23,-0.2,-0.11,-0.15,10,6762.T,7090,0.0101551480959097,0.0149506346967559,-0.0047954866008462,92959941363.46436,25.25543449927813,723.3333129882812,726.0,709.3333129882812,717.3333129882812,650.824951171875,14005500.0,0.0056072153961193,0.0219843653546183,0.0388263573024431,0.03137729546016,0.0388263573024431,-3.2486559510621746,0,1,0.19520451339915382,0.19520451339915382,-1.0853385362175083,-1.2781668863330675,-0.1928283501155592,0.1928283501155592,1,negative,negative,0,1,0
2020-06-23,0.1,0.075,0.05,4,7741.T,3422,0.010812390414962,0.0029222676797194,0.0078901227352425,4181618719200.0,29.061719540899094,10380.0,10510.0,10210.0,10335.0,9895.36328125,727800.0,-0.003855459115008,0.0174344850072374,0.0299064901437071,0.024924132535717,0.0299064901437071,-3.5096797604775256,0,1,-0.0921098772647575,0.0921098772647575,-0.24819180112944975,1.0293137804253714,1.277505581554821,1.277505581554821,1,neutral,positive,0,0,1
2020-06-23,0.0,0.2,0.5,5,8015.T,3285,0.0097412480974124,0.0121765601217656,-0.0024353120243531,332812640000.0,26.530845525941444,949.0,955.0,927.3333129882812,940.0,783.6162719726562,1894500.0,0.0046313721372106,0.0235354276616815,0.0432938008845533,0.0338737913212777,0.0432938008845533,-3.1397458208615063,0,0,-0.0024353120243531,0.0024353120243531,-0.5272407128254694,-0.848857023389442,-0.32161631056397266,0.32161631056397266,1,neutral,neutral,0,0,1
2020-06-23,-0.2,-0.0499999999999999,0.05,4,8035.T,3664,0.0092794759825327,0.0038209606986899,0.0054585152838427,1406487746220.7031,27.972116752588605,8500.0,8573.3330078125,8353.3330078125,8513.3330078125,7446.59619140625,4832400.0,0.0181382017870692,0.0215890859995121,0.0393255308663648,0.0321344490439865,0.0393255308663648,-3.235881330666362,1,0,0.2054585152838427,0.2054585152838427,-1.0853385362175083,0.5870104558788203,1.6723489920963286,1.6723489920963286,1,negative,positive,1,0,0
2020-06-23,-0.08,-0.12,0.0,15,8308.T,14562,0.0059744540585084,0.0100947672023073,-0.0041203131437989,878516604000.0,27.50150064479336,377.5,381.8999938964844,373.8999938964844,378.0,314.4730834960937,6921600.0,0.001324552476464,0.0283152419972906,0.0300347214951288,0.0249028430638989,0.0300347214951288,-3.5054011834005867,0,1,0.0758796868562011,0.0758796868562011,-0.7504798421822849,-1.1553545201652897,-0.4048746779830048,0.4048746779830048,1,neutral,negative,0,0,1
2020-06-23,0.1,0.1,0.0,5,9001.T,4879,0.0114777618364418,0.0077884812461569,0.0036892805902848,3974120300000.0,29.010824531366477,3650.0,3730.0,3635.0,3695.0,3442.2421875,379100.0,0.012328801744321,0.0119120618994786,0.0295646770073331,0.0234698152669753,0.0295646770073331,-3.5211749746013186,0,1,-0.09631071940971521,0.09631071940971521,-0.24819180112944975,0.2651910822733993,0.5133828834028491,0.5133828834028491,1,neutral,neutral,0,0,1
2020-06-23,-0.5,-0.2272727272727272,-0.5,11,9020.T,10407,0.0076871336600365,0.0062457960987796,0.0014413375612568,1037115801391.6016,27.66746470855717,2633.333251953125,2666.0,2614.666748046875,2642.333251953125,2424.390625,3660000.0,0.0035447389388096,0.020570054620314,0.026847169854237,0.0208975076691477,0.026847169854237,-3.617594869384074,1,0,0.5014413375612568,0.5014413375612568,-1.9224852713055671,-0.1437041423887709,1.7787811289167963,1.7787811289167963,1,negative,neutral,0,0,1
2020-06-23,-0.2,-0.12,-0.2,5,9022.T,4698,0.0112813963388676,0.006598552575564,0.0046828437633035,710906000000.0,27.289806049851855,3426.0,3486.0,3401.0,3451.0,3298.751953125,2617000.0,0.0102459488291732,0.0190387853103061,0.0272812790668832,0.0226740951740464,0.0272812790668832,-3.6015545604900656,1,0,0.2046828437633035,0.2046828437633035,-1.0853385362175083,0.4459177428699566,1.5312562790874649,1.5312562790874649,1,negative,positive,1,0,0
2020-06-23,0.2,0.16,0.2,5,9104.T,5218,0.0068991950939057,0.012265235722499,-0.0053660406285933,816253629025.2871,27.427990963499955,678.0,685.3333129882812,664.6666870117188,676.6666870117188,442.9728698730469,6819900.0,0.0149998339256651,0.0329198107180723,0.0425281837541251,0.0340976978404338,0.0425281837541251,-3.157588275680795,1,0,-0.20536604062859332,0.20536604062859332,0.030857110566569822,-1.3819492395088206,-1.4128063500753905,1.4128063500753905,1,positive,negative,1,0,0
2020-06-23,0.2,0.16,0.2,15,9107.T,4707,0.011472275334608,0.0125345230507754,-0.0010622477161674,116483368000.0,25.481014335811928,127.77777862548828,128.55555725097656,123.0,124.0,88.48558044433594,11439000.0,-0.0210525516147001,0.0377296000492392,0.0498625055593785,0.0400014498678127,0.0498625055593785,-2.9984859502564394,1,0,-0.2010622477161674,0.2010622477161674,0.030857110566569822,-0.5991000537860072,-0.629957164352577,0.629957164352577,1,positive,neutral,0,0,1
2020-06-24,-0.14,-0.0714285714285714,-0.1,7,2802.T,6500,0.009076923076923,0.0107692307692307,-0.0016923076923076,533705006419.5,27.00310910082972,915.5,922.25,911.0,914.25,846.0313110351562,2200400.0,-0.0016381303504917,0.014136138916785,0.0220330761740398,0.0194818419639037,0.0220330761740398,-3.8152104922356127,0,1,0.1383076923076924,0.1383076923076924,-0.9179091891998968,-0.7137063904091762,0.20420279879072067,0.20420279879072067,1,negative,neutral,0,0,1
2020-06-24,0.2,0.1666666666666666,0.15,6,2871.T,5546,0.0095564370717634,0.0068517850703209,0.0027046520014424,457089895425.0,26.84814591620954,1545.0,1555.0,1532.5,1545.0,1400.16845703125,620400.0,-0.0080256127745615,0.0203994392459452,0.0273715619920691,0.0215868105360622,0.0273715619920691,-3.5982506880632816,0,1,-0.1972953479985576,0.1972953479985576,0.030857110566569822,0.0860896002320171,0.055232489665447276,0.055232489665447276,1,positive,neutral,0,0,1
2020-06-24,-0.14,-0.0625,-0.1,8,3407.T,7097,0.008876990277582,0.010990559391292,-0.00211356911371,1233180004321.777,27.840617318361964,884.2999877929688,889.7999877929688,876.4000244140625,879.2000122070312,731.4475708007812,3767600.0,-0.0044163105413993,0.022369766325018,0.0342622170938163,0.0287412109302119,0.0342622170938163,-3.3737120744083717,0,1,0.13788643088629002,0.13788643088629002,-0.9179091891998968,-0.7903327912216204,0.12757639797827647,0.12757639797827647,1,negative,neutral,0,0,1
2020-06-24,-0.4,-0.2799999999999999,-0.3,5,4005.T,4507,0.0146438872864433,0.0128688706456623,0.001775016640781,541330842000.0,27.017296466772585,339.0,339.0,327.0,327.0,277.288818359375,14154500.0,-0.0325442769481756,0.0321288926786887,0.0341118378278127,0.0281480778374722,0.0341118378278127,-3.378110804559677,1,0,0.401775016640781,0.401775016640781,-1.6434363596095478,-0.08300875090186571,1.560427608707682,1.560427608707682,1,negative,neutral,0,0,1
2020-06-24,-0.5,-0.3,-0.3,7,4183.T,6995,0.0091493924231593,0.0097212294496068,-0.0005718370264474,1163569856526.0,27.782513857874395,1158.5,1162.0,1138.0,1138.5,932.188232421875,1198200.0,-0.0219070676165535,0.0344347034997588,0.0328157941391628,0.0259385446623011,0.0328157941391628,-3.416845350856735,0,1,0.4994281629735526,0.4994281629735526,-1.9224852713055671,-0.5098955737078372,1.41258969759773,1.41258969759773,1,negative,neutral,0,0,1
2020-06-24,-0.5,-1.0,-1.0,8,4188.T,7331,0.0148683672077479,0.0098213067794298,0.0050470604283181,954082855974.6094,27.58401635574978,640.4000244140625,643.2000122070312,633.0,633.4000244140625,520.0147094726562,5706800.0,-0.0261374779721571,0.025510432941088,0.0275524572606644,0.021695714073999,0.0275524572606644,-3.591663554596064,1,0,0.5050470604283182,0.5050470604283182,-1.9224852713055671,0.5121678449160241,2.4346531162215914,2.4346531162215914,1,negative,positive,1,0,0
2020-06-24,-0.1,0.0,0.0,20,4502.T,18690,0.0080256821829855,0.0142322097378277,-0.0062065275548421,3163506852000.0,28.782702291486437,3991.0,4015.0,3971.0,4003.0,3121.624267578125,4198300.0,-0.0012476034289565,0.0160620033607002,0.0291988585199499,0.0232146553890228,0.0291988585199499,-3.533625662254542,0,1,0.0937934724451579,0.0937934724451579,-0.8062896245214889,-1.5348317129951359,-0.728542088473647,0.728542088473647,1,neutral,negative,0,0,1
2020-06-24,-0.4,-0.38,-0.4,5,4507.T,4092,0.0102639296187683,0.0090420332355816,0.0012218963831867,816040447460.0,27.427729758647757,2342.666748046875,2373.0,2322.0,2324.0,2067.673095703125,4428300.0,-0.0106428575183448,0.0309183769788681,0.0318207229311029,0.025408939362379,0.0318207229311029,-3.4476375369370236,1,0,0.4012218963831867,0.4012218963831867,-1.6434363596095478,-0.18361994481277766,1.4598164147967703,1.4598164147967703,1,negative,neutral,0,0,1
2020-06-24,0.0,0.025,0.05,4,5332.T,3605,0.0130374479889043,0.0099861303744798,0.0030513176144244,746859820000.0,27.339143347173543,4270.0,4270.0,4175.0,4220.0,3779.245361328125,509000.0,-0.0058891594973686,0.0171504576456407,0.0318874218854975,0.0261850197783691,0.0318874218854975,-3.4455436452076036,0,0,0.0030513176144244,0.0030513176144244,-0.5272407128254694,0.14914720973211895,0.6763879225575883,0.6763879225575883,1,neutral,neutral,0,0,1
2020-06-24,-0.5,-0.4444444444444444,-0.5,9,5406.T,8428,0.0099667774086378,0.0162553393450403,-0.0062885619364024,1464744084000.0,28.012701656448662,416.0,418.0,402.0,402.0,313.1068420410156,5041100.0,-0.0266344636548729,0.033115805236626,0.0400690272628911,0.0338102777573952,0.0400690272628911,-3.2171516305735683,0,1,0.4937114380635976,0.4937114380635976,-1.9224852713055671,-1.5497535621901417,0.3727317091154254,0.3727317091154254,1,negative,negative,0,1,0
2020-06-24,0.2,0.16,0.15,20,6645.T,4013,0.0099676052828308,0.0077248940941938,0.0022427111886369,1557614240000.0,28.07417643323277,7220.0,7290.0,7190.0,7280.0,6700.7734375,663900.0,0.0153417163935498,0.0156719570444483,0.0277064572488509,0.0244325500447201,0.0277064572488509,-3.5860897792786877,0,1,-0.19775728881136312,0.19775728881136312,0.030857110566569822,0.002063719685389704,-0.028793390881180117,0.028793390881180117,1,positive,neutral,0,0,1
2020-06-24,0.6,0.5,0.5,5,6701.T,4757,0.0199705696867773,0.0037838974143367,0.0161866722724406,2630780330000.0,28.59830162153252,1022.0,1036.0,1008.0,1010.0,933.3741455078124,8506000.0,-0.0098037984150284,0.0214886809949182,0.0321654611622801,0.0277523331724636,0.0321654611622801,-3.436862036827888,0,1,-0.5838133277275593,0.5838133277275593,1.147052757350648,2.538435427694301,1.3913826703436531,1.3913826703436531,1,positive,positive,0,1,0
2020-06-24,-0.5,-0.5,-0.5,6,6770.T,5851,0.0059818834387284,0.0157238078960861,-0.0097419244573577,288194432000.0,26.38690120040848,1435.0,1473.0,1429.0,1454.0,1262.3818359375,3246000.0,0.0034505574540957,0.0449251926430434,0.0584317363729139,0.0449829983472795,0.0584317363729139,-2.8398961057100855,0,1,0.4902580755426423,0.4902580755426423,-1.9224852713055671,-2.1779115829281075,-0.25542631162254037,0.25542631162254037,1,negative,negative,0,1,0
2020-06-24,0.1,0.1,0.1,4,6841.T,3469,0.0080714903430383,0.0066301527817814,0.0014413375612568,455854928000.0,26.845440455492543,1697.0,1710.0,1680.0,1697.0,1555.698974609375,815100.0,0.0029548887405337,0.0224087784298694,0.0502346594862866,0.039257273801959,0.0502346594862866,-2.991050062506547,0,1,-0.0985586624387432,0.0985586624387432,-0.24819180112944975,-0.1437041423887709,0.10448765874067883,0.10448765874067883,1,neutral,neutral,0,0,1
2020-06-24,0.1,0.1,0.1,4,7004.T,3638,0.0142935678944474,0.0112699285321605,0.0030236393622869,67064316000.0,24.92891793618784,399.0,400.0,393.0,394.0,358.5252685546875,531500.0,-0.0100503664315468,0.0213213196378405,0.0246618694353928,0.0213427442148466,0.0246618694353928,-3.702496975709162,0,1,-0.0969763606377131,0.0969763606377131,-0.24819180112944975,0.14411260477110585,0.3923044059005556,0.3923044059005556,1,neutral,neutral,0,0,1
2020-06-24,0.1,-0.035,-0.05,20,7203.T,19566,0.0090974138812225,0.0124195032198712,-0.0033220893386486,4657841095294.067,29.16957317244513,1379.199951171875,1402.4000244140625,1379.0,1395.4000244140625,1192.1011962890625,26051000.0,0.0117457783979166,0.0190221114066831,0.0273343036603464,0.0217076501543829,0.0273343036603464,-3.599612821247325,1,0,-0.1033220893386486,0.1033220893386486,-0.24819180112944975,-1.0101596028907387,-0.761967801761289,0.761967801761289,1,neutral,neutral,0,0,1
2020-06-24,0.5,0.2142857142857143,0.2,7,7270.T,6439,0.0121136822487963,0.0080757881658642,0.0040378940829321,1856955780000.0,28.249959585414626,2383.0,2403.0,2370.0,2372.0,1976.757568359375,1990100.0,0.000210744953764,0.0258055630524935,0.0348527318668926,0.0276557271790887,0.0348527318668926,-3.3566237555539793,0,1,-0.4959621059170679,0.4959621059170679,0.8680038456546284,0.3286030062214533,-0.5394008394331751,0.5394008394331751,1,positive,positive,0,1,0
2020-06-24,-0.2,-0.1571428571428571,-0.2,7,9021.T,6638,0.0108466405543838,0.0073817414884001,0.0034648990659837,610846455000.0,27.13811146339092,3134.0,3162.5,3129.0,3153.0,2786.33154296875,1708200.0,0.0105769183941191,0.0283923822738439,0.0353947795626203,0.0274644493044293,0.0353947795626203,-3.341190939699653,1,0,0.20346489906598372,0.20346489906598372,-1.0853385362175083,0.2243766432042695,1.3097151794217778,1.3097151794217778,1,negative,neutral,0,0,1
2020-06-24,0.14,0.1266666666666666,0.1,15,9432.T,12846,0.00762883387825,0.00762883387825,0.0,210394150288.73764,26.07224851461328,100.04000091552734,100.58000183105467,99.91999816894533,100.36000061035156,83.5867919921875,95202500.0,-0.0025842399779903,0.0132274767884434,0.0227072526664521,0.018323892912001,0.0227072526664521,-3.7850709047995057,0,0,-0.14,0.14,-0.1365722364510419,-0.405879846271693,-0.26930760982065105,0.26930760982065105,1,positive,neutral,0,0,1
2020-06-25,0.1,0.06,0.1,5,1332.T,3832,0.0070459290187891,0.0073068893528183,-0.0002609603340292,130011619913.0,25.59088966735364,475.0,475.0,466.0,469.0,406.0937194824219,2212600.0,-0.0208767717291803,0.0216413795530033,0.0318201950586675,0.0279464898326305,0.0318201950586675,-3.4476541260263103,1,0,-0.1002609603340292,0.1002609603340292,-0.24819180112944975,-0.4533478795060244,-0.20515607837657465,0.20515607837657465,1,neutral,neutral,0,0,1
2020-06-25,0.1,0.075,0.1,4,1801.T,3899,0.0056424724288279,0.0056424724288279,0.0,4439108979400.0,29.121474791918377,3880.0,3880.0,3775.0,3790.0,3208.000732421875,954600.0,-0.0405062779067977,0.0177608920168933,0.0299873003261359,0.0242608422681495,0.0299873003261359,-3.5069813094083666,0,0,-0.1,0.1,-0.24819180112944975,-0.405879846271693,-0.15768804514224324,0.15768804514224324,1,neutral,neutral,0,0,1
2020-06-25,0.1,0.08,0.1,25,1802.T,3828,0.0047021943573667,0.0039184952978056,0.0007836990595611,708521838000.0,27.28644671846734,996.0,998.0,973.0,982.0,794.9237060546875,2795900.0,-0.0248262170794436,0.020813938599051,0.0324885852365987,0.0253703222933533,0.0324885852365987,-3.4268664748291315,0,1,-0.0992163009404389,0.0992163009404389,-0.24819180112944975,-0.263326943956669,-0.015135142827219256,0.015135142827219256,1,neutral,neutral,0,0,1
2020-06-25,0.14,-0.0142857142857142,0.1,7,3289.T,6927,0.0102497473653818,0.0108271979211779,-0.0005774505557961,320415487000.0,26.49288438742688,509.0,510.0,490.0,500.0,421.6944885253906,4866200.0,-0.0476189655681016,0.0323294750787551,0.0509484882579359,0.0387882312400131,0.0509484882579359,-2.97694019084416,1,0,-0.14057745055579612,0.14057745055579612,-0.1365722364510419,-0.5109166606813701,-0.3743444242303282,0.3743444242303282,1,positive,neutral,0,0,1
2020-06-25,0.5,0.3333333333333333,0.5,3,4021.T,2303,0.0125922709509335,0.0039079461571862,0.0086843247937472,829920000000.0,27.444595147549503,5360.0,5440.0,5280.0,5320.0,4640.66650390625,820400.0,-0.0291973636161666,0.0226819122151206,0.0409798317759688,0.0326051862240677,0.0409798317759688,-3.194675241207413,0,1,-0.4913156752062528,0.4913156752062528,0.8680038456546284,1.1737771520259657,0.30577330637133726,0.30577330637133726,1,positive,positive,0,1,0
2020-06-25,-0.2,-0.1,0.0,5,4043.T,4579,0.0078619785979471,0.0080803668923345,-0.0002183882943874,171618036000.0,25.86853712337225,2495.0,2496.0,2418.0,2454.0,2050.276123046875,361100.0,-0.0288878743663377,0.017505618265309,0.0375433786921516,0.0307489571947181,0.0375433786921516,-3.2822582494189945,0,1,0.19978161170561262,0.19978161170561262,-1.0853385362175083,-0.4456041317824945,0.6397344044350138,0.6397344044350138,1,negative,neutral,0,0,1
2020-06-25,-0.2,0.0,0.0,6,5019.T,5744,0.0102715877437325,0.0060933147632311,0.0041782729805013,72480000000.0,25.00657649868113,457.6000061035156,457.7999877929688,448.7999877929688,453.0,360.9634094238281,9396000.0,-0.0199047667581048,0.0177655737955191,0.0212539960423944,0.0181042031262186,0.0212539960423944,-3.851210352236864,1,0,0.2041782729805013,0.2041782729805013,-1.0853385362175083,0.35413757721287453,1.4394761134303828,1.4394761134303828,1,negative,positive,1,0,0
2020-06-25,-0.4,-0.4,-0.4,5,5802.T,3747,0.0088070456365092,0.0120096076861489,-0.0032025620496397,986868663000.0,27.61780280065641,1252.5,1262.0,1236.5,1243.0,1046.48974609375,3392600.0,-0.0375534979779611,0.02383320285793,0.0334115671050977,0.026552913240747,0.0334115671050977,-3.398853118442682,0,1,0.3967974379503603,0.3967974379503603,-1.6434363596095478,-0.9884178874373504,0.6550184721721974,0.6550184721721974,1,negative,neutral,0,0,1
2020-06-25,-0.4,-0.36,-0.4,5,6113.T,4725,0.0084656084656084,0.0042328042328042,0.0042328042328042,334253660000.0,26.535166002756323,892.0,896.0,875.0,884.0,725.9457397460938,1721800.0,-0.0285713935680469,0.0263250259018069,0.029603048225392,0.0246136451528835,0.029603048225392,-3.5198779423666915,1,0,0.4042328042328042,0.4042328042328042,-1.6434363596095478,0.36405667586153784,2.007493035471086,2.007493035471086,1,negative,positive,1,0,0
2020-06-25,-0.5,-0.3125,-0.5,8,6473.T,6118,0.0117685518143184,0.008989865969271,0.0027786858450474,284240808000.0,26.373087631323312,845.0,847.0,819.0,828.0,709.3201293945312,1565600.0,-0.0438799146513882,0.0321424947280045,0.0452698501554854,0.0347638257981322,0.0452698501554854,-3.095114027557742,1,0,0.5027786858450474,0.5027786858450474,-1.9224852713055671,0.0995561715474654,2.0220414428530327,2.0220414428530327,1,negative,neutral,0,0,1
2020-06-25,0.1,0.0181818181818181,0.0,11,6971.T,10122,0.0082987551867219,0.0112625963248369,-0.0029638411381149,565389418905.0,27.060780567678115,1501.5,1514.25,1485.5,1497.25,1300.166015625,4850800.0,-0.025861993274389,0.0161150074662591,0.0276064677327089,0.0214944198707053,0.0276064677327089,-3.5897051955702994,1,0,-0.10296384113811491,0.10296384113811491,-0.24819180112944975,-0.9449951496326037,-0.696803348503154,0.696803348503154,1,neutral,neutral,0,0,1
2020-06-25,-0.2,-0.3333333333333333,-0.5,6,7012.T,5166,0.008323654665118,0.0121951219512195,-0.0038714672861014,2613139020000.0,28.59157330426648,1612.0,1627.0,1557.0,1564.0,1427.8458251953125,2327200.0,-0.0532687400480985,0.0319625819964882,0.0398778254970453,0.0329045238855572,0.0398778254970453,-3.2219348615274286,0,1,0.1961285327138986,0.1961285327138986,-1.0853385362175083,-1.1100900799301354,-0.02475154371262711,0.02475154371262711,1,negative,neutral,0,0,1
2020-06-25,-0.2,-0.1714285714285714,-0.2,7,7013.T,6254,0.0108730412535976,0.0100735529261272,0.0007994883274704,333666631313.3087,26.5334082216394,220.85714721679688,220.85714721679688,214.14285278320312,215.7142791748047,195.73883056640625,24892700.0,-0.045512055265914,0.0389609650813158,0.0553782193223781,0.0443257725618519,0.0553782193223781,-2.893568915559478,1,0,0.2007994883274704,0.2007994883274704,-1.0853385362175083,-0.2604549155441803,0.824883620673328,0.824883620673328,1,negative,neutral,0,0,1
2020-06-25,-0.5,-0.625,-0.5,4,7211.T,3622,0.0082827167310877,0.0121479845389287,-0.0038652678078409,272474097000.0,26.330809389650785,285.0,285.0,276.0,277.0,256.7178955078125,14793400.0,-0.0513700113130132,0.0374892336532088,0.0403561430969651,0.0317999350546949,0.0403561430969651,-3.21001165057637,0,1,0.4961347321921591,0.4961347321921591,-1.9224852713055671,-1.1089624103124531,0.813522860993114,0.813522860993114,1,negative,neutral,0,0,1
2020-06-25,-0.4,-0.28,-0.3,5,7261.T,4252,0.007761053621825,0.0126999059266227,-0.0049388523047977,388719000000.0,26.68612255449496,664.0,664.0,642.0,648.0,546.72900390625,12500000.0,-0.0498534781944135,0.0437301951746021,0.0453346793295361,0.0368251715569748,0.0453346793295361,-3.0936829912622583,0,1,0.39506114769520234,0.39506114769520234,-1.6434363596095478,-1.3042447499484304,0.3391916096611174,0.3391916096611174,1,negative,negative,0,1,0
2020-06-25,-0.4,-0.44,-0.5,5,7735.T,4695,0.0087326943556975,0.0170394036208732,-0.0083067092651757,638744610000.0,27.18277054007256,2525.0,2530.0,2485.0,2515.0,2230.2744140625,1230000.0,-0.0175782354830127,0.0449573212934039,0.0501378300216338,0.0438556709792427,0.0501378300216338,-2.992979465576364,0,1,0.39169329073482434,0.39169329073482434,-1.6434363596095478,-1.9168495226945033,-0.27341316308495545,0.27341316308495545,1,negative,negative,0,1,0
2020-06-25,-0.2,-0.0058823529411764,0.0,17,8725.T,18005,0.0037211885587336,0.0094418217161899,-0.0057206331574562,632868793115.6616,27.17352895974721,999.6666870117188,1009.0,996.3333129882812,999.3333129882812,780.0919799804688,2752200.0,-0.0154352404879659,0.0143045324883216,0.0212219411279192,0.0173185073475137,0.0212219411279192,-3.85271967364074,0,1,0.19427936684254382,0.19427936684254382,-1.0853385362175083,-1.4464487352169553,-0.36111019899944696,0.36111019899944696,1,negative,negative,0,1,0
2020-06-25,0.0,0.03125,0.0,16,8795.T,16713,0.0052055286304074,0.010052055286304,-0.0048465266558966,644680080000.0,27.19202003069349,957.0,968.0,941.0,946.0,787.705322265625,4472000.0,-0.0405680749693861,0.033624543856647,0.0338149037875011,0.0297219976489771,0.0338149037875011,-3.3868536332202277,0,0,-0.0048465266558966,0.0048465266558966,-0.5272407128254694,-1.287450944917785,-0.7602102320923155,0.7602102320923155,1,neutral,negative,0,0,1
2020-06-25,0.5,0.2764705882352941,0.3,17,9434.T,16039,0.0048007980547415,0.0086663757092088,-0.0038655776544672,810337029.25,20.51296080458502,138.60000610351562,139.14999389648438,137.4499969482422,138.25,103.92788696289062,85009000.0,-0.0096705538436595,0.011262298725668,0.0167729755037665,0.0134604273105319,0.0167729755037665,-4.087986288726884,1,0,-0.5038655776544672,0.5038655776544672,0.8680038456546284,-1.1090187706401997,-1.9770226162948281,1.9770226162948281,1,positive,neutral,0,0,1
2020-06-25,0.5,0.4777777777777777,0.5,9,9735.T,8056,0.0057100297914597,0.0132820258192651,-0.0075719960278053,1089808241465.5,27.71702287143193,4701.5,4720.0,4660.0,4671.5,4202.66845703125,960800.0,-0.0161123390720822,0.0127232600274337,0.0224594581998634,0.0184186427991891,0.0224594581998634,-3.7960434528540126,1,0,-0.5075719960278053,0.5075719960278053,0.8680038456546284,-1.7832070191357097,-2.651210864790338,2.651210864790338,1,positive,negative,1,0,0
2020-06-25,-0.5,-0.6153846153846154,-1.0,26,9984.T,23288,0.0053675712813466,0.0104774991411885,-0.0051099278598419,1611886540012.5,28.108426372928243,1330.0,1360.0,1329.25,1342.5,1297.4566650390625,68488800.0,-0.0048183437316775,0.0199411824832857,0.0546855891980807,0.0447770486873115,0.0546855891980807,-2.906155055852686,0,1,0.4948900721401581,0.4948900721401581,-1.9224852713055671,-1.3353629662958666,0.5871223050097005,0.5871223050097005,1,negative,negative,0,1,0
2020-06-26,0.5,0.45,0.5,6,1721.T,5045,0.0118929633300297,0.0059464816650148,0.0059464816650148,444150000000.0,26.81942818016212,3120.0,3185.0,3110.0,3150.0,2623.55615234375,440700.0,0.0260588798020693,0.0145380163293865,0.0286386584864984,0.0228066496391287,0.0286386584864984,-3.5529977785419686,0,1,-0.4940535183349852,0.4940535183349852,0.8680038456546284,0.6757703223347005,-0.19223352331992793,0.19223352331992793,1,positive,positive,0,1,0
2020-06-26,0.5,0.25,0.25,4,1803.T,3691,0.010024383635871,0.0073150907613112,0.0027092928745597,699412461731.0,27.27350647916216,881.0,891.0,876.0,887.0,765.8905639648438,1909000.0,0.0337997247836501,0.0187826822715042,0.0268298851909461,0.0220721260875545,0.0268298851909461,-3.6182388936836105,0,1,-0.4972907071254403,0.4972907071254403,0.8680038456546284,0.08693376346543658,-0.7810700821891918,0.7810700821891918,1,positive,neutral,0,0,1
2020-06-26,0.2,0.1612903225806451,0.0,31,1812.T,5859,0.0093872674517835,0.003584229390681,0.0058030380611025,1324811936000.0,27.912291630198656,1248.0,1262.0,1242.0,1253.0,1026.523681640625,2657200.0,0.0346821605811251,0.0187533104071214,0.0294753378200344,0.0243334449405587,0.0294753378200344,-3.524201371384877,0,1,-0.19419696193889752,0.19419696193889752,0.030857110566569822,0.6496782889109562,0.6188211783443864,0.6188211783443864,1,positive,positive,0,1,0
2020-06-26,0.1,0.085,0.1,20,1925.T,9945,0.012569130216189,0.0056309703368526,0.0069381598793363,1713564136000.0,28.1695966073826,2546.5,2602.0,2525.5,2572.0,2123.558837890625,1857800.0,0.0196232500111068,0.0243944763050786,0.0341297098818698,0.0267707009496892,0.0341297098818698,-3.377587016484361,0,1,-0.09306184012066371,0.09306184012066371,-0.24819180112944975,0.8561541136503116,1.1043459147797614,1.1043459147797614,1,neutral,positive,0,0,1
2020-06-26,-0.2,-0.1142857142857142,0.0,7,1963.T,6291,0.0065172468605945,0.0103322206326498,-0.0038149737720553,294283072000.0,26.40780797099364,1147.0,1150.0,1126.0,1136.0,1027.2716064453125,1062300.0,0.0170100102034442,0.0333402469440934,0.0439768155025901,0.0365623887841973,0.0439768155025901,-3.124092704330892,0,1,0.1961850262279447,0.1961850262279447,-1.0853385362175083,-1.0998140507694572,-0.014475514551948843,0.014475514551948843,1,negative,neutral,0,0,1
2020-06-26,0.5,0.4166666666666667,0.5,6,2269.T,5414,0.0099741411156261,0.0081270779460657,0.0018470631695604,639741770000.0,27.18433044750341,4195.0,4200.0,4145.0,4190.0,3630.374267578125,467800.0,0.0,0.0119012675958679,0.0182584978796203,0.0166215255522539,0.0182584978796203,-4.003124670089546,0,1,-0.4981529368304396,0.4981529368304396,0.8680038456546284,-0.06990366719157241,-0.9379075128462008,0.9379075128462008,1,positive,neutral,0,0,1
2020-06-26,0.1,0.06,0.1,5,2282.T,4839,0.0157057243232072,0.0055796652200867,0.0101260591031204,874140000000.0,27.49650638284037,4305.0,4315.0,4245.0,4285.0,3799.73193359375,376500.0,0.0118063891817077,0.0177114532233603,0.0353340444183232,0.027838204284775,0.0353340444183232,-3.3429083486938027,0,1,-0.08987394089687961,0.08987394089687961,-0.24819180112944975,1.4360250234007215,1.6842168245301712,1.6842168245301712,1,neutral,positive,0,0,1
2020-06-26,0.1,0.08,0.1,5,3861.T,4620,0.008008658008658,0.0103896103896103,-0.0023809523809523,541770344853.0,27.018108030608836,511.0,513.0,506.0,509.0,432.4556579589844,2841500.0,0.0159682597812358,0.0208857816751475,0.0301079334984362,0.0261964534511974,0.0301079334984362,-3.502966570579522,1,0,-0.10238095238095231,0.10238095238095231,-0.24819180112944975,-0.838969139971624,-0.5907773388421743,0.5907773388421743,1,neutral,neutral,0,0,1
2020-06-26,-0.25,-0.5,-0.5,4,4042.T,4036,0.0061942517343904,0.0116451932606541,-0.0054509415262636,947936067696.0,27.57755289778807,1450.0,1464.0,1441.0,1458.0,1157.647216796875,873400.0,0.0195804424360321,0.0164569238841564,0.0326613747948313,0.0276760864462651,0.0326613747948313,-3.4215620981790495,0,1,0.2445490584737364,0.2445490584737364,-1.2248629920655183,-1.3973925008275598,-0.17252950876204154,0.17252950876204154,1,negative,negative,0,1,0
2020-06-26,-0.5,-0.5,-0.5,7,4208.T,6505,0.0104534973097617,0.0109146810146041,-0.0004611837048424,1946647833000.0,28.29712994922501,1831.0,1841.0,1819.0,1833.0,1440.874267578125,323800.0,0.0127072706762763,0.0236928891444506,0.027309020353742,0.0233521219450041,0.027309020353742,-3.600538215478546,0,1,0.4995388162951576,0.4995388162951576,-1.9224852713055671,-0.4897680107700631,1.432717260535504,1.432717260535504,1,negative,neutral,0,0,1
2020-06-26,0.5,0.5,0.5,5,4543.T,4261,0.0178361886881013,0.0056324806383478,0.0122037080497535,798635280000.0,27.40617020791004,2099.5,2114.5,2085.0,2103.0,2000.1016845703125,3671200.0,0.0081494500653289,0.0174858864096772,0.0321945313626301,0.0259259836009656,0.0321945313626301,-3.435958674313802,0,1,-0.4877962919502465,0.4877962919502465,0.8680038456546284,1.813944179639303,0.9459403339846746,0.9459403339846746,1,positive,positive,0,1,0
2020-06-26,-0.2,-0.1833333333333333,-0.3,6,4661.T,4589,0.007626933972543,0.0108956199607757,-0.0032686859882327,1046336590320.0,27.676316217877435,2901.0,2904.0,2839.0,2877.0,2838.162841796875,6734000.0,-0.0086148597653753,0.0176542079720616,0.0249828151231504,0.0241385866180167,0.0249828151231504,-3.6895670855522376,0,1,0.1967313140117673,0.1967313140117673,-1.0853385362175083,-1.0004456667793489,0.08489286943815944,0.08489286943815944,1,negative,neutral,0,0,1
2020-06-26,-0.2,-0.0999999999999999,-0.05,6,5706.T,4602,0.0065189048239895,0.0171664493698392,-0.0106475445458496,1265681894000.0,27.8666321395149,2223.0,2237.0,2190.0,2209.0,1851.697265625,493700.0,0.0133027725788481,0.0238044348529452,0.0338403485771473,0.0303425162899202,0.0338403485771473,-3.3861014435540433,0,1,0.18935245545415041,0.18935245545415041,-1.0853385362175083,-2.342641616011992,-1.2573030797944837,1.2573030797944837,1,negative,negative,0,1,0
2020-06-26,-0.1,0.0,0.1,4,5713.T,3541,0.0110138378988986,0.0098842134990115,0.001129624399887,1757098188000.0,28.194684807465062,2992.5,3021.0,2970.0,3021.0,2503.98681640625,917100.0,0.024067814751933,0.0217768175978938,0.0359736268804723,0.0305664524162797,0.0359736268804723,-3.3249691956523044,1,0,0.101129624399887,0.101129624399887,-0.8062896245214889,-0.20040398820451297,0.6058856363169759,0.6058856363169759,1,neutral,neutral,0,0,1
2020-06-26,0.1,0.0666666666666666,0.1,3,6146.T,2837,0.0081071554458935,0.0049347902714134,0.00317236517448,314346705016.6016,26.473762369826485,8720.0,8846.6669921875,8680.0,8783.3330078125,8036.6298828125,629100.0,0.0213179013705464,0.0197296798313009,0.0361404774298926,0.0315836096686826,0.0361404774298926,-3.3203417833382796,0,1,-0.09682763482552001,0.09682763482552001,-0.24819180112944975,0.17116545869332322,0.41935725982277294,0.41935725982277294,1,neutral,neutral,0,0,1
2020-06-26,-0.2,-0.0428571428571428,0.0,7,6273.T,3193,0.006263701847792,0.010961478233636,-0.004697776385844,3778053520000.0,28.96023005113304,56200.0,56420.0,55770.0,56080.0,52146.4609375,130500.0,0.0066415979529186,0.020298399382112,0.0248475769062442,0.024276439275769,0.0248475769062442,-3.694995039996842,0,1,0.195302223614156,0.195302223614156,-1.0853385362175083,-1.2603936421719868,-0.17505510595447848,0.17505510595447848,1,negative,negative,0,1,0
2020-06-26,-0.1,-0.0833333333333333,-0.05,6,6367.T,5038,0.0091306073838824,0.0121079793568876,-0.0029773719730051,5034215775000.0,29.247278875251062,17055.0,17195.0,16960.0,17175.0,16087.0576171875,807000.0,0.018683111061255,0.0129137073534235,0.0251702953307126,0.0222386822369119,0.0251702953307126,-3.6820907364626443,0,1,0.0970226280269949,0.0970226280269949,-0.8062896245214889,-0.9474563747174258,-0.14116675019593694,0.14116675019593694,1,neutral,neutral,0,0,1
2020-06-26,0.0,0.0,0.0,4,6479.T,3721,0.0104810534802472,0.0061811341037355,0.0042999193765116,781969514505.0,27.385081592722877,1990.0,1990.0,1950.0,1959.0,1798.041259765625,787200.0,0.0025588827194522,0.0242329934492107,0.0369698350970648,0.0306448853707231,0.0369698350970648,-3.297652966496214,0,0,0.0042999193765116,0.0042999193765116,-0.5272407128254694,0.37626475293915723,0.9035054657646266,0.9035054657646266,1,neutral,positive,0,0,1
2020-06-26,-0.1,0.0142857142857142,0.0,7,6503.T,6378,0.0095641266854813,0.013327061774851,-0.0037629350893697,2981388588500.0,28.723410277211183,1387.0,1397.0,1384.5,1388.5,1227.4571533203125,3708400.0,0.0083514439561462,0.0192406566384542,0.0250413789615852,0.0220373764590343,0.0250413789615852,-3.687225663915709,0,1,0.0962370649106303,0.0962370649106303,-0.8062896245214889,-1.0903483443111164,-0.2840587197896275,0.2840587197896275,1,neutral,neutral,0,0,1
2020-06-26,-0.1,-0.075,-0.0499999999999999,4,6674.T,3626,0.0082735797021511,0.0118587975730832,-0.0035852178709321,780000564000.0,27.38256047970671,1880.0,1898.0,1864.0,1886.0,1682.6710205078125,313800.0,0.0134335941753254,0.0222907362687706,0.0388551690640555,0.031087193161037,0.0388551690640555,-3.2479141591772516,0,1,0.0964147821290679,0.0964147821290679,-0.8062896245214889,-1.0580220259743036,-0.2517324014528147,0.2517324014528147,1,neutral,neutral,0,0,1
2020-06-26,-0.5,-0.5,-0.6,4,6724.T,3425,0.0151824817518248,0.0090510948905109,0.0061313868613138,489952237828.0,26.917573749479796,1254.0,1254.0,1225.0,1226.0,1018.5614624023438,2327500.0,0.0016341268786141,0.0281091521297438,0.0427009055725129,0.0338166566226732,0.0427009055725129,-3.1535351511852525,1,0,0.5061313868613138,0.5061313868613138,-1.9224852713055671,0.7094041158986656,2.631889387204233,2.631889387204233,1,negative,positive,1,0,0
2020-06-26,-0.2,-0.2,-0.5,5,6752.T,4947,0.0060642813826561,0.0121285627653123,-0.0060642813826561,2299737187500.0,28.463815966030413,928.7000122070312,941.7999877929688,927.5,937.5,820.4678955078125,7854400.0,0.0137327226750476,0.0223796773025946,0.030586464207735,0.0283699961193454,0.030586464207735,-3.4871977140401733,0,1,0.1939357186173439,0.1939357186173439,-1.0853385362175083,-1.5089574894128424,-0.42361895319533405,0.42361895319533405,1,negative,negative,0,1,0
2020-06-26,-0.1,-0.1956521739130435,0.0,23,6758.T,23502,0.0056165432729129,0.0143392051740277,-0.0087226619011147,1898538538845.2148,28.272105516041,1506.4000244140625,1510.800048828125,1498.800048828125,1503.800048828125,1454.1998291015625,20696000.0,-0.0047652250104512,0.0140494784052461,0.0212315422730964,0.020902962735321,0.0212315422730964,-3.8522673599754422,0,1,0.0912773380988853,0.0912773380988853,-0.8062896245214889,-1.9925102686853131,-1.1862206441638241,1.1862206441638241,1,neutral,negative,0,0,1
2020-06-26,-0.1,-0.2,-0.25,4,6857.T,3866,0.0106052767718572,0.0124159337816864,-0.0018106570098292,305836427500.0,26.446316245322063,1507.5,1535.0,1507.5,1532.5,1447.0108642578125,8995600.0,0.0250836010498234,0.0267579665429408,0.0444144742023359,0.037459684198174,0.0444144742023359,-3.1141898671208557,0,1,0.0981893429901708,0.0981893429901708,-0.8062896245214889,-0.7352338357900022,0.07105578873148666,0.07105578873148666,1,neutral,neutral,0,0,1
2020-06-26,-0.2,-0.15,-0.15,4,6952.T,3203,0.0103028410864814,0.0090540118638776,0.0012488292226038,499571837298.0,26.93701724310856,1850.0,1879.0,1839.0,1857.0,1556.3807373046875,1103400.0,0.0158645385510152,0.0317145294400123,0.035191667894074,0.029772585826619,0.035191667894074,-3.3469459319524564,1,0,0.20124882922260381,0.20124882922260381,-1.0853385362175083,-0.17872092856457353,0.9066176076529348,0.9066176076529348,1,negative,neutral,0,0,1
2020-06-26,-0.4,-0.4,-0.4,5,6963.T,4502,0.0091070635273211,0.0124389160373167,-0.0033318525099955,203836500000.0,26.04058403885313,1785.0,1802.5,1767.5,1797.5,1600.4122314453125,1959600.0,0.0084153208388662,0.0257056685082135,0.0330788848706809,0.0293307901620618,0.0330788848706809,-3.4088601194709955,0,1,0.3966681474900045,0.3966681474900045,-1.6434363596095478,-1.0119354993835568,0.6315008602259911,0.6315008602259911,1,negative,neutral,0,0,1
2020-06-26,-0.2,-0.1166666666666666,-0.05,6,6981.T,5378,0.0078095946448493,0.011714391967274,-0.0039047973224246,481011574334.7168,26.8991571698286,2134.0,2143.0,2123.666748046875,2135.333251953125,1930.7099609375,4320300.0,0.0029744817042043,0.01597766377878,0.0237397989666853,0.022375554695086,0.0237397989666853,-3.7406023579626155,0,1,0.1960952026775754,0.1960952026775754,-1.0853385362175083,-1.1161527303240228,-0.030814194106514536,0.030814194106514536,1,negative,neutral,0,0,1
2020-06-26,-0.1,-0.025,-0.05,4,7011.T,3775,0.0095364238410596,0.0124503311258278,-0.0029139072847682,848640913145.5536,27.466901981073725,255.0500030517578,256.6499938964844,250.1999969482422,251.5500030517578,225.6430511474609,18055000.0,-0.0019837166912689,0.024384778313112,0.0284039766716888,0.0229542338322977,0.0284039766716888,-3.561226119966359,0,1,0.0970860927152318,0.0970860927152318,-0.8062896245214889,-0.9359123063759953,-0.12962268185450643,0.12962268185450643,1,neutral,neutral,0,0,1
2020-06-26,-0.5,-0.2142857142857142,0.0,7,7269.T,2604,0.0126728110599078,0.0145929339477726,-0.0019201228878648,464854250000.0,26.864989752540698,940.0,952.75,935.0,946.75,846.6630249023438,6262400.0,0.0144656344100175,0.0295641597476923,0.045901188644629,0.0363037008731081,0.045901188644629,-3.0812642658537976,0,1,0.4980798771121352,0.4980798771121352,-1.9224852713055671,-0.7551454057071288,1.1673398655984384,1.1673398655984384,1,negative,neutral,0,0,1
2020-06-26,-0.5,-0.5,-0.5,4,7731.T,3704,0.0105291576673866,0.0132289416846652,-0.0026997840172786,367205164000.0,26.629186558774688,940.0,941.0,911.0,916.0,775.966552734375,2096400.0,-0.0086580569288199,0.0313425028814253,0.0299566462682169,0.0252107848681433,0.0299566462682169,-3.50800406691209,0,1,0.4973002159827214,0.4973002159827214,-1.9224852713055671,-0.8969638186096413,1.025521452695926,1.025521452695926,1,negative,neutral,0,0,1
2020-06-26,0.2,0.24,0.5,5,7912.T,4980,0.010441767068273,0.0088353413654618,0.0016064257028112,846857360000.0,27.464798111277243,1238.5,1253.5,1228.5,1244.5,1116.8282470703125,1114400.0,0.0238584731790254,0.0186066638569453,0.0310935732036764,0.0252848403586814,0.0310935732036764,-3.4707541305513505,0,1,-0.19839357429718882,0.19839357429718882,0.030857110566569822,-0.11367502160667758,-0.1445321321732474,0.1445321321732474,1,positive,neutral,0,0,1
2020-06-26,-0.2,-0.04,0.0,15,8316.T,14013,0.004995361450082,0.0074216798686933,-0.0024263184186112,1448464369413.0708,28.00152505558822,1022.6666870117188,1032.3333740234375,1018.6666870117188,1024.3333740234375,802.84716796875,16240800.0,0.0168763692409357,0.0241479381134837,0.0257780469255668,0.0221492565752849,0.0257780469255668,-3.658232043628532,0,1,0.1975736815813888,0.1975736815813888,-1.0853385362175083,-0.8472211089588404,0.2381174272586679,0.2381174272586679,1,negative,neutral,0,0,1
2020-06-26,0.1,0.02,0.0,10,8354.T,9004,0.0045535317636605,0.0065526432696579,-0.0019991115059973,1494264618000.0,28.03265530743712,1750.0,1755.0,1733.0,1738.0,1410.66748046875,426700.0,0.0145942566962482,0.0249008493266723,0.0313362152953719,0.0265304760600929,0.0313362152953719,-3.4629808120980456,1,0,-0.1019991115059973,0.1019991115059973,-0.24819180112944975,-0.7695132381388113,-0.5213214370093616,0.5213214370093616,1,neutral,neutral,0,0,1
2020-06-26,0.2,0.0733333333333333,0.0,15,8411.T,13542,0.0063506129079899,0.0059813912272928,0.000369221680697,33490842450000.0,31.142293157688503,1328.0,1348.0,1325.0,1338.0,1053.306396484375,7883310.0,0.015174284201965,0.0225566265200668,0.0245583593464727,0.0227422588574176,0.0245583593464727,-3.706702979788256,0,1,-0.199630778319303,0.199630778319303,0.030857110566569822,-0.33871934436874934,-0.36957645493531915,0.36957645493531915,1,positive,neutral,0,0,1
2020-06-26,0.1,0.0,0.0,24,8601.T,12211,0.0097453116042912,0.0132667267218082,-0.0035214151175169,798066264954.712,27.40545746973905,456.2999877929688,459.2999877929688,453.0,456.2000122070313,347.01666259765625,4198200.0,0.0176223146897904,0.0194831357618798,0.028670850955183,0.0252870157519187,0.028670850955183,-3.5518743184954866,1,0,-0.1035214151175169,0.1035214151175169,-0.24819180112944975,-1.0464164644209695,-0.7982246632915198,0.7982246632915198,1,neutral,neutral,0,0,1
2020-06-26,0.1,0.0307692307692307,0.0,13,8630.T,12963,0.0035485612898248,0.0077142636735323,-0.0041657023837074,511575196432.6172,26.96076042313141,1236.3333740234375,1241.6666259765625,1225.0,1231.6666259765625,992.9044189453124,2779800.0,0.0112203198037301,0.0269147061694724,0.0365239583378624,0.0288449754578757,0.0365239583378624,-3.309786840907086,1,0,-0.10416570238370741,0.10416570238370741,-0.24819180112944975,-1.1636107095837807,-0.9154189084543309,0.9154189084543309,1,neutral,negative,0,0,1
2020-06-26,-0.1,-0.0666666666666666,0.0,12,8766.T,11319,0.0025620637865535,0.0075978443325382,-0.0050357805459846,1207745794823.7305,27.819776758548105,1553.6666259765625,1603.6666259765625,1551.6666259765625,1594.3333740234375,1303.9835205078125,5884200.0,0.0263949351272401,0.0221684714130163,0.0268620538531088,0.0217028615160902,0.0268620538531088,-3.61704062569089,0,1,0.09496421945401541,0.09496421945401541,-0.8062896245214889,-1.3218757550248197,-0.5155861305033308,0.5155861305033308,1,neutral,negative,0,0,1
2020-06-26,0.2,0.1857142857142857,0.2,7,8801.T,6753,0.0096253516955427,0.0109580926995409,-0.0013327410039982,635337526496.0938,27.177422232412056,644.1666870117188,647.8333129882812,639.3333129882812,640.8333129882812,569.6785278320312,14850600.0,0.0099816380019019,0.0233018714363978,0.0345061885223072,0.0287675846285263,0.0345061885223072,-3.366616593572856,1,0,-0.2013327410039982,0.2013327410039982,0.030857110566569822,-0.6483021075164385,-0.6791592180830083,0.6791592180830083,1,positive,neutral,0,0,1
2020-06-26,0.14,0.1125,0.15,8,8802.T,6695,0.0161314413741598,0.0100074682598954,0.0061239731142643,2233672780500.0,28.434668333376514,1587.5,1614.0,1582.5,1606.5,1457.509033203125,5261600.0,0.0142044001838153,0.0314925722825696,0.0363035702727213,0.0299761436250244,0.0363035702727213,-3.315839187927409,0,1,-0.13387602688573572,0.13387602688573572,-0.1365722364510419,0.7080555738198636,0.8446278102709055,0.8446278102709055,1,positive,positive,0,1,0
2020-06-26,0.1,0.0333333333333333,0.05,6,9005.T,5482,0.0116745713243341,0.0085735133163079,0.0031010580080262,1948343101000.0,28.29800043551664,1557.0,1566.0,1541.0,1559.0,1465.53662109375,1147100.0,0.0169602132167228,0.0216411819704649,0.0273380542033177,0.0218784402473759,0.0273380542033177,-3.599475620543944,0,1,-0.09689894199197381,0.09689894199197381,-0.24819180112944975,0.1581948631441305,0.4063866642735803,0.4063866642735803,1,neutral,neutral,0,0,1
2020-06-26,-0.2,-0.08,0.0,5,9007.T,4371,0.0123541523678792,0.0073209791809654,0.0050331731869137,2008311375000.0,28.328315372967428,2712.0,2741.0,2695.0,2725.0,2531.62109375,768300.0,0.0088857076113879,0.01556236094596,0.0287465125576972,0.0231511349214698,0.0287465125576972,-3.5492388214374686,1,0,0.20503317318691372,0.20503317318691372,-1.0853385362175083,0.5096417903760898,1.594980326593598,1.594980326593598,1,negative,positive,1,0,0
2020-06-26,-0.5,-0.4166666666666667,-0.5,6,9008.T,5663,0.0109482606392371,0.0056507151686385,0.0052975454705986,4113626572800.0,29.045326133180463,6340.0,6440.0,6290.0,6400.0,5946.69140625,186000.0,0.0191083697963343,0.0166047843502399,0.0311961224220917,0.0247223848195796,0.0311961224220917,-3.467461473233481,1,0,0.5052975454705986,0.5052975454705986,-1.9224852713055671,0.5577304487343625,2.4802157200399297,2.4802157200399297,1,negative,positive,1,0,0
2020-06-26,0.0,0.04,0.1,5,9009.T,5029,0.0101411811493338,0.0031815470272419,0.0069596341220918,401717630000.0,26.719015265822563,1151.6666259765625,1168.3333740234375,1141.6666259765625,1165.0,1116.7476806640625,1412400.0,0.0279409600066518,0.0197003356300838,0.0309042767671553,0.0265359973736781,0.0309042767671553,-3.4768606979517065,0,0,0.0069596341220918,0.0069596341220918,-0.5272407128254694,0.8600602247939543,1.3873009376194236,1.3873009376194236,1,neutral,positive,0,0,1
2020-06-26,-0.2,-0.3125,-0.5,8,9501.T,8083,0.0054435234442657,0.0129902264010887,-0.0075467029568229,539957712000.0,27.014756662327144,339.0,340.0,334.0,336.0,336.0,4948200.0,0.0059880239520957,0.0199225330902882,0.0308985695262664,0.0239790437740818,0.0308985695262664,-3.477045389798358,0,1,0.19245329704317712,0.19245329704317712,-1.0853385362175083,-1.7786062726718561,-0.6932677364543478,0.6932677364543478,1,negative,negative,0,1,0
2020-06-26,0.2,0.08,0.1,5,9502.T,4401,0.0059077482390365,0.0049988638945694,0.0009088843444671,1041492000000.0,27.67167541638894,1386.5,1386.5,1366.5,1374.0,1136.6800537109375,2139300.0,0.0014576049162573,0.0094395432046412,0.0261487073152278,0.0206520492650992,0.0261487073152278,-3.6439555231451703,0,1,-0.19909111565553292,0.19909111565553292,0.030857110566569822,-0.24055605317561132,-0.27141316374218116,0.27141316374218116,1,positive,neutral,0,0,1
2020-06-26,0.1,0.05,0.05,4,9503.T,3837,0.0018243419338024,0.0093823299452697,-0.0075579880114672,973935487500.0,27.60461090379575,1018.5,1038.0,1018.5,1037.5,855.89990234375,2561700.0,0.0216643136608054,0.0159154272029773,0.0282867652980339,0.0227320152115984,0.0282867652980339,-3.565361241032021,1,0,-0.10755798801146721,0.10755798801146721,-0.24819180112944975,-1.7806589959368675,-1.5324671948074178,1.5324671948074178,1,neutral,negative,0,0,1
2020-06-26,0.0,-0.2222222222222222,-0.5,9,9531.T,7832,0.0074055158324821,0.0118743615934627,-0.0044688457609805,6049467672000.0,29.430991396000945,2508.0,2530.0,2491.0,2524.0,2220.372314453125,957800.0,0.006179143609108,0.0144607676310162,0.0278975305484792,0.0218428512978458,0.0278975305484792,-3.579217104879327,0,0,-0.0044688457609805,0.0044688457609805,-0.5272407128254694,-1.2187517330680502,-0.6915110202425808,0.6915110202425808,1,neutral,negative,0,0,1
2020-06-29,0.1,0.1,0.1,3,4063.T,2792,0.0064469914040114,0.0089541547277936,-0.0025071633237822,1061252336000.0,27.690470775747404,2466.0,2474.0,2445.0,2456.0,2189.387451171875,4339500.0,-0.0160256139463461,0.0168625611379243,0.0324593420431157,0.0286230452631619,0.0324593420431157,-3.4277669868757505,1,0,-0.10250716332378221,0.10250716332378221,-0.24819180112944975,-0.8619265953683344,-0.6137347942388847,0.6137347942388847,1,neutral,neutral,0,0,1
2020-06-29,-0.25,-0.0625,0.0,8,4901.T,6668,0.0064487102579484,0.012747450509898,-0.0062987402519496,793553292000.0,27.399786535338222,1555.3333740234375,1555.3333740234375,1538.0,1542.0,1402.9935302734375,5235300.0,-0.0176258257057523,0.0153865925258485,0.0344660571862229,0.0287374622858441,0.0344660571862229,-3.3677802889172894,0,1,0.2437012597480504,0.2437012597480504,-1.2248629920655183,-1.5516049723765266,-0.3267419803110083,0.3267419803110083,1,negative,negative,0,1,0
2020-06-29,-0.2,-0.075,0.0,4,5233.T,3636,0.0057755775577557,0.0112761276127612,-0.0055005500550055,3030134400000.0,28.739628090901757,2425.0,2458.0,2386.0,2448.0,2125.64208984375,770900.0,0.0024569124972324,0.0358340027329854,0.0406729759669492,0.0330475991769666,0.0406729759669492,-3.20219138822274,0,1,0.19449944994499452,0.19449944994499452,-1.0853385362175083,-1.4064161683507752,-0.3210776321332669,0.3210776321332669,1,negative,negative,0,1,0
2020-06-29,-0.5,-0.375,-0.4,4,5333.T,3643,0.0085094702168542,0.0175679385122152,-0.0090584682953609,477910325964.0,26.892688949252527,1467.0,1475.0,1450.0,1459.0,1246.12744140625,864200.0,-0.0161833843186107,0.0246810275103704,0.0357891919101354,0.0280828217401775,0.0357891919101354,-3.330109333108576,0,1,0.4909415317046391,0.4909415317046391,-1.9224852713055671,-2.0535926134089983,-0.13110734210343122,0.13110734210343122,1,negative,negative,0,1,0
2020-06-29,-0.5,-1.0,-1.0,9,6301.T,8391,0.00631629126445,0.0115600047670122,-0.0052437135025622,2092644951000.0,28.369449908595456,2125.0,2186.0,2121.0,2153.0,1763.3818359375,3228300.0,0.0013954461455532,0.0197304264396735,0.0314783301451772,0.0255395933918674,0.0314783301451772,-3.4584559017834122,0,1,0.4947562864974378,0.4947562864974378,-1.9224852713055671,-1.3596982406912963,0.5627870306142708,0.5627870306142708,1,negative,negative,0,1,0
2020-06-29,0.1,0.1,0.1,3,6976.T,2939,0.0108880571623001,0.0125893160939094,-0.0017012589316093,404215080225.0,26.725212950039865,3405.0,3475.0,3350.0,3355.0,2998.830322265625,2311100.0,-0.0161289469915348,0.0236857099610387,0.0316187318470095,0.0308831696646901,0.0316187318470095,-3.45400555404526,1,0,-0.1017012589316093,0.1017012589316093,-0.24819180112944975,-0.7153345984900794,-0.4671427973606297,0.4671427973606297,1,neutral,neutral,0,0,1
2020-06-29,-0.2,-0.3666666666666667,-0.5,6,7202.T,6249,0.008321331413026,0.013442150744119,-0.0051208193310929,801589727314.478,27.409862751968447,950.5,962.9000244140624,938.4000244140624,944.7999877929688,754.9794921875,2056600.0,-0.0283835442382738,0.030523718725946,0.0412411702572934,0.0345659660023628,0.0412411702572934,-3.188318243482998,0,1,0.1948791806689071,0.1948791806689071,-1.0853385362175083,-1.337344097724275,-0.2520055615067667,0.2520055615067667,1,negative,negative,0,1,0
2020-06-29,0.1,2.775557561562892e-18,0.05,10,7752.T,9505,0.0087322461862177,0.0093634928984744,-0.0006312467122567,557939088000.0,27.047515632078877,767.0,770.0,747.0,749.0,651.6900634765625,5116300.0,-0.0518985533254618,0.0304085281368377,0.0372835253638553,0.0333284396363452,0.0372835253638553,-3.2892037291545884,1,0,-0.1006312467122567,0.1006312467122567,-0.24819180112944975,-0.5207020472315932,-0.27251024610214347,0.27251024610214347,1,neutral,neutral,0,0,1
2020-06-29,0.8,0.8,0.8,3,7974.T,2929,0.0061454421304199,0.0040969614202799,0.0020484807101399,680577876000.0,27.24620809187305,4823.0,4854.0,4786.0,4804.0,4146.423828125,6116000.0,-0.0094846842307239,0.0139071086993988,0.0181133774382666,0.0175925193322812,0.0181133774382666,-4.011104528712061,0,1,-0.7979515192898602,0.7979515192898602,1.7051505807426872,-0.033266319428462934,-1.7384169001711502,1.7384169001711502,1,positive,neutral,0,0,1
2020-06-29,0.0,0.0,0.0,15,8309.T,15686,0.0056738492923626,0.0084788983807216,-0.002805049088359,5715679375500.0,29.374234281963165,1474.75,1484.0,1454.75,1464.25,1163.677490234375,3211600.0,-0.0202407371016664,0.0261417550361359,0.0258406955292693,0.0241787744766027,0.0258406955292693,-3.655804683662598,0,0,-0.002805049088359,0.002805049088359,-0.5272407128254694,-0.9161112722295448,-0.38887055940407544,0.38887055940407544,1,neutral,neutral,0,0,1
2020-06-29,0.5,0.375,0.5,4,8830.T,3995,0.0142678347934918,0.0060075093867334,0.0082603254067584,685801851309.0,27.253854576459776,1457.5,1465.75,1438.0,1440.5,1340.546875,2176600.0,-0.0307822072718694,0.026125869853276,0.0417847205769105,0.0347255336941587,0.0417847205769105,-3.175224542713703,0,1,-0.4917396745932416,0.4917396745932416,0.8680038456546284,1.0966527221090863,0.22864887645445786,0.22864887645445786,1,positive,positive,0,1,0
2020-06-29,0.2,0.0857142857142857,0.0,7,9101.T,7084,0.0079051383399209,0.0125635234330886,-0.0046583850931677,846307032701.1108,27.464148053526632,494.6666564941406,500.6666564941406,492.6666564941406,497.6666564941406,308.4222412109375,4323300.0,-0.0177631811691307,0.0247046397183551,0.0357028340124805,0.0301698711214537,0.0357028340124805,-3.3325252092441997,1,0,-0.20465838509316772,0.20465838509316772,0.030857110566569822,-1.253228464380282,-1.2840855749468518,1.2840855749468518,1,positive,negative,1,0,0
2020-06-29,0.2,0.1428571428571428,0.2,7,9532.T,6333,0.0067898310437391,0.0090004737091425,-0.0022106426654034,4398057400000.0,29.112184059362946,2130.0,2135.0,2103.0,2111.0,1822.509521484375,1090600.0,-0.011241254649584,0.0123441090172819,0.0241024138654294,0.0204372335608112,0.0241024138654294,-3.7254432831099833,1,0,-0.20221064266540342,0.20221064266540342,0.030857110566569822,-0.807990227916353,-0.8388473384829228,0.8388473384829228,1,positive,neutral,0,0,1
2020-06-29,-0.5,-0.35,-0.4,6,9766.T,4730,0.0057082452431289,0.0052854122621564,0.0004228329809725,503685000000.0,26.945216909623863,3635.0,3645.0,3505.0,3510.0,3267.67041015625,668600.0,-0.0409836776219818,0.0211512361397016,0.0342192119564911,0.0292731994787967,0.0342192119564911,-3.374968039524018,1,0,0.5004228329809725,0.5004228329809725,-1.9224852713055671,-0.3289675826970755,1.5935176886084916,1.5935176886084916,1,negative,neutral,0,0,1
2020-06-30,-0.2,-0.1,0.0,5,5631.T,4664,0.0087907375643224,0.0066466552315608,0.0021440823327615,568709908116.0,27.06663631350233,1546.0,1571.0,1531.0,1531.0,1391.8267822265625,372600.0,0.0152520498539876,0.0417588441412173,0.0417137004552968,0.035995624674041,0.0417137004552968,-3.1769256560488337,1,0,0.20214408233276152,0.20214408233276152,-1.0853385362175083,-0.015876622957004795,1.0694619132605034,1.0694619132605034,1,negative,neutral,0,0,1
2020-06-30,-0.5,-0.45,-0.4,4,5711.T,3302,0.0081768625075711,0.0233192004845548,-0.0151423379769836,2991386923525.0,28.72675824980586,2307.0,2323.0,2273.0,2275.0,1908.88330078125,467100.0,0.0111112777878932,0.0252754346967141,0.0294896752330036,0.025693399685538,0.0294896752330036,-3.523715068999466,0,1,0.4848576620230164,0.4848576620230164,-1.9224852713055671,-3.1602333192271237,-1.2377480479215566,1.2377480479215566,1,negative,negative,0,1,0
2020-06-30,0.1,0.15,0.1,10,6098.T,9954,0.0121559172192083,0.0081374321880651,0.0040184850311432,2081508276820.0,28.364113879946345,3732.0,3742.0,3671.0,3682.0,3603.17529296875,3877400.0,0.0071117265354241,0.0327623468949367,0.0463262458846895,0.0375420278879255,0.0463262458846895,-3.0720466127376187,0,1,-0.0959815149688568,0.0959815149688568,-0.24819180112944975,0.3250725481585843,0.573264349288034,0.573264349288034,1,neutral,positive,0,0,1
2020-06-30,-0.5,-0.5,-0.5,4,6471.T,3328,0.0126201923076923,0.012920673076923,-0.0003004807692307,440463132000.0,26.81109258301973,807.0,813.0,796.0,799.0,655.12451171875,2804500.0,0.0283140945258089,0.0395937173142538,0.0389172684098064,0.0319045988722054,0.0389172684098064,-3.246317208870295,0,1,0.4996995192307693,0.4996995192307693,-1.9224852713055671,-0.4605365480006399,1.461948723304927,1.461948723304927,1,negative,neutral,0,0,1
2020-06-30,-0.1,-0.025,0.0,4,6753.T,3432,0.0104895104895104,0.0125291375291375,-0.002039627039627,1949591244000.0,28.298640848069645,1150.0,1172.0,1146.0,1146.0,1090.20166015625,2348700.0,0.0287253971093413,0.0332220074320318,0.0352094672747122,0.0315807011296404,0.0352094672747122,-3.346440275872486,0,1,0.09796037296037301,0.09796037296037301,-0.8062896245214889,-0.7768829125531077,0.029406711968381183,0.029406711968381183,1,neutral,neutral,0,0,1
2020-06-30,-0.5,-0.5,-0.5,3,6954.T,2861,0.0069905627403005,0.0139811254806011,-0.0069905627403005,793289412180.0,27.399453950612926,3858.0,3891.0,3844.0,3852.0,3444.082763671875,4507500.0,0.0155549417240405,0.0238308289931933,0.0361240191603088,0.0295834916807416,0.0361240191603088,-3.320797284189872,0,1,0.4930094372596995,0.4930094372596995,-1.9224852713055671,-1.677445755771691,0.24503951553387604,0.24503951553387604,1,negative,negative,0,1,0
2020-06-30,-0.2,-0.1666666666666666,-0.2,6,7951.T,5540,0.009927797833935,0.0093862815884476,0.0005415162454873,333360992250.0,26.53249180056806,1683.3333740234375,1723.3333740234375,1680.0,1690.0,1545.126220703125,1544700.0,0.0190955306300923,0.0256126131426554,0.0370071528113831,0.0312346336047616,0.0370071528113831,-3.296644065795096,1,0,0.2005415162454873,0.2005415162454873,-1.0853385362175083,-0.30737939319193375,0.7779591430255746,0.7779591430255746,1,negative,neutral,0,0,1
2020-07-02,-0.33,-0.3333333333333333,-0.5,9,5401.T,8183,0.0091653427838201,0.0113650250519369,-0.0021996822681168,189475005620.2393,25.96752295630667,199.5800018310547,204.8000030517578,198.44000244140625,199.3800048828125,141.2873992919922,20357500.0,-0.009045655614183,0.0443321615231412,0.0477376502558224,0.0383978460947737,0.0477376502558224,-3.0420348788926983,0,1,0.32780031773188323,0.32780031773188323,-1.4481021214223337,-0.8059965590141529,0.6421055624081808,0.6421055624081808,1,negative,neutral,0,0,1
2020-07-06,-1.0,-0.75,-0.75,6,7201.T,5409,0.0077648363838047,0.0173784433351821,-0.0096136069513773,1862160369632.8735,28.252758418697034,399.0,416.0,397.0,414.2999877929688,389.2342834472656,23037900.0,0.0515229751773405,0.0546244396662048,0.0454945557597422,0.0367973638406343,0.0454945557597422,-3.090162613816339,0,1,0.9903863930486227,0.9903863930486227,-3.3177298297856646,-2.1545709489536637,1.1631588808320008,1.1631588808320008,1,negative,negative,0,1,0
2020-07-15,-0.2,-0.1571428571428571,-0.5,7,4902.T,5155,0.0135790494665373,0.0085354025218234,0.0050436469447138,190509656000.0,25.972968717892638,381.0,387.0,372.0,379.0,325.29705810546875,6862600.0,0.0133690360670686,0.0371726084544599,0.0362805600007085,0.0350810519819795,0.0362805600007085,-3.316473218333145,1,0,0.2050436469447138,0.2050436469447138,-1.0853385362175083,0.5115469407706622,1.5968854769881706,1.5968854769881706,1,negative,positive,1,0,0
2020-07-15,0.2,0.05,0.15,6,5714.T,6156,0.0099090318388564,0.0094217024041585,0.0004873294346978,1042968394315.0,27.673091988817863,3415.0,3430.0,3345.0,3365.0,2959.417236328125,212100.0,0.0029806176695694,0.0243235786484597,0.0283834505092768,0.0303072311555944,0.0283834505092768,-3.5619490322138363,0,1,-0.19951267056530222,0.19951267056530222,0.030857110566569822,-0.3172358387892581,-0.3480929493558279,0.3480929493558279,1,positive,neutral,0,0,1
2020-07-17,-0.5,-0.5,-0.5,6,9202.T,6272,0.0081313775510204,0.0081313775510204,0.0,8711943574217.5,29.79571602474961,2525.0,2549.0,2462.5,2477.5,2388.492919921875,3267300.0,-0.0363671590125136,0.0293978011399093,0.03294180737374,0.0333627536628973,0.03294180737374,-3.4130126870754562,0,0,0.5,0.5,-1.9224852713055671,-0.405879846271693,1.516605425033874,1.516605425033874,1,negative,neutral,0,0,1
2020-07-21,-0.2,-0.225,-0.15,4,6305.T,3679,0.0135906496330524,0.017124218537646,-0.0035335689045936,706652899830.0,27.283805434381957,3275.0,3300.0,3255.0,3285.0,2767.15087890625,507600.0,-0.0015198868378927,0.0230321938428128,0.0249682114194358,0.0324295860356979,0.0249682114194358,-3.6901518064335286,0,1,0.1964664310954064,0.1964664310954064,-1.0853385362175083,-1.0486272079465169,0.03671132827099144,0.03671132827099144,1,negative,neutral,0,0,1
2020-07-21,0.5,0.4,0.4,5,7911.T,4191,0.0090670484371271,0.0095442615127654,-0.0004772130756382,1195295108000.0,27.80941422312558,1717.0,1732.0,1698.0,1709.0,1551.7041015625,1275100.0,-0.0223111819260982,0.0252663879376291,0.0259328516876271,0.0285672607526884,0.0259328516876271,-3.6522447090949095,1,0,-0.5004772130756382,0.5004772130756382,0.8680038456546284,-0.49268371329815425,-1.3606875589527827,1.3606875589527827,1,positive,neutral,0,0,1
2020-07-31,-0.2,-0.0761904761904762,-0.1,21,6302.T,3784,0.0105708245243128,0.0158562367864693,-0.0052854122621564,1259165823000.0,27.86147057240512,2177.0,2182.0,2049.0,2049.0,1685.0528564453125,871800.0,-0.0778576939322842,0.0190161068848783,0.0274231722871091,0.0316822000008676,0.0274231722871091,-3.5963669190850798,0,1,0.19471458773784361,0.19471458773784361,-1.0853385362175083,-1.367283140954439,-0.2819446047369307,0.2819446047369307,1,negative,negative,0,1,0
2020-07-31,-0.8,-0.5833333333333334,-0.5,6,6472.T,5367,0.0080119247251723,0.0253400409912427,-0.0173281162660704,96908266000.0,25.29703065664248,191.0,191.0,181.0,182.0,163.31040954589844,5055100.0,-0.0569948894139598,0.0314462693695699,0.0393696578416117,0.037282825051574,0.0393696578416117,-3.234759864904701,0,1,0.7826718837339296,0.7826718837339296,-2.759632006393626,-3.5578209328973402,-0.7981889265037143,0.7981889265037143,1,negative,negative,0,1,0
2020-08-06,-0.4,-0.4166666666666667,-0.5,6,6504.T,5232,0.0057339449541284,0.0191131498470948,-0.0133792048929663,2265578940000.0,28.44885144485176,3040.0,3090.0,3015.0,3035.0,2726.32470703125,316600.0,-0.0016447299310897,0.0185793610287066,0.026320499854538,0.0315516955046183,0.026320499854538,-3.637407181271541,0,1,0.38662079510703373,0.38662079510703373,-1.6434363596095478,-2.8395238131635785,-1.1960874535540307,1.1960874535540307,1,negative,negative,0,1,0
2020-08-06,0.3,0.2,0.2,4,8252.T,3467,0.0147101240265359,0.0118257859821171,0.0028843380444188,444742025532.0,26.82076023310564,1603.0,1608.0,1581.0,1596.0,1337.2900390625,983000.0,-0.0086956348631462,0.0233647220281159,0.0307319242607659,0.0342332433313638,0.0307319242607659,-3.4824532864869475,0,1,-0.2971156619555812,0.2971156619555812,0.30990602226258934,0.11877404283697969,-0.19113197942560967,0.19113197942560967,1,positive,neutral,0,0,1
2020-08-17,-0.5,-0.5,-0.5,3,5803.T,2123,0.0098916627414036,0.0136599152143193,-0.0037682524729156,112228393000.0,25.443801855062475,314.0,317.0,309.0,311.0,279.22833251953125,1220900.0,-0.0126984421581114,0.0248533699641311,0.0328636123729582,0.0347932744117259,0.0328636123729582,-3.4153892401887593,0,1,0.4962317475270844,0.4962317475270844,-1.9224852713055671,-1.0913155631024911,0.831169708203076,0.831169708203076,1,negative,neutral,0,0,1
2020-08-28,0.1,0.0428571428571428,0.0,7,2002.T,6361,0.0099041031284389,0.0094324791699418,0.000471623958497,532624750000.0,27.00108297939299,1754.0,1791.0,1723.0,1750.0,1526.288818359375,656900.0,-0.0056817580869047,0.0160961822150984,0.0187538917567263,0.0269214817178589,0.0187538917567263,-3.9763539877446523,0,1,-0.09952837604150301,0.09952837604150301,-0.24819180112944975,-0.3200926256991689,-0.07190082456971916,0.07190082456971916,1,neutral,neutral,0,0,1
2020-08-31,-0.1,-0.1222222222222222,-0.2,9,6501.T,8573,0.0131809168319141,0.0159804035926746,-0.0027994867607605,3412424878000.0,28.858444262424428,708.0,715.5999755859375,705.4000244140625,706.0,640.635986328125,13213500.0,0.0,0.0233360988833028,0.0225131783145205,0.0307419098237072,0.0225131783145205,-3.793654438361164,0,1,0.0972005132392395,0.0972005132392395,-0.8062896245214889,-0.9150994987265407,-0.10880987420505184,0.10880987420505184,1,neutral,neutral,0,0,1
2020-09-25,0.0,0.0,0.0,4,4385.T,3227,0.0074372482181592,0.0105361016423923,-0.003098853424233,30682206990.0,24.146948746647,4800.0,4830.0,4690.0,4710.0,4710.0,989500.0,-0.0042283298097252,0.0311013138217215,0.0321103289688508,0.0407497362871014,0.0321103289688508,-3.438577525873998,0,0,-0.003098853424233,0.003098853424233,-0.5272407128254694,-0.9695535473995988,-0.4423128345741294,0.4423128345741294,1,neutral,neutral,0,0,1
2020-09-29,0.5,0.3333333333333333,0.5,3,6920.T,2601,0.0076893502499038,0.0046136101499423,0.0030757400999615,203894340000.0,26.04086775543629,8420.0,8690.0,8390.0,8650.0,8261.9091796875,1428800.0,0.0297616783511289,0.0255837726340094,0.033545525805114,0.035743594191446,0.033545525805114,-3.3948517834705454,0,1,-0.4969242599000385,0.4969242599000385,0.8680038456546284,0.1535895988770161,-0.7144142467776123,0.7144142467776123,1,positive,neutral,0,0,1
2020-11-27,0.5,0.375,0.5,4,3697.T,3245,0.0107858243451463,0.0043143297380585,0.0064714946070878,14919784255.31006,23.42595397151761,1003.3333129882812,1034.0,1000.6666870117188,1031.3333740234375,1031.3333740234375,3001500.0,0.0130976169188974,0.0412234826377583,0.0378440237407652,0.0362420722032141,0.0378440237407652,-3.274282204807793,0,1,-0.4935285053929122,0.4935285053929122,0.8680038456546284,0.7712688657263055,-0.09673497992832292,0.09673497992832292,1,positive,positive,0,1,0
2020-11-27,-0.2,-0.1666666666666666,0.0,6,9983.T,5069,0.0124284868810416,0.0082856579206944,0.0041428289603472,2974658962151.703,28.72115051378424,27833.333984375,28046.666015625,27550.0,28043.333984375,26740.373046875,1530300.0,0.0064601009483582,0.0167117544846287,0.0142553730411946,0.0164316418007839,0.0142553730411946,-4.250621387812619,1,0,0.20414282896034722,0.20414282896034722,-1.0853385362175083,0.3476903984380156,1.4330289346555238,1.4330289346555238,1,negative,positive,1,0,0
2020-11-30,-0.5,-0.575,-0.55,4,7453.T,3364,0.012782401902497,0.016052318668252,-0.003269916765755,30141733000.0,24.129176526832868,1115.5,1118.5,1073.5,1073.5,972.0574951171876,7604200.0,-0.0470484163756367,0.0275962256914813,0.0250541336954109,0.0278732025827581,0.0250541336954109,-3.6867164472843252,0,1,0.496730083234245,0.496730083234245,-1.9224852713055671,-1.0006695421378393,0.9218157291677278,0.9218157291677278,1,negative,neutral,0,0,1
2020-12-15,0.5,0.5,0.5,3,4751.T,2215,0.0117381489841986,0.0031602708803611,0.0085778781038374,107462610000.0,25.40040881005934,1740.0,1752.5,1692.5,1700.0,1600.916259765625,3069600.0,-0.022988555412057,0.0305558703314855,0.0256228051627662,0.0261478103012793,0.0256228051627662,-3.6642724973766563,0,1,-0.4914221218961626,0.4914221218961626,0.8680038456546284,1.1544147648910779,0.28641091923644946,0.28641091923644946,1,positive,positive,0,1,0
2021-03-09,0.3,0.2833333333333333,0.25,6,4151.T,5450,0.0181651376146789,0.0080733944954128,0.010091743119266,1856277047100.0,28.24959401021955,3300.0,3300.0,3195.0,3220.0,2915.370849609375,961600.0,-0.0061729278691826,0.0260423853843009,0.0184177126176115,0.0174185825377246,0.0184177126176115,-3.994442435148625,0,1,-0.28990825688073396,0.28990825688073396,0.30990602226258934,1.4297830316124707,1.1198770093498813,1.1198770093498813,1,positive,positive,0,1,0
2021-03-19,-0.2,-0.3333333333333333,-0.5,3,6326.T,3075,0.008780487804878,0.0117073170731707,-0.0029268292682926,3105279738000.0,28.764124920009504,2502.5,2516.0,2466.0,2502.0,2232.041015625,5048100.0,-0.0011973692835448,0.0244612541539594,0.0203600089094838,0.0198000432112866,0.0203600089094838,-3.8941826497024747,0,1,0.1970731707317074,0.1970731707317074,-1.0853385362175083,-0.9382627829174649,0.1470757533000434,0.1470757533000434,1,negative,neutral,0,0,1
2021-03-23,0.5,0.5333333333333333,0.6,6,4519.T,5386,0.0141106572595618,0.0068696620868919,0.0072409951726698,2473811629380.0,28.536781246894947,4486.0,4526.0,4420.0,4420.0,3967.037109375,1667200.0,-0.0080791359383434,0.0197307376962989,0.0204286023578622,0.0210703970290745,0.0204286023578622,-3.890819283757463,0,1,-0.4927590048273302,0.4927590048273302,0.8680038456546284,0.9112390974351448,0.04323525178051635,0.04323525178051635,1,positive,positive,0,1,0
2021-03-24,-0.14,-0.1285714285714285,0.0,7,2914.T,6866,0.0166035537430818,0.0085930672880862,0.0080104864549956,4168000000000.0,29.05845742037961,2100.0,2107.0,2061.5,2084.0,1568.38037109375,6211100.0,-0.0118539027710482,0.0198369640296137,0.0154350236513194,0.0133773758479595,0.0154350236513194,-4.171116088711767,1,0,0.14801048645499562,0.14801048645499562,-0.9179091891998968,1.0512076405428579,1.9691168297427546,1.9691168297427546,1,negative,positive,1,0,0
2021-03-25,-0.2,-0.225,-0.2,4,3405.T,3113,0.0057822036620623,0.0102794731769996,-0.0044972695149373,474806694000.0,26.88617359815036,1346.0,1355.0,1333.0,1338.0,1127.485107421875,1265900.0,0.0198170958929881,0.0235483478968719,0.0199845214924367,0.0188431967746951,0.0199845214924367,-3.9127972304411633,0,1,0.1955027304850627,0.1955027304850627,-1.0853385362175083,-1.22392194294874,-0.1385834067312317,0.1385834067312317,1,negative,negative,0,1,0
2021-03-25,0.0,0.0,0.0,3,3436.T,2717,0.0106735369893264,0.0092013249907986,0.0014722119985277,735560131812.0,27.32389813001857,2506.0,2522.0,2472.0,2508.0,2235.479736328125,5661200.0,-0.0187793955487544,0.0294484482731213,0.0248724332218893,0.0236458304933283,0.0248724332218893,-3.693995188321358,0,0,0.0014722119985277,0.0014722119985277,-0.5272407128254694,-0.13808815933173524,0.3891525534937341,0.3891525534937341,1,neutral,neutral,0,0,1
2021-03-25,0.2,0.2,0.2,3,4704.T,2489,0.010847730012053,0.0112494977902772,-0.0004017677782241,764596871800.0,27.362614566910796,5400.0,5480.0,5360.0,5450.0,4466.32666015625,588900.0,-0.0036564039080213,0.0238805318574543,0.0188965442318941,0.0177296383874772,0.0188965442318941,-3.9687762185080304,1,0,-0.2004017677782241,0.2004017677782241,0.030857110566569822,-0.4789604020587312,-0.5098175126253011,0.5098175126253011,1,positive,neutral,0,0,1
2021-03-25,-0.5,-0.5625,-0.75,8,4911.T,7435,0.0090114324142568,0.0143913920645595,-0.0053799596503026,2898800000000.0,28.69531797418154,7270.0,7288.0,7183.0,7247.0,6816.76025390625,1776200.0,0.0098941337240177,0.0163248096640105,0.0187159208584149,0.0169931504451711,0.0187159208584149,-3.9783807345394213,0,1,0.4946200403496974,0.4946200403496974,-1.9224852713055671,-1.384481074806872,0.538004196498695,0.538004196498695,1,negative,negative,0,1,0
2021-03-25,-0.1,-0.02,0.0,5,7272.T,4897,0.009393506228303,0.0196038390851541,-0.0102103328568511,308040950880.98145,26.45349856848772,863.3333129882812,886.6666870117188,863.0,880.3333129882812,731.6376953125,3486000.0,0.0118774862942017,0.0207085830562836,0.0180602060050796,0.0269031235409665,0.0180602060050796,-4.014044324354057,0,1,0.0897896671431489,0.0897896671431489,-0.8062896245214889,-2.2631139013459896,-1.4568242768245008,1.4568242768245008,1,neutral,negative,0,0,1
2021-03-25,0.1,0.1,0.0,5,8804.T,4454,0.0172878311629995,0.0080826223619218,0.0092052088010776,363847578198.0,26.62000087567228,1692.0,1714.0,1668.0,1677.0,1403.3006591796875,606300.0,0.0059987981401363,0.0235468299421717,0.020069401978862,0.0232515536086928,0.020069401978862,-3.908558913386034,0,1,-0.0907947911989224,0.0907947911989224,-0.24819180112944975,1.26852465249638,1.5167164536258297,1.5167164536258297,1,neutral,positive,0,0,1
2021-03-26,-0.8,-1.0,-1.0,7,1605.T,6198,0.005162955792191,0.0132300742174895,-0.0080671184252984,1139150084400.0,27.7613035602818,769.0,785.0,766.0,779.0,627.9833984375,11340900.0,0.0116882874254793,0.0282464359682625,0.0255331305574115,0.0252457285701499,0.0255331305574115,-3.6677784325509735,0,1,0.7919328815747017,0.7919328815747017,-2.759632006393626,-1.87326854709434,0.886363459299286,0.886363459299286,1,negative,negative,0,1,0
2021-03-26,-0.2,-0.1857142857142857,-0.3,7,2502.T,6348,0.0204788909892879,0.00645872715816,0.0140201638311279,762935915322.876,27.360439874300955,1557.6666259765625,1585.0,1557.0,1577.6666259765625,1389.184814453125,4640100.0,0.0231299687339547,0.0232577562851013,0.0173820580997457,0.0221666575862865,0.0173820580997457,-4.052316748448827,1,0,0.2140201638311279,0.2140201638311279,-1.0853385362175083,2.144352951224204,3.229691487441712,3.229691487441712,1,negative,positive,1,0,0
2021-03-26,0.1,0.075,0.1,4,3659.T,3789,0.0168910002639218,0.0063341250989707,0.0105568751649511,1572058665000.0,28.083407127941527,3520.0,3635.0,3500.0,3615.0,3499.927978515625,1700900.0,0.0269886655685436,0.0229245744587517,0.0242426645969717,0.0301318780549734,0.0242426645969717,-3.719641198204757,0,1,-0.0894431248350489,0.0894431248350489,-0.24819180112944975,1.5143893894525184,1.7625811905819682,1.7625811905819682,1,neutral,positive,0,0,1
2021-03-26,-0.5,-0.4142857142857142,-0.5,7,4324.T,6877,0.0110513305220299,0.0139595753962483,-0.0029082448742184,1061348800000.0,27.690561668000715,3715.0,3720.0,3655.0,3680.0,3217.758056640625,703900.0,0.0054644737874998,0.0281307577887807,0.0252602073207787,0.0248262830804841,0.0252602073207787,-3.6785249546200487,0,1,0.4970917551257816,0.4970917551257816,-1.9224852713055671,-0.9348823280340213,0.9876029432715459,0.9876029432715459,1,negative,neutral,0,0,1
2021-03-26,-0.2,-0.2,-0.5,5,4452.T,4553,0.0107621348561388,0.006808697562047,0.0039534372940918,3634848000000.0,28.92158841035885,7152.0,7214.0,7121.0,7212.0,6373.20751953125,1892100.0,0.0112169269046185,0.0142405208054247,0.0165095075937923,0.0146362197961884,0.0165095075937923,-4.103818846219742,1,0,0.20395343729409182,0.20395343729409182,-1.0853385362175083,0.31324052719010875,1.3985790634076172,1.3985790634076172,1,negative,positive,1,0,0
2021-03-26,-0.6,-0.6166666666666667,-0.6,6,5108.T,5926,0.0126560917988525,0.011981100236247,0.0006749915626054,1827853296000.0,28.23416333191068,2233.5,2261.5,2226.5,2248.0,1887.929443359375,5208800.0,0.0257815706413471,0.0234921420604457,0.020099200861739,0.0192035361098543,0.020099200861739,-3.9070752228299197,1,0,0.6006749915626054,0.6006749915626054,-2.201534183001587,-0.28310056624877095,1.918433616752816,1.918433616752816,1,negative,neutral,0,0,1
2021-03-29,0.2,0.0666666666666666,0.1,6,6361.T,5255,0.0100856327307326,0.0150333016175071,-0.0049476688867745,406390368000.0,26.730580032142413,880.0,880.0,863.0,872.0,761.0459594726562,3319000.0,-0.0090908079473145,0.0336426237459505,0.0225222298528926,0.0193633267744986,0.0225222298528926,-3.793252464054177,1,0,-0.20494766888677451,0.20494766888677451,0.030857110566569822,-1.305848464198126,-1.3367055747646959,1.3367055747646959,1,positive,negative,1,0,0
2021-03-30,0.14,0.1285714285714285,0.1,7,2503.T,6121,0.0160104558078745,0.0148668518215977,0.0011436039862767,1998918000000.0,28.32362715009519,2197.0,2197.5,2172.5,2187.0,1851.783203125,2436000.0,0.0006864386866975,0.010760864220189,0.0119555012246737,0.0150718974750869,0.0119555012246737,-4.426563753005614,0,1,-0.13885639601372332,0.13885639601372332,-0.1365722364510419,-0.19786113634230526,-0.06128889989126335,0.06128889989126335,1,positive,neutral,0,0,1
2021-03-30,-0.5,-0.3714285714285714,-0.3,7,4004.T,5645,0.0085031000885739,0.0129317980513728,-0.0044286979627989,477578090000.0,26.891993522763123,3130.0,3210.0,3120.0,3190.0,2866.7373046875,981100.0,0.0175438626897308,0.0183220159685974,0.0169826935762782,0.0201339530536086,0.0169826935762782,-4.07556047839006,0,1,0.4955713020372011,0.4955713020372011,-1.9224852713055671,-1.211448948813658,0.7110363224919092,0.7110363224919092,1,negative,negative,0,1,0
2021-03-30,0.0,0.0,0.0,7,4755.T,6057,0.0137031533762588,0.0118870728083209,0.0018160805679379,1902257212800.0,28.274062303716185,1355.0,1362.0,1314.0,1328.0,1312.5579833984375,8626100.0,-0.0285296281760221,0.0611829731512407,0.0391605131528814,0.032589758384097,0.0391605131528814,-3.2400863573995196,0,0,0.0018160805679379,0.0018160805679379,-0.5272407128254694,-0.07553932507411604,0.4517013877513533,0.4517013877513533,1,neutral,neutral,0,0,1
2021-03-30,-0.33,-0.3333333333333333,-0.5,3,5101.T,2268,0.0207231040564373,0.0110229276895943,0.009700176366843,338419804000.0,26.547552985424737,1981.0,1997.0,1958.0,1996.0,1724.6646728515625,536700.0,0.0020079942468655,0.0276247075907162,0.0218111356839409,0.0236670977725674,0.0218111356839409,-3.8253346284167686,1,0,0.339700176366843,0.339700176366843,-1.4481021214223337,1.358558016950302,2.806660138372636,2.806660138372636,1,negative,positive,1,0,0
2021-03-30,-0.2,-0.1,-0.1,3,5201.T,2932,0.0071623465211459,0.0088676671214188,-0.0017053206002728,5559712925000.0,29.34656759066381,4610.0,4710.0,4595.0,4685.0,3791.00244140625,1154100.0,0.0184782826853759,0.0188739358386716,0.0189544191452006,0.0174210935095261,0.0189544191452006,-3.965718174366221,0,1,0.19829467939972723,0.19829467939972723,-1.0853385362175083,-0.7160734058794209,0.3692651303380874,0.3692651303380874,1,negative,neutral,0,0,1
2021-03-30,-0.2,-0.2,-0.25,4,5301.T,3890,0.0074550128534704,0.0161953727506426,-0.0087403598971722,400848611328.0,26.71684966511105,1757.0,1785.0,1747.0,1782.0,1543.418701171875,1447000.0,0.0142285911755108,0.0271744943775468,0.0252507546354661,0.0224960539454205,0.0252507546354661,-3.6788992371542495,0,1,0.1912596401028278,0.1912596401028278,-1.0853385362175083,-1.995729489982541,-0.9103909537650328,0.9103909537650328,1,negative,negative,0,1,0
2021-03-30,-0.1,0.09375,0.0,16,7751.T,14024,0.0097689674843126,0.0091985168282943,0.0005704506560182,3385091671632.0,28.850402103648975,2532.5,2547.0,2513.5,2538.0,2115.973876953125,4056200.0,0.0049493619456737,0.0169357632651255,0.0243469976155713,0.0242458742793905,0.0243469976155713,-3.715346738264328,1,0,0.1005704506560182,0.1005704506560182,-0.8062896245214889,-0.30211629615534397,0.5041733283661449,0.5041733283661449,1,neutral,neutral,0,0,1
2021-03-31,-0.2,-0.2,-0.5,5,2501.T,4912,0.0156758957654723,0.0083469055374592,0.007328990228013,36134928880.92041,24.31052579352999,461.3999938964844,464.3999938964844,456.6000061035156,458.6000061035156,433.67230224609375,1300500.0,-0.0179871775451694,0.0249777510734356,0.0180259604056821,0.0189154198764863,0.0180259604056821,-4.0159423153619205,1,0,0.20732899022801302,0.20732899022801302,-1.0853385362175083,0.9272451783095678,2.012583714527076,2.012583714527076,1,negative,positive,1,0,0
2021-03-31,0.5,0.3571428571428571,0.5,7,4578.T,5777,0.0131556171023022,0.0122901159771507,0.0008655011251514,2614575536879.0,28.59212288167723,4704.0,4751.0,4684.0,4687.0,4250.0732421875,869300.0,-0.0151294509916538,0.016232217002578,0.0129273892422773,0.0142103520609553,0.0129273892422773,-4.348407021336301,0,1,-0.4991344988748486,0.4991344988748486,0.8680038456546284,-0.2484473524565952,-1.1164511981112235,1.1164511981112235,1,positive,neutral,0,0,1
2021-03-31,0.2,0.14,0.1,5,5214.T,4707,0.0101975780752071,0.0118971744210749,-0.0016995963458678,1276385640210.0,27.87505348106001,2602.0,2619.0,2563.0,2565.0,2102.039306640625,655100.0,-0.0107980995730783,0.0139136738077455,0.0147947508140927,0.0176559128017724,0.0147947508140927,-4.21348283584749,1,0,-0.20169959634586782,0.20169959634586782,0.030857110566569822,-0.7150321782945886,-0.7458892888611585,0.7458892888611585,1,positive,neutral,0,0,1
2021-03-31,0.5,0.375,0.5,4,6723.T,4037,0.0116423086450334,0.0061927173643794,0.0054495912806539,2000548800000.0,28.324442658847698,1188.0,1205.0,1171.0,1200.0,1155.3590087890625,9528400.0,-0.0016638406830881,0.0292555945650826,0.029230129101943,0.0255347981521972,0.029230129101943,-3.5325552831070874,0,1,-0.4945504087193461,0.4945504087193461,0.8680038456546284,0.5853872019788545,-0.2826166436757739,0.2826166436757739,1,positive,positive,0,1,0
2021-04-28,0.0,0.1428571428571428,0.0,7,1928.T,6276,0.0101975780752071,0.0094008922880815,0.0007966857871255,1586497388243.0,28.092549801730048,2220.0,2239.0,2213.0,2235.5,1821.0308837890625,1499000.0,0.0069818305137556,0.0136160427814178,0.0154401780981457,0.014964296394162,0.0154401780981457,-4.170782199598037,0,0,0.0007966857871255,0.0007966857871255,-0.5272407128254694,-0.26096469063596645,0.2662760221895029,0.2662760221895029,1,neutral,neutral,0,0,1
2021-05-14,0.8,0.6,0.6,5,9843.T,4275,0.007953216374269,0.0037426900584795,0.0042105263157894,446100747408.0,26.82381065450626,3858.0,3916.0,3827.0,3898.0,3750.08642578125,1591500.0,0.0204187327289306,0.0164723092326606,0.0184458386680614,0.0172806907157603,0.0184458386680614,-3.9929164803815627,0,1,-0.7957894736842106,0.7957894736842106,1.7051505807426872,0.3600043783766186,-1.3451462023660685,1.3451462023660685,1,positive,positive,0,1,0
2021-05-27,0.2,0.1,0.1,16,6506.T,3317,0.0183901115465782,0.0033162496231534,0.0150738619234247,1318782050000.0,27.907729737193,4955.0,4965.0,4900.0,4945.0,4621.603515625,1346200.0,0.0,0.0238113374075125,0.0213379183920694,0.021086506998985,0.0213379183920694,-3.847269582755311,0,1,-0.18492613807657532,0.18492613807657532,0.030857110566569822,2.3360180035018407,2.305160892935271,2.305160892935271,1,positive,positive,0,1,0
2021-05-27,-0.5,-0.6428571428571429,-0.5,7,8233.T,5309,0.0090412507063477,0.0090412507063477,0.0,212422005000.0,26.081840722642823,608.0,610.5,596.5,597.5,543.1392822265625,3254600.0,-0.0148393057107762,0.0204684533509886,0.0207980581978019,0.0218290419186079,0.0207980581978019,-3.872895652507704,0,0,0.5,0.5,-1.9224852713055671,-0.405879846271693,1.516605425033874,1.516605425033874,1,negative,neutral,0,0,1
2021-05-27,0.2,0.2,0.2,8,8267.T,7549,0.008610411975096,0.0070207974566167,0.0015896145184792,839372188406.0059,27.45592005459031,982.1666870117188,986.5,959.0,962.6666870117188,903.8882446289062,10361700.0,-0.0258052038652548,0.0159911013227125,0.0187596461860712,0.016552401183005,0.0187596461860712,-3.9760471955994374,0,1,-0.19841038548152082,0.19841038548152082,0.030857110566569822,-0.11673293406509189,-0.1475900446316617,0.1475900446316617,1,positive,neutral,0,0,1
2021-05-27,-0.5,-0.5,-0.5,8,9602.T,7177,0.0076633690957224,0.0154660721750034,-0.007802703079281,167823682104.0,25.846179753941342,886.0,893.0,881.0,888.0,805.5860595703125,2874000.0,-0.0011249784029121,0.0187538667649809,0.0167801427195081,0.0165189395587286,0.0167801427195081,-4.087559072645034,0,1,0.492197296920719,0.492197296920719,-1.9224852713055671,-1.825172055805297,0.09731321550027006,0.09731321550027006,1,negative,negative,0,1,0
2021-05-28,-0.4,-0.32,-0.5,5,3086.T,4955,0.0145307769929364,0.0098890010090817,0.0046417759838546,293858603744.0,26.40636454895027,1080.0,1105.0,1074.0,1096.0,959.6574096679688,1841600.0,0.0398481452634214,0.028864245624202,0.0269912618934951,0.0251912346766436,0.0269912618934951,-3.6122420989327106,1,0,0.40464177598385465,0.40464177598385465,-1.6434363596095478,0.4384476163199099,2.0818839759294576,2.0818839759294576,1,negative,positive,1,0,0
2021-05-28,-0.2,-0.35,-0.5,10,3382.T,8865,0.0124083474337281,0.0084602368866328,0.0039481105470953,1432785761258.4165,27.99064174994003,1610.0,1620.0,1604.6666259765625,1616.3333740234375,1463.6947021484375,9684300.0,0.0210570139180543,0.0235074899894728,0.0213521243644751,0.0192569875134239,0.0213521243644751,-3.8466040424085333,1,0,0.2039481105470953,0.2039481105470953,-1.0853385362175083,0.31227160521044706,1.3976101414279554,1.3976101414279554,1,negative,positive,1,0,0
2021-05-31,0.8,0.76,0.8,5,6532.T,4801,0.0091647573422203,0.0054155384294938,0.0037492189127265,51669800000.0,24.668139308519997,3350.0,3390.0,3290.0,3340.0,3163.452392578125,1349000.0,0.0060240318412112,0.0420599516023796,0.033596233123954,0.0333132908237606,0.033596233123954,-3.3933413277038387,0,1,-0.7962507810872735,0.7962507810872735,1.7051505807426872,0.2760937134807703,-1.429056867261917,1.429056867261917,1,positive,neutral,0,0,1
2021-06-04,0.1,0.1,0.1,4,7741.T,3285,0.0124809741248097,0.0057838660578386,0.006697108066971,5449123281600.0,29.32647584590195,13940.0,14200.0,13855.0,13980.0,13483.17578125,780900.0,-0.0085104913128156,0.0296431344518582,0.0228235616712071,0.0202278269860805,0.0228235616712071,-3.7799618699869018,0,1,-0.093302891933029,0.093302891933029,-0.24819180112944975,0.8123073908021123,1.060499191931562,1.060499191931562,1,neutral,positive,0,0,1
2021-06-09,0.5,0.4,0.4,4,8697.T,3099,0.0116166505324298,0.0145208131655372,-0.0029041626331074,690317125975.0,27.26041693181499,1276.5,1281.25,1257.25,1257.25,1108.224609375,1942200.0,-0.0156585794527699,0.0235998205273063,0.0212353323083019,0.0209089542502549,0.0212353323083019,-3.8520888662551993,1,0,-0.5029041626331074,0.5029041626331074,0.8680038456546284,-0.9341397785678415,-1.8021436242224698,1.8021436242224698,1,positive,neutral,0,0,1
2021-06-14,0.5,0.44,0.45,10,3092.T,7907,0.0046793980017705,0.003794106487922,0.0008852915138484,387897401116.55273,26.6840067114899,1235.0,1238.3333740234375,1195.0,1203.3333740234375,1082.5875244140625,2854200.0,-0.0136612900050726,0.0298115746504238,0.0237114359954476,0.0270762764019437,0.0237114359954476,-3.7417978157684315,0,1,-0.4991147084861516,0.4991147084861516,0.8680038456546284,-0.24484753016220615,-1.1128513758168346,1.1128513758168346,1,positive,neutral,0,0,1
2021-06-14,0.1,0.1,0.1,2,6861.T,1768,0.0130090497737556,0.004524886877828,0.0084841628959276,3387831720000.0,28.851211222063306,55000.0,55720.0,54580.0,55720.0,54408.765625,441600.0,0.0272862127645325,0.0158577023298682,0.0196570140014274,0.0197890309484464,0.0196570140014274,-3.9293210577196356,0,1,-0.0915158371040724,0.0915158371040724,-0.24819180112944975,1.1373682025459864,1.385560003675436,1.385560003675436,1,neutral,positive,0,0,1
2021-06-17,0.5,0.5,0.5,3,4689.T,2242,0.0151650312221231,0.0022301516503122,0.0129348795718108,3155919076647.827,28.78030087747058,546.0,556.0,544.0999755859375,554.0999755859375,525.418212890625,38302600.0,0.0266815246207259,0.0226536686607535,0.0214511962980068,0.0219170664895971,0.0214511962980068,-3.8419748636944333,0,1,-0.4870651204281892,0.4870651204281892,0.8680038456546284,1.946942454025053,1.0789386083704247,1.0789386083704247,1,positive,positive,0,1,0
2021-06-17,-0.2,-0.3,-0.25,10,6301.T,8601,0.0072084641320776,0.0113940239507034,-0.0041855598186257,2808984630000.0,28.66384419233757,2900.0,2907.5,2867.0,2890.0,2410.16845703125,8367400.0,-0.0524590635977962,0.0241772414415496,0.0193187024629327,0.0181547202032229,0.0193187024629327,-3.9466816127568096,0,1,0.1958144401813743,0.1958144401813743,-1.0853385362175083,-1.1672227274184335,-0.08188419120092516,0.08188419120092516,1,negative,negative,0,1,0
2021-06-17,0.8,0.76,0.8,5,8035.T,3833,0.0078267675450039,0.0031307070180015,0.0046960605270023,2711096100000.0,28.62837413399091,16160.0,16413.333984375,16056.6669921875,16410.0,14648.46484375,1891800.0,0.0051041101645654,0.0241844041792575,0.0223853208032506,0.0227922005298662,0.0223853208032506,-3.7993498562214447,0,1,-0.7953039394729977,0.7953039394729977,1.7051505807426872,0.4483218391891877,-1.2568287415534996,1.2568287415534996,1,positive,positive,0,1,0
2021-06-17,0.2,0.155,0.1,20,8795.T,17825,0.0051612903225806,0.0078541374474053,-0.0026928471248246,1037894040000.0,27.66821481453678,1507.0,1541.0,1499.0,1523.0,1314.0111083984375,4116600.0,0.0311442692850907,0.0261079789624569,0.0212022367518246,0.020427655906379,0.0212022367518246,-3.8536485957081217,1,0,-0.2026928471248246,0.2026928471248246,0.030857110566569822,-0.8957020151912235,-0.9265591257577933,0.9265591257577933,1,positive,neutral,0,0,1
2021-06-18,-0.1,-0.1666666666666666,-0.25,6,2768.T,5469,0.007496800146279,0.0177363320533918,-0.0102395319071128,2090004166670.0,28.36818717552529,1700.0,1700.0,1670.0,1670.0,1361.3504638671875,3201000.0,-0.0233917140280052,0.0194511377124898,0.0192264190686638,0.0184831618937041,0.0192264190686638,-3.9514699525998958,0,1,0.08976046809288721,0.08976046809288721,-0.8062896245214889,-2.2684251356889,-1.462135511167411,1.462135511167411,1,neutral,negative,0,0,1
2021-06-18,-0.25,-0.125,-0.25,4,4503.T,3788,0.012935586061246,0.0089757127771911,0.0039598732840549,4184878089000.0,29.062498688979737,1945.5,1971.0,1934.0,1943.0,1645.7138671875,6237000.0,0.0018045829496224,0.0150966596103978,0.0154026325127441,0.0151414381197498,0.0154026325127441,-4.173216841785558,1,0,0.2539598732840549,0.2539598732840549,-1.2248629920655183,0.31441121769600794,1.5392742097615262,1.5392742097615262,1,negative,positive,1,0,0
2021-06-18,0.1,0.0,0.1,5,4523.T,4223,0.0153919014918304,0.0061567605967321,0.0092351408950982,3581034450000.0,28.906672827116385,12000.0,12635.0,11890.0,12075.0,10749.1025390625,11263900.0,0.0592106624304966,0.0154051219655583,0.0128273177392279,0.0130576023478637,0.0128273177392279,-4.356178183845636,0,1,-0.09076485910490181,0.09076485910490181,-0.24819180112944975,1.2739692256688837,1.5221610267983334,1.5221610267983334,1,neutral,positive,0,0,1
2021-06-18,-0.1,-0.0875,-0.05,8,6098.T,7287,0.0148209139563606,0.0050775353369013,0.0097433786194593,3121697095220.0,28.76939791064342,5517.0,5573.0,5503.0,5522.0,5426.59619140625,4324000.0,-0.0030690134682085,0.0267434287244268,0.0222113422492824,0.0212495201124105,0.0222113422492824,-3.8071522084452303,1,0,0.1097433786194593,0.1097433786194593,-0.8062896245214889,1.366416398840475,2.1727060233619637,2.1727060233619637,1,neutral,positive,0,0,1
2021-06-18,0.2,0.12,0.1,5,6988.T,3984,0.0120481927710843,0.0102911646586345,0.0017570281124498,288785796000.0,26.388951059930083,1674.0,1686.0,1662.0,1662.0,1493.9720458984375,3137500.0,-0.0035971433879663,0.0191007799506833,0.0182096514953087,0.0183805552879127,0.0182096514953087,-4.005803523519732,0,1,-0.19824297188755022,0.19824297188755022,0.030857110566569822,-0.08628081929432328,-0.11713792986089311,0.11713792986089311,1,positive,neutral,0,0,1
2021-06-18,0.1,-0.0142857142857142,0.0,14,8001.T,12926,0.0062664397338697,0.0132291505492805,-0.0069627108154108,1090522585901.062,27.71767813388307,648.4000244140625,659.0,644.5999755859375,655.7999877929688,576.1034545898438,27016500.0,-0.0084671623939202,0.016655960811726,0.013989970354592,0.0126696669800641,0.013989970354592,-4.269414609349737,1,0,-0.10696271081541081,0.10696271081541081,-0.24819180112944975,-1.6723795601706521,-1.4241877590412024,1.4241877590412024,1,neutral,negative,0,0,1
2021-06-18,-0.1,-0.04,0.0,15,8031.T,14685,0.0062648961525366,0.0148450800136193,-0.0085801838610827,2252828556000.0,28.44320767861105,1260.25,1270.0,1252.5,1254.0,1078.942626953125,18608600.0,-0.0374207701833536,0.0169643384159076,0.0170264606695133,0.0165354846982504,0.0170264606695133,-4.072986635060664,0,1,0.09141981613891731,0.09141981613891731,-0.8062896245214889,-1.9665938689207243,-1.1603042443992355,1.1603042443992355,1,neutral,negative,0,0,1
2021-06-18,-0.5,-0.4375,-0.5,8,8053.T,9017,0.0080958190085394,0.0180769657313962,-0.0099811467228568,1849641640293.0,28.24601302830524,1517.0,1517.0,1475.0,1479.0,1204.8641357421875,7627200.0,-0.0361682720199034,0.01489852008657,0.0129299108709207,0.0139400140731938,0.0129299108709207,-4.348211979422384,0,1,0.4900188532771432,0.4900188532771432,-1.9224852713055671,-2.2214255157690763,-0.2989402444635092,0.2989402444635092,1,negative,negative,0,1,0
2021-06-18,0.5,0.5,0.5,9,9064.T,8854,0.0128755364806866,0.0086966342895866,0.0041789021911,1258697340000.0,27.861098444950148,3085.0,3100.0,3030.0,3060.0,2788.331787109375,1371100.0,0.008237242906723,0.0151013089476234,0.0158933989763436,0.0177635528305296,0.0158933989763436,-4.141851414678721,0,1,-0.4958210978089,0.4958210978089,0.8680038456546284,0.35425202904986197,-0.5137518166047664,0.5137518166047664,1,positive,positive,0,1,0
2021-06-18,0.5,0.25,0.2,6,9101.T,5899,0.0083064926258687,0.0120359382946262,-0.0037294456687574,2924946000000.0,28.70429713490349,1816.6666259765625,1826.6666259765625,1690.0,1720.0,1110.2969970703125,23700000.0,-0.0769232877029301,0.025112151476863,0.0314093908817821,0.0283897350646384,0.0314093908817821,-3.4606483581130254,1,0,-0.5037294456687574,0.5037294456687574,0.8680038456546284,-1.0842567023129677,-1.952260547967596,1.952260547967596,1,positive,neutral,0,0,1
2021-06-18,-0.1,-0.2142857142857142,-0.25,14,9201.T,12765,0.0118292205248726,0.0110458284371327,0.0007833920877399,873676050000.0,27.495975491719538,2500.0,2534.0,2465.0,2470.0,2272.457275390625,8455100.0,-0.0336461530012197,0.014881059634272,0.0221890264441795,0.0233427944713943,0.0221890264441795,-3.8081574166287946,1,0,0.10078339208773991,0.10078339208773991,-0.8062896245214889,-0.26338278136454535,0.5429068431569435,0.5429068431569435,1,neutral,neutral,0,0,1
2021-06-21,-0.17,-0.0499999999999999,0.1,6,4568.T,5501,0.0132703144882748,0.0065442646791492,0.0067260498091256,1729986840000.0,28.179134917472886,2460.5,2463.5,2412.5,2440.0,2313.354736328125,4538200.0,-0.0280819711814616,0.0184525457871401,0.0189038605684207,0.0190228250339977,0.0189038605684207,-3.9683891148959596,1,0,0.17672604980912562,0.17672604980912562,-1.0016238627087026,0.8175718214427484,1.8191956841514512,1.8191956841514512,1,negative,positive,1,0,0
2021-06-21,-0.5,-0.375,-0.5,4,5631.T,3741,0.008019246190858,0.0050788559208767,0.0029403902699812,204601839678.0,26.04433168200709,2796.0,2804.0,2719.0,2754.0,2546.27001953125,486700.0,-0.0424200723827719,0.0390414163752399,0.0267414586246345,0.0271121055932944,0.0267414586246345,-3.6215401603804,1,0,0.5029403902699812,0.5029403902699812,-1.9224852713055671,0.1289698027242142,2.0514550740297812,2.0514550740297812,1,negative,neutral,0,0,1
2021-06-21,-0.2,-0.1833333333333333,-0.25,6,7733.T,6043,0.0107562468972364,0.0115836505047162,-0.0008274036074797,774438720000.0,27.37540437165882,2334.5,2334.5,2230.5,2260.0,2190.21728515625,5392300.0,-0.0460110365916619,0.0213779774327531,0.0200463119288999,0.023169903697403,0.0200463119288999,-3.909710085845041,0,1,0.1991725963925203,0.1991725963925203,-1.0853385362175083,-0.5563824967383245,0.5289560394791838,0.5289560394791838,1,negative,neutral,0,0,1
2021-06-21,0.2,0.0,0.0,6,7832.T,4900,0.0085714285714285,0.0065306122448979,0.0020408163265306,559884000000.0,27.05099545636142,2567.0,2579.666748046875,2493.666748046875,2522.0,2313.061767578125,2430900.0,-0.0309939135791446,0.0211705846865484,0.0170747478995935,0.019247273716952,0.0170747478995935,-4.0701546379333395,0,1,-0.1979591836734694,0.1979591836734694,0.030857110566569822,-0.034660451671741796,-0.06551756223831162,0.06551756223831162,1,positive,neutral,0,0,1
2021-06-22,0.5,0.375,0.5,4,2432.T,3048,0.0137795275590551,0.0150918635170603,-0.0013123359580052,334647463227.0,26.536343466087818,2207.0,2232.0,2189.0,2219.0,2083.53564453125,456300.0,0.0188244357310252,0.0166367382488271,0.021745250421095,0.0199905531521456,0.021745250421095,-3.8283599167378672,1,0,-0.5013123359580052,0.5013123359580052,0.8680038456546284,-0.6445904805944888,-1.512594326249117,1.512594326249117,1,positive,neutral,0,0,1
2021-06-22,0.2,0.1375,0.1,8,2801.T,7734,0.0094388414791828,0.0059477631238686,0.0034910783553141,309683776000.0,26.45881753637319,1448.0,1478.0,1444.0,1472.0,1396.2578125,3304500.0,0.0380819159567191,0.0187518202200582,0.0206602828937866,0.0197706065702343,0.0206602828937866,-3.8795421225583206,0,1,-0.19650892164468592,0.19650892164468592,0.030857110566569822,0.22913859057305072,0.1982814800064809,0.1982814800064809,1,positive,neutral,0,0,1
2021-06-22,0.2,0.1571428571428571,0.2,7,2871.T,5414,0.0114517916512744,0.0070188400443295,0.0044329516069449,217006755444.0,26.10319432108065,1445.5,1476.5,1445.5,1467.0,1352.3553466796875,1106800.0,0.0327346791221943,0.0135240177290185,0.0123293860395822,0.01441710984544,0.0123293860395822,-4.395769757077911,0,1,-0.1955670483930551,0.1955670483930551,0.030857110566569822,0.4004629835205855,0.3696058729540157,0.3696058729540157,1,positive,positive,0,1,0
2021-06-22,-0.2,-0.0399999999999999,0.0,5,3402.T,6127,0.0137098090419454,0.0099559327566508,0.0037538762852945,1238620395115.5396,27.84501929157957,763.0,763.9000244140625,755.4000244140625,759.2000122070312,686.1392822265625,5404600.0,0.0354608086900662,0.0224307303857221,0.018568083118827,0.0184358713427157,0.018568083118827,-3.9863111335644517,1,0,0.2037538762852945,0.2037538762852945,-1.0853385362175083,0.27694087792307875,1.3622794141405872,1.3622794141405872,1,negative,neutral,0,0,1
2021-06-22,0.2,0.18,0.2,5,4061.T,4104,0.0073099415204678,0.0102339181286549,-0.0029239766081871,1735679100725.0,28.18241986526709,3680.0,3725.0,3660.0,3725.0,3127.851318359375,471000.0,0.0304286479853497,0.0277079986380461,0.0215191693110233,0.0193930956742343,0.0215191693110233,-3.838811145222463,1,0,-0.20292397660818712,0.20292397660818712,0.030857110566569822,-0.9377438911663569,-0.9686010017329267,0.9686010017329267,1,positive,neutral,0,0,1
2021-06-22,0.1,0.05,0.05,10,4307.T,9119,0.0135979822348941,0.0060313630880579,0.0075666191468362,964920000000.0,27.595311033294468,3605.0,3665.0,3590.0,3655.0,3462.787109375,1209500.0,0.031029507632347,0.0184553132183394,0.0164223499321694,0.0210500305905125,0.0164223499321694,-4.109112071180064,0,1,-0.0924333808531638,0.0924333808531638,-0.24819180112944975,0.9704692853682128,1.2186610864976626,1.2186610864976626,1,neutral,positive,0,0,1
2021-06-22,0.3,0.28,0.3,5,6701.T,4488,0.0182709447415329,0.0100267379679144,0.0082442067736185,2870415766000.0,28.685478001410072,1086.0,1104.0,1080.0,1102.0,1031.4007568359375,5518500.0,0.0203703071924807,0.0339704939158836,0.0229590988448834,0.0235693953330485,0.0229590988448834,-3.7740409572172586,0,1,-0.2917557932263815,0.2917557932263815,0.30990602226258934,1.0937207829834596,0.7838147607208703,0.7838147607208703,1,positive,positive,0,1,0
2021-06-22,0.1,0.1,0.1,3,6902.T,2358,0.0122985581000848,0.0076335877862595,0.0046649703138252,1503966686000.0,28.03912719094492,1875.0,1897.0,1867.25,1894.0,1695.27197265625,5785200.0,0.0393743547256626,0.01515874677727,0.019874309230366,0.0195957742420696,0.019874309230366,-3.9183273747505902,0,1,-0.0953350296861748,0.0953350296861748,-0.24819180112944975,0.4426666070335304,0.6908584081629802,0.6908584081629802,1,neutral,positive,0,0,1
2021-06-22,-0.5,-0.1666666666666666,-0.5,12,9020.T,9979,0.0073153622607475,0.0066138891672512,0.0007014730934963,1074244142356.6896,27.702638406811868,2733.333251953125,2759.666748046875,2707.333251953125,2758.666748046875,2565.68408203125,4992000.0,0.0330796503291508,0.022277050942437,0.0192783834245968,0.0191178826745841,0.0192783834245968,-3.9487708405870667,1,0,0.5007014730934963,0.5007014730934963,-1.9224852713055671,-0.27828364189472504,1.6442016294108421,1.6442016294108421,1,negative,neutral,0,0,1
2021-06-22,0.2,0.14,0.1,5,9104.T,5266,0.0094948727687049,0.0102544625902012,-0.0007595898214963,2131105420749.4255,28.387661937905623,1740.0,1796.6666259765625,1710.0,1766.6666259765625,1207.42578125,13891800.0,0.1018711764457529,0.0246887032550617,0.0310111924319377,0.0278530213366063,0.0310111924319377,-3.4734070934669448,1,0,-0.2007595898214963,0.2007595898214963,0.030857110566569822,-0.5440473383749632,-0.574904448941533,0.574904448941533,1,positive,neutral,0,0,1
2021-06-23,0.5,0.3666666666666667,0.35,6,2802.T,5660,0.0132508833922261,0.007773851590106,0.0054770318021201,799607934730.5,27.40738736289823,1407.5,1423.5,1393.0,1398.25,1312.372802734375,3903200.0,0.0003575843377501,0.0189514223665133,0.0152575361863471,0.0157811365162803,0.0152575361863471,-4.182681721839631,0,1,-0.4945229681978799,0.4945229681978799,0.8680038456546284,0.5903785643242876,-0.2776252813303408,0.2776252813303408,1,positive,positive,0,1,0
2021-06-23,-0.2,-0.1666666666666666,-0.25,6,3401.T,6098,0.011479173499508,0.0109872089209576,0.0004919645785503,339741739425.0,26.551451575995547,1748.0,1748.0,1723.0,1725.0,1498.4344482421875,713400.0,-0.0040414650369582,0.0169005248162914,0.0134052652659908,0.0139263605402934,0.0134052652659908,-4.312107718904344,1,0,0.2004919645785503,0.2004919645785503,-1.0853385362175083,-0.3163927176948018,0.7689458185227065,0.7689458185227065,1,negative,neutral,0,0,1
2021-06-23,0.2,0.18,0.2,5,4005.T,4198,0.0157217722725107,0.0102429728442115,0.0054787994282991,963469572000.0,27.59380674360677,589.0,589.0,581.0,582.0,507.00726318359375,8570900.0,-0.0152283355276932,0.0153985411517708,0.0161410899517385,0.0191666565424994,0.0161410899517385,-4.126387087333807,0,1,-0.19452120057170091,0.19452120057170091,0.030857110566569822,0.5907000911131108,0.559842980546541,0.559842980546541,1,positive,positive,0,1,0
2021-06-23,-0.25,-0.25,-0.25,4,4507.T,3215,0.0158631415241057,0.0055987558320373,0.0102643856920684,617020583927.4152,27.14816822160394,1880.0,1902.6666259765625,1873.3333740234373,1874.6666259765625,1697.9556884765625,2341500.0,-0.0093359066077447,0.0099816005463815,0.0124660499745795,0.0143746041452829,0.0124660499745795,-4.384746331733026,1,0,0.2602643856920684,0.2602643856920684,-1.2248629920655183,1.4611862845778345,2.686049276643353,2.686049276643353,1,negative,positive,1,0,0
2021-06-23,-0.2,-0.25,-0.25,4,4543.T,4018,0.0194126431060228,0.0062220009955201,0.0131906421105027,844966000000.0,27.46256222680768,2287.0,2288.5,2222.0,2225.0,2130.56005859375,3910600.0,-0.0064745338039656,0.0162433562795682,0.0159275178359265,0.0173611873139598,0.0159275178359265,-4.139706984154669,1,0,0.2131906421105027,0.2131906421105027,-1.0853385362175083,1.9934650212645848,3.078803557482093,3.078803557482093,1,negative,positive,1,0,0
2021-06-23,0.1,0.05,0.05,6,5019.T,5492,0.0069191551347414,0.0054624908958485,0.0014566642388929,85152001953.125,25.16770375467861,528.7999877929688,533.0,527.4000244140625,532.2000122070312,444.2276306152344,3001500.0,0.0041509968387054,0.0134748273170282,0.0137611681834201,0.0136973773903091,0.0137611681834201,-4.285904553029611,0,1,-0.0985433357611071,0.0985433357611071,-0.24819180112944975,-0.1409162579920531,0.10727554313739665,0.10727554313739665,1,neutral,neutral,0,0,1
2021-06-23,0.0,-0.0249999999999999,0.0,12,5401.T,7273,0.0144369586140519,0.0103121132957514,0.0041248453183005,344016202000.0,26.563954592047903,363.2000122070313,367.7000122070313,361.3999938964844,362.0,257.8975830078125,14411500.0,-0.0152340162621559,0.0273952747506277,0.0292441606605884,0.0285820683415786,0.0292441606605884,-3.5320753607695368,0,0,0.0041248453183005,0.0041248453183005,-0.5272407128254694,0.3444192188485093,0.8716599316739786,0.8716599316739786,1,neutral,positive,0,0,1
2021-06-23,0.1,0.0,0.0,8,5406.T,7903,0.0112615462482601,0.0132860938883968,-0.0020245476401366,248131884000.0,26.23722623208361,695.0,696.0,680.0,681.0,537.8619995117188,2500300.0,-0.0187320271408615,0.0345823010427698,0.0306901868128788,0.0317453157768716,0.0306901868128788,-3.4838123232761933,1,0,-0.1020245476401366,0.1020245476401366,-0.24819180112944975,-0.7741400074337269,-0.5259482063042772,0.5259482063042772,1,neutral,neutral,0,0,1
2021-06-23,-0.2,-0.2,-0.5,5,6103.T,4822,0.0130651182082123,0.0082953131480713,0.004769805060141,452317000000.0,26.83764909839711,2740.0,2740.0,2675.0,2680.0,2368.69921875,186800.0,-0.0074073649693552,0.018971359396511,0.0184945998014499,0.0184139701285298,0.0184945998014499,-3.9902764921340514,1,0,0.204769805060141,0.204769805060141,-1.0853385362175083,0.46173578565312196,1.5470743218706302,1.5470743218706302,1,negative,positive,1,0,0
2021-06-23,0.1,0.0333333333333333,0.0,9,6501.T,8643,0.0128427629295383,0.0143468702996644,-0.0015041073701261,5981893690795.532,29.419758304463095,1245.800048828125,1258.800048828125,1237.5999755859375,1237.5999755859375,1150.1302490234375,16722000.0,-0.0111857647361323,0.0144244147698955,0.0193281370752699,0.019204633722183,0.0193281370752699,-3.9461933651982846,1,0,-0.1015041073701261,0.1015041073701261,-0.24819180112944975,-0.6794732216739471,-0.43128142054449736,0.43128142054449736,1,neutral,neutral,0,0,1
2021-06-23,0.5,0.2857142857142857,0.3,7,6594.T,6212,0.0109465550547327,0.0070830650354153,0.0038634900193174,1901400605000.0,28.27361189105789,6410.0,6442.5,6360.0,6377.5,6124.90087890625,2030600.0,-0.000783438609639,0.0147599283187012,0.018726075163838,0.0206427944684662,0.018726075163838,-3.9778383325977074,0,1,-0.4961365099806826,0.4961365099806826,0.8680038456546284,0.2968793424751512,-0.5711245031794772,0.5711245031794772,1,positive,neutral,0,0,1
2021-06-23,0.5,0.25,0.5,8,6762.T,6918,0.0114194854004047,0.0119976871928302,-0.0005782017924255,113953683363.46436,25.45905791649887,882.0,882.6666870117188,874.6666870117188,879.3333129882812,808.883544921875,7935000.0,-0.0067770971468861,0.0163506345037356,0.0189731950749577,0.0201803847972227,0.0189731950749577,-3.9647280814391035,1,0,-0.5005782017924255,0.5005782017924255,0.8680038456546284,-0.511053308748686,-1.3790571544033146,1.3790571544033146,1,positive,neutral,0,0,1
2021-06-23,-0.1,-0.1,-0.15,4,6841.T,3508,0.0091220068415051,0.0057012542759407,0.0034207525655644,445915840000.0,26.823396071608904,1679.0,1689.0,1659.0,1660.0,1549.4486083984375,738000.0,-0.0160046841994936,0.0261064284957819,0.020016938660404,0.0212417600690171,0.020016938660404,-3.9111764308533443,1,0,0.1034207525655644,0.1034207525655644,-0.8062896245214889,0.21634650499618355,1.0226361295176725,1.0226361295176725,1,neutral,neutral,0,0,1
2021-06-23,-0.2,-0.1125,0.0,8,7186.T,8427,0.0055773110240892,0.0066453067521063,-0.001067995728017,545949184000.0,27.025791738763004,421.0,427.0,419.0,424.0,362.3343200683594,3941500.0,0.0023639570214191,0.0214585428421896,0.019463434431221,0.0192428319661214,0.019463434431221,-3.9392177310942196,0,1,0.19893200427198302,0.19893200427198302,-1.0853385362175083,-0.6001456027906986,0.4851929334268097,0.4851929334268097,1,negative,neutral,0,0,1
2021-06-23,-0.1,-0.0733333333333333,0.0,15,7267.T,14937,0.0097074379058713,0.0192140322688625,-0.0095065943629912,2103068407230.0,28.37441854052236,1149.6666259765625,1163.3333740234375,1148.3333740234375,1161.0,961.2232666015624,9972900.0,-0.0102300499570845,0.020184063999353,0.0182532377641718,0.018251560974623,0.0182532377641718,-4.003412802953796,0,1,0.0904934056370088,0.0904934056370088,-0.8062896245214889,-2.1351056262987855,-1.3288160017772968,1.3288160017772968,1,neutral,negative,0,0,1
2021-06-23,0.1,0.1,0.1,8,8253.T,7363,0.011408393317941,0.0067907103082982,0.0046176830096428,254430227184.0,26.2622924789013,1366.0,1391.0,1362.0,1372.0,1182.419921875,911500.0,-0.0093863214621556,0.0268285886381845,0.020482871230295,0.019007223191945,0.020482871230295,-3.888166291845734,0,1,-0.09538231699035721,0.09538231699035721,-0.24819180112944975,0.43406516446241167,0.6822569655918614,0.6822569655918614,1,neutral,positive,0,0,1
2021-06-23,-0.5,-0.4333333333333333,-0.45,6,9001.T,5097,0.0100058858151854,0.011183048852266,-0.0011771630370806,3137350180000.0,28.774399667851892,2942.0,2958.0,2914.0,2917.0,2734.29736328125,346900.0,-0.0131933625853446,0.0190706326850524,0.0181491018099268,0.0162441114115563,0.0181491018099268,-4.009134206552177,0,1,0.4988228369629194,0.4988228369629194,-1.9224852713055671,-0.6200028637572395,1.3024824075483277,1.3024824075483277,1,negative,neutral,0,0,1
2021-06-23,-0.6,-0.6,-0.6,5,9022.T,4944,0.0084951456310679,0.0103155339805825,-0.0018203883495145,719970000000.0,27.302475381421765,3480.0,3514.0,3455.0,3495.0,3367.32421875,2679500.0,-0.0042736813623224,0.0192156519302345,0.0195845424992916,0.0187802504772713,0.0195845424992916,-3.933014671887423,0,1,0.5981796116504855,0.5981796116504855,-2.201534183001587,-0.7370039421830479,1.464530240818539,1.464530240818539,1,negative,neutral,0,0,1
2021-06-23,0.2,0.12,0.1,5,9107.T,4499,0.0108913091798177,0.0100022227161591,0.0008890864636585,40602091748.16895,24.4270854231178,443.3333435058594,443.3333435058594,415.0,432.2222290039063,308.43096923828125,38149200.0,0.0103898542189293,0.0353852178163145,0.0388233438429413,0.0356267507363975,0.0388233438429413,-3.2487335678323324,0,1,-0.1991109135363415,0.1991109135363415,0.030857110566569822,-0.2441572382663953,-0.2750143488329651,0.2750143488329651,1,positive,neutral,0,0,1
2021-06-23,0.5,0.3666666666666666,0.5,15,9434.T,14035,0.0062700391877449,0.0084788029925187,-0.0022087638047737,849022232.4250793,20.559595930534737,143.5,145.8000030517578,143.39999389648438,144.85000610351562,116.1412124633789,127631000.0,0.0104637688047344,0.009684552410985,0.008484701799172,0.0094871341375494,0.008484701799172,-4.769490525383534,1,0,-0.5022087638047738,0.5022087638047738,0.8680038456546284,-0.8076484678586604,-1.6756523135132888,1.6756523135132888,1,positive,neutral,0,0,1
2021-06-24,-0.14,-0.15,-0.15,8,4188.T,7777,0.015044361579015,0.0101581586730101,0.0048862029060048,1395877107987.3047,27.96454408486601,929.2999877929688,932.4000244140624,912.0999755859376,926.7000122070312,786.5445556640625,5777500.0,0.015116530774226,0.0165606357812471,0.0158209218630647,0.0173374186724827,0.0158209218630647,-4.146422046338815,1,0,0.14488620290600482,0.14488620290600482,-0.9179091891998968,0.4829082632115282,1.400817452411425,1.400817452411425,1,negative,positive,1,0,0
2021-06-24,0.1,0.02,0.1,5,4506.T,4613,0.0171255148493388,0.0112724907869065,0.0058530240624322,916761600000.0,27.544113297212935,2278.0,2329.0,2265.0,2304.0,2212.24169921875,910300.0,0.0114134385107056,0.0206302049539436,0.018449695151646,0.0265026472065054,0.018449695151646,-3.9927074315781224,0,1,-0.09414697593756781,0.09414697593756781,-0.24819180112944975,0.6587706177554773,0.906962418884927,0.906962418884927,1,neutral,positive,0,0,1
2021-06-24,-0.1,-0.0249999999999999,0.1,4,5711.T,3596,0.0083426028921023,0.0166852057842046,-0.0083426028921023,293221663050.0,26.404194689120413,2213.0,2244.0,2211.0,2230.0,1907.4013671875,575200.0,0.0127157940473661,0.0256370494306298,0.0216161385841852,0.0222457695262994,0.0216161385841852,-3.834315086599372,0,1,0.0916573971078977,0.0916573971078977,-0.8062896245214889,-1.9233784838187709,-1.117088859297282,1.117088859297282,1,neutral,negative,0,0,1
2021-06-24,0.5,0.3666666666666667,0.4,6,5714.T,5776,0.010387811634349,0.0072714681440443,0.0031163434903047,1357563615780.0,27.93671275010953,4335.0,4400.0,4325.0,4380.0,3931.03271484375,186200.0,0.0174215521490224,0.0154120123356375,0.0181074441702019,0.0208629740149806,0.0181074441702019,-4.011432145141192,0,1,-0.4968836565096953,0.4968836565096953,0.8680038456546284,0.1609752542081512,-0.7070285914464772,0.7070285914464772,1,positive,neutral,0,0,1
2021-06-24,-0.5,-0.5,-0.5,4,5801.T,3501,0.0091402456441016,0.0125678377606398,-0.0034275921165381,194334021750.0,25.99284427707535,2754.0,2765.0,2738.0,2750.0,2484.252197265625,514400.0,-0.0068615439362025,0.0128283128075271,0.011986827719074,0.014636968777501,0.011986827719074,-4.423946922174297,0,1,0.4965724078834619,0.4965724078834619,-1.9224852713055671,-1.0293502947857478,0.8931349765198193,0.8931349765198193,1,negative,neutral,0,0,1
2021-06-24,0.5,0.5,0.5,4,6857.T,3292,0.0136695018226002,0.0057715674362089,0.0078979343863912,498917500000.0,26.935706588367985,2542.5,2547.5,2485.0,2500.0,2398.736572265625,4259200.0,-0.0186458021725136,0.0224898821862542,0.0241274811779553,0.0253792621849643,0.0241274811779553,-3.7244037902908285,0,1,-0.4921020656136088,0.4921020656136088,0.8680038456546284,1.0307347002663922,0.16273085461176384,0.16273085461176384,1,positive,positive,0,1,0
2021-06-24,-0.2,-0.2625,-0.25,8,7013.T,7809,0.0135740811883723,0.0101165322064284,0.0034575489819439,586457785542.2058,27.097366525539343,380.2857055664063,384.8571472167969,378.2857055664063,379.1428527832031,344.03369140625,5215000.0,-0.0037538749006473,0.0335933599385571,0.0287673241398892,0.0302534068577735,0.0287673241398892,-3.548515114437716,1,0,0.2034575489819439,0.2034575489819439,-1.0853385362175083,0.22303968126798795,1.3083782174854963,1.3083782174854963,1,negative,neutral,0,0,1
2021-06-24,0.0,0.0,0.0,14,7203.T,13664,0.0147833723653395,0.008635831381733,0.0061475409836065,6411136664926.025,29.48905769796212,1980.0,1980.199951171875,1962.199951171875,1964.800048828125,1731.0662841796875,22403500.0,0.0042937576388433,0.0125774729355531,0.0155039002147487,0.0151316323442547,0.0155039002147487,-4.166663659951658,0,0,0.0061475409836065,0.0061475409836065,-0.5272407128254694,0.7123425104125827,1.2395832232380521,1.2395832232380521,1,neutral,positive,0,0,1
2021-06-24,-0.75,-0.75,-0.75,4,7205.T,3709,0.0072795901860339,0.0159072526287409,-0.0086276624427069,565386720000.0,27.060775794133807,972.0,996.0,971.0,984.0,977.568603515625,1188400.0,0.0133882024450036,0.0226609608780958,0.0218415808980045,0.0253893448244275,0.0218415808980045,-3.8239397452853656,0,1,0.7413723375572931,0.7413723375572931,-2.620107550545616,-1.9752301043809544,0.6448774461646618,0.6448774461646618,1,negative,negative,0,1,0
2021-06-24,-0.5,-0.375,-0.5,4,7211.T,3312,0.0126811594202898,0.0126811594202898,0.0,445594318000.0,26.822674774131688,299.0,302.0,297.0,299.0,277.1070251464844,6081900.0,0.0067338492004052,0.0202573566393638,0.0207080035016857,0.0281234495584548,0.0207080035016857,-3.877235010844288,0,0,0.5,0.5,-1.9224852713055671,-0.405879846271693,1.516605425033874,1.516605425033874,1,negative,neutral,0,0,1
2021-06-24,-0.2,-0.175,-0.15,8,7270.T,5184,0.0129243827160493,0.0094521604938271,0.0034722222222222,1725644112500.0,28.176621495266705,2221.0,2264.0,2213.0,2243.5,1919.5013427734373,2584800.0,0.0169989474652305,0.0126171436703866,0.016413053615985,0.0177753536297611,0.016413053615985,-4.109678308559736,1,0,0.20347222222222222,0.20347222222222222,-1.0853385362175083,0.22570870704072377,1.311047243258232,1.311047243258232,1,negative,neutral,0,0,1
2021-06-24,0.3,0.2846153846153846,0.3,13,8002.T,12632,0.0148828372387587,0.0155161494616846,-0.0006333122229259,1707527032500.0,28.16606725989122,968.5,985.0999755859376,968.0,982.5,812.47900390625,3271900.0,0.0082093324485017,0.0174805758158854,0.0189535631250113,0.0195631138805753,0.0189535631250113,-3.9657633374236134,1,0,-0.3006333122229259,0.3006333122229259,0.30990602226258934,-0.5210777584654717,-0.830983780728061,0.830983780728061,1,positive,neutral,0,0,1
2021-06-24,0.1,0.0625,0.1,8,8015.T,3273,0.0122212037885731,0.0097769630308585,0.0024442407577146,629039478926.7578,27.16745985626668,1783.3333740234375,1796.6666259765625,1770.0,1776.6666259765625,1525.46142578125,1071600.0,-0.0037382794602865,0.0282498068235503,0.0228534990548206,0.0221094645269542,0.0228534990548206,-3.7786510418633594,0,1,-0.0975557592422854,0.0975557592422854,-0.24819180112944975,0.03872144515262624,0.286913246282076,0.286913246282076,1,neutral,neutral,0,0,1
2021-06-24,0.0,-0.0588235294117647,0.0,17,8309.T,15698,0.0076442858962925,0.0073257739839469,0.0003185119123455,708676794000.0,27.286665397764818,1806.0,1822.5,1800.5,1815.5,1508.717529296875,1944400.0,0.009452385320037,0.0154702982844279,0.0158144098688326,0.0156929893105459,0.0158144098688326,-4.14683373756932,0,0,0.0003185119123455,0.0003185119123455,-0.5272407128254694,-0.34794332462754574,0.17929738819792362,0.17929738819792362,1,neutral,neutral,0,0,1
2021-06-24,0.2,0.04,0.0,30,8601.T,12854,0.0098023961412789,0.0122918935739847,-0.0024894974327057,1045627262655.6396,27.67563807261165,617.4000244140625,619.2000122070312,612.7999877929688,615.2999877929688,500.90380859375,2696200.0,-0.0035627078716745,0.0110309946721776,0.0160035266094198,0.0162542199951052,0.0160035266094198,-4.134946167941014,1,0,-0.20248949743270572,0.20248949743270572,0.030857110566569822,-0.8587132138869957,-0.8895703244535655,0.8895703244535655,1,positive,neutral,0,0,1
2021-06-24,-0.5,-0.4,-0.4,7,9021.T,6270,0.0068580542264752,0.0103668261562998,-0.0035087719298245,615399227500.0,27.145537044552448,3240.5,3240.5,3175.0,3176.5,2855.52490234375,3010200.0,-0.0274035469968306,0.0218035482372384,0.0211746883912417,0.0214307405831945,0.0211746883912417,-3.8549487544322654,0,1,0.4964912280701755,0.4964912280701755,-1.9224852713055671,-1.044116700145286,0.8783685711602811,0.8783685711602811,1,negative,neutral,0,0,1
2021-06-25,-0.1,-0.1,0.0,6,1332.T,3786,0.0073956682514527,0.0100369783412572,-0.0026413100898045,166837767918.0,25.840287727607382,530.0,534.0,530.0,534.0,470.2841796875,643400.0,0.00945193229992,0.0179254885627105,0.0161950594386753,0.0177565708583983,0.0161950594386753,-4.123049056178775,0,1,0.0973586899101955,0.0973586899101955,-0.8062896245214889,-0.8863275571908007,-0.0800379326693118,0.0800379326693118,1,neutral,neutral,0,0,1
2021-06-25,-0.5,-0.45,-0.5,4,1802.T,3787,0.0055452865064695,0.0039609189331925,0.001584367573277,651522627000.0,27.20257796352986,910.0,914.0,901.0,903.0,754.1929321289062,2706400.0,0.0055679901720957,0.0129954761638126,0.0172050385976514,0.0169772484429252,0.0172050385976514,-4.06255299633786,1,0,0.501584367573277,0.501584367573277,-1.9224852713055671,-0.11768734029760718,1.80479793100796,1.80479793100796,1,negative,neutral,0,0,1
2021-06-25,-0.1,-0.0275862068965517,-0.1,29,2002.T,6068,0.0110415293342122,0.010547132498352,0.0004943968358602,507058762000.0,26.951892735202215,1674.0,1674.0,1659.0,1666.0,1482.70458984375,439300.0,0.0030101081234272,0.0146591378263744,0.012777806369164,0.0140621262581201,0.012777806369164,-4.360045490370862,1,0,0.1004943968358602,0.1004943968358602,-0.8062896245214889,-0.3159502961626166,0.4903393283588723,0.4903393283588723,1,neutral,neutral,0,0,1
2021-06-25,0.2,0.1428571428571428,0.2,7,2282.T,5682,0.0179514255543822,0.0059838085181274,0.0119676170362548,933210375000.0,27.561896494691556,4395.0,4425.0,4380.0,4425.0,3997.8203125,272300.0,0.0102739628835306,0.0167916661839406,0.0158246646215179,0.0150042633386409,0.0158246646215179,-4.146185504129527,0,1,-0.18803238296374522,0.18803238296374522,0.030857110566569822,1.770999813719579,1.7401427031530092,1.7401427031530092,1,positive,positive,0,1,0
2021-06-25,-0.5,-0.45,-0.6,4,3099.T,3660,0.0092896174863387,0.010655737704918,-0.0013661202185792,316185600000.0,26.47959521988781,806.0,811.0,794.0,800.0,744.5421142578125,2536600.0,0.0,0.0237119063614692,0.0246491837905812,0.0249956315005841,0.0246491837905812,-3.703011490985618,0,1,0.4986338797814208,0.4986338797814208,-1.9224852713055671,-0.6543737033126391,1.268111567992928,1.268111567992928,1,negative,neutral,0,0,1
2021-06-25,-0.25,-0.3125,-0.5,8,3289.T,7229,0.0100982155208189,0.0080232397288698,0.002074975791949,444095864982.0,26.81930628819459,707.0,709.0,691.0,693.0,601.8298950195312,4781900.0,-0.0128207207531907,0.0210393618193575,0.0220742266274476,0.020462539563271,0.0220742266274476,-3.813344566970022,1,0,0.252074975791949,0.252074975791949,-1.2248629920655183,-0.028446930196228282,1.19641606186929,1.19641606186929,1,negative,neutral,0,0,1
2021-06-25,0.0,-0.0833333333333333,0.0,6,3407.T,5242,0.0070583746661579,0.0154521175123998,-0.0083937428462418,1728724220000.0,28.17840480730515,1234.0,1238.5,1223.5,1232.5,1057.824951171875,1906300.0,0.0098318069968625,0.0171334049023893,0.0182144557288534,0.017602254795313,0.0182144557288534,-4.005539729349405,0,0,-0.0083937428462418,0.0083937428462418,-0.5272407128254694,-1.9326807137983828,-1.4054400009729133,1.4054400009729133,1,neutral,negative,0,0,1
2021-06-25,0.5,0.3333333333333333,0.5,3,4021.T,2358,0.011874469889737,0.0021204410517387,0.0097540288379983,833140000000.0,27.44846753221843,5400.0,5460.0,5390.0,5410.0,4799.2294921875,364300.0,0.0131085989832449,0.0284982913934344,0.0233763546982367,0.0221282919506728,0.0233763546982367,-3.7560302504819343,0,1,-0.4902459711620017,0.4902459711620017,0.8680038456546284,1.3683536470028932,0.5003498013482648,0.5003498013482648,1,positive,positive,0,1,0
2021-06-25,0.1,0.075,0.1,4,4042.T,4208,0.0068916349809885,0.0111692015209125,-0.0042775665399239,1267165566488.0,27.86780368472703,1947.0,1955.0,1926.0,1949.0,1592.2913818359375,788100.0,0.0072350917974906,0.0174665635158276,0.0174548226689466,0.0191091149895545,0.0174548226689466,-4.048139297803779,1,0,-0.1042775665399239,0.1042775665399239,-0.24819180112944975,-1.1839585203143612,-0.9357667191849115,0.9357667191849115,1,neutral,negative,0,0,1
2021-06-25,0.2,0.2125,0.2,8,4183.T,7331,0.0139135179375255,0.0058655026599372,0.0080480152775883,1964833596110.0,28.306428673750403,1880.0,1925.0,1875.0,1922.5,1626.9610595703125,1445400.0,0.0363880218452234,0.0281921527433468,0.0225372733605582,0.0210278293640043,0.0225372733605582,-3.792584746607171,0,1,-0.1919519847224117,0.1919519847224117,0.030857110566569822,1.0580340396762846,1.0271769291097148,1.0271769291097148,1,positive,positive,0,1,0
2021-06-25,0.5,0.4166666666666667,0.45,6,5020.T,5447,0.0080778410134018,0.0066091426473288,0.001468698366073,1186354029168.7622,27.801905878847425,473.8999938964844,476.2999877929688,472.7000122070313,475.3999938964844,398.6381530761719,13680200.0,0.0112741028298635,0.0121672082938965,0.0157151854311112,0.0160448435296706,0.0157151854311112,-4.153127809176946,0,1,-0.498531301633927,0.498531301633927,0.8680038456546284,-0.13872728030294865,-1.006731125957577,1.006731125957577,1,positive,neutral,0,0,1
2021-06-25,0.3,0.34,0.35,10,5332.T,3552,0.0123873873873873,0.0064752252252252,0.0059121621621621,1053036950000.0,27.68269943868316,6010.0,6030.0,5920.0,5950.0,5391.88720703125,253600.0,0.0,0.0175276956740161,0.0201003046944423,0.0216993279290032,0.0201003046944423,-3.9070203051045245,0,1,-0.2940878378378379,0.2940878378378379,0.30990602226258934,0.6695276904494446,0.35962166818685526,0.35962166818685526,1,positive,positive,0,1,0
2021-06-25,-0.33,-0.3333333333333333,-0.3,3,5411.T,2941,0.0210812648758925,0.009520571234274,0.0115606936416184,812287036000.0,27.42311960725513,1299.0,1325.0,1290.0,1322.0,1031.874755859375,6556000.0,0.0417652307050131,0.03166833168243,0.0318701153074831,0.030528679401821,0.0318701153074831,-3.4460865325022327,1,0,0.3415606936416184,0.3415606936416184,-1.4481021214223337,1.6969814641788927,3.1450835856012267,3.1450835856012267,1,negative,positive,1,0,0
2021-06-25,0.5,0.425,0.45,4,5713.T,3655,0.0090287277701778,0.0076607387140902,0.0013679890560875,2651060424000.0,28.60598083588402,4566.0,4619.0,4548.0,4558.0,3864.297607421875,2094800.0,0.0059589808370219,0.0287503915318392,0.0259035130944173,0.0272011483165195,0.0259035130944173,-3.6533766787639217,0,1,-0.4986320109439125,0.4986320109439125,0.8680038456546284,-0.15704605235381286,-1.0250498980084413,1.0250498980084413,1,positive,neutral,0,0,1
2021-06-25,-0.25,-0.25,-0.25,4,5802.T,3379,0.0106540396567031,0.0082864752885469,0.0023675643681562,1329851175000.0,27.916088153404868,1659.5,1680.5,1657.5,1675.0,1442.340576171875,1759300.0,0.0179276295668735,0.0136215681161345,0.0157618727434131,0.0174551722910392,0.0157618727434131,-4.150161372715227,1,0,0.2523675643681562,0.2523675643681562,-1.2248629920655183,0.024774201325756272,1.2496371933912747,1.2496371933912747,1,negative,neutral,0,0,1
2021-06-25,-0.2,-0.26,-0.3,5,6113.T,4934,0.0131738954195379,0.0054722334819618,0.007701661937576,429160525000.0,26.78509687003418,1132.0,1138.0,1122.0,1135.0,957.289794921875,1630700.0,0.0170252549690117,0.0150082789414584,0.0175635740292712,0.0172959208052372,0.0175635740292712,-4.041928179066446,1,0,0.207701661937576,0.207701661937576,-1.0853385362175083,0.995033231849736,2.0803717680672444,2.0803717680672444,1,negative,positive,1,0,0
2021-06-25,-0.5,-0.5,-0.5,4,6471.T,3937,0.0142240284480568,0.0091440182880365,0.0050800101600203,539691372000.0,27.014263279783965,981.0,985.0,975.0,979.0,819.5343627929688,1605400.0,0.0113636372195649,0.0188345473006023,0.0172504715952906,0.0197514625373704,0.0172504715952906,-4.059915797021042,1,0,0.5050800101600204,0.5050800101600204,-1.9224852713055671,0.5181613188488378,2.440646590154405,2.440646590154405,1,negative,positive,1,0,0
2021-06-25,0.1,0.075,0.1,4,6473.T,3392,0.0126768867924528,0.0053066037735849,0.0073702830188679,406793910000.0,26.73157253050728,1188.0,1197.0,1181.0,1185.0,1032.2347412109375,585200.0,0.0102303530360341,0.0215968965652865,0.0230920386280789,0.0236367443685681,0.0230920386280789,-3.76826736899432,0,1,-0.09262971698113211,0.09262971698113211,-0.24819180112944975,0.9347562338725921,1.1829480350020418,1.1829480350020418,1,neutral,positive,0,0,1
2021-06-25,0.2,0.1333333333333333,0.1,9,6504.T,5168,0.0067724458204334,0.0187693498452012,-0.0119969040247678,3919041000000.0,28.99686809694383,5300.0,5300.0,5210.0,5250.0,4817.82373046875,504300.0,-0.0056818880358784,0.0120962755925259,0.0241430446057845,0.02125949371351,0.0241430446057845,-3.723758948407886,1,0,-0.2119969040247678,0.2119969040247678,0.030857110566569822,-2.5880867363542364,-2.618943846920806,2.618943846920806,1,positive,negative,1,0,0
2021-06-25,0.5,0.59,0.55,10,6645.T,9565,0.0149503397804495,0.0078410872974385,0.0071092524830109,1874272080000.0,28.25924147597248,8750.0,8800.0,8680.0,8760.0,8142.46875,571300.0,0.0269635753740482,0.0170387930933154,0.0180608276793039,0.0182070919958012,0.0180608276793039,-4.014009902624613,0,1,-0.4928907475169891,0.4928907475169891,0.8680038456546284,0.887275431101053,0.0192715854464246,0.0192715854464246,1,positive,positive,0,1,0
2021-06-25,-0.2,-0.1,-0.1,6,6770.T,5640,0.0081560283687943,0.0145390070921985,-0.0063829787234042,234480064000.0,26.1806364062934,1192.0,1203.0,1176.0,1183.0,1040.990234375,1651800.0,0.0050978609444778,0.0125860539352949,0.0167850496839691,0.021786236739152,0.0167850496839691,-4.08726668853253,0,1,0.1936170212765958,0.1936170212765958,-1.0853385362175083,-1.5669277400204735,-0.4815892038029652,0.4815892038029652,1,negative,negative,0,1,0
2021-06-25,0.2,0.15,0.15,6,6963.T,4409,0.0083919256067135,0.0104332048083465,-0.002041279201633,285228000000.0,26.376554697385625,2567.5,2590.0,2550.0,2565.0,2321.704833984375,1314400.0,0.0019528681822933,0.0178013812739207,0.0183740708158887,0.0212825521557971,0.0183740708158887,-3.996814803004625,1,0,-0.202041279201633,0.202041279201633,0.030857110566569822,-0.7771834366971355,-0.8080405472637053,0.8080405472637053,1,positive,neutral,0,0,1
2021-06-25,-0.2,-0.09,0.0,10,6971.T,10460,0.008604206500956,0.0113766730401529,-0.0027724665391969,652430501595.0,27.203970459505047,1724.25,1736.25,1718.0,1727.75,1531.9296875,2526400.0,0.0133430789878461,0.0097781692841764,0.0163432372123588,0.0151123386840367,0.0163432372123588,-4.113941093361194,0,1,0.1972275334608031,0.1972275334608031,-1.0853385362175083,-0.9101845878840507,0.17515394833345765,0.17515394833345765,1,negative,neutral,0,0,1
2021-06-25,-0.1,-0.1166666666666666,-0.1,6,7012.T,5227,0.0089917734838339,0.0147312033671321,-0.0057394298832982,4046689710000.0,29.02892030727426,2400.0,2440.0,2393.0,2422.0,2211.15283203125,1546800.0,0.0275776059818797,0.0232574550106768,0.0216579758950058,0.0253097973710559,0.0216579758950058,-3.832381490759956,0,1,0.0942605701167018,0.0942605701167018,-0.8062896245214889,-1.4498678127188445,-0.6435781881973556,0.6435781881973556,1,neutral,negative,0,0,1
2021-06-25,-0.2,-0.1714285714285714,-0.2,7,7202.T,7201,0.0081933064852103,0.0113873073184279,-0.0031940008332176,1266695044817.0,27.867432297544717,1491.0,1505.0,1486.0,1493.0,1215.9970703125,2687500.0,0.0,0.0491405526846792,0.0344326480522421,0.0292817996559338,0.0344326480522421,-3.3687500934000782,0,1,0.1968059991667824,0.1968059991667824,-1.0853385362175083,-0.9868606235444973,0.09847791267301098,0.09847791267301098,1,negative,neutral,0,0,1
2021-06-25,-0.2,-0.22,-0.2,5,7261.T,4526,0.0117101193106495,0.0097216084843128,0.0019885108263367,637067250000.0,27.180141059944567,1021.0,1064.0,1019.0,1062.0,896.028076171875,10928900.0,0.0870010349094803,0.0220536336284429,0.0223662768179366,0.0291137343612361,0.0223662768179366,-3.8002009537230257,1,0,0.2019885108263367,0.2019885108263367,-1.0853385362175083,-0.04417469156869311,1.0411638446488152,1.0411638446488152,1,negative,neutral,0,0,1
2021-06-25,-0.1,-0.1,-0.1,2,7269.T,1816,0.013215859030837,0.0077092511013215,0.0055066079295154,584290000000.0,27.09366327186437,1190.0,1190.75,1181.75,1190.0,1084.8775634765625,5545600.0,0.0099724259065563,0.0136982977358048,0.0191688388260754,0.0204604918898473,0.0191688388260754,-3.9544692962121997,1,0,0.10550660792951541,0.10550660792951541,-0.8062896245214889,0.5957583880563718,1.4020480125778607,1.4020480125778607,1,neutral,positive,0,0,1
2021-06-25,0.3,0.16,0.1,5,7735.T,3379,0.0088783663805859,0.0115418762947617,-0.0026635099141757,276827300000.0,26.34665968299421,5520.0,5530.0,5400.0,5450.0,4866.29638671875,714200.0,0.0018382796428748,0.017967811880518,0.0234340626380025,0.0249237268695188,0.0234340626380025,-3.753564646785811,1,0,-0.3026635099141757,0.3026635099141757,0.30990602226258934,-0.8903656498188188,-1.2002716720814082,1.2002716720814082,1,positive,neutral,0,0,1
2021-06-25,-0.1,-0.1333333333333333,-0.2,9,7752.T,7948,0.0094363361852038,0.0129592350276799,-0.003522898842476,960936480000.0,27.59117414591737,1317.0,1318.0,1284.0,1290.0,1141.4642333984375,3034500.0,-0.0084551246515072,0.0148228359317956,0.0174284877848064,0.0285216254754546,0.0174284877848064,-4.04964918254813,0,1,0.096477101157524,0.096477101157524,-0.8062896245214889,-1.0466863502866937,-0.24039672576520477,0.24039672576520477,1,neutral,neutral,0,0,1
2021-06-25,-0.25,-0.3249999999999999,-0.4,4,7951.T,3742,0.0128273650454302,0.0106894708711918,0.0021378941742383,407002852197.345,26.732086030220337,2063.333251953125,2073.333251953125,2050.0,2063.333251953125,1909.0001220703125,966600.0,0.0114378249040321,0.0166382128634986,0.0207172448122134,0.0207057415392544,0.0207172448122134,-3.876788842815989,1,0,0.2521378941742383,0.2521378941742383,-1.2248629920655183,-0.017002233542733523,1.2078607585227847,1.2078607585227847,1,negative,neutral,0,0,1
2021-06-25,-0.2,-0.15,-0.15,8,8058.T,6564,0.0089884216940889,0.0163010359536867,-0.0073126142595978,1637248189966.3086,28.124038015511093,1024.6666259765625,1029.6666259765625,1018.3333129882812,1029.6666259765625,884.6027221679688,8163000.0,0.0127867610207661,0.0124700716969858,0.0146927229444718,0.0133874864778007,0.0146927229444718,-4.220402945560141,0,1,0.1926873857404022,0.1926873857404022,-1.0853385362175083,-1.7360261230832252,-0.6506875868657169,0.6506875868657169,1,negative,negative,0,1,0
2021-06-25,-0.5,-0.2666666666666666,-0.2,3,8252.T,2800,0.015,0.0092857142857142,0.0057142857142857,510781671562.0,26.95920807863252,2213.0,2216.0,2173.0,2186.0,1877.4676513671875,828000.0,-0.0004571317459021,0.0159885799205543,0.0233326676564339,0.0226734572445583,0.0233326676564339,-3.7579008550178234,1,0,0.5057142857142857,0.5057142857142857,-1.9224852713055671,0.6335344586081741,2.556019729913741,2.556019729913741,1,negative,positive,1,0,0
2021-06-25,0.1,0.0333333333333333,0.0,15,8304.T,14632,0.0078594860579551,0.0030754510661563,0.0047840349917987,2967881046000.0,28.718869361589533,2499.0,2510.0,2491.0,2509.0,2048.07177734375,474400.0,0.009657938120569,0.0173425200216158,0.0175273193411292,0.0160412254659599,0.0175273193411292,-4.04399451010334,0,1,-0.0952159650082013,0.0952159650082013,-0.24819180112944975,0.4643241746945553,0.712515975824005,0.712515975824005,1,neutral,positive,0,0,1
2021-06-25,0.0,0.0,0.0,15,8308.T,14172,0.0056449336720293,0.0096669489133502,-0.0040220152413209,1020520227985.2904,27.6513336406415,441.0,442.2000122070313,436.0,439.1000061035156,384.0161743164063,9281400.0,0.0002278910145205,0.0120774035572997,0.0168392924171386,0.0171405170316501,0.0168392924171386,-4.08404028903538,0,0,-0.0040220152413209,0.0040220152413209,-0.5272407128254694,-1.137474377119609,-0.6102336642941396,0.6102336642941396,1,neutral,negative,0,0,1
2021-06-25,0.3,0.1428571428571428,0.1,7,8630.T,13085,0.003515475735575,0.0059610240733664,-0.0024455483377913,578169984000.0,27.08313375234821,1402.0,1403.6666259765625,1390.6666259765625,1392.0,1169.934326171875,2778300.0,-0.0021503929928048,0.0127278188314889,0.0123100276027342,0.0127121505659995,0.0123100276027342,-4.397341096486566,1,0,-0.3024455483377913,0.3024455483377913,0.30990602226258934,-0.8507189832473994,-1.1606250055099887,1.1606250055099887,1,positive,neutral,0,0,1
2021-06-25,-0.1,-0.0166666666666666,0.0,12,8766.T,11425,0.0027133479212253,0.0077899343544857,-0.0050765864332603,1286918016000.0,27.8832713408818,1709.0,1710.3333740234375,1695.6666259765625,1709.0,1464.3797607421875,3669000.0,0.0060831123582294,0.0172126126690774,0.0152831735145336,0.0153182049156479,0.0152831735145336,-4.181002826066771,0,1,0.09492341356673971,0.09492341356673971,-0.8062896245214889,-1.3292982440424135,-0.5230086195209246,0.5230086195209246,1,neutral,negative,0,0,1
2021-06-25,0.3,0.3461538461538461,0.3,13,9432.T,11765,0.0088397790055248,0.0084997875053123,0.0003399915002124,242930185425.6806,26.216039936232637,116.31999969482422,116.41999816894533,115.23999786376952,115.87999725341795,100.3365478515625,115595000.0,0.0027690439249847,0.0128553514316703,0.0135793953367899,0.012634945983842,0.0135793953367899,-4.29920168385248,0,1,-0.2996600084997876,0.2996600084997876,0.30990602226258934,-0.34403624122148424,-0.6539422634840736,0.6539422634840736,1,positive,neutral,0,0,1
2021-06-25,-0.2,-0.0999999999999999,0.0,9,9735.T,7841,0.0057390638949113,0.0144114271138885,-0.0086723632189771,994509800571.0,27.62551578996413,4306.5,4316.5,4229.0,4263.0,3902.25537109375,1326600.0,-0.0111342715067082,0.0130334628958622,0.0115117528175214,0.014001342009455,0.0115117528175214,-4.464386781350888,0,1,0.1913276367810229,0.1913276367810229,-1.0853385362175083,-1.9833610639824883,-0.89802252776498,0.89802252776498,1,negative,negative,0,1,0
2021-06-28,-0.5,-0.4,-0.4,4,1801.T,3891,0.0051400668208686,0.0064250835260858,-0.0012850167052171,4254453110600.0,29.078987341044723,3710.0,3720.0,3690.0,3710.0,3243.169677734375,663200.0,0.0095238116951048,0.0142734062713245,0.0148968207884164,0.0163269083579191,0.0148968207884164,-4.20660745870226,0,1,0.4987149832947829,0.4987149832947829,-1.9224852713055671,-0.6396211767188371,1.28286409458673,1.28286409458673,1,negative,neutral,0,0,1
2021-06-28,0.14,0.1,0.1,7,1812.T,6763,0.0097589826999852,0.0070974419636256,0.0026615407363596,1540503584000.0,28.06313048149779,1453.0,1457.0,1445.0,1457.0,1235.502685546875,805300.0,0.0083045440480546,0.0175320811333445,0.0152541591733416,0.016164443555741,0.0152541591733416,-4.182903080435374,0,1,-0.1373384592636404,0.1373384592636404,-0.1365722364510419,0.07824776874702428,0.2148200051980662,0.2148200051980662,1,positive,neutral,0,0,1
2021-06-28,0.1,0.025,0.0,12,4043.T,4572,0.0076552930883639,0.0094050743657042,-0.0017497812773403,160288728000.0,25.800242575936014,2298.0,2309.0,2285.0,2292.0,1964.607421875,272500.0,0.0030634635492836,0.010975224588108,0.0181340929539944,0.0180558506569708,0.0181340929539944,-4.0099615238204676,1,0,-0.1017497812773403,0.1017497812773403,-0.24819180112944975,-0.7241606920354268,-0.47596889090597705,0.47596889090597705,1,neutral,neutral,0,0,1
2021-06-28,0.1,0.175,0.15,4,5333.T,2779,0.0100755667506297,0.0125944584382871,-0.0025188916876574,630553377300.0,27.169863647451624,1930.0,1932.0,1920.0,1925.0,1671.2266845703125,526000.0,-0.0051679252342479,0.0151011615373035,0.0152191074618586,0.0166690851329677,0.0152191074618586,-4.185203570721576,1,0,-0.1025188916876574,0.1025188916876574,-0.24819180112944975,-0.8640599554756602,-0.6158681543462105,0.6158681543462105,1,neutral,neutral,0,0,1
2021-06-28,-0.2,-0.15,-0.15,6,6472.T,5347,0.0074808303721713,0.0203852627641668,-0.0129044323919955,159738900000.0,25.79680644422189,300.0,302.0,299.0,300.0,269.19293212890625,2520200.0,0.0067112837788254,0.0224563879237641,0.0216975616704905,0.0237560621869269,0.0216975616704905,-3.8305553901643736,0,1,0.1870955676080045,0.1870955676080045,-1.0853385362175083,-2.7531638805758663,-1.667825344358358,1.667825344358358,1,negative,negative,0,1,0
2021-06-28,0.5,0.5,0.5,10,6702.T,9682,0.0202437512910555,0.003924808923776,0.0163189423672794,4231117227372.0,29.0734871940593,2039.5,2052.0,2023.5,2044.0,1940.8839111328125,6800000.0,0.0106304938503962,0.0123181071489687,0.0179251455607822,0.01868871577065,0.0179251455607822,-4.021550771983695,0,1,-0.4836810576327206,0.4836810576327206,0.8680038456546284,2.5624950277138723,1.6944911820592439,1.6944911820592439,1,positive,positive,0,1,0
2021-06-28,0.1,0.075,0.05,4,6724.T,3681,0.0149415919587068,0.0116816082586253,0.0032599837000814,787280512660.0,27.391850454715676,1984.0,2002.0,1961.0,1970.0,1705.4820556640625,910900.0,-0.0070563464404777,0.0141202791363633,0.0194690961258869,0.0215709388710415,0.0194690961258869,-3.93892688461572,0,1,-0.0967400162999186,0.0967400162999186,-0.24819180112944975,0.18710304974777447,0.4352948508772242,0.4352948508772242,1,neutral,neutral,0,0,1
2021-06-28,0.5,0.36,0.3,10,8331.T,10702,0.0043917024855167,0.0039245000934404,0.0004672023920762,604985011000.0,27.12846951946373,690.0,693.0,686.0,691.0,601.31982421875,1258900.0,0.0131963046603522,0.0187517659133833,0.0197976655099141,0.0189910636675786,0.0197976655099141,-3.9221912517725084,0,1,-0.4995327976079238,0.4995327976079238,0.8680038456546284,-0.3208968975920263,-1.1889007432466547,1.1889007432466547,1,positive,neutral,0,0,1
2021-06-28,0.1,0.0235294117647058,0.0,17,8725.T,17289,0.0036439354502863,0.0079819538434842,-0.0043380183931979,684376448231.3232,27.25177396608613,1090.6666259765625,1091.0,1077.0,1080.6666259765625,884.8818969726562,2200500.0,0.0018539740928733,0.0116125465276016,0.013176939149379,0.0132489349003659,0.013176939149379,-4.329287011371629,1,0,-0.10433801839319791,0.10433801839319791,-0.24819180112944975,-1.1949545614980228,-0.9467627603685731,0.9467627603685731,1,neutral,negative,0,0,1
2021-06-28,-0.2,-0.04,0.0,5,9502.T,4350,0.0103448275862068,0.0066666666666666,0.0036781609195402,1046419000000.0,27.67639497497685,1387.0,1389.0,1374.5,1380.5,1184.02880859375,1342200.0,0.0058287805437007,0.0093066505460965,0.0105089813124226,0.0118941152223555,0.0105089813124226,-4.555525024345325,1,0,0.20367816091954022,0.20367816091954022,-1.0853385362175083,0.26316844192683836,1.3485069781443466,1.3485069781443466,1,negative,neutral,0,0,1
2021-06-28,-0.2,-0.225,-0.25,4,9503.T,3888,0.0030864197530864,0.0051440329218107,-0.0020576131687242,1020872137500.0,27.65167841465373,1087.5,1091.5,1080.0,1087.5,937.742919921875,1717300.0,0.0102182485867348,0.0109962089849288,0.013748105158754,0.0152526350391159,0.013748105158754,-4.286854271001836,0,1,0.19794238683127582,0.19794238683127582,-1.0853385362175083,-0.780154544530891,0.30518399168661736,0.30518399168661736,1,negative,neutral,0,0,1
2021-06-28,0.5,0.3333333333333333,0.5,6,9532.T,5071,0.0088739893512127,0.0039439952672056,0.004929994084007,4366806400000.0,29.105053056955555,2106.0,2110.0,2078.0,2096.0,1851.2843017578125,744100.0,0.007207985501145,0.0145162843457444,0.014560958351256,0.014242833577527,0.014560958351256,-4.22941141755167,0,1,-0.495070005915993,0.495070005915993,0.8680038456546284,0.49087376915905806,-0.37713007649557034,0.37713007649557034,1,positive,positive,0,1,0
2021-06-29,0.3,0.2444444444444444,0.3,18,1721.T,4854,0.011330861145447,0.0070045323444581,0.0043263288009888,437805000000.0,26.805039442710022,3090.0,3120.0,3060.0,3105.0,2655.373779296875,375200.0,-0.0064001454350123,0.0091504139302553,0.0175382731367848,0.0166027209786625,0.0175382731367848,-4.043369749747797,0,1,-0.29567367119901117,0.29567367119901117,0.30990602226258934,0.38106856131657546,0.07116253905398612,0.07116253905398612,1,positive,positive,0,1,0
2021-06-29,-0.25,-0.3,-0.5,5,1803.T,3910,0.0104859335038363,0.0112531969309462,-0.0007672634271099,674179994115.0,27.236762965789342,856.0,860.0,852.0,855.0,758.8859252929688,1914800.0,-0.0161103240154287,0.0183412968614998,0.0151475414173711,0.0171234743612818,0.0151475414173711,-4.189917042877794,0,1,0.2492327365728901,0.2492327365728901,-1.2248629920655183,-0.5454431480778,0.6794198439877183,0.6794198439877183,1,negative,neutral,0,0,1
2021-06-29,-0.1,-0.05,-0.1,6,1808.T,6190,0.0048465266558966,0.004200323101777,0.0006462035541195,459012249822.0,26.8523427347162,1522.0,1526.0,1508.0,1526.0,1236.04150390625,724900.0,0.0013125496977517,0.0122708714790127,0.0163932743893671,0.0156406264336113,0.0163932743893671,-4.110884126474575,1,0,0.1006462035541195,0.1006462035541195,-0.8062896245214889,-0.28833703311888925,0.5179525914025996,0.5179525914025996,1,neutral,neutral,0,0,1
2021-06-29,-0.1,-0.15,0.0,10,1925.T,8976,0.0110294117647058,0.0049019607843137,0.0061274509803921,2218572540000.0,28.42788510499958,3301.0,3333.0,3278.0,3330.0,2848.9912109375,1312300.0,-0.0059699888062177,0.0134137537140508,0.0152964390529995,0.0158040429902698,0.0152964390529995,-4.180135219306304,1,0,0.10612745098039211,0.10612745098039211,-0.8062896245214889,0.7086881889855099,1.5149778135069987,1.5149778135069987,1,neutral,positive,0,0,1
2021-06-29,0.1,0.04,0.0,5,1963.T,4023,0.005965697240865,0.0047228436490181,0.0012428535918468,271745548000.0,26.32813198010884,1051.0,1056.0,1042.0,1049.0,956.9317016601562,1369600.0,-0.0214553259432626,0.0163141326568896,0.0252341588147322,0.0256574026075644,0.0252341588147322,-3.6795566938159534,0,1,-0.09875714640815321,0.09875714640815321,-0.24819180112944975,-0.17980788088023708,0.06838392024921267,0.06838392024921267,1,neutral,neutral,0,0,1
2021-06-29,0.1,0.0428571428571428,0.0,7,2269.T,6253,0.0086358547897009,0.0065568527106988,0.002079002079002,517595370000.0,26.97245963496172,3425.0,3430.0,3375.0,3390.0,2993.875,790600.0,-0.0131002764272605,0.007732226985411,0.0097523511571137,0.0098060946249647,0.0097523511571137,-4.6302468787236455,0,1,-0.09792099792099801,0.09792099792099801,-0.24819180112944975,-0.02771455863350111,0.22047724249594863,0.22047724249594863,1,neutral,neutral,0,0,1
2021-06-29,-0.5,-0.5,-0.5,4,3861.T,4099,0.0073188582581117,0.0124420590387899,-0.0051232007806782,648189981063.0,27.19744967098241,642.0,645.0,632.0,639.0,555.7933349609375,2826000.0,-0.0138887625493103,0.0197841674511131,0.0221527785419538,0.0217446816897269,0.0221527785419538,-3.809792348283528,0,1,0.4948767992193218,0.4948767992193218,-1.9224852713055671,-1.3377772774582044,0.5847079938473627,0.5847079938473627,1,negative,negative,0,1,0
2021-06-29,-0.14,-0.0714285714285714,0.0,7,4208.T,6074,0.0133355284820546,0.0080671715508725,0.005268356931182,2419238278000.0,28.514473845392427,2287.0,2291.0,2269.0,2278.0,1868.5018310546875,401800.0,-0.017256284419747,0.0151464347771735,0.0171171800801513,0.0174430189448869,0.0171171800801513,-4.067672636779971,1,0,0.145268356931182,0.145268356931182,-0.9179091891998968,0.5524211262879338,1.4703303154878307,1.4703303154878307,1,negative,positive,1,0,0
2021-06-29,0.2,0.0428571428571428,0.0,21,4502.T,19822,0.0081222883664615,0.0132680859650892,-0.0051457975986277,2926508742000.0,28.704831272859284,3708.0,3719.0,3680.0,3702.0,3018.571533203125,4842400.0,-0.011745961940922,0.0109067169826684,0.0126705219049334,0.0133070085047949,0.0126705219049334,-4.368477093316454,1,0,-0.20514579759862772,0.20514579759862772,0.030857110566569822,-1.3418875822269627,-1.3727446927935325,1.3727446927935325,1,positive,negative,1,0,0
2021-06-29,-0.6,-0.4,-0.5,5,4661.T,4696,0.0068143100511073,0.0142674616695059,-0.0074531516183986,1159807920240.0,27.779275521335947,3170.0,3202.0,3160.0,3189.0,3151.0244140625,2372000.0,-0.0043709690881721,0.0150174932304223,0.015709282732179,0.015864088213109,0.015709282732179,-4.153503484524637,0,1,0.5925468483816014,0.5925468483816014,-2.201534183001587,-1.761589517777053,0.4399446652245338,0.4399446652245338,1,negative,negative,0,1,0
2021-06-29,0.0,3.469446951953614e-18,0.05,8,4902.T,7068,0.014855687606112,0.008205998868138,0.0066496887379739,306625040000.0,26.448891469977564,625.0,627.0,610.0,610.0,554.9132690429688,7930100.0,-0.0348100916429962,0.017072127535506,0.0226349604688401,0.0248449438773239,0.0226349604688401,-3.78825964455741,0,0,0.0066496887379739,0.0066496887379739,-0.5272407128254694,0.8036819332468189,1.3309226460722883,1.3309226460722883,1,neutral,positive,0,0,1
2021-06-29,0.5,0.34,0.3,5,5706.T,5072,0.0065063091482649,0.0090694006309148,-0.0025630914826498,1781924260000.0,28.20871494126806,3105.0,3130.0,3060.0,3110.0,2665.198486328125,665700.0,-0.0204725676942535,0.0155564238206581,0.0236012984350906,0.0241974477447685,0.0236012984350906,-3.746453550027989,1,0,-0.5025630914826498,0.5025630914826498,0.8680038456546284,-0.8720997878335354,-1.7401036334881637,1.7401036334881637,1,positive,neutral,0,0,1
2021-06-29,0.8,0.5666666666666667,0.5,3,6146.T,2674,0.006731488406881,0.0044876589379207,0.0022438294689603,402939654990.2344,26.72205264820269,11500.0,11500.0,11216.6669921875,11233.3330078125,10492.375,579000.0,-0.011730250595122,0.0169056686936933,0.0201609830873322,0.0206804583633636,0.0201609830873322,-3.904006072715317,0,1,-0.7977561705310398,0.7977561705310398,1.7051505807426872,0.0022671320842660328,-1.7028834486584212,1.7028834486584212,1,positive,neutral,0,0,1
2021-06-29,0.5,0.45,0.5,4,6273.T,3724,0.0075187969924812,0.0091299677765843,-0.0016111707841031,4473301600000.0,29.12914786488909,65980.0,66480.0,65510.0,66400.0,62240.20703125,177100.0,0.0105007522235973,0.0150404983508088,0.0179391898869214,0.0178137637469005,0.0179391898869214,-4.020767580175914,1,0,-0.5016111707841031,0.5016111707841031,0.8680038456546284,-0.6989477893769167,-1.566951635031545,1.566951635031545,1,positive,neutral,0,0,1
2021-06-29,0.1,0.075,0.15,4,6302.T,3560,0.0101123595505617,0.0137640449438202,-0.0036516853932584,1871234715000.0,28.25761960431021,3080.0,3080.0,3020.0,3045.0,2549.9248046875,386200.0,-0.0271565527942037,0.0170687477649958,0.0175754503133407,0.019068591419693,0.0175754503133407,-4.041252219232962,1,0,-0.1036516853932584,0.1036516853932584,-0.24819180112944975,-1.0701123023395822,-0.8219205012101325,0.8219205012101325,1,neutral,neutral,0,0,1
2021-06-29,-0.25,-0.125,-0.25,4,6305.T,3431,0.0148644709997085,0.017196152725153,-0.0023316817254444,734617854770.0,27.32261627546813,3405.0,3430.0,3375.0,3415.0,2892.482421875,447100.0,-0.0058223580394819,0.0178879965260809,0.0209713661388338,0.0203455086228039,0.0209713661388338,-3.8645972888925524,0,1,0.2476683182745556,0.2476683182745556,-1.2248629920655183,-0.8300069307461231,0.3948560613193952,0.3948560613193952,1,negative,neutral,0,0,1
2021-06-29,-0.2,-0.0833333333333333,-0.15,6,6367.T,5414,0.0101588474325821,0.0105282600664942,-0.000369412633912,6164166390000.0,29.449774026857263,20710.0,21035.0,20580.0,21030.0,19849.087890625,673600.0,0.0122741086788424,0.0191149234386501,0.0204737922713636,0.0206022188070919,0.0204737922713636,-3.888609636508306,0,1,0.19963058736608802,0.19963058736608802,-1.0853385362175083,-0.4730750820877026,0.6122634541298058,0.6122634541298058,1,negative,neutral,0,0,1
2021-06-29,0.1,0.1,0.1,4,6479.T,3552,0.0118243243243243,0.0067567567567567,0.0050675675675675,1216752646494.0,27.82720666070918,2827.0,2849.0,2795.0,2849.0,2653.037109375,1068800.0,0.0024629753432174,0.0171684658567868,0.018411159289568,0.0183024465791686,0.018411159289568,-3.9947983150750686,0,1,-0.0949324324324325,0.0949324324324325,-0.24819180112944975,0.5158980423464224,0.7640898434758722,0.7640898434758722,1,neutral,positive,0,0,1
2021-06-29,-0.2,-0.1428571428571428,0.0,7,6503.T,6135,0.0092909535452322,0.0167889160554197,-0.0074979625101874,3506379233000.0,28.885605063434795,1639.5,1642.5,1620.0,1633.0,1475.43896484375,8127400.0,-0.0150785888796771,0.0127450439508796,0.0147004850888468,0.0151173883144929,0.0147004850888468,-4.219874786500631,0,1,0.19250203748981262,0.19250203748981262,-1.0853385362175083,-1.7697405071165007,-0.6844019708989924,0.6844019708989924,1,negative,negative,0,1,0
2021-06-29,0.1,0.125,0.1,4,6674.T,3223,0.0083772882407694,0.0105491777846726,-0.0021718895439031,1167105828000.0,27.78554814892607,2875.0,2878.0,2811.0,2822.0,2547.1845703125,365200.0,-0.030240512393139,0.0182515930551732,0.0190456198256073,0.0210545711706001,0.0190456198256073,-3.9609181342617923,1,0,-0.1021718895439031,0.1021718895439031,-0.24819180112944975,-0.8009411318682751,-0.5527493307388254,0.5527493307388254,1,neutral,neutral,0,0,1
2021-06-29,-0.25,-0.1428571428571428,0.0,7,6952.T,3246,0.014479359211337,0.0083179297597042,0.0061614294516327,488513443804.0,26.914632828631937,1900.0,1904.0,1870.0,1886.0,1619.05322265625,1016900.0,-0.0171965069171567,0.0191817389453914,0.0204437108956527,0.0202607872167024,0.0204437108956527,-3.890079979457021,1,0,0.2561614294516327,0.2561614294516327,-1.2248629920655183,0.7148687880719599,1.9397317801374783,1.9397317801374783,1,negative,positive,1,0,0
2021-06-29,0.5,0.4166666666666667,0.5,6,6981.T,5370,0.0078212290502793,0.0111731843575419,-0.0033519553072625,625330088000.0,27.161545488065546,2780.666748046875,2795.0,2766.0,2776.0,2547.490234375,6510600.0,0.0033733550434786,0.0142259488600192,0.0156204169306304,0.0191522634214813,0.0156204169306304,-4.159176442825006,1,0,-0.5033519553072625,0.5033519553072625,0.8680038456546284,-1.0155921480168553,-1.8835959936714837,1.8835959936714837,1,positive,neutral,0,0,1
2021-06-29,-0.2,-0.2333333333333333,-0.25,6,7011.T,4132,0.010406582768635,0.0121006776379477,-0.0016940948693126,1106218830708.8928,27.73196885724123,336.8999938964844,336.8999938964844,327.5,327.8999938964844,300.5499572753906,21256000.0,-0.0372872955801469,0.0195106801286147,0.0188666942366363,0.019956241049323,0.0188666942366363,-3.970357121136366,0,1,0.1983059051306874,0.1983059051306874,-1.0853385362175083,-0.7140314734444372,0.37130706277307113,0.37130706277307113,1,negative,neutral,0,0,1
2021-06-29,-0.2,-0.5,-0.5,5,7201.T,4310,0.0097447795823665,0.0129930394431554,-0.0032482598607888,2341652630477.6,28.48187804836019,554.9000244140625,558.5,550.9000244140625,554.7999877929688,521.2338256835938,10526300.0,-0.0199611353579991,0.0164340928627041,0.0224281495912289,0.0231231802679681,0.0224281495912289,-3.797438430900396,0,1,0.1967517401392112,0.1967517401392112,-1.0853385362175083,-0.9967302051941133,0.08860833102339505,0.08860833102339505,1,negative,neutral,0,0,1
2021-06-29,-0.4,-0.28,-0.3,5,7731.T,3959,0.0106087395807021,0.0164182874463248,-0.0058095478656226,478248647000.0,26.89339661619848,1217.0,1217.0,1191.0,1193.0,1034.715087890625,1533800.0,-0.0253267812273332,0.0219736177709182,0.024577292495973,0.0257819936431994,0.024577292495973,-3.705932331603999,0,1,0.3941904521343774,0.3941904521343774,-1.6434363596095478,-1.4626220986438707,0.1808142609656771,0.1808142609656771,1,negative,negative,0,1,0
2021-06-29,0.0,0.02,0.1,5,7911.T,4283,0.0065374737333644,0.0088722857809946,-0.0023348120476301,1255444540000.0,27.858510840932365,1809.0,1809.0,1779.0,1795.0,1668.23046875,701900.0,-0.0158991178326332,0.0137656261999224,0.017890419382764,0.0182061672077841,0.017890419382764,-4.023489939435326,0,0,-0.0023348120476301,0.0023348120476301,-0.5272407128254694,-0.8305763285363954,-0.30333561571092604,0.30333561571092604,1,neutral,neutral,0,0,1
2021-06-29,-0.2,-0.1999999999999999,-0.3,5,7912.T,5042,0.0089250297500991,0.010710035700119,-0.0017850059500198,779920740000.0,27.38245813608224,1186.5,1187.0,1168.0,1175.5,1084.74462890625,2691800.0,-0.0187812551172844,0.0131143362347015,0.0195423477096289,0.0199583414204415,0.0195423477096289,-3.9351714906785125,0,1,0.19821499404998022,0.19821499404998022,-1.0853385362175083,-0.7305679720522887,0.35477056416521957,0.35477056416521957,1,negative,neutral,0,0,1
2021-06-29,0.1,0.0208333333333333,0.0,24,8306.T,13884,0.0046096225871506,0.0077787381158167,-0.003169115528666,8523982112192.717,29.77390473164004,603.0999755859375,604.7000122070312,600.2000122070312,601.5999755859375,512.8026123046875,54562300.0,-0.0152235678017356,0.013354139966443,0.0175431349776557,0.0164253965382798,0.0175431349776557,-4.043092574961303,1,0,-0.103169115528666,0.103169115528666,-0.24819180112944975,-0.9823340487763579,-0.7341422476469082,0.7341422476469082,1,neutral,neutral,0,0,1
2021-06-29,-0.1,-0.04,0.0,15,8316.T,12736,0.0050251256281407,0.0063599246231155,-0.0013347989949748,1816590068711.9287,28.22798227103488,1290.0,1294.6666259765625,1284.3333740234375,1284.6666259765625,1062.8292236328125,17625000.0,-0.0170876015741595,0.0109607947545243,0.0154323783559072,0.015958408742751,0.0154323783559072,-4.171287486059562,0,1,0.09866520100502521,0.09866520100502521,-0.8062896245214889,-0.6486764509370071,0.1576131735844818,0.1576131735844818,1,neutral,neutral,0,0,1
2021-06-29,0.0,0.0,0.0,7,8801.T,6316,0.0091830272324255,0.0074414186193793,0.0017416086130462,864852182496.0938,27.48582444198764,870.3333129882812,873.3333129882812,862.6666870117188,872.3333129882812,791.1852416992188,5673900.0,-0.0139412958354341,0.018931503358511,0.0175672848451671,0.01874763164791,0.0175672848451671,-4.041716922295129,0,0,0.0017416086130462,0.0017416086130462,-0.5272407128254694,-0.08908558773880629,0.4381551250866631,0.4381551250866631,1,neutral,neutral,0,0,1
2021-06-29,-0.1,-0.1374999999999999,0.0,8,8802.T,5403,0.0138811771238201,0.0066629650194336,0.0072182121043864,2531046700000.0,28.55965404852637,1807.0,1820.0,1797.0,1820.0,1674.1148681640625,2375900.0,-0.0084446352537042,0.0142794902952969,0.013153447876188,0.015321595227239,0.013153447876188,-4.331071358817871,1,0,0.10721821210438641,0.10721821210438641,-0.8062896245214889,0.9070949141956508,1.7133845387171398,1.7133845387171398,1,neutral,positive,0,0,1
2021-06-29,-0.2,-0.0714285714285714,0.1,7,9005.T,4926,0.0111652456354039,0.0138043036946812,-0.0026390580592773,1927097538000.0,28.28703612058214,1520.0,1543.0,1500.0,1542.0,1469.4202880859375,1562700.0,-0.0019417274484263,0.020453079518989,0.0195151577987463,0.0194062366137369,0.0195151577987463,-3.9365637923588683,0,1,0.1973609419407227,0.1973609419407227,-1.0853385362175083,-0.8859179184604262,0.19942061775708209,0.19942061775708209,1,negative,neutral,0,0,1
2021-06-29,-0.6,-0.7,-0.5,5,9007.T,4147,0.0098866650590788,0.0110923559199421,-0.0012056908608632,1045425989000.0,27.67544556325676,2813.0,2850.0,2787.0,2837.0,2643.97412109375,682700.0,-0.0076948260520701,0.0165583037003096,0.0193345546550627,0.0193019591505811,0.0193345546550627,-3.9458613872854946,0,1,0.5987943091391368,0.5987943091391368,-2.201534183001587,-0.6251920036794166,1.5763421793221704,1.5763421793221704,1,negative,neutral,0,0,1
2021-06-29,-0.5,-0.4285714285714285,-0.5,7,9008.T,6150,0.009430894308943,0.0082926829268292,0.0011382113821138,4242177403200.0,29.076097791847214,6570.0,6620.0,6470.0,6600.0,6166.8076171875,256600.0,-0.00900895104342,0.0159712785921565,0.0187205578949853,0.0190805515173166,0.0187205578949853,-3.9781330062942164,1,0,0.5011382113821138,0.5011382113821138,-1.9224852713055671,-0.19884203757611302,1.723643233729454,1.723643233729454,1,negative,neutral,0,0,1
2021-06-29,-0.6,-0.56,-0.5,5,9009.T,4829,0.0084903706771588,0.0045558086560364,0.0039345620211223,207180544651.24512,26.056856446452365,1191.6666259765625,1201.6666259765625,1178.3333740234375,1201.6666259765625,1157.7064208984375,891900.0,-0.0041436912243356,0.0224467601885349,0.0215339642426912,0.0203398886876122,0.0215339642426912,-3.838123858094718,1,0,0.6039345620211223,0.6039345620211223,-2.201534183001587,0.30980716216183185,2.5113413451634186,2.5113413451634186,1,negative,neutral,0,0,1
2021-06-29,-0.1,-0.0875,-0.05,8,9531.T,6906,0.0078192875760208,0.0114393281204749,-0.003620040544454,4897023284000.0,29.21964864338523,2119.5,2131.0,2112.0,2126.5,1915.7938232421875,984300.0,-0.0021115388997743,0.011193656286607,0.013066607399731,0.0132093873847022,0.013066607399731,-4.337695356598989,0,1,0.096379959455546,0.096379959455546,-0.8062896245214889,-1.064356183348048,-0.25806655882655904,0.25806655882655904,1,neutral,neutral,0,0,1
2021-06-29,0.17,0.0,0.0,10,9766.T,4721,0.0108027960177928,0.0050836687142554,0.0057191273035373,972930000000.0,27.603577974098396,6870.0,6870.0,6760.0,6780.0,6365.56103515625,341400.0,-0.0102189121546032,0.0262542795051789,0.0243580207413317,0.0228385831419883,0.0243580207413317,-3.7148940897972715,0,1,-0.16428087269646272,0.16428087269646272,-0.05285756294223604,0.6344151316053056,0.6872726945475417,0.6872726945475417,1,positive,positive,0,1,0
2021-06-30,0.0,0.0,0.0,3,4063.T,2664,0.0086336336336336,0.0131381381381381,-0.0045045045045045,1605705896000.0,28.1045845864141,3762.0,3789.0,3716.0,3716.0,3363.603759765625,3942500.0,-0.0119649355766233,0.0159258628280612,0.0164204900052708,0.0172879362252901,0.0164204900052708,-4.109225333425602,0,0,-0.0045045045045045,0.0045045045045045,-0.5272407128254694,-1.2252379694878057,-0.6979972566623364,0.6979972566623364,1,neutral,negative,0,0,1
2021-06-30,0.14,0.1,0.1,8,4901.T,7227,0.0066417600664176,0.0106544901065449,-0.0040127300401273,1413334496119.629,27.97697291923012,2750.666748046875,2765.0,2729.333251953125,2746.333251953125,2541.4443359375,4456800.0,0.0091865271507107,0.0090619536411466,0.0137200614564606,0.0160122036058486,0.0137200614564606,-4.288896177360567,1,0,-0.14401273004012732,0.14401273004012732,-0.1365722364510419,-1.1357854222043535,-0.9992131857533116,0.9992131857533116,1,positive,negative,1,0,0
2021-06-30,0.1,0.05,0.05,4,5233.T,3544,0.0059255079006772,0.0141083521444695,-0.0081828442437923,3098406674000.0,28.761909119159608,2529.0,2544.0,2431.0,2437.0,2160.812744140625,1575500.0,-0.0290838600006231,0.0106564967331727,0.0182831467003967,0.0195416454518728,0.0182831467003967,-4.0017755887989725,1,0,-0.1081828442437923,0.1081828442437923,-0.24819180112944975,-1.8943187845519758,-1.646126983422526,1.646126983422526,1,neutral,negative,0,0,1
2021-06-30,0.1,0.1,0.1,2,5803.T,1783,0.008412787436904,0.0140213123948401,-0.005608524957936,152665308000.0,25.751513832789566,508.0,526.0,507.0,516.0,463.2855529785156,2332900.0,0.0177514892073071,0.020154422928604,0.0298444329105275,0.0267532267760542,0.0298444329105275,-3.511756958697099,1,0,-0.105608524957936,0.105608524957936,-0.24819180112944975,-1.4260565336187212,-1.1778647324892715,1.1778647324892715,1,neutral,negative,0,0,1
2021-06-30,0.5,0.425,0.4,4,6753.T,3355,0.0107302533532041,0.0089418777943368,0.0017883755588673,913413228000.0,27.54045421974703,1799.0,1844.0,1793.0,1833.0,1771.3865966796875,2224600.0,0.0268907806838767,0.0201870740168944,0.0226401467963171,0.0265337338892181,0.0226401467963171,-3.788030541731908,0,1,-0.4982116244411327,0.4982116244411327,0.8680038456546284,-0.08057879705445747,-0.9485826427090859,0.9485826427090859,1,positive,neutral,0,0,1
2021-06-30,0.5,0.3333333333333333,0.3,3,6954.T,2533,0.0094749309119621,0.0098697196999605,-0.0003947887879984,1093625679685.0,27.72051960386996,5400.0,5429.0,5332.0,5359.0,4849.77783203125,2934500.0,0.0007470077121947,0.0152264344766603,0.0204198047067198,0.0200892995626736,0.0204198047067198,-3.891250030115063,1,0,-0.5003947887879984,0.5003947887879984,0.8680038456546284,-0.47769094116074456,-1.345694786815373,1.345694786815373,1,positive,neutral,0,0,1
2021-06-30,0.5,0.5,0.5,3,6976.T,2149,0.0120986505351326,0.003257328990228,0.0088413215449046,661442858550.0,27.21768943513766,5420.0,5570.0,5420.0,5490.0,4942.80322265625,1367300.0,0.0110497883188436,0.0213236962984556,0.0236992115062376,0.0251324099099973,0.0236992115062376,-3.742313501173507,0,1,-0.4911586784550954,0.4911586784550954,0.8680038456546284,1.2023344690961824,0.33433062344155395,0.33433062344155395,1,positive,positive,0,1,0
2021-06-30,0.8,0.7000000000000001,0.8,3,7974.T,2700,0.0059259259259259,0.0037037037037037,0.0022222222222222,915465078000.0,27.54269805505762,6488.0,6522.0,6452.0,6462.0,5779.72705078125,5201000.0,0.0003097213808993,0.0142088083812875,0.0145204324778457,0.0175371452475842,0.0145204324778457,-4.232198485053451,0,1,-0.7977777777777778,0.7977777777777778,1.7051505807426872,-0.0016631721517477028,-1.706813752894435,1.706813752894435,1,positive,neutral,0,0,1
2021-06-30,0.2,0.175,0.1,4,8830.T,3717,0.0123755716976055,0.0067258541834813,0.0056497175141242,945030666330.0,27.574483215056485,2005.0,2022.0,1984.0,1985.0,1867.103271484375,1363800.0,-0.007003615095784,0.0245003171161798,0.0223467834449634,0.0215448514084025,0.0223467834449634,-3.8010728857309712,0,1,-0.19435028248587582,0.19435028248587582,0.030857110566569822,0.6217896642027374,0.5909325536361676,0.5909325536361676,1,positive,positive,0,1,0
2021-06-30,-0.5,-0.7142857142857143,-0.5,7,9202.T,6378,0.0100344935716525,0.0090937597993101,0.0009407337723424,9184902771284.0,29.84858224894179,2646.0,2664.0,2606.0,2612.0,2518.160888671875,3328000.0,-0.012102866173407,0.0189679393041013,0.0228040783069765,0.0215598442709561,0.0228040783069765,-3.7808158859046253,1,0,0.5009407337723424,0.5009407337723424,-1.9224852713055671,-0.23476272176184165,1.6877225495437256,1.6877225495437256,1,negative,neutral,0,0,1
2021-06-30,0.0,-0.1666666666666666,0.0,6,9501.T,6034,0.0051375538614517,0.0067948293006297,-0.0016572754391779,530315610000.0,26.996738156824467,333.0,335.0,330.0,330.0,330.0,8146400.0,-0.009009009009009,0.0212282069813001,0.0202911864195894,0.0286683438158087,0.0202911864195894,-3.897568653734659,0,0,-0.0016572754391779,0.0016572754391779,-0.5272407128254694,-0.7073341110280191,-0.18009339820254977,0.18009339820254977,1,neutral,neutral,0,0,1
2021-09-29,0.5,0.375,0.25,4,4385.T,3049,0.0098392915710068,0.0059035749426041,0.0039357166284027,38564472480.0,24.375597287514587,5860.0,5950.0,5800.0,5920.0,5920.0,1506800.0,-0.0100334448160535,0.0328854488406876,0.0303713566208922,0.0273835783012983,0.0303713566208922,-3.4942553311528917,0,1,-0.4960642833715973,0.4960642833715973,0.8680038456546284,0.31001718234349096,-0.5579866633111374,0.5579866633111374,1,positive,neutral,0,0,1
2021-09-29,0.5,0.3333333333333333,0.3,3,6920.T,2601,0.0076893502499038,0.0026912725874663,0.0049980776624375,1250709096000.0,27.854731783202094,25760.0,26650.0,25710.0,26530.0,25422.6796875,2865900.0,-0.0085947755603802,0.03616387312146,0.0304119621879169,0.0322497187783761,0.0304119621879169,-3.4929192549444554,0,1,-0.4950019223375625,0.4950019223375625,0.8680038456546284,0.5032580020949706,-0.3647458435596578,0.3647458435596578,1,positive,positive,0,1,0
2021-11-26,0.5,0.4666666666666667,0.5,6,9983.T,5774,0.0140284031866989,0.0086595081399376,0.0053688950467613,2532685257368.297,28.56030122236546,24486.666015625,24606.666015625,23733.333984375,23876.666015625,22894.2578125,2257800.0,-0.0329417533910968,0.0223944368692715,0.0211307101280571,0.0181338435243498,0.0211307101280571,-3.8570278403440192,0,1,-0.4946311049532387,0.4946311049532387,0.8680038456546284,0.5707087585037222,-0.29729508715090625,0.29729508715090625,1,positive,positive,0,1,0
2021-11-29,0.8,0.75,0.75,4,3697.T,3223,0.009928637914986,0.0027924294135898,0.0071362085013962,24536400589.59961,23.923423590230872,1658.6666259765625,1760.6666259765625,1656.6666259765625,1693.3333740234375,1693.3333740234375,2667000.0,0.0007880461131426,0.0267464420772562,0.0312344535782656,0.0302373259947682,0.0312344535782656,-3.466233512082193,0,1,-0.7928637914986039,0.7928637914986039,1.7051505807426872,0.892178663545703,-0.8129719171969843,0.8129719171969843,1,positive,positive,0,1,0
2021-11-29,0.5,0.5,0.5,3,7453.T,2685,0.0156424581005586,0.008193668528864,0.0074487895716946,26631983000.0,24.005378698889103,940.0,958.0,932.0,948.5,873.6039428710938,7363800.0,-0.0256806730605989,0.0164169429711598,0.0171907019643555,0.0174504596924308,0.0171907019643555,-4.063386624798356,0,1,-0.4925512104283054,0.4925512104283054,0.8680038456546284,0.9490363798286957,0.0810325341740673,0.0810325341740673,1,positive,positive,0,1,0
2021-12-10,0.67,0.6666666666666667,0.8,3,4751.T,2189,0.0141617176793056,0.0031978072179077,0.0109639104613979,250830374400.0,26.248042748419795,2011.0,2013.0,1981.0,1984.0,1876.8482666015625,2716100.0,-0.0089909957908769,0.0254359389715622,0.0202201535430159,0.0202473026324654,0.0202201535430159,-3.9010754717976788,0,1,-0.6590360895386022,0.6590360895386022,1.3423869955378618,1.5884280936531372,0.24604109811527541,0.24604109811527541,1,positive,positive,0,1,0
2022-03-08,0.5,0.45,0.5,6,4151.T,5586,0.0159326888650196,0.0068027210884353,0.0091299677765843,1579564940700.0,28.088170571063213,2709.0,2766.0,2709.0,2740.0,2513.3662109375,751000.0,0.0040308509806192,0.0179098637647048,0.0173825223936855,0.0180352264165731,0.0173825223936855,-4.052290037702819,0,1,-0.4908700322234157,0.4908700322234157,0.8680038456546284,1.2548384979912535,0.38683465233662506,0.38683465233662506,1,positive,positive,0,1,0
2022-03-18,0.33,0.1666666666666666,0.2,3,6326.T,2680,0.0111940298507462,0.0063432835820895,0.0048507462686567,2710533716000.0,28.628166674602827,2185.0,2200.0,2156.0,2196.5,1993.761474609375,4031800.0,0.0096526835281138,0.0323445680097833,0.02301530133479,0.0228073955310095,0.02301530133479,-3.7715960088249316,0,1,-0.3251492537313433,0.3251492537313433,0.39362069577139525,0.4764587894005814,0.08283809362918615,0.08283809362918615,1,positive,positive,0,1,0
2022-03-23,0.5,0.3285714285714285,0.3,7,2914.T,6702,0.017159056997911,0.004923903312444,0.012235153685467,4191000000000.0,29.063960484871483,2095.5,2106.5,2078.5,2095.5,1678.0277099609375,6437800.0,0.015261714699142,0.0166146446730397,0.0119282765184454,0.0118781381168197,0.0119282765184454,-4.428843519490837,0,1,-0.487764846314533,0.487764846314533,0.8680038456546284,1.819664062266967,0.9516602166123387,0.9516602166123387,1,positive,positive,0,1,0
2022-03-23,0.8,0.65,0.65,4,5108.T,4099,0.0156135642839717,0.008538667967797,0.0070748963161746,1859970825000.0,28.251581918046767,2297.5,2299.0,2268.0,2287.5,1986.573486328125,3416000.0,0.006157875310444,0.036206934264035,0.0243006666556058,0.019438419910508,0.0243006666556058,-3.7172514946248802,0,1,-0.7929251036838254,0.7929251036838254,1.7051505807426872,0.8810261301287171,-0.8241244506139701,0.8241244506139701,1,positive,positive,0,1,0
2022-03-24,0.5,0.5,0.5,3,3405.T,2583,0.0069686411149825,0.0069686411149825,0.0,374735328000.0,26.64948582172839,1044.0,1056.0,1041.0,1056.0,924.380859375,950700.0,0.0018975452575524,0.0232600265295993,0.0165926191084,0.0150816747302236,0.0165926191084,-4.098797314521865,0,0,-0.5,0.5,0.8680038456546284,-0.405879846271693,-1.2738836919263214,1.2738836919263214,1,positive,neutral,0,0,1
2022-03-24,0.8,0.7166666666666667,0.7,6,7272.T,5477,0.0098594120869088,0.0120503925506664,-0.0021909804637575,313406313119.0185,26.47076631063168,896.3333129882812,897.0,868.6666870117188,895.6666870117188,773.712646484375,12528000.0,0.0271406751988203,0.0272001520474162,0.0228116829436999,0.0204486360102538,0.0228116829436999,-3.7804824644474206,1,0,-0.8021909804637576,0.8021909804637576,1.7051505807426872,-0.8044137225265214,-2.5095643032692085,2.5095643032692085,1,positive,neutral,0,0,1
2022-03-25,-0.1,-0.0999999999999999,-0.05,6,4452.T,5337,0.0101180438448566,0.0069327337455499,0.0031853100993067,2493810000000.0,28.54483277744552,5053.0,5064.0,4973.0,5038.0,4552.23974609375,1628700.0,-0.0029686401491388,0.0135779548562307,0.0139343810631314,0.0135349750346718,0.0139343810631314,-4.273396035028086,1,0,0.1031853100993067,0.1031853100993067,-0.8062896245214889,0.17352010820040487,0.9798097327218938,0.9798097327218938,1,neutral,neutral,0,0,1
2022-03-25,0.5,0.4375,0.5,8,4911.T,7503,0.011462081833933,0.0093296014927362,0.0021324803411968,2468000000000.0,28.53442922197169,6250.0,6276.0,6080.0,6170.0,5844.79150390625,1304200.0,-0.0121678606071279,0.0287117476428943,0.0228519379438146,0.0203525247669376,0.0228519379438146,-3.7787193536927224,0,1,-0.4978675196588032,0.4978675196588032,0.8680038456546284,-0.017986996256557652,-0.885990841911186,0.885990841911186,1,positive,neutral,0,0,1
2022-03-28,0.8,0.7,0.7,5,1605.T,4909,0.0052963943776736,0.0057038093298024,-0.0004074149521287,2193485400000.0,28.416512901501356,1522.0,1540.0,1491.0,1500.0,1272.5968017578125,16716100.0,0.0080646229622931,0.0420027710870143,0.0304319856122081,0.0286593352543569,0.0304319856122081,-3.4922610654042288,1,0,-0.8004074149521287,0.8004074149521287,1.7051505807426872,-0.4799876088929837,-2.185138189635671,2.185138189635671,1,positive,neutral,0,0,1
2022-03-28,0.5,0.3333333333333333,0.5,6,2502.T,6347,0.022530329289428,0.005041752008823,0.017488577280605,713610245322.876,27.29360277534412,1480.6666259765625,1484.0,1467.0,1475.6666259765625,1328.5950927734375,7767600.0,-0.0040495584550112,0.0300555446954412,0.0205259900433415,0.0189928610601395,0.0205259900433415,-3.886063388834173,0,1,-0.482511422719395,0.482511422719395,0.8680038456546284,2.7752486982834443,1.907244852628816,1.907244852628816,1,positive,positive,0,1,0
2022-03-28,0.1,0.075,0.05,4,3659.T,3807,0.017599159443131,0.0102442868400315,0.0073548726030995,1285337280000.0,27.882042274543444,2886.0,2939.0,2865.0,2920.0,2836.269287109375,1584400.0,-0.0054496115748835,0.0311039690031301,0.0256457035492108,0.0291756783765303,0.0256457035492108,-3.66337922435029,0,1,-0.0926451273969005,0.0926451273969005,-0.24819180112944975,0.9319531177186733,1.180144918848123,1.180144918848123,1,neutral,positive,0,0,1
2022-03-29,0.8,0.8,0.8,3,3436.T,2352,0.0093537414965986,0.0012755102040816,0.008078231292517,583931508149.0,27.093049532329957,2010.0,2013.0,1965.0,1991.0,1803.826904296875,5602900.0,0.0025175303778697,0.0309512496537153,0.0284848301273776,0.0253837340192004,0.0284848301273776,-3.5583836096491788,0,1,-0.7919217687074831,0.7919217687074831,1.7051505807426872,1.0635302573531216,-0.6416203233895656,0.6416203233895656,1,positive,positive,0,1,0
2022-03-29,0.8,0.8,0.8,5,4519.T,4992,0.016025641025641,0.0044070512820512,0.0116185897435897,2350680733800.0,28.48572607609466,4185.0,4200.0,4131.0,4200.0,3842.024169921875,2037600.0,0.0101010548371678,0.015960002008242,0.0185302675541667,0.0211677728729089,0.0185302675541667,-3.988349799816271,0,1,-0.7883814102564104,0.7883814102564104,1.7051505807426872,1.7075126205813997,0.0023620398387125263,0.0023620398387125263,1,positive,positive,0,1,0
2022-03-29,0.5,0.54,0.5,5,4704.T,2571,0.0081680280046674,0.0124465188642551,-0.0042784908595877,1031153579400.0,27.661699271460385,7250.0,7350.0,7240.0,7350.0,6204.515625,636700.0,0.0151933284534442,0.0243096295433332,0.0185000643788669,0.0155073680190167,0.0185000643788669,-3.9899810669651616,1,0,-0.5042784908595876,0.5042784908595876,0.8680038456546284,-1.1841266517535074,-2.052130497408136,2.052130497408136,1,positive,negative,1,0,0
2022-03-29,0.2,0.18,0.2,10,8804.T,4056,0.0192307692307692,0.0076429980276134,0.0115877712031558,403334912266.0,26.72303310157052,1873.0,1885.0,1843.0,1859.0,1604.54638671875,772800.0,-0.0058822946613885,0.0184590465076999,0.0162699180132177,0.016020054037962,0.0162699180132177,-4.11843739690232,0,1,-0.18841222879684422,0.18841222879684422,0.030857110566569822,1.7019068050194595,1.6710496944528896,1.6710496944528896,1,positive,positive,0,1,0
2022-03-30,0.2,0.1,0.15,6,2503.T,5712,0.0176820728291316,0.0115546218487394,0.0061274509803921,1694099000000.0,28.15817215200921,1861.0,1866.0,1833.5,1853.5,1620.3392333984375,3003400.0,-0.0032266041350664,0.0206595551434696,0.0144910564368487,0.0146317118241772,0.0144910564368487,-4.234223617312125,0,1,-0.1938725490196079,0.1938725490196079,0.030857110566569822,0.7086881889855099,0.6778310784189401,0.6778310784189401,1,positive,positive,0,1,0
2022-03-30,0.5,0.4166666666666667,0.5,6,4004.T,5094,0.0123674911660777,0.0102080879466038,0.0021594032194738,371133569000.0,26.639827859019423,2473.0,2487.0,2433.0,2479.0,2287.947998046875,2268900.0,0.0060877777549943,0.0402135830364727,0.0288319140342207,0.0257796181482555,0.0288319140342207,-3.546272379170647,0,1,-0.4978405967805262,0.4978405967805262,0.8680038456546284,-0.013089791914868297,-0.8810936375694967,0.8810936375694967,1,positive,neutral,0,0,1
2022-03-30,0.8,0.7142857142857143,0.5,7,4324.T,6880,0.0123546511627906,0.0090116279069767,0.0033430232558139,1437723850000.0,27.99408231923368,5030.0,5060.0,4910.0,4985.0,4486.3525390625,1015200.0,0.0030180986578864,0.0333770454599388,0.0244492833260367,0.0222911350095415,0.0244492833260367,-3.7111543753093956,0,1,-0.7966569767441861,0.7966569767441861,1.7051505807426872,0.20220773761513966,-1.5029428431275476,1.5029428431275476,1,positive,neutral,0,0,1
2022-03-30,0.1,0.0625,0.05,8,4755.T,6179,0.0113286939634245,0.0103576630522738,0.0009710309111506,1403013274200.0,27.96964337830133,989.0,991.0,963.0,978.0,970.4251098632812,6424000.0,-0.0040733568797818,0.0239172219316065,0.0214485981850009,0.019987544258856,0.0214485981850009,-3.842095988424301,0,1,-0.09902896908884941,0.09902896908884941,-0.24819180112944975,-0.2292517478538612,0.018940053275588536,0.018940053275588536,1,neutral,neutral,0,0,1
2022-03-30,0.5,0.5,0.5,3,5101.T,2479,0.0217829770068576,0.0100847115772488,0.0116982654296087,289928790000.0,26.39290117805003,1711.0,1716.0,1687.0,1710.0,1523.689208984375,787000.0,0.009445000481995,0.029386963933695,0.0222095725464274,0.0203230893242759,0.0222095725464274,-3.8072318872570725,0,1,-0.4883017345703913,0.4883017345703913,0.8680038456546284,1.7220054289462712,0.8540015832916428,0.8540015832916428,1,positive,positive,0,1,0
2022-03-30,0.5,0.375,0.5,4,5201.T,3302,0.0078740157480314,0.0057540884312537,0.0021199273167777,1165302035000.0,27.78400142685552,5070.0,5090.0,4905.0,4955.0,4172.95263671875,1282100.0,0.0060916159257642,0.0383033703158757,0.0285347787690273,0.0235414916122528,0.0285347787690273,-3.5566316279926,0,1,-0.4978800726832223,0.4978800726832223,0.8680038456546284,-0.02027036005793341,-0.8882742057125618,0.8882742057125618,1,positive,neutral,0,0,1
2022-03-30,0.5,0.375,0.4,4,5301.T,3295,0.0091047040971168,0.0084977238239757,0.0006069802731411,261608829952.0,26.29011620959896,1177.0,1181.0,1147.0,1163.0,1029.4610595703125,1403400.0,-0.0017168867483308,0.0347623163438509,0.028832658913931,0.0274315077965277,0.028832658913931,-3.5462465442542586,0,1,-0.4993930197268589,0.4993930197268589,0.8680038456546284,-0.29547165000221176,-1.16347549565684,1.16347549565684,1,positive,neutral,0,0,1
2022-03-30,0.5,0.2714285714285714,0.2,7,6361.T,6631,0.0125169657668526,0.0060322726587241,0.0064846931081284,691804800000.0,27.26256967184692,1386.0,1390.0,1340.0,1360.0,1218.4560546875,2210500.0,-0.0101891615546991,0.0302049451746197,0.026308893730379,0.0229911442228129,0.026308893730379,-3.6378482323100036,0,1,-0.4935153068918716,0.4935153068918716,0.8680038456546284,0.7736696401136055,-0.0943342055410229,0.0943342055410229,1,positive,positive,0,1,0
2022-03-30,0.8,0.78,0.8,5,6723.T,4377,0.0121087502855837,0.002056202878684,0.0100525474068997,2414096912000.0,28.51234638361414,1435.0,1465.0,1431.0,1448.0,1394.1331787109375,11528500.0,0.030605002695011,0.0322940051858919,0.0317214633854045,0.0277252920658552,0.0317214633854045,-3.4507617488091444,0,1,-0.7899474525931004,0.7899474525931004,1.7051505807426872,1.42265342939086,-0.2824971513518273,0.2824971513518273,1,positive,positive,0,1,0
2022-03-30,0.8,0.335,0.3,20,7751.T,17255,0.0107215299913068,0.006664734859461,0.0040567951318458,3995288456412.0,29.016136896898622,2998.0,3007.0,2964.0,2995.5,2590.93359375,3140100.0,0.0001669071002243,0.0178935959522748,0.0161805177366311,0.0168020031692599,0.0161805177366311,-4.123947369308042,0,1,-0.7959432048681543,0.7959432048681543,1.7051505807426872,0.3320410598296268,-1.3731095209130604,1.3731095209130604,1,positive,positive,0,1,0
2022-03-31,0.5,0.4571428571428571,0.4,7,2501.T,6405,0.0165495706479313,0.0085870413739266,0.0079625292740046,36355551119.07959,24.31661274230857,461.7999877929688,467.7999877929688,460.6000061035156,461.3999938964844,444.5414733886719,1489000.0,-0.0182979198886337,0.0220179393071908,0.0152737408280836,0.0148745401906053,0.0152737408280836,-4.181620210835655,0,1,-0.4920374707259954,0.4920374707259954,0.8680038456546284,1.0424843490527003,0.17448050339807186,0.17448050339807186,1,positive,positive,0,1,0
2022-03-31,0.1,0.0714285714285714,0.1,7,4578.T,5668,0.01287932251235,0.0077628793225123,0.0051164431898376,2360760331144.0,28.490004857292657,4242.0,4307.0,4232.0,4232.0,3924.128173828125,1549200.0,-0.0088993686162927,0.0131718173397616,0.0132113405382405,0.0128753068730924,0.0132113405382405,-4.326679686547311,0,1,-0.0948835568101624,0.0948835568101624,-0.24819180112944975,0.5247883960122256,0.7729801971416753,0.7729801971416753,1,neutral,positive,0,0,1
2022-03-31,0.8,0.6833333333333333,0.7,6,5214.T,4656,0.0103092783505154,0.0062285223367697,0.0040807560137457,270305136136.0,26.32281729166131,2726.0,2741.0,2716.0,2716.0,2312.7646484375,451600.0,-0.0166543416510925,0.0213344378134124,0.0170211943748855,0.0202602340645764,0.0170211943748855,-4.073295983511412,0,1,-0.7959192439862544,0.7959192439862544,1.7051505807426872,0.33639948442537815,-1.368751096317309,1.368751096317309,1,positive,positive,0,1,0
2022-04-27,0.5,0.4599999999999999,0.5,5,1928.T,5501,0.0118160334484639,0.0045446282494091,0.0072714051990547,1530554560656.0,28.056651243605977,2207.0,2226.0,2192.0,2216.0,1879.0745849609373,3721500.0,-0.0078353489384171,0.0153885755015935,0.0143838343555014,0.0132971125611065,0.0143838343555014,-4.2416503172047895,0,1,-0.4927285948009453,0.4927285948009453,0.8680038456546284,0.9167706053114866,0.04876675965685817,0.04876675965685817,1,positive,positive,0,1,0
2022-05-20,0.5,0.375,0.4,4,9843.T,3782,0.0058170280274986,0.005288207297726,0.0005288207297726,282332104632.0,26.366349890968117,2521.0,2523.0,2447.0,2467.0,2391.09375,2320000.0,-0.0163477035387968,0.0146120770722782,0.0176456119176705,0.0185133887533535,0.0176456119176705,-4.03726814307563,0,1,-0.4994711792702274,0.4994711792702274,0.8680038456546284,-0.3096886758042288,-1.1776925214588572,1.1776925214588572,1,positive,neutral,0,0,1
2022-05-26,0.4,0.3,0.3,5,8233.T,4468,0.0109668755595344,0.007385854968666,0.0035810205908683,224865135000.0,26.13876665943884,627.0,636.0,627.0,632.5,587.4766235351562,1969400.0,0.0152488521881626,0.0197978477652268,0.0195050588464411,0.0182707828799808,0.0195050588464411,-3.937081419035446,0,1,-0.39641897940913173,0.39641897940913173,0.588954933958609,0.24549885866643498,-0.34345607529217403,0.34345607529217403,1,positive,neutral,0,0,1
2022-05-26,0.5,0.75,1.0,12,8267.T,8510,0.0128084606345475,0.0061104582843713,0.0066980023501762,674433214000.0,27.23713849212477,775.8333129882812,782.0,772.0,773.5,736.0552978515625,4696200.0,-0.0027933623802447,0.0136348660640224,0.0157394852357651,0.0156447712311533,0.0157394852357651,-4.151582740735736,0,1,-0.4933019976498238,0.4933019976498238,0.8680038456546284,0.8124700586844296,-0.05553378697019884,0.05553378697019884,1,positive,positive,0,1,0
2022-05-26,0.5,0.3428571428571428,0.3,7,9602.T,6019,0.0073101844160159,0.008805449410201,-0.001495264994185,187667698569.0,25.95793867499435,983.0,998.0,982.0,993.0,909.4129638671876,1083500.0,0.013265297309531,0.0234801564083191,0.0171653365604966,0.0178431597651998,0.0171653365604966,-4.064863244895254,1,0,-0.501495264994185,0.501495264994185,0.8680038456546284,-0.6778648155665438,-1.545868661221172,1.545868661221172,1,positive,neutral,0,0,1
2022-05-27,0.5,0.4285714285714285,0.5,7,3086.T,6185,0.0185933710590137,0.0084074373484236,0.0101859337105901,289505367480.0,26.39143967430572,1030.0,1075.0,1029.0,1070.0,965.447509765625,3251800.0,0.0469666155821839,0.0213234577163107,0.0196939046750955,0.020384023614806,0.0196939046750955,-3.9274460984700843,0,1,-0.4898140662894099,0.4898140662894099,0.8680038456546284,1.4469160650137591,0.5789122193591307,0.5789122193591307,1,positive,positive,0,1,0
2022-05-27,0.3,0.25,0.25,10,3382.T,8891,0.0093352828703182,0.0059610842424924,0.0033741986278258,1554819238182.0,28.072380409260585,1766.0,1766.6666259765625,1746.0,1754.0,1619.3551025390625,7125000.0,0.0022857459753704,0.0204304075990161,0.0167400996773557,0.0172241702774812,0.0167400996773557,-4.089948259496738,0,1,-0.2966258013721742,0.2966258013721742,0.30990602226258934,0.20787845995023574,-0.1020275623123536,0.1020275623123536,1,positive,neutral,0,0,1
2022-05-27,0.8,0.75,0.75,4,6506.T,3348,0.0161290322580645,0.0029868578255675,0.013142174432497,1118764550000.0,27.743246112037497,4300.0,4310.0,4190.0,4195.0,3963.09521484375,1285100.0,-0.001190301635171,0.0196858706022048,0.0225946497209238,0.0213150428034994,0.0225946497209238,-3.790042138742985,0,1,-0.786857825567503,0.786857825567503,1.7051505807426872,1.9846488716419834,0.27949829089929623,0.27949829089929623,1,positive,positive,0,1,0
2022-05-30,0.8,0.76,0.7,5,6532.T,4517,0.0101837502767323,0.0044277175116227,0.0057560327651095,65051350000.0,24.898442794956296,3845.0,4220.0,3810.0,4205.0,4005.634521484375,7348000.0,0.1168658663282662,0.0347845354445004,0.0438104977605404,0.0435176511315329,0.0438104977605404,-3.127881815418994,0,1,-0.7942439672348905,0.7942439672348905,1.7051505807426872,0.641128142925415,-1.0640224378172722,1.0640224378172722,1,positive,positive,0,1,0
2022-06-03,0.8,0.7,0.75,4,7741.T,3310,0.0151057401812688,0.002416918429003,0.0126888217522658,5134134213200.0,29.266932340069303,13455.0,13690.0,13390.0,13460.0,13073.2626953125,808600.0,0.0078623226240004,0.0182750438952259,0.0242540033083079,0.0250178905485351,0.0242540033083079,-3.719173590344978,0,1,-0.7873111782477342,0.7873111782477342,1.7051505807426872,1.9021851509690941,0.1970345702264069,0.1970345702264069,1,positive,positive,0,1,0
2022-06-09,0.0,0.0,0.0,3,8697.T,3077,0.0113747156321091,0.0142996425089372,-0.002924926876828,569739325638.0,27.068444769728643,1060.0,1069.5,1056.25,1062.25,962.9484252929688,3337000.0,0.0004710352928329,0.0258707966352519,0.020130809587444,0.0185611837218318,0.020130809587444,-3.9055038221836678,0,0,-0.002924926876828,0.002924926876828,-0.5272407128254694,-0.9379167426596522,-0.41067602983418283,0.41067602983418283,1,neutral,neutral,0,0,1
2022-06-13,0.8,0.8,0.8,2,6861.T,1733,0.0138488170802077,0.0017311021350259,0.0121177149451817,5885585200000.0,29.40352729094937,48880.0,49180.0,48380.0,48400.0,47414.3359375,713200.0,-0.0394919418048473,0.0207263968030001,0.0219310098810234,0.0232418231042557,0.0219310098810234,-3.819853667406353,0,1,-0.7878822850548184,0.7878822850548184,1.7051505807426872,1.798302248612035,0.09315166786934781,0.09315166786934781,1,positive,positive,0,1,0
2022-06-14,0.5,0.375,0.4,8,3092.T,7017,0.0047028644719965,0.0038477982043608,0.0008550662676357,251289168797.9141,26.249870179882315,804.0,815.3333129882812,783.3333129882812,806.3333129882812,737.2141723632812,5664300.0,-0.0110384282488653,0.0395832102276309,0.0298357017544619,0.0268953638747018,0.0298357017544619,-3.5120495571028134,0,1,-0.4991449337323643,0.4991449337323643,0.8680038456546284,-0.25034542698655554,-1.118349272641184,1.118349272641184,1,positive,neutral,0,0,1
2022-06-16,0.5,0.5,0.5,3,4689.T,2514,0.0115354017501988,0.0039777247414478,0.0075576770087509,2221208018629.0894,28.429072316351057,405.0,406.0,389.3999938964844,389.8999938964844,373.7395629882813,23761800.0,-0.0166457309633109,0.032595211644392,0.0263818339263615,0.0260537366120687,0.0263818339263615,-3.635079614535366,0,1,-0.4924423229912491,0.4924423229912491,0.8680038456546284,0.9688427327758502,0.1008388871212218,0.1008388871212218,1,positive,positive,0,1,0
2022-06-16,0.1,0.1428571428571428,0.5,14,8795.T,16863,0.0053964300539643,0.0081242957955286,-0.0027278657415643,1066340000000.0,27.69525334016201,1637.0,1669.0,1620.0,1628.0,1452.7025146484375,3739700.0,0.0136986219689547,0.0246016400477628,0.0244785574072147,0.0229090289388228,0.0244785574072147,-3.7099577525182634,1,0,-0.10272786574156431,0.10272786574156431,-0.24819180112944975,-0.9020718141470848,-0.6538800130176351,0.6538800130176351,1,neutral,neutral,0,0,1
2022-06-17,0.2,0.1666666666666666,0.25,6,2768.T,5020,0.0061752988047808,0.0095617529880478,-0.0033864541832669,2533034990024.0,28.56043930052185,2002.0,2035.0,1996.0,2024.0,1732.5985107421875,1581900.0,-0.0193799191388722,0.0175414136956728,0.0186133209579437,0.0164621726372096,0.0186133209579437,-3.9838777740632723,1,0,-0.20338645418326692,0.20338645418326692,0.030857110566569822,-1.021867407430574,-1.0527245179971438,1.0527245179971438,1,positive,neutral,0,0,1
2022-06-17,0.5,0.375,0.4,4,6988.T,3519,0.0136402387041773,0.0085251491901108,0.0051150895140664,316587076000.0,26.480864162334598,1816.0,1844.0,1812.0,1822.0,1680.3480224609375,3596500.0,-0.028784651121147,0.0112727428240024,0.019226241283561,0.0197936664623489,0.019226241283561,-3.9514791995597247,0,1,-0.4948849104859336,0.4948849104859336,0.8680038456546284,0.5245421657690936,-0.3434616798855348,0.3434616798855348,1,positive,positive,0,1,0
2022-06-17,0.1,0.1375,0.1,8,9064.T,7377,0.0120645248746102,0.008133387555917,0.0039311373186932,879854121000.0,27.503021959086126,2059.0,2141.0,2057.0,2139.0,1984.220947265625,2708000.0,0.0254075548174492,0.0177729252981385,0.0153314676353587,0.0179317851355671,0.0153314676353587,-4.177847854519139,0,1,-0.09606886268130681,0.09606886268130681,-0.24819180112944975,0.3091842173402482,0.557376018469698,0.557376018469698,1,neutral,neutral,0,0,1
2022-06-20,0.1,0.075,0.1,4,4503.T,4010,0.0124688279301745,0.0077306733167082,0.0047381546134663,4186263340500.0,29.06282964779206,1991.0,2026.5,1983.0,2023.5,1759.397216796875,3652000.0,0.0230030105270853,0.0147222740857614,0.0193811334124655,0.0174457519542259,0.0193811334124655,-3.943455190614266,0,1,-0.0952618453865337,0.0952618453865337,-0.24819180112944975,0.4559786484229558,0.7041704495524056,0.7041704495524056,1,neutral,positive,0,0,1
2022-06-20,-0.2,0.0,0.1,7,4902.T,6253,0.0126339357108587,0.0115144730529345,0.0011194626579241,229214784000.0,26.15792532232459,465.0,468.0,454.0,456.0,437.4679260253906,4325000.0,-0.0129870979362647,0.0255023353117301,0.021887673174728,0.0197624939771555,0.021887673174728,-3.821831669363637,1,0,0.2011194626579241,0.2011194626579241,-1.0853385362175083,-0.2022523836972918,0.8830861525202165,0.8830861525202165,1,negative,neutral,0,0,1
2022-06-20,0.1,0.0125,0.0,32,6178.T,24015,0.0091609410784926,0.0093691442848219,-0.0002082032063293,4284900054931.6406,29.08611834330292,950.5999755859376,954.7000122070312,946.7000122070312,952.2000122070312,834.0278930664062,8234800.0,-0.0053275238096762,0.013938671749948,0.01347809706308,0.0127290669965673,0.01347809706308,-4.306689350890335,1,0,-0.10020820320632931,0.10020820320632931,-0.24819180112944975,-0.44375148969328565,-0.1955596885638359,0.1955596885638359,1,neutral,neutral,0,0,1
2022-06-20,0.8,0.7,1.0,10,6301.T,8984,0.0066785396260017,0.0075690115761353,-0.0008904719501335,2930480505000.0,28.70618752039238,3149.0,3157.0,2971.0,3015.0,2599.3994140625,4973700.0,-0.0500946056574967,0.020509949962083,0.0220973958957474,0.0207378054637978,0.0220973958957474,-3.8122955101728673,1,0,-0.8008904719501335,0.8008904719501335,1.7051505807426872,-0.5678544708077239,-2.273005051550411,2.273005051550411,1,positive,neutral,0,0,1
2022-06-20,0.5,0.3714285714285714,0.4,7,6594.T,5906,0.0096512021672875,0.0055875380968506,0.0040636640704368,1182729314000.0,27.79884586155625,4065.0,4069.5,3953.0,3967.0,3832.333984375,3669600.0,-0.0180692635607052,0.0185092546374379,0.0249911661793387,0.0231052464775729,0.0249911661793387,-3.6892328693842087,0,1,-0.4959363359295632,0.4959363359295632,0.8680038456546284,0.3332905026100215,-0.5347133430446069,0.5347133430446069,1,positive,positive,0,1,0
2022-06-20,0.8,0.7,0.7,6,7832.T,5300,0.0130188679245283,0.0020754716981132,0.010943396226415,687460018066.4062,27.256269509256267,3112.0,3112.0,3044.666748046875,3096.666748046875,2905.0986328125,1691400.0,0.016522647778824,0.0185729276413843,0.0150838169097045,0.0201799380534436,0.0150838169097045,-4.194132837706332,0,1,-0.789056603773585,0.789056603773585,1.7051505807426872,1.584696605526531,-0.1204539752161562,0.1204539752161562,1,positive,positive,0,1,0
2022-06-21,0.5,0.5,0.5,7,2801.T,5880,0.0103741496598639,0.0018707482993197,0.0085034013605442,279809390000.0,26.357374458300168,1330.0,1340.0,1322.0,1330.0,1270.534912109375,2111000.0,-0.001501553069425,0.019490319411344,0.0276334060124286,0.0248591317312039,0.0276334060124286,-3.5887298753883816,0,1,-0.49149659863945583,0.49149659863945583,0.8680038456546284,1.1408676312281099,0.27286378557348145,0.27286378557348145,1,positive,positive,0,1,0
2022-06-21,0.5,0.5,0.5,9,4307.T,7570,0.0138705416116248,0.0044914134742404,0.0093791281373844,919915000000.0,27.54754711141681,3635.0,3680.0,3605.0,3665.0,3505.550537109375,1426400.0,0.0266106480628809,0.0259007479244816,0.0265631629598621,0.0251271633301072,0.0265631629598621,-3.6282298741200334,0,1,-0.4906208718626156,0.4906208718626156,0.8680038456546284,1.3001601455555678,0.4321562999009394,0.4321562999009394,1,positive,positive,0,1,0
2022-06-21,0.2,0.1,0.1,5,5801.T,4067,0.0191787558396852,0.0083599704942217,0.0108187853454634,156456554238.0,25.77604419968332,2178.0,2228.0,2178.0,2214.0,2054.644775390625,470200.0,0.0278550103172359,0.019031566964086,0.0173895492426038,0.0177714163374674,0.0173895492426038,-4.051885871446206,0,1,-0.1891812146545366,0.1891812146545366,0.030857110566569822,1.5620301973906952,1.5311730868241253,1.5311730868241253,1,positive,positive,0,1,0
2022-06-21,0.5,0.4333333333333333,0.5,3,6902.T,2411,0.0141020323517212,0.0111986727498963,0.0029033596018249,1448977407750.0,28.00187918753064,1825.75,1836.25,1802.75,1824.75,1665.575927734375,5904000.0,0.01375001374511,0.0192400922840128,0.0257581202356691,0.0246218753109003,0.0257581202356691,-3.6590053526264006,0,1,-0.4970966403981751,0.4970966403981751,0.8680038456546284,0.12223401663905366,-0.7457698290155748,0.7457698290155748,1,positive,neutral,0,0,1
2022-06-21,0.5,0.3764705882352941,0.4,17,7733.T,6207,0.0127275656516835,0.0072498791686805,0.005477686483003,933661629500.0,27.56237992848637,2699.0,2746.0,2673.0,2724.5,2656.352783203125,3467600.0,0.0236709093110651,0.0363246917518461,0.0284704951430435,0.0294842217903039,0.0284704951430435,-3.5588869860962005,0,1,-0.494522313516997,0.494522313516997,0.8680038456546284,0.5904976491423808,-0.2775061965122476,0.2775061965122476,1,positive,positive,0,1,0
2022-06-21,0.6,0.48,0.6,5,8035.T,3963,0.0075700227100681,0.0015140045420136,0.0060560181680545,2571769053779.297,28.57561512580705,15416.6669921875,15773.3330078125,15026.6669921875,15566.6669921875,14235.5126953125,6151800.0,0.0254720375083414,0.0217023212953877,0.0233824178883302,0.0251241267790242,0.0233824178883302,-3.7557709113337023,0,1,-0.5939439818319455,0.5939439818319455,1.147052757350648,0.6956947387637472,-0.4513580185869007,0.4513580185869007,1,positive,positive,0,1,0
2022-06-21,0.4,0.36,0.4,5,9104.T,4661,0.0100836730315382,0.0075091182149753,0.0025745548165629,374551837155.0,26.648996047294236,3100.0,3125.0,3050.0,3105.0,2264.70263671875,5913300.0,0.024752437512421,0.024722881189017,0.030005464789572,0.0311562121775198,0.030005464789572,-3.5063757542566365,0,1,-0.39742544518343714,0.39742544518343714,0.588954933958609,0.06242524710905523,-0.5265296868495537,0.5265296868495537,1,positive,neutral,0,0,1
2022-06-22,0.0,0.02,0.0,10,3401.T,7423,0.0119897615519331,0.0102384480668193,0.0017513134851138,273769976781.0,26.335554089957075,1401.0,1403.0,1376.0,1383.0,1246.29931640625,1021500.0,-0.009312363873268,0.0143471183105671,0.0153600391311022,0.0156060131037405,0.0153600391311022,-4.175986003668057,0,0,0.0017513134851138,0.0017513134851138,-0.5272407128254694,-0.08732029573934007,0.4399204170861293,0.4399204170861293,1,neutral,neutral,0,0,1
2022-06-22,0.4,0.32,0.3,5,4061.T,4104,0.0070662768031189,0.006578947368421,0.0004873294346978,286035363200.0,26.37938128767498,3275.0,3285.0,3230.0,3230.0,2818.682861328125,268400.0,-0.0061537537148745,0.0150156589988784,0.0153819868900412,0.0186477523279925,0.0153819868900412,-4.17455813663985,0,1,-0.3995126705653022,0.3995126705653022,0.588954933958609,-0.3172358387892581,-0.9061907727478671,0.9061907727478671,1,positive,neutral,0,0,1
2022-06-22,0.2,0.0625,0.05,8,5406.T,7280,0.0130494505494505,0.0107142857142857,0.0023351648351648,222262040000.0,26.127122883101457,620.0,621.0,608.0,610.0,513.9108276367188,4096500.0,-0.00974016236897,0.0397887384081232,0.0281086633584215,0.0251109541015921,0.0281086633584215,-3.5716774455883646,0,1,-0.1976648351648352,0.1976648351648352,0.030857110566569822,0.018880807164785806,-0.011976303401784016,0.011976303401784016,1,positive,neutral,0,0,1
2022-06-22,0.6,0.52,0.5,5,6098.T,4464,0.0116487455197132,0.0040322580645161,0.0076164874551971,6671906758020.0,29.528926805770435,3961.0,4009.0,3925.0,3934.0,3879.139404296875,4499500.0,0.00408377427875,0.0360314127265259,0.0317842843872698,0.0323129238253259,0.0317842843872698,-3.4487833130120764,0,1,-0.5923835125448029,0.5923835125448029,1.147052757350648,0.9795402061555469,-0.167512551195101,0.167512551195101,1,positive,positive,0,1,0
2022-06-22,0.2,0.1166666666666666,0.1,6,6472.T,5581,0.0084214298512811,0.0177387564952517,-0.0093173266439706,142167621000.0,25.68027262796593,278.0,278.0,267.0,267.0,239.5817413330078,5618000.0,-0.0255475233994584,0.0325682373579295,0.0255501900833765,0.0257341890067839,0.0255501900833765,-3.6671105226976124,1,0,-0.20931732664397062,0.20931732664397062,0.030857110566569822,-2.100678300743436,-2.131535411310006,2.131535411310006,1,positive,negative,1,0,0
2022-06-22,0.2,0.1,0.1,9,6501.T,8290,0.0139927623642943,0.0125452352231604,0.0014475271411338,6261268088204.468,29.465403850526737,1321.800048828125,1324.4000244140625,1295.199951171875,1295.4000244140625,1227.322021484375,10465500.0,-0.0049162229021579,0.0135081281585078,0.0206358061210723,0.0232078190293583,0.0206358061210723,-3.88072755082354,0,1,-0.1985524728588662,0.1985524728588662,0.030857110566569822,-0.14257827326233458,-0.1734353838289044,0.1734353838289044,1,positive,neutral,0,0,1
2022-06-22,0.2,0.12,0.1,5,6701.T,4629,0.0151220565996975,0.0112335277597753,0.0038885288399222,269850028000.0,26.32113218977241,1038.0,1044.0,1030.0,1036.0,987.1422119140624,3491500.0,0.0038760113344435,0.0156486958132473,0.0181637832071432,0.0220967942932288,0.0181637832071432,-4.00832560112138,0,1,-0.19611147116007782,0.19611147116007782,0.030857110566569822,0.30143384143009244,0.27057673086352263,0.27057673086352263,1,positive,neutral,0,0,1
2022-06-22,0.2,0.175,0.15,4,6841.T,3352,0.0071599045346062,0.0035799522673031,0.0035799522673031,597688400000.0,27.116335384858655,2240.0,2264.0,2225.0,2225.0,2111.153564453125,992200.0,0.0031561195668856,0.0311712886145097,0.0265791032870648,0.0227382628497137,0.0265791032870648,-3.6276299626444217,0,1,-0.19642004773269692,0.19642004773269692,0.030857110566569822,0.24530453327715093,0.21444742271058112,0.21444742271058112,1,positive,neutral,0,0,1
2022-06-22,0.5,0.5,0.55,4,6857.T,3206,0.0124766063630692,0.0053025577043044,0.0071740486587648,356227095000.0,26.598834271725437,1855.0,1857.5,1767.5,1785.0,1733.3009033203125,7586000.0,-0.0232557995558591,0.0221650069516216,0.024503116392959,0.0271214230882949,0.024503116392959,-3.708954969808041,0,1,-0.4928259513412352,0.4928259513412352,0.8680038456546284,0.8990616936975729,0.031057848042944536,0.031057848042944536,1,positive,positive,0,1,0
2022-06-22,0.5,0.2444444444444444,0.1,9,7186.T,8477,0.0060162793441075,0.0062522118674059,-0.0002359325232983,589311056000.0,27.10221998985644,468.0,470.0,464.0,466.0,413.8287963867188,2646700.0,-0.0042736583495016,0.0178108832114287,0.0165944784899148,0.0186661747895337,0.0165944784899148,-4.098685260039773,1,0,-0.5002359325232983,0.5002359325232983,0.8680038456546284,-0.44879538321965784,-1.3167992288742862,1.3167992288742862,1,positive,neutral,0,0,1
2022-06-22,0.5,0.25,0.5,16,7267.T,15320,0.0098563968668407,0.0127937336814621,-0.0029373368146214,2051744528006.1216,28.349711536464067,1134.3333740234375,1148.6666259765625,1131.3333740234375,1132.6666259765625,985.1281127929688,18877200.0,0.0213405059376667,0.0191628358313906,0.0190388808046891,0.0184376211626633,0.0190388808046891,-3.961272032612933,1,0,-0.5029373368146214,0.5029373368146214,0.8680038456546284,-0.9401740793610498,-1.8081779250156782,1.8081779250156782,1,positive,neutral,0,0,1
2022-06-22,0.5,0.21875,0.5,16,8031.T,15170,0.0067897165458141,0.0129202373104812,-0.0061305207646671,2703753570000.0,28.62566213460116,1561.0,1563.5,1503.0,1505.0,1342.3255615234375,11966400.0,-0.0293454396100409,0.012068815161013,0.0193151918314317,0.0185086167377232,0.0193151918314317,-3.946863351179756,1,0,-0.5061305207646671,0.5061305207646671,0.8680038456546284,-1.5210062676243536,-2.389010113278982,2.389010113278982,1,positive,negative,1,0,0
2022-06-22,0.2,0.1,0.1,10,8253.T,9006,0.0102154119475904,0.0063291139240506,0.0038862980235398,289664733864.0,26.391990001015103,1599.0,1603.0,1559.0,1562.0,1404.4188232421875,726100.0,-0.013888868651443,0.0189923216866565,0.032648507052871,0.0256676475564387,0.032648507052871,-3.4219561500977718,0,1,-0.19611370197646022,0.19611370197646022,0.030857110566569822,0.30102806149969275,0.27017095093312293,0.27017095093312293,1,positive,neutral,0,0,1
2022-06-22,0.14,0.1285714285714286,0.0,14,8316.T,12473,0.0051310831395814,0.0053716026617493,-0.0002405195221678,1909970115183.8489,28.27810871136408,1360.3333740234375,1360.3333740234375,1347.6666259765625,1350.3333740234375,1175.792724609375,13243200.0,-0.0002468220365371,0.0110147215175742,0.0128059052985726,0.0146259786224899,0.0128059052985726,-4.357848862995441,1,0,-0.14024051952216782,0.14024051952216782,-0.1365722364510419,-0.44962974686190743,-0.3130575104108655,0.3130575104108655,1,positive,neutral,0,0,1
2022-06-22,0.2,0.09,0.05,10,8411.T,12853,0.0069244534349957,0.0058352135688166,0.0010892398661791,39557065352000.0,31.30876543772718,1556.0,1559.0,1547.0,1558.0,1353.59228515625,8048400.0,0.0032194753969563,0.0118881627265807,0.0118242686187554,0.0126066989332364,0.0118242686187554,-4.437601196939333,0,1,-0.19891076013382092,0.19891076013382092,0.030857110566569822,-0.2077498340600945,-0.23860694462666432,0.23860694462666432,1,positive,neutral,0,0,1
2022-06-22,0.2,0.2,0.2,10,9020.T,7839,0.0075264702130373,0.0082918739635157,-0.0007654037504783,863995720281.9824,27.484833652360862,2278.666748046875,2278.666748046875,2239.666748046875,2240.333251953125,2112.50830078125,3915300.0,-0.0184022758348193,0.0150125796091658,0.0154901008138045,0.0157089758108218,0.0154901008138045,-4.167554116259207,1,0,-0.2007654037504783,0.2007654037504783,0.030857110566569822,-0.5451048775414663,-0.5759619881080361,0.5759619881080361,1,positive,neutral,0,0,1
2022-06-22,0.5,0.53125,0.5,16,9201.T,10895,0.0131252868288205,0.0090867370353373,0.0040385497934832,839719410000.0,27.45633363726713,2388.0,2389.0,2355.0,2374.0,2184.134765625,4509100.0,-0.0050294513513856,0.0133606228090839,0.0193302802977332,0.022485682278686,0.0193302802977332,-3.946082485208304,0,1,-0.4959614502065168,0.4959614502065168,0.8680038456546284,0.3287222783336213,-0.5392815673210072,0.5392815673210072,1,positive,positive,0,1,0
2022-06-23,0.5,0.45,0.45,6,2802.T,5857,0.0121222468840703,0.0040976609185589,0.0080245859655113,878953975098.0,27.50199837273513,1525.0,1544.0,1524.5,1537.0,1464.716552734375,2672200.0,0.0141868321422364,0.0179796121000403,0.0192834315478139,0.017725231532914,0.0192834315478139,-3.9485090207920415,0,1,-0.4919754140344887,0.4919754140344887,0.8680038456546284,1.053772306304177,0.18576846064954866,0.18576846064954866,1,positive,positive,0,1,0
2022-06-23,0.5,0.5,0.5,4,3402.T,3605,0.0194174757281553,0.0074895977808599,0.0119278779472954,1189839073384.4604,27.804839181457226,727.0,736.0,724.4000244140625,729.2999877929688,674.4868774414062,7074500.0,-0.0123239716706579,0.0118746649739828,0.0149306243657676,0.0188038587968149,0.0149306243657676,-4.20434084876308,0,1,-0.4880721220527046,0.4880721220527046,0.8680038456546284,1.7637713726523028,0.8957675269976744,0.8957675269976744,1,positive,positive,0,1,0
2022-06-23,0.6,0.46,0.5,5,4005.T,4073,0.0169408298551436,0.0054014240117849,0.0115394058433587,877386380000.0,27.5002133024215,535.0,537.0,527.0,530.0,481.0452880859375,7719800.0,-0.0111941021774767,0.0236092582641795,0.0192077666147542,0.018733391886818,0.0192077666147542,-3.9524405705558796,0,1,-0.5884605941566413,0.5884605941566413,1.147052757350648,1.6931092668235501,0.5460565094729022,0.5460565094729022,1,positive,positive,0,1,0
2022-06-23,0.1,0.075,0.15,4,4506.T,3996,0.0177677677677677,0.0102602602602602,0.0075075075075075,420978200000.0,26.765846887815403,1037.0,1071.0,1037.0,1058.0,1034.1900634765625,1541400.0,0.0212355681255953,0.0277383773844797,0.0262617775965754,0.0230631333511357,0.0262617775965754,-3.6396407202212178,0,1,-0.0924924924924925,0.0924924924924925,-0.24819180112944975,0.9597170257551615,1.2079088268846112,1.2079088268846112,1,neutral,positive,0,0,1
2022-06-23,0.8,0.8,0.8,4,4543.T,3356,0.0211561382598331,0.0041716328963051,0.016984505363528,751355160000.0,27.345144293032817,1981.0,2005.0,1977.5,1978.5,1909.2625732421875,2344400.0,0.0015186692520605,0.018614034026986,0.0176948747573239,0.0204178054274408,0.0176948747573239,-4.03448024306656,0,1,-0.783015494636472,0.783015494636472,1.7051505807426872,2.683559275056285,0.9784086943135979,0.9784086943135979,1,positive,positive,0,1,0
2022-06-23,0.5,0.5,0.5,6,5019.T,5691,0.0079072219293621,0.0026357406431207,0.0052714812862414,132912000000.0,25.612953092043128,640.0,651.0,636.0,639.0,561.8101196289062,5168000.0,-0.0077640571745062,0.0195803412191249,0.0205313303732922,0.0233365499222172,0.0205313303732922,-3.8858032486240166,0,1,-0.4947285187137586,0.4947285187137586,0.8680038456546284,0.5529894386728301,-0.3150144069817983,0.3150144069817983,1,positive,positive,0,1,0
2022-06-23,0.5,0.375,0.5,8,5401.T,7217,0.011639185257032,0.006928086462519,0.0047110987945129,356940573400.2991,26.60083514380628,375.7999877929688,381.0,372.7999877929688,375.6000061035156,288.1117553710937,52437500.0,-0.0113188609947777,0.0144886267718234,0.0203543116833659,0.0212742872485565,0.0203543116833659,-3.8944625132036768,0,1,-0.4952889012054871,0.4952889012054871,0.8680038456546284,0.4510572625041352,-0.4169465831504932,0.4169465831504932,1,positive,positive,0,1,0
2022-06-23,0.8,0.5833333333333334,0.5,6,6103.T,5322,0.0148440435926343,0.0077038707252912,0.0071401728673431,87594225000.0,25.195980908058097,2580.0,2630.0,2570.0,2595.0,2332.614013671875,411800.0,-0.0262664036992632,0.0213932926534744,0.0218351000578576,0.021338763274318,0.0218351000578576,-3.8242365096022795,0,1,-0.7928598271326569,0.7928598271326569,1.7051505807426872,0.8928997718138256,-0.8122508089288616,0.8122508089288616,1,positive,positive,0,1,0
2022-06-23,0.5,0.3666666666666666,0.4,6,6770.T,5279,0.0062511839363515,0.0151543853002462,-0.0089032013638946,286608768000.0,26.38138394503372,1422.0,1462.0,1422.0,1446.0,1293.525390625,1303500.0,0.0055633295862358,0.0142067038839824,0.0251629075983942,0.0273704702037753,0.0251629075983942,-3.6823842895028456,1,0,-0.5089032013638946,0.5089032013638946,0.8680038456546284,-2.025349946221845,-2.8933537918764736,2.8933537918764736,1,positive,negative,1,0,0
2022-06-23,0.3,0.3,0.3,4,7004.T,3542,0.01270468661773,0.0059288537549407,0.0067758328627893,141788262000.0,25.67760066905675,826.0,845.0,823.0,833.0,780.7410278320312,733700.0,-0.0035885627755062,0.0367709328811719,0.0278457915617487,0.0278786283833986,0.0278457915617487,-3.5810734349159805,0,1,-0.29322416713721067,0.29322416713721067,0.30990602226258934,0.8266272346135125,0.5167212123509232,0.5167212123509232,1,positive,positive,0,1,0
2022-06-23,0.5,0.3538461538461538,0.4,26,7013.T,6066,0.0138476755687438,0.0095614902736564,0.0042861852950873,83416173651.30615,25.147108056182116,541.4285888671875,562.1428833007812,532.8571166992188,539.2857055664062,501.4165344238281,14980700.0,-0.0091862326815516,0.0286790132268585,0.0248571400751836,0.0242941123986624,0.0248571400751836,-3.694610240740829,0,1,-0.4957138147049127,0.4957138147049127,0.8680038456546284,0.37376655781721685,-0.49423728783741155,0.49423728783741155,1,positive,positive,0,1,0
2022-06-23,0.5,0.3,0.3,14,7203.T,13051,0.0160140985365106,0.0075090031415217,0.0085050953949888,6938763120500.0,29.568144649851533,2148.0,2159.0,2116.0,2126.5,1919.19921875,20869300.0,-0.0136827763490338,0.0139198986355771,0.0196705889885417,0.020828899036296,0.0196705889885417,-3.9286307035347185,0,1,-0.4914949046050112,0.4914949046050112,0.8680038456546284,1.1411757718641782,0.2731719262095498,0.2731719262095498,1,positive,positive,0,1,0
2022-06-23,-0.2,-0.1999999999999999,-0.2,9,7205.T,4103,0.0080428954423592,0.0124299293200097,-0.0043870338776504,403929740000.0,26.72450678889222,704.0,714.0,700.0,703.0,703.0,2162900.0,-0.0014204545454545,0.0203825335525419,0.0206799768962093,0.0306809774585051,0.0206799768962093,-3.878589346547112,0,1,0.1956129661223496,0.1956129661223496,-1.0853385362175083,-1.2038703557456183,-0.11853181952810998,0.11853181952810998,1,negative,negative,0,1,0
2022-06-23,-0.2,-0.1,0.0,5,7270.T,4641,0.0137901314371902,0.00883430295195,0.0049558284852402,1940628525000.0,28.294033018491724,2572.0,2605.0,2508.5,2523.0,2218.10009765625,4571800.0,-0.0301750060685195,0.0229571402335721,0.0207963600514307,0.0199054431219652,0.0207963600514307,-3.872977305116089,1,0,0.20495582848524022,0.20495582848524022,-1.0853385362175083,0.495572982244022,1.5809115184615303,1.5809115184615303,1,negative,positive,1,0,0
2022-06-23,0.3,0.2166666666666666,0.2,6,7951.T,4015,0.0154420921544209,0.0104607721046077,0.0049813200498132,345853818526.3275,26.56928203292187,1756.6666259765625,1770.0,1746.6666259765625,1753.3333740234375,1639.4326171875,978000.0,-0.0056709831745112,0.0149658492763526,0.0188996311709266,0.018298538380631,0.0188996311709266,-3.9686128718727445,0,1,-0.29501867995018677,0.29501867995018677,0.30990602226258934,0.5002098341964373,0.19030381193384793,0.19030381193384793,1,positive,positive,0,1,0
2022-06-23,0.5,0.3647058823529411,0.3,17,8304.T,14543,0.0064635907309358,0.0028879873478649,0.0035756033830708,322810681000.0,26.500331861394542,2710.0,2729.0,2709.0,2729.0,2358.018310546875,652000.0,0.0077550172065912,0.0076110902605214,0.0123615362530971,0.014239716276675,0.0123615362530971,-4.393165542354471,0,1,-0.4964243966169292,0.4964243966169292,0.8680038456546284,0.24451348209292004,-0.6234903635617084,0.6234903635617084,1,positive,neutral,0,0,1
2022-06-23,0.5,0.3333333333333333,0.5,6,9001.T,5368,0.0134128166915052,0.0132265275707898,0.0001862891207153,649677780000.0,27.199742353847864,3070.0,3100.0,3050.0,3060.0,2887.610107421875,285100.0,0.0065787838794222,0.0129744426785606,0.0135902301647281,0.0132234848256218,0.0135902301647281,-4.298404114632253,0,1,-0.4998137108792847,0.4998137108792847,0.8680038456546284,-0.3719943203115723,-1.2399981659662007,1.2399981659662007,1,positive,neutral,0,0,1
2022-06-23,0.2,0.2,0.2,6,9022.T,5250,0.011047619047619,0.0091428571428571,0.0019047619047619,637364000000.0,27.180606757886867,3038.0,3098.0,3038.0,3094.0,3004.297119140625,3323000.0,0.0191042275314641,0.0119402443065376,0.0143709153203295,0.0149402677145221,0.0143709153203295,-4.242548884306698,0,1,-0.1980952380952381,0.1980952380952381,0.030857110566569822,-0.05940841131173731,-0.09026552187830714,0.09026552187830714,1,positive,neutral,0,0,1
2022-06-23,0.8,0.72,0.7,5,9107.T,4157,0.0120279047389944,0.0062545104642771,0.0057733942747173,81830433007.32422,25.12791505301911,908.888916015625,914.4444580078124,855.5555419921875,871.111083984375,674.9007568359375,56763900.0,-0.0403917934976879,0.0366832231349681,0.040332047437024,0.04345241452377,0.040332047437024,-3.2106089042884163,0,1,-0.7942266057252827,0.7942266057252827,1.7051505807426872,0.6442861581775299,-1.0608644225651573,1.0608644225651573,1,positive,positive,0,1,0
2022-06-23,0.5,0.3571428571428571,0.5,7,9433.T,6728,0.0074316290130796,0.0062425683709869,0.0011890606420927,5830285678587.5,29.3940871165634,2216.0,2256.0,2216.0,2253.5,2019.656494140625,7169000.0,0.0091805088969993,0.0141946933988358,0.0120852054792881,0.0116987194149872,0.0120852054792881,-4.4157732621339925,0,1,-0.4988109393579073,0.4988109393579073,0.8680038456546284,-0.18959268413855382,-1.0575965297931822,1.0575965297931822,1,positive,neutral,0,0,1
2022-06-24,-0.2,-0.05,0.0,4,1802.T,3821,0.0049725202826485,0.0034022507197068,0.0015702695629416,692648640000.0,27.26378869457476,959.0,962.0,944.0,960.0,829.6112670898438,2009500.0,-0.0092879769209127,0.0113078828890146,0.0156887601283119,0.0152440864515259,0.0156887601283119,-4.154810738411824,1,0,0.2015702695629416,0.2015702695629416,-1.0853385362175083,-0.120251733179875,0.9650868030376333,0.9650868030376333,1,negative,neutral,0,0,1
2022-06-24,0.2,0.15,0.15,6,2871.T,5396,0.0094514455151964,0.0063009636767976,0.0031504818383988,161474063928.0,25.80761037183932,1153.0,1155.0,1141.0,1154.0,1083.9642333984375,925600.0,0.0069808429674915,0.0091853906224057,0.0109333696495265,0.0121085199690769,0.0109333696495265,-4.5159357306626315,0,1,-0.1968495181616012,0.1968495181616012,0.030857110566569822,0.167184934495097,0.1363278239285272,0.1363278239285272,1,positive,neutral,0,0,1
2022-06-24,0.2,0.15,0.05,6,3407.T,5158,0.0073671965878247,0.0098875533152384,-0.0025203567274137,1456616716000.0,28.00713754470447,1015.0,1040.0,1014.5,1038.5,917.5385131835938,3237100.0,0.018636576957963,0.0125974647827113,0.0158969858307753,0.0178740706622869,0.0158969858307753,-4.141625758118179,1,0,-0.2025203567274137,0.2025203567274137,0.030857110566569822,-0.8643264425496454,-0.8951835531162152,0.8951835531162152,1,positive,neutral,0,0,1
2022-06-24,0.6,0.6,0.6,5,4042.T,5129,0.0111132774419964,0.006628972509261,0.0044843049327354,550687139464.0,27.03443267987152,1665.0,1694.0,1653.0,1694.0,1442.4459228515625,1903500.0,0.0059382321698524,0.0196612966619164,0.0175279495706245,0.01885215247223,0.0175279495706245,-4.04395855376839,0,1,-0.5955156950672645,0.5955156950672645,1.147052757350648,0.4098040252708009,-0.7372487320798471,0.7372487320798471,1,positive,positive,0,1,0
2022-06-24,0.5,0.5,0.5,6,4183.T,5296,0.0158610271903323,0.0045317220543806,0.0113293051359516,292983463295.0,26.40338200510451,1400.0,1434.5,1395.0,1433.0,1255.75341796875,1587800.0,0.0056142408868296,0.0227404627063462,0.0201344446822077,0.0207898126812532,0.0201344446822077,-3.9053232647855087,0,1,-0.4886706948640484,0.4886706948640484,0.8680038456546284,1.6548924726932943,0.7868886270386659,0.7868886270386659,1,positive,positive,0,1,0
2022-06-24,0.5,0.2625,0.3,8,4188.T,7217,0.0153803519467922,0.0052653457115144,0.0101150062352778,1111941819987.3047,27.73712899023289,720.0,738.7000122070312,719.0,738.2000122070312,647.3404541015625,7258300.0,-0.0057911632242996,0.0187373708445337,0.0165908318087478,0.0179957992866602,0.0165908318087478,-4.098905036871683,0,1,-0.4898849937647222,0.4898849937647222,0.8680038456546284,1.4340145343352508,0.5660106886806224,0.5660106886806224,1,positive,positive,0,1,0
2022-06-24,0.5,0.375,0.5,4,4507.T,3258,0.0196439533456108,0.0061387354205033,0.0135052179251074,726821300940.0647,27.311946480881648,2169.333251953125,2242.333251953125,2160.333251953125,2242.333251953125,2062.55517578125,7112700.0,0.0497814598120471,0.016066581135338,0.0246286049888438,0.0264318494444628,0.0246286049888438,-3.7038467071527155,0,1,-0.4864947820748926,0.4864947820748926,0.8680038456546284,2.0506855765567233,1.182681730902095,1.182681730902095,1,positive,positive,0,1,0
2022-06-24,0.5,0.5,0.7,3,5332.T,2738,0.0135135135135135,0.0054784514243973,0.0080350620891161,791989975000.0,27.397814570852443,4350.0,4480.0,4330.0,4475.0,4126.42138671875,845800.0,0.0431234439309689,0.0176667598261986,0.0220375597909462,0.0215405378848505,0.0220375597909462,-3.815007018116227,0,1,-0.4919649379108839,0.4919649379108839,0.8680038456546284,1.055677887032718,0.18767404137808952,0.18767404137808952,1,positive,positive,0,1,0
2022-06-24,0.8,0.8,0.9,3,5411.T,2524,0.0257527733755942,0.0015847860538827,0.0241679873217115,864514266000.0,27.48543364395789,1391.0,1414.0,1377.0,1407.0,1187.5068359375,5774700.0,-0.0007102230412625,0.0126293574197836,0.0192138605186848,0.0221837223168611,0.0192138605186848,-3.952123358379491,0,1,-0.7758320126782885,0.7758320126782885,1.7051505807426872,3.990216708638203,2.285066127895516,2.285066127895516,1,positive,positive,0,1,0
2022-06-24,0.8,0.75,0.8,4,5631.T,3452,0.0069524913093858,0.0017381228273464,0.0052143684820393,214111293374.0,26.08976177927796,2842.0,2887.0,2791.0,2882.0,2709.21728515625,545900.0,0.0024347784611762,0.0293827656866284,0.0459856397720834,0.0396181170217637,0.0459856397720834,-3.0794261100987605,0,1,-0.7947856315179608,0.7947856315179608,1.7051505807426872,0.5426007621789235,-1.1625498185637637,1.1625498185637637,1,positive,positive,0,1,0
2022-06-24,0.5,0.5,0.5,4,5713.T,3742,0.0096205237840726,0.0034740780331373,0.0061464457509353,1226944266000.0,27.835547857642783,4249.0,4251.0,4153.0,4219.0,3785.41064453125,3401800.0,-0.012868518008018,0.0138161142719167,0.0279458165682025,0.0251521559009024,0.0279458165682025,-3.577487766139794,0,1,-0.4938535542490647,0.4938535542490647,0.8680038456546284,0.7121432903240994,-0.155860555330529,0.155860555330529,1,positive,positive,0,1,0
2022-06-24,0.8,0.7166666666666667,0.75,6,5714.T,5746,0.0102680125304559,0.0055690915419422,0.0046989209885137,275542020670.0,26.34200597902657,4320.0,4445.0,4295.0,4445.0,4080.676025390625,369300.0,0.0171625287001122,0.0337171222702262,0.0279628344122324,0.0268514902711134,0.0279628344122324,-3.5768789929264524,0,1,-0.7953010790114864,0.7953010790114864,1.7051505807426872,0.44884214999655164,-1.2563084307461356,1.2563084307461356,1,positive,positive,0,1,0
2022-06-24,0.3,0.28,0.3,5,5802.T,3103,0.0106348694811472,0.0074121817595874,0.0032226877215597,1184956942500.0,27.800727554412457,1470.0,1496.5,1456.5,1492.5,1328.1068115234375,2578100.0,0.0111788843625828,0.014970493810147,0.0166462068867935,0.0204345027927304,0.0166462068867935,-4.095572903116371,0,1,-0.2967773122784403,0.2967773122784403,0.30990602226258934,0.1803190043695337,-0.12958701789305566,0.12958701789305566,1,positive,neutral,0,0,1
2022-06-24,0.5,0.48,0.45,10,6645.T,10027,0.013164455968884,0.006881420165553,0.006283035803331,1490003512000.0,28.02979959293012,6788.0,6977.0,6761.0,6964.0,6534.8564453125,963400.0,0.0412679715272035,0.0186230047879321,0.0200420578466497,0.0216110080787835,0.0200420578466497,-3.90992232107885,0,1,-0.493716964196669,0.493716964196669,0.8680038456546284,0.7369886798378664,-0.13101516581676198,0.13101516581676198,1,positive,positive,0,1,0
2022-06-24,0.5,0.5,0.5,5,6752.T,4305,0.0076655052264808,0.0088269454123112,-0.0011614401858304,2721662303500.0,28.632263950558496,1093.0,1109.5,1092.0,1109.5,1011.3598022460938,6388200.0,0.0104734177270768,0.0142538161102171,0.0144393217706067,0.0183348292236082,0.0144393217706067,-4.237800115415075,1,0,-0.5011614401858304,0.5011614401858304,0.8680038456546284,-0.617142916369222,-1.4851467620238505,1.4851467620238505,1,positive,neutral,0,0,1
2022-06-24,0.2,0.1,0.15,4,6753.T,3651,0.0115036976170912,0.009860312243221,0.0016433853738701,520740220000.0,26.97851713630624,1041.0,1048.0,1029.0,1045.0,1045.0,1780700.0,0.0038424591738712,0.0211973677188411,0.0199567724033447,0.0230284954537348,0.0199567724033447,-3.914186724413441,0,1,-0.1983566146261299,0.1983566146261299,0.030857110566569822,-0.10695214971627941,-0.13780926028284923,0.13780926028284923,1,positive,neutral,0,0,1
2022-06-24,0.5,0.4,0.4,8,6762.T,6643,0.0143007677254252,0.0073761854583772,0.006924582267048,109504395000.0,25.4192305223838,840.0,862.0,832.0,845.0,791.0717163085938,10405500.0,0.0071514337524734,0.0162748761282732,0.0230433908833325,0.0265748807602144,0.0230433908833325,-3.7703762802276906,0,1,-0.493075417732952,0.493075417732952,0.8680038456546284,0.8536843798735617,-0.014319465781066687,0.014319465781066687,1,positive,positive,0,1,0
2022-06-24,0.8,0.74,0.8,5,6963.T,4183,0.0088453263208223,0.0062156347119292,0.0026296916088931,270216000000.0,26.32248747611535,2317.5,2440.0,2310.0,2430.0,2239.95361328125,4291200.0,0.0406851597457986,0.0133624434620099,0.0171737500357652,0.0203644362089564,0.0171737500357652,-4.0643732216435655,0,1,-0.7973703083911069,0.7973703083911069,1.7051505807426872,0.07245449197686533,-1.632696088765822,1.632696088765822,1,positive,neutral,0,0,1
2022-06-24,0.2,0.1333333333333333,0.1,6,7012.T,5160,0.0125968992248062,0.0110465116279069,0.0015503875968992,426722320000.0,26.779399334185733,2514.0,2557.0,2432.0,2554.0,2370.73486328125,3034500.0,0.001961612003237,0.0282832740802932,0.0240051949370211,0.022197900923704,0.0240051949370211,-3.729485016348136,0,1,-0.1984496124031008,0.1984496124031008,0.030857110566569822,-0.12386821316475612,-0.15472532373132594,0.15472532373132594,1,positive,neutral,0,0,1
2022-06-24,0.5,0.425,0.4,4,7211.T,3325,0.0105263157894736,0.0099248120300751,0.0006015037593984,664665772000.0,27.222550152761062,480.0,481.0,441.0,446.0,413.3436584472656,41362500.0,-0.0860653978885727,0.0198209733090825,0.0243879726829564,0.026449762797965,0.0243879726829564,-3.7136651910390315,0,1,-0.4993984962406016,0.4993984962406016,0.8680038456546284,-0.2964678141790926,-1.164471659833721,1.164471659833721,1,positive,neutral,0,0,1
2022-06-24,0.5,0.5,0.5,12,8002.T,12620,0.0129160063391442,0.0105388272583201,0.002377179080824,2114205226500.0,28.379700078371386,1208.5,1220.0,1187.5,1216.5,1060.2545166015625,7552000.0,-0.0036855903511634,0.0145504742536426,0.01879462766995,0.018958354965016,0.01879462766995,-3.974184212220744,0,1,-0.497622820919176,0.497622820919176,0.8680038456546284,0.026523093555494953,-0.8414807520991334,0.8414807520991334,1,positive,neutral,0,0,1
2022-06-24,0.5,0.4285714285714285,0.5,7,8015.T,3344,0.0122607655502392,0.0092703349282296,0.0029904306220095,518692040000.0,26.97457617212856,1460.0,1470.0,1446.6666259765625,1465.0,1296.289794921875,2285700.0,-0.0056561979967062,0.0189077414105281,0.0213045786997093,0.024740824503574,0.0213045786997093,-3.8488332669402032,0,1,-0.4970095693779905,0.4970095693779905,0.8680038456546284,0.13807201782511613,-0.7299318278295123,0.7299318278295123,1,positive,neutral,0,0,1
2022-06-24,0.5,0.3777777777777777,0.4,9,8053.T,9176,0.0089363557105492,0.0135135135135135,-0.0045771578029642,2257963476368.5,28.445484406311955,1808.0,1810.0,1784.0,1805.5,1558.170654296875,3152000.0,0.0002769375440796,0.0129813593603926,0.0192017068455701,0.0163933828963151,0.0192017068455701,-3.9527561056928366,1,0,-0.5045771578029642,0.5045771578029642,0.8680038456546284,-1.2384534230880564,-2.106457268742685,2.106457268742685,1,positive,negative,1,0,0
2022-06-24,0.8,0.6666666666666666,0.75,6,8058.T,4842,0.0086741016109045,0.0092936802973977,-0.0006195786864931,2098370229966.3088,28.372182078382764,1314.6666259765625,1319.6666259765625,1294.0,1319.6666259765625,1176.3214111328125,17058000.0,0.0022784291133024,0.012322159762219,0.0184218128744539,0.0178925465792052,0.0184218128744539,-3.994219834189217,1,0,-0.8006195786864931,0.8006195786864931,1.7051505807426872,-0.5185796624761244,-2.2237302432188115,2.2237302432188115,1,positive,neutral,0,0,1
2022-06-24,0.3,0.1631578947368421,0.1,19,8309.T,16079,0.0069034143914422,0.0075253436158965,-0.0006219292244542,832417110000.0,27.447599486276264,2123.0,2148.0,2121.5,2132.5,1846.6480712890625,2839800.0,-0.0079087968740459,0.0133158108400795,0.0139750717032942,0.0155428281826852,0.0139750717032942,-4.270480129128076,1,0,-0.3006219292244542,0.3006219292244542,0.30990602226258934,-0.5190072194627873,-0.8289132417253766,0.8289132417253766,1,positive,neutral,0,0,1
2022-06-24,0.3,0.1416666666666666,0.1,36,8630.T,12986,0.0036192823040197,0.0069305405821654,-0.0033112582781456,798445011567.3827,27.405931937568187,1948.6666259765625,1960.0,1910.3333740234373,1922.3333740234373,1680.7237548828125,4419000.0,-0.0301041650009795,0.0230122198778607,0.0185477232044057,0.0188325094103189,0.0185477232044057,-3.987408235768626,1,0,-0.3033112582781456,0.3033112582781456,0.30990602226258934,-1.008189460026567,-1.3180954822891564,1.3180954822891564,1,positive,neutral,0,0,1
2022-06-24,0.5,0.3125,0.2,8,8766.T,11303,0.0029195788728656,0.006812350703353,-0.0038927718304874,1968799168000.0,28.308444913430726,2608.333251953125,2632.0,2597.333251953125,2632.0,2342.658203125,7720500.0,0.0047080994073334,0.023459963358711,0.0193072135766784,0.0178341946686986,0.0193072135766784,-3.9472764924526764,1,0,-0.5038927718304874,0.5038927718304874,0.8680038456546284,-1.1139653233640427,-1.9819691690186712,1.9819691690186712,1,positive,neutral,0,0,1
2022-06-24,0.1,0.05,0.1,14,9021.T,6155,0.0097481722177091,0.0064987814784727,0.0032493907392363,482497017500.0,26.9022405763592,2500.0,2507.5,2475.5,2490.5,2282.11376953125,2290000.0,0.0004017644243488,0.0151776622645246,0.0155507542063544,0.0160929650711992,0.0155507542063544,-4.163646139516718,0,1,-0.0967506092607637,0.0967506092607637,-0.24819180112944975,0.18517621661692435,0.4333680177463741,0.4333680177463741,1,neutral,neutral,0,0,1
2022-06-24,0.4,0.188235294117647,0.1,17,9434.T,15332,0.0063918601617531,0.0076963214192538,-0.0013044612575006,699480833936.5027,27.273604231014676,151.1999969482422,151.6999969482422,149.89999389648438,151.6999969482422,128.72640991210938,86256000.0,0.0036388719128268,0.0067672180539309,0.0110936327102973,0.0106251071949288,0.0110936327102973,-4.501383964955258,1,0,-0.40130446125750063,0.40130446125750063,0.588954933958609,-0.6431580922330418,-1.2321130261916506,1.2321130261916506,1,positive,neutral,0,0,1
2022-06-27,0.2,0.1428571428571428,0.1,7,2282.T,6278,0.0140172029308697,0.0052564510990761,0.0087607518317935,898666560000.0,27.52417790161613,4235.0,4275.0,4175.0,4180.0,3867.150390625,425700.0,-0.0141510514329302,0.0115373697931324,0.0128404598534672,0.0161345123338134,0.0128404598534672,-4.355154167228673,0,1,-0.1912392481682065,0.1912392481682065,0.030857110566569822,1.187679039435327,1.1568219288687571,1.1568219288687571,1,positive,positive,0,1,0
2022-06-27,0.1,0.025,0.05,4,2432.T,3087,0.0155490767735665,0.0119857466796242,0.0035633300939423,276283980456.0,26.3446950883893,1816.0,1836.0,1805.0,1832.0,1756.016845703125,375700.0,0.0177777460183121,0.0237174005642642,0.018211183870071,0.018937175320919,0.018211183870071,-4.005719375270641,0,1,-0.0964366699060577,0.0964366699060577,-0.24819180112944975,0.2422810014425044,0.49047280257195414,0.49047280257195414,1,neutral,neutral,0,0,1
2022-06-27,0.3,0.3,0.3,6,3099.T,4908,0.0120211898940505,0.0093724531377343,0.0026487367563162,420397366000.0,26.764466210468115,1082.0,1087.0,1056.0,1063.0,1000.2888793945312,2071900.0,0.0,0.0182504476801641,0.0184595771329547,0.019383873690443,0.0184595771329547,-3.992171957377026,0,1,-0.29735126324368377,0.29735126324368377,0.30990602226258934,0.07591875674413563,-0.23398726551845372,0.23398726551845372,1,positive,neutral,0,0,1
2022-06-27,0.1,0.0277777777777777,0.1,18,4043.T,4716,0.0061492790500424,0.005089058524173,0.0010602205258693,123083840000.0,25.536131586133585,1769.0,1775.0,1757.0,1760.0,1563.9100341796875,229000.0,0.0179294389361168,0.0153119322787397,0.0175256494020974,0.018109010236308,0.0175256494020974,-4.044089790993543,0,1,-0.09893977947413071,0.09893977947413071,-0.24819180112944975,-0.2130283796114265,0.035163421518023236,0.035163421518023236,1,neutral,neutral,0,0,1
2022-06-27,0.2,0.2333333333333333,0.2,6,4568.T,5588,0.0164638511095204,0.0048317823908375,0.0116320687186828,2356043553000.0,28.488004867540237,3301.0,3349.0,3278.0,3323.0,3180.3671875,3979700.0,0.0033212509691025,0.0236813615454759,0.0230521653512169,0.0250813352848964,0.0230521653512169,-3.7699955724672405,0,1,-0.1883679312813172,0.1883679312813172,0.030857110566569822,1.7099644124986049,1.679107301932035,1.679107301932035,1,positive,positive,0,1,0
2022-06-27,0.5,0.5,0.5,3,5333.T,2656,0.0112951807228915,0.0060240963855421,0.0052710843373493,606969043188.0,27.1317436270151,1855.0,1865.0,1845.0,1853.0,1664.1265869140625,1052100.0,0.0288729173522033,0.011201512815084,0.0129247370410771,0.016609469157698,0.0129247370410771,-4.34861220377897,0,1,-0.4947289156626507,0.4947289156626507,0.8680038456546284,0.552917234660398,-0.3150866109942304,0.3150866109942304,1,positive,positive,0,1,0
2022-06-27,0.3,0.33,0.25,10,6702.T,10917,0.0177704497572593,0.0055876156453238,0.0121828341119355,3544906189762.5,28.89653281287209,1719.5,1725.0,1695.0,1712.5,1644.6326904296875,5320000.0,0.0052833814715882,0.021639440943591,0.0220650122559339,0.0248294302658793,0.0220650122559339,-3.813762080813969,0,1,-0.2878171658880645,0.2878171658880645,0.30990602226258934,1.8101472624650425,1.5002412402024532,1.5002412402024532,1,positive,positive,0,1,0
2022-06-27,0.6,0.52,0.5,5,7261.T,4459,0.0130074007625028,0.0116618075801749,0.0013455931823278,704460345000.0,27.280697878553287,1130.0,1133.0,1106.0,1115.0,961.650634765625,3022500.0,0.0036004474124731,0.0178725518722964,0.0203456987580426,0.0235615647210116,0.0203456987580426,-3.894885752675041,0,1,-0.5986544068176721,0.5986544068176721,1.147052757350648,-0.16111980587613317,-1.308172563226781,1.308172563226781,1,positive,neutral,0,0,1
2022-06-27,0.5,0.375,0.5,4,7735.T,3151,0.0088860679149476,0.0063471913678197,0.0025388765471278,252192210000.0,26.2534573718162,4905.0,4985.0,4810.0,4965.0,4541.0625,1553200.0,0.0279501173011613,0.0167520163073614,0.0216883133124888,0.026376450934149,0.0216883133124888,-3.8309817205378147,0,1,-0.4974611234528722,0.4974611234528722,0.8680038456546284,0.055935458974820024,-0.8120683866798084,0.8120683866798084,1,positive,neutral,0,0,1
2022-06-27,0.5,0.35,0.5,10,7752.T,7638,0.0116522649908352,0.00942655145326,0.0022257135375752,794821104000.0,27.401382899863407,1075.0,1076.0,1059.0,1067.0,966.7257080078124,1911200.0,0.0056551312790849,0.0166484851965142,0.0199069432706169,0.0231530153110145,0.0199069432706169,-3.916686700034756,0,1,-0.4977742864624248,0.4977742864624248,0.8680038456546284,-0.001028110605615632,-0.869031956260244,0.869031956260244,1,positive,neutral,0,0,1
2022-06-27,0.3,0.13125,0.1,16,8306.T,13425,0.0059590316573556,0.0076722532588454,-0.0017132216014897,10227640447437.924,29.95611501898889,743.0,747.0999755859375,733.7999877929688,735.7999877929688,651.6072387695312,31136400.0,-0.0008150016458203,0.0108877705331639,0.0153880020883335,0.0166948402168674,0.0153880020883335,-4.174167158380277,1,0,-0.30171322160148967,0.30171322160148967,0.30990602226258934,-0.7175105782747719,-1.0274166005373613,1.0274166005373613,1,positive,neutral,0,0,1
2022-06-27,0.5,0.5,0.5,10,8725.T,17830,0.0046550757150869,0.0081884464385866,-0.0035333707234997,815972912807.7393,27.427646996270997,1378.6666259765625,1388.3333740234375,1367.0,1375.3333740234375,1177.9915771484375,2819700.0,0.0115225289250306,0.0203695810070744,0.0173896133562794,0.0174252035148739,0.0173896133562794,-4.051882184544578,1,0,-0.5035333707234997,0.5035333707234997,0.8680038456546284,-1.0485911593003245,-1.916595004954953,1.916595004954953,1,positive,neutral,0,0,1
2022-06-27,0.3,0.14,0.1,10,9432.T,9092,0.0068191816981962,0.0059392872855257,0.0008798944126704,326031276931.16345,26.510259155217664,156.0,157.16000366210938,154.1999969482422,155.52000427246094,139.2862548828125,163825000.0,-0.0154469405100372,0.0102075087350589,0.0117869040419027,0.0110089181192728,0.0117869040419027,-4.440766190781898,0,1,-0.2991201055873296,0.2991201055873296,0.30990602226258934,-0.24582924939183312,-0.5557352716544225,0.5557352716544225,1,positive,neutral,0,0,1
2022-06-28,0.3,0.25,0.25,4,1332.T,3477,0.0097785447224618,0.0051768766177739,0.0046016681046879,179959839552.0,25.91599954934308,564.0,577.0,559.0,576.0,519.1514282226562,1798800.0,0.028571293825091,0.0147931078925211,0.0168173235402726,0.0178133479094171,0.0168173235402726,-4.0853457607449455,0,1,-0.2953983318953121,0.2953983318953121,0.30990602226258934,0.4311520932346641,0.12124607097207474,0.12124607097207474,1,positive,positive,0,1,0
2022-06-28,0.1,0.2142857142857142,0.0,7,2002.T,5898,0.0100033909799932,0.0101729399796541,-0.0001695489996609,485449415000.0,26.908340927694372,1576.0,1595.0,1567.0,1595.0,1450.0897216796875,715100.0,0.0120558429692949,0.0105260058962201,0.0162764067551456,0.0155720631986233,0.0162764067551456,-4.118038658054843,1,0,-0.1001695489996609,0.1001695489996609,-0.24819180112944975,-0.436720386006175,-0.18852858487672527,0.18852858487672527,1,neutral,neutral,0,0,1
2022-06-28,0.5,0.5,0.5,8,3289.T,7228,0.0102379634753735,0.0109297177642501,-0.0006917542888765,468447441994.0,26.872689748754464,721.0,733.0,719.0,731.0,650.625732421875,3273300.0,0.0324857856890059,0.0154779094742802,0.0165960121039124,0.0193854402613715,0.0165960121039124,-4.09859284718469,1,0,-0.5006917542888765,0.5006917542888765,0.8680038456546284,-0.5317082243527342,-1.3997120700073626,1.3997120700073626,1,positive,neutral,0,0,1
2022-06-28,0.5,0.5,0.5,3,4021.T,2326,0.0116079105760963,0.0017196904557179,0.0098882201203783,966400000000.0,27.59684366412696,6290.0,6450.0,6260.0,6400.0,5775.033203125,446000.0,0.009463581313321,0.0141809063089286,0.0176218098747582,0.0201749588222728,0.0176218098747582,-4.038617946680003,0,1,-0.4901117798796217,0.4901117798796217,0.8680038456546284,1.392762706239684,0.5247588605850555,0.5247588605850555,1,positive,positive,0,1,0
2022-06-28,0.5,0.4375,0.5,8,5020.T,6824,0.0098182883939038,0.0048358733880422,0.0049824150058616,1776513856464.9658,28.20567405224477,520.5999755859375,522.5,513.5,518.4000244140625,455.4805908203125,11991100.0,0.0200708456762628,0.0138793237958531,0.0158448764956819,0.0148066344786086,0.0158448764956819,-4.144909080399016,0,1,-0.4950175849941384,0.4950175849941384,0.8680038456546284,0.5004090039679236,-0.36759484168670475,0.36759484168670475,1,positive,positive,0,1,0
2022-06-28,0.25,0.0,0.0,4,5711.T,3430,0.0104956268221574,0.0160349854227405,-0.005539358600583,259165873485.0,26.280734131818967,1960.0,1986.0,1953.0,1971.0,1755.2928466796875,690000.0,0.0133676766122072,0.0138391251113519,0.0183647487144447,0.0202977190639059,0.0183647487144447,-3.997322282654937,1,0,-0.255539358600583,0.255539358600583,0.17038156641457958,-1.4134753459001217,-1.5838569123147013,1.5838569123147013,1,positive,negative,1,0,0
2022-06-28,0.6,0.6,0.6499999999999999,6,6113.T,4614,0.0117035110533159,0.0034677069787602,0.0082358040745557,384164840000.0,26.674337568257105,1015.0,1023.0,1009.0,1016.0,885.9342041015625,1114500.0,0.0,0.0133750288921424,0.0158564713662534,0.0182697714423373,0.0158564713662534,-4.144177573894053,0,1,-0.5917641959254443,0.5917641959254443,1.147052757350648,1.0921923530025015,-0.05486040434814643,0.05486040434814643,1,positive,positive,0,1,0
2022-06-28,0.6,0.4666666666666667,0.55,6,6305.T,4088,0.0141878669275929,0.0100293542074363,0.0041585127201565,660403166660.0,27.216116344044487,3015.0,3095.0,3015.0,3070.0,2690.532470703125,601400.0,0.0361120131564276,0.0165808415335328,0.0205657913287876,0.0264081198604782,0.0205657913287876,-3.884126198643632,0,1,-0.5958414872798434,0.5958414872798434,1.147052757350648,0.35054323519053077,-0.7965095221601172,0.7965095221601172,1,positive,positive,0,1,0
2022-06-28,0.3,0.27,0.3,10,6471.T,3876,0.0165118679050567,0.0100619195046439,0.0064499484004127,420617484000.0,26.76498966853791,760.0,764.0,756.0,763.0,659.962890625,2088900.0,0.0105960487725549,0.0174451104864621,0.0180324116204588,0.0226965840486999,0.0180324116204588,-4.015584494723714,0,1,-0.2935500515995873,0.2935500515995873,0.30990602226258934,0.767349664525356,0.4574436422627667,0.4574436422627667,1,positive,positive,0,1,0
2022-06-28,0.6,0.52,0.5,5,6473.T,4045,0.0155747836835599,0.0059332509270704,0.0096415327564894,365256304000.0,26.62386514683964,1056.0,1069.0,1055.0,1064.0,943.8884887695312,1165600.0,0.0172083902380371,0.0167064505168018,0.0186846617039675,0.0222545577272674,0.0186846617039675,-3.98005232142842,0,1,-0.5903584672435106,0.5903584672435106,1.147052757350648,1.3478908906393188,0.20083813328867084,0.20083813328867084,1,positive,positive,0,1,0
2022-06-28,0.5,0.3166666666666666,0.35,6,6504.T,4979,0.0070295240008033,0.0142598915444868,-0.0072303675436834,4344536880000.0,29.099940282083644,5740.0,5840.0,5680.0,5820.0,5435.29345703125,655000.0,0.013937277786679,0.0165451361639456,0.0207565419003984,0.0248473679163742,0.0207565419003984,-3.874893809684944,1,0,-0.5072303675436834,0.5072303675436834,0.8680038456546284,-1.721065650799332,-2.5890694964539605,2.5890694964539605,1,positive,negative,1,0,0
2022-06-28,0.2,0.1739130434782608,0.1,23,6758.T,16732,0.0093234520678938,0.0104590007171886,-0.0011355486492947,2938400640000.0,28.708886549257453,2300.0,2320.0,2291.0,2320.0,2267.5546875,14534500.0,0.0082574183349728,0.0220464142104092,0.0198908546806502,0.0264331899107153,0.0198908546806502,-3.9174952166699137,1,0,-0.2011355486492947,0.2011355486492947,0.030857110566569822,-0.61243331051538,-0.6432904210819498,0.6432904210819498,1,positive,neutral,0,0,1
2022-06-28,0.8,0.6,0.5,10,6971.T,9229,0.0086683280962184,0.0084516198938129,0.0002167082024054,700104847320.0,27.274495942659343,1849.25,1857.0,1839.5,1854.0,1686.5406494140625,2142400.0,0.0051503974399482,0.0113476611938496,0.0119865962479542,0.0145428779375832,0.0119865962479542,-4.423966232817627,0,1,-0.7997832917975947,0.7997832917975947,1.7051505807426872,-0.36646116529782236,-2.0716117460405097,2.0716117460405097,1,positive,neutral,0,0,1
2022-06-28,0.5,0.3833333333333333,0.5,6,7202.T,5960,0.0085570469798657,0.0070469798657718,0.0015100671140939,1344749930365.0,27.927229186316904,1575.0,1594.0,1569.0,1585.0,1346.8536376953125,1938700.0,0.0127793641462927,0.0183119088815027,0.0179951285371713,0.0231034366793457,0.0179951285371713,-4.017654194538543,0,1,-0.4984899328859061,0.4984899328859061,0.8680038456546284,-0.13120240832106717,-0.9992062539756956,0.9992062539756956,1,positive,neutral,0,0,1
2022-06-28,0.0,0.0,0.0,15,8308.T,14386,0.005560962046434,0.0102877797859029,-0.0047268177394689,1204125479058.838,27.81677467587221,509.0,519.0999755859375,509.0,518.0999755859375,472.3922119140625,10303400.0,0.0184783305989635,0.0101820237808269,0.0180439449798017,0.0186839324559264,0.0180439449798017,-4.014945108664661,0,0,-0.0047268177394689,0.0047268177394689,-0.5272407128254694,-1.265676191890376,-0.7384354790649067,0.7384354790649067,1,neutral,negative,0,0,1
2022-06-28,0.2,0.22,0.2,5,9532.T,4532,0.0094880847308031,0.0033097969991173,0.0061782877316857,1068367520000.0,27.697152917121084,2537.0,2569.0,2526.0,2564.0,2326.60791015625,1396400.0,0.018268336507524,0.0140337901902106,0.016183070408091,0.0146804583732672,0.016183070408091,-4.123789619712801,0,1,-0.19382171226831432,0.19382171226831432,0.030857110566569822,0.7179352671244427,0.6870781565578729,0.6870781565578729,1,positive,positive,0,1,0
2022-06-28,0.5,0.1875,0.5,8,9735.T,7914,0.0054334091483447,0.0113722517058377,-0.005938842557493,981452885287.0,27.61229984674662,4203.0,4211.0,4160.0,4207.0,3932.059814453125,941200.0,0.0122715411756195,0.008265530563171,0.0176352675849088,0.0152303767824765,0.0176352675849088,-4.037854541895839,1,0,-0.505938842557493,0.505938842557493,0.8680038456546284,-1.4861404802920186,-2.3541443259466472,2.3541443259466472,1,positive,negative,1,0,0
2022-06-29,0.1,0.08,0.1,5,1721.T,4845,0.0101135190918472,0.0078431372549019,0.0022703818369453,363216000000.0,26.618263535566687,2567.0,2578.0,2555.0,2576.0,2277.38916015625,501500.0,-0.0034816554224077,0.0111885334379753,0.0142504481053314,0.0139019037399678,0.0142504481053314,-4.250966926773724,0,1,-0.0977296181630547,0.0977296181630547,-0.24819180112944975,0.007096941528873627,0.25528874265832335,0.25528874265832335,1,neutral,neutral,0,0,1
2022-06-29,-0.1,-0.075,0.0,4,1801.T,3942,0.0053272450532724,0.0058346017250126,-0.0005073566717402,932968569660.0,27.561637349830825,4155.0,4170.0,4130.0,4155.0,3762.78759765625,1547000.0,0.0,0.0121900799208788,0.018034825882679,0.0165582502502783,0.018034825882679,-4.0154506190852715,0,1,0.0994926433282598,0.0994926433282598,-0.8062896245214889,-0.49816675817121875,0.30812286635027014,0.30812286635027014,1,neutral,neutral,0,0,1
2022-06-29,-0.2,-0.08,0.0,5,1803.T,4039,0.0111413716266402,0.0086655112651646,0.0024758603614756,585077842846.0,27.09501074001996,740.0,743.0,734.0,742.0,677.5634765625,2150200.0,0.0013494205429434,0.010804976607958,0.0180513415023861,0.0165561318734778,0.0180513415023861,-4.014535275503117,1,0,0.2024758603614756,0.2024758603614756,-1.0853385362175083,0.04447297213379418,1.1298115083513025,1.1298115083513025,1,negative,neutral,0,0,1
2022-06-29,0.5,0.3333333333333333,0.5,6,1808.T,5804,0.0058580289455547,0.0032736044107512,0.0025844245348035,476157530451.0,26.889014582752807,1583.0,1590.0,1575.0,1583.0,1353.4945068359375,1099100.0,-0.0044024988378678,0.0060524884800652,0.0156385163324412,0.0151246729630312,0.0156385163324412,-4.158018412019468,0,1,-0.4974155754651965,0.4974155754651965,0.8680038456546284,0.06422052421582762,-0.8037833214388008,0.8037833214388008,1,positive,neutral,0,0,1
2022-06-29,0.2,0.0642857142857143,0.1,14,1812.T,6684,0.0098743267504488,0.005834829443447,0.0040394973070017,1620859296000.0,28.1139775541744,1526.0,1540.0,1515.0,1533.0,1350.8516845703125,1482100.0,0.0052458897855351,0.0082200883559418,0.0128280745288159,0.0162031776719716,0.0128280745288159,-4.35611918731342,0,1,-0.1959605026929983,0.1959605026929983,0.030857110566569822,0.3288946286770305,0.2980375181104607,0.2980375181104607,1,positive,positive,0,1,0
2022-06-29,0.5,0.2727272727272727,0.5,11,1925.T,10429,0.0129446735065682,0.0045066641096941,0.0084380093968741,2115305650000.0,28.38022043335188,3164.0,3197.0,3143.0,3175.0,2815.16796875,3230400.0,0.0,0.0118123187120205,0.01436072889458,0.0151256456169279,0.01436072889458,-4.243257957974749,0,1,-0.4915619906031259,0.4915619906031259,0.8680038456546284,1.1289729962971047,0.2609691506424763,0.2609691506424763,1,positive,positive,0,1,0
2022-06-29,0.0,-0.1,0.0,10,1963.T,3976,0.0075452716297786,0.005533199195171,0.0020120724346076,469143172000.0,26.87417382959596,1815.0,1830.0,1786.0,1811.0,1668.302490234375,1624200.0,-0.0114628276894166,0.0331241401411896,0.0376284788922916,0.0341858364155784,0.0376284788922916,-3.2799940979338706,0,0,0.0020120724346076,0.0020120724346076,-0.5272407128254694,-0.03988889384921201,0.48735181897625734,0.48735181897625734,1,neutral,neutral,0,0,1
2022-06-29,0.14,0.1,0.1,7,2269.T,6495,0.0118552732871439,0.004464973056197,0.0073903002309468,509961220000.0,26.957600520557968,3325.0,3370.0,3300.0,3340.0,3022.423095703125,2189200.0,0.0030030514197816,0.0111727454252583,0.0108517854812954,0.0126773481766189,0.0108517854812954,-4.523425652046205,0,1,-0.1326096997690532,0.1326096997690532,-0.1365722364510419,0.9383973147738509,1.074969551224893,1.074969551224893,1,positive,positive,0,1,0
2022-06-29,0.8,0.8,0.8,4,2413.T,3436,0.0180442374854481,0.0040745052386495,0.0139697322467986,1274858592000.0,27.87385638015287,3820.0,3941.0,3796.0,3936.0,3828.9091796875,3383000.0,0.0033137759203214,0.0315797799026144,0.033871666568211,0.0330535828653084,0.033871666568211,-3.385176408514703,0,1,-0.7860302677532014,0.7860302677532014,1.7051505807426872,2.135179571944519,0.4300289912018316,0.4300289912018316,1,positive,positive,0,1,0
2022-06-29,0.5,0.45,0.45,6,3861.T,3688,0.0143709327548806,0.0070498915401301,0.0073210412147505,595442126579.0,27.112570036432977,589.0,595.0,586.0,587.0,522.8692626953125,2771300.0,-0.0101182585770516,0.0093811912481712,0.016435683923962,0.0160648641851372,0.016435683923962,-4.108300458861267,0,1,-0.4926789587852495,0.4926789587852495,0.8680038456546284,0.9257992726429912,0.05779542698836282,0.05779542698836282,1,positive,positive,0,1,0
2022-06-29,0.5,0.5,0.5,7,4208.T,6608,0.0121065375302663,0.0039346246973365,0.0081719128329297,216329400000.0,26.10006808299892,2047.0,2052.0,2037.0,2037.0,1745.8203125,582000.0,-0.0077934821580208,0.01106240055918,0.0135878795988269,0.0153570226353542,0.0135878795988269,-4.298577089568885,0,1,-0.49182808716707027,0.49182808716707027,0.8680038456546284,1.0805706956645467,0.21256685000991826,0.21256685000991826,1,positive,positive,0,1,0
2022-06-29,0.1,0.0777777777777777,0.1,18,4502.T,18454,0.0094830389075539,0.0134930096456052,-0.0040099707380513,3019019712000.0,28.73595329594628,3797.0,3804.0,3771.0,3799.0,3254.99462890625,8868200.0,-0.0007890287826127,0.0104410879418455,0.0105865991513606,0.0111953380326225,0.0105865991513606,-4.548166308682019,1,0,-0.10400997073805131,0.10400997073805131,-0.24819180112944975,-1.1352835120457299,-0.8870917109162801,0.8870917109162801,1,neutral,negative,0,0,1
2022-06-29,0.5,0.5,0.5,4,4661.T,3518,0.0034110289937464,0.0102330869812393,-0.0068220579874928,1368929762240.0,27.94505035503116,3715.0,3775.0,3682.0,3764.0,3724.27197265625,5742500.0,0.0072250647449656,0.0158485056370011,0.0236998541066657,0.0233573673895096,0.0236998541066657,-3.742286386696889,1,0,-0.5068220579874928,0.5068220579874928,0.8680038456546284,-1.6467951619326915,-2.51479900758732,2.51479900758732,1,positive,negative,1,0,0
2022-06-29,0.4,0.32,0.3,10,5706.T,4781,0.006902321690023,0.006902321690023,0.0,185925520000.0,25.94861200035854,3245.0,3280.0,3225.0,3245.0,2871.393310546875,464100.0,0.0030912627413841,0.0151475740261998,0.0210140873831971,0.019654047613866,0.0210140873831971,-3.862562238391797,0,0,-0.4,0.4,0.588954933958609,-0.405879846271693,-0.9948347802303019,0.9948347802303019,1,positive,neutral,0,0,1
2022-06-29,0.5,0.5,0.5,2,5803.T,1745,0.0091690544412607,0.0131805157593123,-0.0040114613180515,231364866000.0,26.167261807853315,794.0,802.0,780.0,782.0,713.7161865234375,1721800.0,-0.0200501475766753,0.0170703359589117,0.0383394351085521,0.0347547745182413,0.0383394351085521,-3.261276275209433,1,0,-0.5040114613180515,0.5040114613180515,0.8680038456546284,-1.1355546448263156,-2.003558490480944,2.003558490480944,1,positive,negative,1,0,0
2022-06-29,0.8,0.5,0.5,3,6146.T,2501,0.0079968012794882,0.0051979208316673,0.0027988804478208,396394554971.6797,26.70567590311133,11083.3330078125,11166.6669921875,10900.0,11033.3330078125,10554.8408203125,865200.0,-0.0178041316512291,0.0187037741425024,0.0219948884949773,0.0242463146117563,0.0219948884949773,-3.8169451937566,0,1,-0.7972011195521792,0.7972011195521792,1.7051505807426872,0.10322951937317218,-1.601921061369515,1.601921061369515,1,positive,neutral,0,0,1
2022-06-29,0.5,0.45,0.5,4,6273.T,3938,0.0083798882681564,0.0060944641950228,0.0022854240731335,4133088150000.0,29.050045979563627,62100.0,63030.0,61010.0,61350.0,58115.81640625,361400.0,-0.0353774805187429,0.0225102703503688,0.0206450564547807,0.0229838837444482,0.0206450564547807,-3.8802793850980186,0,1,-0.4977145759268665,0.4977145759268665,0.8680038456546284,0.009833086736368037,-0.8581707589182603,0.8581707589182603,1,positive,neutral,0,0,1
2022-06-29,0.5,0.375,0.5,4,6302.T,3247,0.0110871573760394,0.0110871573760394,0.0,373016675000.0,26.644888960684817,3060.0,3060.0,3000.0,3035.0,2643.506103515625,307300.0,-0.0065464726063091,0.013501159687388,0.0159225808024194,0.0165344577835395,0.0159225808024194,-4.140017000999684,0,0,-0.5,0.5,0.8680038456546284,-0.405879846271693,-1.2738836919263214,1.2738836919263214,1,positive,neutral,0,0,1
2022-06-29,0.8,0.7666666666666666,0.75,6,6367.T,5404,0.0138786084381939,0.0086972612879348,0.005181347150259,6407450180000.0,29.488482519891047,21760.0,21920.0,21435.0,21860.0,20806.255859375,1829400.0,-0.0097394617523501,0.022693802712262,0.0230503179889662,0.0220895169454416,0.0230503179889662,-3.7700757140178833,0,1,-0.7948186528497411,0.7948186528497411,1.7051505807426872,0.5365942643706636,-1.1685563163720236,1.1685563163720236,1,positive,positive,0,1,0
2022-06-29,0.8,0.625,0.5,4,6479.T,3290,0.0142857142857142,0.0054711246200607,0.0088145896656534,1011326875008.0,27.64228432221517,2389.0,2390.0,2354.0,2368.0,2233.05615234375,1490000.0,-0.0190554204959183,0.0223218291943229,0.0203070258790114,0.02240332035764,0.0203070258790114,-3.896788350399665,0,1,-0.7911854103343466,0.7911854103343466,1.7051505807426872,1.197472007000429,-0.5076785737422582,0.5076785737422582,1,positive,positive,0,1,0
2022-06-29,0.2,0.1428571428571428,0.0,7,6503.T,6455,0.0096049573973663,0.0117738187451587,-0.0021688613477924,3146723065500.0,28.77738273061528,1467.0,1488.0,1465.0,1465.5,1360.1719970703125,4314000.0,-0.0091277394423135,0.0155445610009932,0.0164703776035069,0.0171722324781127,0.0164703776035069,-4.106191808309385,1,0,-0.2021688613477924,0.2021688613477924,0.030857110566569822,-0.8003903105560726,-0.8312474211226424,0.8312474211226424,1,positive,neutral,0,0,1
2022-06-29,0.0,0.0,0.0,4,6674.T,3054,0.0075311067452521,0.0098231827111984,-0.0022920759659462,893319840000.0,27.51821051719152,2143.0,2170.0,2126.0,2160.0,1989.6158447265625,213200.0,-0.003690255018811,0.0194352828476599,0.0185587515021709,0.0230996041815379,0.0185587515021709,-3.9868138220886884,0,0,-0.0022920759659462,0.0022920759659462,-0.5272407128254694,-0.8228027419749625,-0.29556202914949314,0.29556202914949314,1,neutral,neutral,0,0,1
2022-06-29,0.5,0.5,0.5,4,6724.T,3511,0.0150954144118484,0.0068356593563087,0.0082597550555397,779287817100.0,27.38164628454143,2009.0,2020.0,1945.0,1950.0,1739.466064453125,2465500.0,-0.0346534059858008,0.022466425748372,0.0181725140536084,0.0192368501022287,0.0181725140536084,-4.007845043260981,0,1,-0.4917402449444603,0.4917402449444603,0.8680038456546284,1.0965489766463699,0.22854513099174145,0.22854513099174145,1,positive,positive,0,1,0
2022-06-29,0.3,0.3,0.3,3,6952.T,3104,0.0109536082474226,0.0083762886597938,0.0025773195876288,326625372554.0,26.51207970140345,1266.0,1266.0,1249.0,1261.0,1112.4654541015625,1169400.0,-0.0078675446365147,0.0171222277943181,0.0252063870359681,0.02291992922357,0.0252063870359681,-3.6806578627704916,0,1,-0.2974226804123712,0.2974226804123712,0.30990602226258934,0.06292815206328777,-0.24697787019930156,0.24697787019930156,1,positive,neutral,0,0,1
2022-06-29,0.5,0.4333333333333333,0.4,6,6981.T,5294,0.0092557612391386,0.0105780128447298,-0.0013222516055912,576543561000.7324,27.08031673494704,2579.666748046875,2592.333251953125,2532.0,2559.333251953125,2382.862060546875,10482600.0,-0.0262522325396988,0.0184408488270586,0.0180343950811923,0.0196697484351149,0.0180343950811923,-4.015474506570235,1,0,-0.5013222516055912,0.5013222516055912,0.8680038456546284,-0.64639411213452,-1.5143979577891484,1.5143979577891484,1,positive,neutral,0,0,1
2022-06-29,0.3,0.32,0.3,5,7011.T,4103,0.0134048257372654,0.0073117231294174,0.0060931026078479,165105939540.89355,25.829853162639647,486.5,500.7000122070313,485.7999877929688,489.3999938964844,461.4528198242188,44248000.0,0.003897376628607,0.0188045525381796,0.0179241697851227,0.0185097809055246,0.0179241697851227,-4.0216052096012795,0,1,-0.2939068973921521,0.2939068973921521,0.30990602226258934,0.7024403057754476,0.39253428351285824,0.39253428351285824,1,positive,positive,0,1,0
2022-06-29,0.2,0.2,0.2,2,7269.T,1597,0.0137758296806512,0.0093926111458985,0.0043832185347526,523425294600.0,26.98366015334893,1070.25,1073.5,1059.25,1066.0,991.1068725585938,10951600.0,-0.0099837526396854,0.0156536898699184,0.017999480373015,0.0229423069213412,0.017999480373015,-4.0174123896684995,0,1,-0.1956167814652474,0.1956167814652474,0.030857110566569822,0.3914166618546831,0.3605595512881133,0.3605595512881133,1,positive,positive,0,1,0
2022-06-29,0.8,0.725,0.75,4,7731.T,3739,0.011767852366943,0.0112329499866274,0.0005349023803155,652631012000.0,27.204277740663045,1641.0,1645.0,1622.0,1628.0,1456.434814453125,1751500.0,-0.0091296893251374,0.0211807467296692,0.0203045737127973,0.023026893707174,0.0203045737127973,-3.8969091122628634,0,1,-0.7994650976196845,0.7994650976196845,1.7051505807426872,-0.308582438754204,-2.0137330194968914,2.0137330194968914,1,positive,neutral,0,0,1
2022-06-29,0.8,0.5,0.5,5,7911.T,4395,0.0109215017064846,0.0081911262798634,0.0027303754266211,1608647600000.0,28.106414941927227,2319.0,2323.0,2283.0,2300.0,2182.32763671875,1734900.0,-0.0120275630040336,0.013110383622373,0.0168760107300093,0.0166252352880312,0.0168760107300093,-4.081862148905522,0,1,-0.7972696245733789,0.7972696245733789,1.7051505807426872,0.09076862704973548,-1.6143819536929518,1.6143819536929518,1,positive,neutral,0,0,1
2022-06-29,0.4,0.44,0.4,5,7912.T,4821,0.009126737191454,0.0053930719767683,0.0037336652146857,480847920000.0,26.89881688242226,1488.5,1495.0,1475.5,1483.0,1399.3179931640625,1659000.0,-0.0050316877154292,0.0115003232942626,0.0145378587701012,0.0160010172875004,0.0145378587701012,-4.230999082501121,0,1,-0.3962663347853143,0.3962663347853143,0.588954933958609,0.27326453463922706,-0.3156903993193819,0.3156903993193819,1,positive,neutral,0,0,1
2022-06-29,0.5,0.5,0.6,3,8252.T,2974,0.0161398789509078,0.0043712172158708,0.0117686617350369,552139565371.0,27.037066687082948,2366.0,2385.0,2349.0,2363.0,2077.66552734375,654600.0,-0.0079765274880529,0.0164029232891484,0.0193654439275204,0.01872906862232,0.0193654439275204,-3.944265042058172,0,1,-0.4882313382649631,0.4882313382649631,0.8680038456546284,1.7348103411490048,0.8668064954943764,0.8668064954943764,1,positive,positive,0,1,0
2022-06-29,0.5,0.4071428571428571,0.3,14,8331.T,11012,0.0050853614239011,0.003723211042499,0.0013621503814021,643082103000.0,27.18953824043549,745.0,749.0,736.0,743.0,667.4845581054688,6819400.0,0.0081412251919821,0.0127720112977273,0.017350439090872,0.0193812030962786,0.017350439090872,-4.054137465078267,0,1,-0.4986378496185979,0.4986378496185979,0.8680038456546284,-0.15810809270198323,-1.0261119383566117,1.0261119383566117,1,positive,neutral,0,0,1
2022-06-29,0.5,0.2625,0.25,8,8354.T,7823,0.0054966125527291,0.0060079253483318,-0.0005113127956027,2099536362000.0,28.372737656282432,2445.0,2472.0,2433.0,2442.0,2157.018310546875,1374100.0,0.0049380480503673,0.0141471923565157,0.0162296740094008,0.0184544694825833,0.0162296740094008,-4.120913983338146,1,0,-0.5005113127956027,0.5005113127956027,0.8680038456546284,-0.4988863672247666,-1.366890212879395,1.366890212879395,1,positive,neutral,0,0,1
2022-06-29,0.1,0.0285714285714285,0.0,14,8601.T,13226,0.0096779071525782,0.010812036897021,-0.0011341297444427,1030672757000.0,27.661232867088465,613.2999877929688,613.4000244140625,602.0,606.5,517.7168579101562,18295100.0,-0.0200355950619793,0.0096076226951541,0.0150751310012616,0.0155637055496918,0.0150751310012616,-4.194708846439044,1,0,-0.1011341297444427,0.1011341297444427,-0.24819180112944975,-0.6121752152653043,-0.36398341413585455,0.36398341413585455,1,neutral,neutral,0,0,1
2022-06-29,0.5,0.45,0.45,8,8801.T,6320,0.0104430379746835,0.0069620253164556,0.0034810126582278,996711574496.0938,27.62772727167079,995.0,1007.6666870117188,989.8333129882812,1005.3333129882812,930.5918579101562,18125100.0,0.0110626046046573,0.0152162282181164,0.0153102638777523,0.0166051462695211,0.0153102638777523,-4.17923183381429,0,1,-0.4965189873417722,0.4965189873417722,0.8680038456546284,0.2273076654035353,-0.6406961802510931,0.6406961802510931,1,positive,neutral,0,0,1
2022-06-29,0.8,0.8333333333333334,1.0,6,8802.T,4951,0.0153504342557059,0.0068672995354473,0.0084831347202585,2819370516000.0,28.6675347546844,2013.0,2032.0,2007.0,2027.0,1901.400634765625,8453400.0,0.0067046539752759,0.0187297049986178,0.0154088361275189,0.0148819859907571,0.0154088361275189,-4.172814159593997,0,1,-0.7915168652797415,0.7915168652797415,1.7051505807426872,1.137181179958768,-0.5679694007839191,0.5679694007839191,1,positive,positive,0,1,0
2022-06-29,0.2,0.2,0.2,6,9005.T,5831,0.0138912707940318,0.0097753387069113,0.0041159320871205,999790400000.0,27.6308114939594,1590.0,1609.0,1580.0,1600.0,1538.64599609375,1604900.0,0.0056565943469162,0.0154237039299298,0.0147171118997236,0.0156217601757663,0.0147171118997236,-4.2187443873960575,0,1,-0.19588406791287952,0.19588406791287952,0.030857110566569822,0.3427979243500505,0.3119408137834807,0.3119408137834807,1,positive,positive,0,1,0
2022-06-29,0.2,0.2,0.2,5,9007.T,4184,0.0131453154875717,0.0081261950286806,0.005019120458891,674349510000.0,27.237014374283373,1791.0,1834.0,1789.0,1830.0,1713.704345703125,1990800.0,0.0144123833658134,0.0153818049114429,0.0184813990340527,0.0190428871278222,0.0184813990340527,-3.990990510328219,0,1,-0.19498087954110901,0.19498087954110901,0.030857110566569822,0.5070856342334482,0.4762285236668784,0.4762285236668784,1,positive,positive,0,1,0
2022-06-29,0.1,0.0714285714285714,0.1,7,9008.T,6337,0.0110462363894587,0.0072589553416443,0.0037872810478144,616401229850.0,27.147163935604528,4670.0,4820.0,4655.0,4795.0,4513.78759765625,865400.0,0.0223881108734005,0.017485471077185,0.0179795360074934,0.0191091570682883,0.0179795360074934,-4.018521056306494,0,1,-0.09621271895218561,0.09621271895218561,-0.24819180112944975,0.28301712082558106,0.5312089219550308,0.5312089219550308,1,neutral,neutral,0,0,1
2022-06-29,0.1,0.06,0.1,5,9009.T,4695,0.0106496272630457,0.0059637912673056,0.0046858359957401,216375805000.0,26.1002825708287,1223.3333740234375,1255.0,1218.3333740234375,1255.0,1214.9127197265625,3724500.0,0.0244898043214092,0.017201563352535,0.0188524393410411,0.0203000550046819,0.0188524393410411,-3.9711129654478214,0,1,-0.0953141640042599,0.0953141640042599,-0.24819180112944975,0.4464620224796289,0.6946538236090787,0.6946538236090787,1,neutral,positive,0,0,1
2022-06-29,-0.4,-0.1333333333333333,0.0,6,9501.T,5886,0.0054366292898402,0.0045871559633027,0.0008494733265375,930462843000.0,27.55894797993693,549.0,584.0,546.0,579.0,579.0,94752000.0,0.0527272727272727,0.0230695183169495,0.0392848707874975,0.0333283987087047,0.0392848707874975,-3.2369158014650816,1,0,0.40084947332653753,0.40084947332653753,-1.6434363596095478,-0.2513627690087239,1.392073590600824,1.392073590600824,1,negative,neutral,0,0,1
2022-06-29,-0.4,-0.32,-0.4,5,9502.T,5117,0.0074262263044752,0.0052765292163376,0.0021496970881375,1035428000000.0,27.66583598373738,1377.0,1383.0,1361.0,1366.0,1216.6212158203125,3614800.0,0.0,0.0098407102835201,0.0164369097555157,0.0158874205296207,0.0164369097555157,-4.108225878098567,1,0,0.4021496970881375,0.4021496970881375,-1.6434363596095478,-0.014855312972167124,1.6285810466373807,1.6285810466373807,1,negative,neutral,0,0,1
2022-06-29,-0.2,-0.06,0.0,5,9503.T,4002,0.0077461269365317,0.0049975012493753,0.0027486256871564,1257902220000.0,27.86046654463585,1341.0,1358.0,1331.0,1340.0,1206.55029296875,4330400.0,-0.0007455945472016,0.0118657594904474,0.0154739177580454,0.0140100982876758,0.0154739177580454,-4.168599397716782,1,0,0.2027486256871564,0.2027486256871564,-1.0853385362175083,0.09408830387666617,1.1794268400941745,1.1794268400941745,1,negative,neutral,0,0,1
2022-06-29,0.5,0.3142857142857143,0.3,7,9531.T,6740,0.0097922848664688,0.0071216617210682,0.0026706231454005,1270236429000.0,27.870224163639502,2759.0,2799.0,2746.0,2773.0,2571.99072265625,1598700.0,0.0102005101789346,0.014904340649569,0.0167186960183658,0.0150007743666238,0.0167186960183658,-4.0912276636990965,0,1,-0.4973293768545995,0.4973293768545995,0.8680038456546284,0.07989983627600354,-0.7881040093786249,0.7881040093786249,1,positive,neutral,0,0,1
2022-06-29,0.8,0.76,0.8,5,9766.T,4422,0.010854816824966,0.0031659882406151,0.0076888285843509,1102080000000.0,27.728220419305668,7620.0,7700.0,7520.0,7680.0,7327.57470703125,810600.0,-0.0038909449488937,0.0150865603516128,0.0204906479320987,0.0242027826314413,0.0204906479320987,-3.8877866953621485,0,1,-0.7923111714156491,0.7923111714156491,1.7051505807426872,0.9926988769384305,-0.7124517038042567,0.7124517038042567,1,positive,positive,0,1,0
2022-06-30,0.8,0.8,0.8,3,4063.T,2018,0.0064420218037661,0.0049554013875123,0.0014866204162537,1322244360000.0,27.9103516814268,3060.0,3093.0,3050.0,3060.0,2827.91650390625,10576000.0,-0.0198589657192738,0.0163537165796072,0.0154166433175099,0.0216734992821908,0.0154166433175099,-4.172307618232858,0,1,-0.7985133795837464,0.7985133795837464,1.7051505807426872,-0.1354673041200946,-1.8406178848627819,1.8406178848627819,1,positive,neutral,0,0,1
2022-06-30,0.5,0.4,0.4,8,4901.T,7130,0.0064516129032258,0.0077138849929873,-0.0012622720897615,1248482676000.0,27.852950070718947,2455.0,2496.666748046875,2415.666748046875,2426.0,2274.169677734375,6781500.0,-0.0010978809439373,0.0195966419372047,0.0164383402260736,0.0180223666522549,0.0164383402260736,-4.108138853935429,1,0,-0.5012622720897615,0.5012622720897615,0.8680038456546284,-0.6354839879527172,-1.5034878336073456,1.5034878336073456,1,positive,neutral,0,0,1
2022-06-30,-0.2,-0.2,-0.15,4,5233.T,3727,0.0075127448349879,0.0093909310437349,-0.0018781862087469,257458500000.0,26.274124379013177,2015.0,2031.0,2003.0,2025.0,1853.7681884765625,520200.0,-0.0049140092609544,0.0205771206968933,0.0163248479281274,0.01906442910933,0.0163248479281274,-4.115066919138534,0,1,0.1981218137912531,0.1981218137912531,-1.0853385362175083,-0.7475172284766259,0.33782130774088237,0.33782130774088237,1,negative,neutral,0,0,1
2022-06-30,0.5,0.3333333333333333,0.5,3,6954.T,2821,0.0074441687344913,0.0085076214108472,-0.0010634526763559,866842704216.0,27.48812337191098,4340.0,4343.0,4216.0,4248.0,3924.810546875,6817500.0,-0.0349839409345742,0.0198703748187353,0.0217787508328182,0.0222729399829836,0.0217787508328182,-3.826820516987215,1,0,-0.5010634526763559,0.5010634526763559,0.8680038456546284,-0.5993192330359364,-1.4673230786905647,1.4673230786905647,1,positive,neutral,0,0,1
2022-06-30,0.5,0.5,0.5,3,6976.T,2238,0.0098302055406613,0.0031277926720285,0.0067024128686327,555419230950.0,27.04298903662478,4800.0,4805.0,4605.0,4610.0,4203.13525390625,2396400.0,-0.0465354474615508,0.0258666991778928,0.0248603308470298,0.0272899162939861,0.0248603308470298,-3.6944818845798495,0,1,-0.4932975871313673,0.4932975871313673,0.8680038456546284,0.8132723209801636,-0.05473152467446485,0.05473152467446485,1,positive,positive,0,1,0
2022-06-30,0.3,0.3,0.3,5,7201.T,4181,0.0119588615163836,0.0076536713704855,0.0043051901458981,2229381714522.4,28.432745404895748,546.5,547.0,527.0999755859375,528.2000122070312,500.8134765625,22214400.0,-0.0377118605804013,0.0250118147434154,0.0224557440881782,0.0261763227039664,0.0224557440881782,-3.7962088361320325,0,1,-0.2956948098541019,0.2956948098541019,0.30990602226258934,0.3772234927313163,0.06731747046872694,0.06731747046872694,1,positive,positive,0,1,0
2022-06-30,0.1,0.0333333333333333,0.1,3,7974.T,2795,0.0053667262969588,0.004293381037567,0.0010733452593917,831313692000.0,27.44627304793605,5929.0,5929.0,5850.0,5868.0,5424.228515625,4790000.0,-0.0049178938708792,0.0165049718736125,0.0170384911923222,0.0168139688019971,0.0170384911923222,-4.072280306552826,0,1,-0.0989266547406083,0.0989266547406083,-0.24819180112944975,-0.21064102335151572,0.03755077777793403,0.03755077777793403,1,neutral,neutral,0,0,1
2022-06-30,0.5,0.5,0.5,4,8830.T,3979,0.0145765267655189,0.0035184719778838,0.011058054787635,852908029587.0,27.4719175586802,1827.0,1831.5,1785.5,1791.5,1705.251708984375,2516000.0,-0.0263587509749884,0.0226429146752368,0.0191702410748934,0.0194299105373244,0.0191702410748934,-3.9543961463701978,0,1,-0.488941945212365,0.488941945212365,0.8680038456546284,1.605552711550608,0.7375488658959797,0.7375488658959797,1,positive,positive,0,1,0
2022-09-28,0.0,0.0,0.0,3,4385.T,2968,0.0104447439353099,0.0064016172506738,0.0040431266846361,272168180942.0,26.32968602445289,2096.0,2109.0,1990.0,2011.0,2011.0,12528200.0,-0.0509674374705049,0.0378989626939444,0.0363689722715976,0.0416150005176488,0.0363689722715976,-3.314039277968481,0,0,0.0040431266846361,0.0040431266846361,-0.5272407128254694,0.32955480340745663,0.8567955162329259,0.8567955162329259,1,neutral,positive,0,0,1
2022-09-29,0.5,0.3333333333333333,0.3,3,6920.T,2603,0.009220130618517,0.0038417210910487,0.0053784095274683,725298132000.0,27.30984862382645,15880.0,15920.0,15285.0,15385.0,14812.9375,6130500.0,-0.0191266592245444,0.0206682350434046,0.0301861548690352,0.0330054232845936,0.0301861548690352,-3.500371907765939,0,1,-0.4946215904725317,0.4946215904725317,0.8680038456546284,0.5724394187900349,-0.2955644268645935,0.2955644268645935,1,positive,positive,0,1,0
2022-11-24,-0.2,-0.1333333333333333,-0.2,3,7453.T,2398,0.0158465387823186,0.0095913261050875,0.006255212677231,21086578000.0,23.771902561278168,744.0,754.0,740.0,751.0,710.8973999023438,8420800.0,0.0224640508732649,0.0248920322260238,0.0200400493402302,0.0228854585256119,0.0200400493402302,-3.910022540681169,1,0,0.20625521267723101,0.20625521267723101,-1.0853385362175083,0.7319277226647736,1.8172662588822819,1.8172662588822819,1,negative,positive,1,0,0
2022-11-25,0.8,0.8,1.0,5,9983.T,5532,0.0155459146782357,0.0054229934924078,0.0101229211858279,2824741459280.0,28.66943795749991,26883.333984375,26893.333984375,26566.666015625,26630.0,25758.265625,1285500.0,-0.008439692871327,0.0228220761156864,0.0194325008020977,0.0199639490788501,0.0194325008020977,-3.9408083155838063,0,1,-0.7898770788141721,0.7898770788141721,1.7051505807426872,1.4354542440794844,-0.2696963366632028,0.2696963366632028,1,positive,positive,0,1,0
2022-11-29,0.8,0.7,0.5,5,3697.T,4673,0.0104857693130751,0.0034239246736571,0.0070618446394179,27959418074.95117,24.054019941325446,1868.6666259765625,1943.3333740234373,1864.6666259765625,1922.6666259765625,1922.6666259765625,4440000.0,0.0126404497090981,0.048225727186833,0.0340373627523085,0.0357272292238265,0.0340373627523085,-3.3802964532398634,0,1,-0.7929381553605821,0.7929381553605821,1.7051505807426872,0.8786520627120904,-0.8264985180305968,0.8264985180305968,1,positive,positive,0,1,0
2022-12-09,0.0,0.0333333333333333,0.1,3,4751.T,2025,0.0133333333333333,0.0064197530864197,0.0069135802469135,153734745600.0,25.75849452310109,1200.0,1222.0,1200.0,1216.0,1163.592041015625,2657100.0,0.0184253965676213,0.0328111193277662,0.0229029200423034,0.0230432182429648,0.0229029200423034,-3.776490863786664,0,0,0.0069135802469135,0.0069135802469135,-0.5272407128254694,0.8516831398792457,1.3789238527047152,1.3789238527047152,1,neutral,positive,0,0,1
2023-03-09,0.5,0.4833333333333333,0.5,6,4151.T,5909,0.0170925706549331,0.0069385682856659,0.0101540023692672,1681602529935.0,28.15076834154882,2910.0,2923.0,2903.0,2917.0,2720.693115234375,593500.0,0.0041307011027817,0.0167303766962848,0.0138643796921858,0.015037568718988,0.0138643796921858,-4.278432340029118,0,1,-0.4898459976307328,0.4898459976307328,0.8680038456546284,1.44110783374838,0.5731039880937516,0.5731039880937516,1,positive,positive,0,1,0
2023-03-23,0.2,0.0571428571428571,0.0,7,7272.T,6161,0.0089271222204187,0.0116864145430936,-0.0027592923226748,373824804238.0371,26.64705308674344,1061.6666259765625,1070.0,1056.6666259765625,1068.3333740234375,964.2525634765624,3063000.0,0.0031297814473949,0.0095053944200037,0.0143029376728808,0.0189106681826588,0.0143029376728808,-4.247290331144486,1,0,-0.2027592923226748,0.2027592923226748,0.030857110566569822,-0.9077882307900359,-0.9386453413566057,0.9386453413566057,1,positive,neutral,0,0,1
2023-03-24,0.5,0.3333333333333333,0.5,6,2914.T,5213,0.0168808747362363,0.0038365624400537,0.0130443122961826,5446000000000.0,29.325902510180114,2716.0,2726.5,2711.0,2723.0,2344.084228515625,3354300.0,-0.0001836900519861,0.0090170667107258,0.0082005871278731,0.0126474583687782,0.0082005871278731,-4.803549526315022,0,1,-0.4869556877038174,0.4869556877038174,0.8680038456546284,1.9668479933735075,1.098844147718879,1.098844147718879,1,positive,positive,0,1,0
2023-03-24,-0.2,-0.2,-0.2,5,4452.T,4551,0.010107668644254,0.004834102395078,0.005273566249176,2488460400000.0,28.54268532191768,5083.0,5105.0,5053.0,5092.0,4727.39892578125,997100.0,0.0001964914397605,0.0092899589057204,0.0085949404100143,0.0135744663918493,0.0085949404100143,-4.756581573270335,1,0,0.205273566249176,0.205273566249176,-1.0853385362175083,0.5533686882252193,1.6387072244427277,1.6387072244427277,1,negative,positive,1,0,0
2023-03-24,0.1,0.0727272727272727,0.1,11,4911.T,10397,0.0108685197653169,0.0099067038568817,0.0009618159084351,2396000000000.0,28.50482179618175,5994.0,6017.0,5947.0,5990.0,5766.6748046875,875800.0,-0.0016664604090123,0.0142516083806161,0.0165127801885123,0.0206726541765807,0.0165127801885123,-4.103620641010443,0,1,-0.09903818409156491,0.09903818409156491,-0.24819180112944975,-0.23092793384121074,0.017263867288239004,0.017263867288239004,1,neutral,neutral,0,0,1
2023-03-24,0.0,0.0,0.0,3,6326.T,2677,0.0108330220395965,0.0048561822936122,0.0059768397459843,2354181960000.0,28.487214419995084,1930.0,1933.0,1909.5,1910.0,1773.1993408203125,2475200.0,-0.014702092865812,0.0112999151594132,0.0127242781955942,0.0155425576005292,0.0127242781955942,-4.364243441486859,0,0,0.0059768397459843,0.0059768397459843,-0.5272407128254694,0.6812923814696704,1.2085330942951398,1.2085330942951398,1,neutral,positive,0,0,1
2023-03-27,0.2,0.08,0.15,10,3659.T,3736,0.0165952890792291,0.0088329764453961,0.0077623126338329,2776733190000.0,28.6522962411354,3030.0,3120.0,3020.0,3105.0,3026.47119140625,1376300.0,0.0367278927841416,0.0127013928181755,0.0168534741484117,0.0191208122994743,0.0168534741484117,-4.083198462521489,0,1,-0.19223768736616711,0.19223768736616711,0.030857110566569822,1.0060654420755466,0.9752083315089768,0.9752083315089768,1,positive,positive,0,1,0
2023-03-28,0.0,0.0,0.0,3,4704.T,2552,0.0097962382445141,0.0121473354231974,-0.0023510971786833,912395276000.0,27.539339149789537,6480.0,6560.0,6480.0,6500.0,5622.1689453125,374600.0,0.0015408183786214,0.0134794710306639,0.0130495353477184,0.0146057377498604,0.0130495353477184,-4.339002751386147,0,0,-0.0023510971786833,0.0023510971786833,-0.5272407128254694,-0.833538553216765,-0.3062978403912956,0.3062978403912956,1,neutral,neutral,0,0,1
2023-03-28,0.2,0.08,0.1,5,5108.T,4176,0.0162835249042145,0.0067049808429118,0.0095785440613026,1989132032000.0,28.318719494693283,2621.0,2631.5,2608.5,2612.0,2350.03271484375,1884000.0,0.0013415393040014,0.010734430390415,0.0092735097296012,0.0128403451652092,0.0092735097296012,-4.680593359452197,0,1,-0.19042145593869741,0.19042145593869741,0.030857110566569822,1.336433404245315,1.3055762936787452,1.3055762936787452,1,positive,positive,0,1,0
2023-03-29,0.5,0.5,0.5,5,1605.T,4731,0.0050729232720355,0.0038046924540266,0.0012682308180088,2060413952400.0,28.35392802630973,1385.0,1411.0,1382.0,1409.0,1245.79541015625,8429900.0,0.0292184285916128,0.0200304823190304,0.0175964398852776,0.019118937507936,0.0175964398852776,-4.040058676644827,0,1,-0.4987317691819912,0.4987317691819912,0.8680038456546284,-0.17519182679932008,-1.0431956724539484,1.0431956724539484,1,positive,neutral,0,0,1
2023-03-29,0.5,0.5,0.5,7,2502.T,6697,0.0220994475138121,0.0053755412871434,0.0167239062266686,788082335322.876,27.39286840779631,1623.3333740234375,1629.6666259765625,1606.6666259765625,1629.6666259765625,1505.8541259765625,5179500.0,0.0132642302680558,0.0124012566872571,0.0113623375573983,0.013858852021462,0.0113623375573983,-4.4774511159593215,0,1,-0.4832760937733314,0.4832760937733314,0.8680038456546284,2.636156942685359,1.7681530970307304,1.7681530970307304,1,positive,positive,0,1,0
2023-03-29,0.2,0.075,0.05,4,3405.T,3000,0.0083333333333333,0.0063333333333333,0.002,426545326000.0,26.778984472557337,1198.0,1203.0,1190.0,1202.0,1095.0518798828125,1470100.0,0.0143461101692701,0.0107996420758757,0.0130539843727013,0.0150287997817277,0.0130539843727013,-4.338661875897046,0,1,-0.198,0.198,0.030857110566569822,-0.0420848395637386,-0.07294195013030842,0.07294195013030842,1,positive,neutral,0,0,1
2023-03-29,0.5,0.5333333333333333,0.5,3,3436.T,2229,0.0107671601615074,0.0,0.0107671601615074,571320229972.0,27.07121571246824,1930.0,1950.0,1924.0,1948.0,1845.2713623046875,4244500.0,0.0,0.0145541909802491,0.0137291045288345,0.0158771632506891,0.0137291045288345,-4.288237281370364,0,1,-0.4892328398384926,0.4892328398384926,0.8680038456546284,1.5526397053189092,0.6846358596642808,0.6846358596642808,1,positive,positive,0,1,0
2023-03-29,0.5,0.5,0.5,4,8804.T,3857,0.0210007778065854,0.0062224526834327,0.0147783251231527,344320874538.0,26.564839834375483,1570.0,1587.0,1563.0,1587.0,1422.8319091796875,931800.0,0.0140575407303369,0.014551749696454,0.0167796760096706,0.0148103615149231,0.0167796760096706,-4.087586886253998,0,1,-0.4852216748768473,0.4852216748768473,0.8680038456546284,2.2822605973831407,1.4142567517285123,1.4142567517285123,1,positive,positive,0,1,0
2023-03-30,0.5,0.5166666666666667,0.5,6,2503.T,5172,0.0181747873163186,0.0094740912606341,0.0087006960556844,1928083000000.0,28.287547360982817,2105.5,2110.5,2095.0,2109.5,1905.3441162109373,2143500.0,-0.0030718529363261,0.0088071620896327,0.0083657102067411,0.0101184914664142,0.0083657102067411,-4.78361404596669,0,1,-0.4912993039443156,0.4912993039443156,0.8680038456546284,1.1767550436990966,0.30875119804446816,0.30875119804446816,1,positive,positive,0,1,0
2023-03-30,-0.2,-0.1,-0.1,4,4004.T,3944,0.0103955375253549,0.0154665314401622,-0.0050709939148073,321279806000.0,26.49557825017488,2143.0,2149.0,2134.0,2146.0,2043.41162109375,691400.0,0.0075117872169672,0.0198222949096903,0.0160107816885121,0.0165993963115449,0.0160107816885121,-4.1344929281490455,0,1,0.1949290060851927,0.1949290060851927,-1.0853385362175083,-1.3282809788983518,-0.24294244268084353,0.24294244268084353,1,negative,negative,0,1,0
2023-03-30,0.1,0.0428571428571428,0.1,7,4324.T,6429,0.0124436148701197,0.0107326178254783,0.0017109970446414,1315149600000.0,27.904971539346167,4550.0,4575.0,4515.0,4560.0,4258.8349609375,586200.0,0.0055126214568224,0.012648401298694,0.0120584032104369,0.0153936494293803,0.0120584032104369,-4.417993500227286,0,1,-0.09828900295535861,0.09828900295535861,-0.24819180112944975,-0.09465375560538886,0.1535380455240609,0.1535380455240609,1,neutral,neutral,0,0,1
2023-03-30,0.5,0.4285714285714285,0.5,7,4519.T,5630,0.0147424511545293,0.0051509769094138,0.0095914742451154,1815061338027.0,28.22714037813052,3282.0,3287.0,3225.0,3243.0,3033.69580078125,1947600.0,-0.0118829923568551,0.0103182424444597,0.0130793149484984,0.0140022350839124,0.0130793149484984,-4.336723308292661,0,1,-0.4904085257548846,0.4904085257548846,0.8680038456546284,1.3387853723987713,0.47078152674414286,0.47078152674414286,1,positive,positive,0,1,0
2023-03-30,0.0,0.0,0.0,7,4755.T,6174,0.0110139293812763,0.0116618075801749,-0.0006478781988986,880828374600.0,27.50412863641366,615.0,619.0,608.0,614.0,614.0,9682400.0,-0.0032467532467532,0.0266229876279989,0.0217835093455804,0.0228737945447611,0.0217835093455804,-3.8266020474789,0,0,-0.0006478781988986,0.0006478781988986,-0.5272407128254694,-0.5237272731288198,0.003513439696649523,0.003513439696649523,1,neutral,neutral,0,0,1
2023-03-30,0.2,0.1,0.1,3,5101.T,2120,0.0216981132075471,0.0089622641509433,0.0127358490566037,470328926000.0,26.876698129428103,2720.0,2777.0,2718.0,2774.0,2555.88330078125,692900.0,0.0183551822857972,0.0287269904808402,0.0195404885984757,0.0192252486070066,0.0195404885984757,-3.935266627640423,0,1,-0.18726415094339632,0.18726415094339632,0.030857110566569822,1.9107393002176258,1.879882189651056,1.879882189651056,1,positive,positive,0,1,0
2023-03-30,0.0,-1.3877787807814457e-17,0.1,4,5201.T,3352,0.0074582338902147,0.0059665871121718,0.0014916467780429,1115598105000.0,27.7404117940608,4900.0,4905.0,4865.0,4905.0,4318.83984375,650500.0,0.0071869666923978,0.010918157927225,0.0124189572524363,0.0145395830827364,0.0124189572524363,-4.388531163132134,0,0,0.0014916467780429,0.0014916467780429,-0.5272407128254694,-0.13455302145968534,0.392687691365784,0.392687691365784,1,neutral,neutral,0,0,1
2023-03-30,0.5,0.15,0.15,4,5301.T,3123,0.0086455331412103,0.0057636887608069,0.0028818443804034,280953936896.0,26.36145656720587,1233.0,1249.0,1230.0,1249.0,1136.527587890625,1156100.0,0.0171009190187259,0.022699777273524,0.0223279517295219,0.0216737400510212,0.0223279517295219,-3.801915944631414,0,1,-0.4971181556195966,0.4971181556195966,0.8680038456546284,0.11832045157837477,-0.7496833940762536,0.7496833940762536,1,positive,neutral,0,0,1
2023-03-30,0.1,0.075,0.1,4,6302.T,4037,0.0094129303938568,0.0141193955907852,-0.0047064651969284,393296000000.0,26.69782834597904,3215.0,3215.0,3160.0,3200.0,2881.273193359375,290200.0,-0.0015598809251977,0.0197213967057154,0.0150448461835006,0.0146029221358604,0.0150448461835006,-4.196719792714399,1,0,-0.1047064651969284,0.1047064651969284,-0.24819180112944975,-1.2619741152153536,-1.013782314085904,1.013782314085904,1,neutral,negative,0,0,1
2023-03-30,0.4,0.32,0.3,5,6361.T,4240,0.0136792452830188,0.0080188679245283,0.0056603773584905,123571884000.0,25.54008888036532,1214.0,1218.0,1204.0,1212.0,1128.9373779296875,1542000.0,0.0033113351527251,0.0172344791418817,0.0170173504385423,0.0177233755817662,0.0170173504385423,-4.073521841366418,0,1,-0.3943396226415095,0.3943396226415095,0.588954933958609,0.6237286632791093,0.03477372932050027,0.03477372932050027,1,positive,positive,0,1,0
2023-03-30,0.5,0.3523809523809524,0.4,21,7751.T,18354,0.0093167701863354,0.0068649885583524,0.002451781627983,3913262003376.0,28.99539241407757,2918.0,2937.5,2905.0,2934.0,2639.71044921875,2840100.0,0.0091142943487008,0.0101534971638366,0.0112144498640124,0.0128986901840105,0.0112144498640124,-4.4905521658009695,0,1,-0.497548218372017,0.497548218372017,0.8680038456546284,0.04009311062756439,-0.827910735027064,0.827910735027064,1,positive,neutral,0,0,1
2023-03-31,0.1,0.0666666666666666,0.05,6,2501.T,5645,0.0177147918511957,0.008325952170062,0.0093888396811337,53658714000.0,24.70590971594668,687.0,688.0,677.0,681.0,664.2876586914062,1175500.0,-0.0058394443283866,0.0134859435603241,0.0147599591600145,0.0160122783919537,0.0147599591600145,-4.215837226750326,0,1,-0.0906111603188663,0.0906111603188663,-0.24819180112944975,1.3019266511172782,1.550118452246728,1.550118452246728,1,neutral,positive,0,0,1
2023-03-31,0.5,0.3571428571428571,0.5,7,4578.T,5737,0.0132473418162802,0.0092382778455638,0.0040090639707164,2344583098251.0,28.48312871875964,4202.0,4219.0,4185.0,4203.0,3982.340576171875,1807800.0,0.0016682735116215,0.0120712076262074,0.0110798713230555,0.0114324847597801,0.0110798713230555,-4.50262521117308,0,1,-0.4959909360292836,0.4959909360292836,0.8680038456546284,0.32335888078800246,-0.544644964866626,0.544644964866626,1,positive,positive,0,1,0
