Ticker,EventDate,CAR,document_score,lmmd_net,neg_rate,pos_rate,industry,ln_market_cap,ln_volatility,gpt_z,lmmd_z,neg_z,pos_z,disagreement
4151.T,2018-03-16,0.0142522734105444,0.0,0.0042630937880633,0.0097442143727162,0.0140073081607795,医薬品,27.89734581100417,-3.975990505125501,-0.5273079809771164,0.3691501046298066,0.38760861174563305,0.9286764223941649,-0.896458085606923
4519.T,2018-03-22,1.1494703535851886e-05,0.0,-0.0029498525073746,0.0088495575221238,0.0058997050147492,医薬品,27.6819133276472,-3.951556145408301,-0.5273079809771164,-0.9416635073275665,0.1480776272847057,-1.2355269271739562,0.41435552635045014
3405.T,2018-03-23,-0.0163551604244907,0.0,0.0038872691933916,0.0038872691933916,0.0077745383867832,化学,27.195079697612105,-4.182567759369714,-0.5273079809771164,0.3008512466838361,-1.1805008190471422,-0.73506821076222,-0.8281592276609525
4452.T,2018-03-23,0.0377463811382575,0.0,0.001002004008016,0.0090180360721442,0.0100200400801603,化学,28.95367894899277,-4.080316755148529,-0.5273079809771164,-0.22348994818810503,0.19318523800742513,-0.13566513210424985,-0.30381803278901137
5108.T,2018-03-23,-0.002124484393418,0.0,-0.0077301475755446,0.0140548137737174,0.0063246661981728,ゴム製品,28.210304446406365,-4.253989446012614,-0.5273079809771164,-1.810389765346866,1.541707099288443,-1.122089897753973,1.2830817843697495
6326.T,2018-03-23,0.0022167983496067,0.0,0.0043988269794721,0.0073313782991202,0.0117302052785923,機械,28.404223880463743,-4.104412341543575,-0.5273079809771164,0.3938169893681005,-0.2583921422513859,0.3208378792171106,-0.9211249703452169
7272.T,2018-03-26,-0.0088820100250537,0.0,0.0017675651789659,0.0097216084843128,0.0114891736632788,輸送用機器,26.577297094971048,-4.020301319072646,-0.5273079809771164,-0.08436399846325253,0.38155622339104245,0.2564980959522251,-0.44294398251386385
2914.T,2018-03-27,0.0839092001869849,0.0,0.005550416281221,0.0046253469010175,0.0101757631822386,食料品,29.408343537358835,-4.447498164028088,-0.5273079809771164,0.6030960925650419,-0.9828915571281921,-0.09409718001621394,-1.1304040735421583
4704.T,2018-03-27,0.0098714019239848,0.0,-0.007072135785007,0.0127298444130127,0.0056577086280056,情報・通信業,27.46705723027839,-3.8078875066976288,-0.5273079809771164,-1.6908088373132453,1.1869663792682312,-1.300124241736684,1.1635008563361289
4911.T,2018-03-27,0.0580698801490816,0.0,-0.0051121840386253,0.011076398750355,0.0059642147117296,化学,28.592973313170585,-3.805489778924094,-0.5273079809771164,-1.3346254799573614,0.7442810445873391,-1.2183070287933893,0.807317498980245
2502.T,2018-03-28,0.0161534285123648,0.0,0.0122699386503067,0.0040899795501022,0.016359918200409,食料品,27.5100831602534,-4.055919157862199,-0.5273079809771164,1.824239440439484,-1.1262281543141055,1.5566704714722455,-2.3515474214166003
3436.T,2018-03-28,-0.1043486554897402,0.0,-0.0052910052910052,0.0138888888888888,0.0085978835978835,金属製品,27.29157975260972,-3.605764119157128,-0.5273079809771164,-1.367122787177726,1.4972831942088094,-0.5152885259873675,0.8398148062006097
3659.T,2018-03-28,-0.0468623464191964,0.0,0.0068119891008174,0.0068119891008174,0.0136239782016348,情報・通信業,27.38740430029141,-3.67377339592262,-0.5273079809771164,0.8323625748967266,-0.3974508281659501,0.8263522253869434,-1.359670555873843
8804.T,2018-03-28,0.0057146713423854,0.0,0.0083857442348008,0.0020964360587002,0.010482180293501,不動産業,27.24776035226008,-4.195184185723544,-0.5273079809771164,1.1183621605054537,-1.6599695935541976,-0.012303716940290012,-1.64567014148257
2503.T,2018-03-29,-0.0031341312647731,0.0,0.0072568940493468,0.0065312046444121,0.013788098693759,食料品,28.629823198176595,-4.02706478354513,-0.5273079809771164,0.9132154523025089,-0.4726266648228245,0.8701617351015223,-1.4405234332796253
4004.T,2018-03-29,0.0268714831909684,0.0,-0.0030612244897959,0.0122448979591836,0.0091836734693877,化学,29.508177892110744,-3.5938908701069243,-0.5273079809771164,-0.9619032130690127,1.0571292227991287,-0.35892068468852417,0.4345952320918963
4324.T,2018-03-29,0.0389698507673323,0.0,0.0049435028248587,0.0084745762711864,0.0134180790960451,サービス業,27.92451613541914,-4.092054242410949,-0.5273079809771164,0.49280129938420597,0.04768200841479931,0.7713905399215555,-1.0201092803613223
4755.T,2018-03-29,0.002418052966054,0.0,0.0033046926635822,0.0132187706543291,0.0165234633179114,サービス業,27.775526310856467,-4.065405492226053,-0.5273079809771164,0.19497921963657383,1.31786906428512,1.6003263935405954,-0.7222872006136902
5101.T,2018-03-29,0.0093327939841924,0.0,0.017156862745098,0.0,0.017156862745098,ゴム製品,27.44935957967311,-4.108366821128272,-0.5273079809771164,2.7123434636326857,-2.2212589780454004,1.7694028933693948,-3.239651444609802
5201.T,2018-03-29,0.0282918768693677,0.0,0.0102974828375286,0.0011441647597254,0.011441647597254,ガラス・土石製品,29.28266920611056,-4.10034085178967,-0.5273079809771164,1.46578371063469,-1.9149259844500859,0.24381172373714854,-1.9930916916118064
5301.T,2018-03-29,0.0365529494394937,0.0,0.0,0.0085877862595419,0.0085877862595419,ガラス・土石製品,26.576722897497163,-3.281221670053865,-0.5273079809771164,-0.40558481471635754,0.07799228876826345,-0.5179838593759182,-0.12172316626075885
6361.T,2018-03-29,0.0331618615104394,0.0,-0.007125890736342,0.0147268408551068,0.0076009501187648,機械,26.57252729500376,-3.8796992427816113,-0.5273079809771164,-1.7005777610004478,1.7216322943875684,-0.7814050015898636,1.1732697800233314
6723.T,2018-03-29,0.0028943627556534,0.0,-0.0059372349448685,0.010178117048346,0.0042408821034775,電気機器,26.806391468546988,-3.8432181984778975,-0.5273079809771164,-1.4845625395394328,0.5037795604004351,-1.6783248831484454,0.9572545585623164
7751.T,2018-03-29,-0.0064686029048918,0.0,0.0012607894481621,0.0063039472408107,0.0075647366889729,電気機器,29.26709888265648,-4.397324608407372,-0.5273079809771164,-0.1764606950056101,-0.5334714340487384,-0.7910716348282396,-0.3508472859715063
2501.T,2018-03-30,0.0140781476767378,0.0,0.0038280842178527,0.0093962067165477,0.0132242909344005,食料品,26.22150733853152,-4.296838591554068,-0.5273079809771164,0.29009552102304437,0.29443476925307926,0.7196616897319354,-0.8174035020001608
4578.T,2018-03-30,0.0164066716816702,0.0,-0.0034782608695652,0.0127536231884057,0.0092753623188405,医薬品,28.720493766051305,-4.131430046837855,-0.5273079809771164,-1.0376915166127083,1.1933327905636784,-0.334445718224366,0.5103835356355919
5214.T,2018-03-30,-0.001711178560128,0.0,0.0006333122229259,0.0094996833438885,0.0101329955668144,ガラス・土石製品,28.0836670300361,-3.759680365058936,-0.5273079809771164,-0.29049255582136,0.3221390878409558,-0.10551335504192598,-0.23681542515575638
1928.T,2018-04-27,0.0210393354577725,0.0,0.0037831021437578,0.0050441361916771,0.008827238335435,建設業,27.95084204571472,-4.162512581124284,-0.5273079809771164,0.28192089825412625,-0.8707669911485487,-0.45406571052540085,-0.8092288792312426
9843.T,2018-05-18,-0.0081418725117171,0.0,-0.0025268477574226,0.0088439671509791,0.0063171193935565,小売業,26.078532692511125,-4.261419559502117,-0.5273079809771164,-0.8647905678312046,0.1465808890627771,-1.124104404326995,0.33748258685408816
7453.T,2018-05-24,-0.0108536915520343,0.0,-0.0010504201680672,0.0063025210084033,0.0052521008403361,小売業,24.670731465988663,-4.030398402535489,-0.5273079809771164,-0.5964783827785394,-0.5338532864342519,-1.4083951717358971,0.06917040180142298
8233.T,2018-05-24,0.0101385655377794,0.0,0.0054884742041712,0.0065861690450054,0.0120746432491767,小売業,26.43055073760834,-4.1657443074471,-0.5273079809771164,0.5918393169806812,-0.4579107690291464,0.4127804418007499,-1.1191472979577974
8267.T,2018-05-24,0.0104266344353373,0.0,0.0121716848174247,0.0051249199231262,0.0172966047405509,小売業,27.13551756862831,-4.360116792108335,-0.5273079809771164,1.8063837048921152,-0.8491383558683099,1.8067049281615857,-2.3336916858692316
3382.T,2018-05-25,0.025102623474637,0.0,0.0035164835164835,0.0079120879120879,0.0114285714285714,小売業,28.00130846766267,-4.6233989409530105,-0.5273079809771164,0.23346811467336007,-0.1029158328843105,0.2403212361599098,-0.7607760956504764
3086.T,2018-05-28,0.0044494200231123,0.0,0.0164051355206847,0.0028530670470756,0.0192582025677603,小売業,27.557121351124632,-4.0341657161142015,-0.5273079809771164,2.5757315663746785,-1.4573929683383984,2.3303241176665312,-3.103039547351795
6506.T,2018-05-30,-0.0161594352405339,0.0,0.0021505376344086,0.0021505376344086,0.0043010752688172,電気機器,27.72188190275757,-3.856223842748692,-0.5273079809771164,-0.014766154941730414,-1.6454847062124873,-1.6622572183031241,-0.512541826035386
9602.T,2018-05-30,-0.0171711324007004,0.0,-0.0136094674556213,0.0183431952662721,0.0047337278106508,情報・通信業,25.665208636245264,-4.2715051413076575,-0.5273079809771164,-2.878842546248689,2.689857074304546,-1.5467670958377813,2.3515345652715727
6532.T,2018-05-31,-0.0648685039083728,0.0,-0.0006353240152477,0.0114358322744599,0.0108005082592121,サービス業,19.47861859665737,-3.506606222902984,-0.5273079809771164,-0.5210426779915671,0.840513992247773,0.07266917051418352,-0.0062653029855492814
7741.T,2018-06-08,-0.0062851531234306,0.5,0.0057773109243697,0.0055147058823529,0.0112920168067226,精密機器,28.67076081558817,-4.132701679936227,0.8668308527485348,0.6443298096256609,-0.7447789978856422,0.20387002306015634,0.2225010431228739
8697.T,2018-06-13,0.0215655397982821,0.8,-0.0003526093088857,0.0133991537376586,0.0130465444287729,その他金融業,26.415303996321235,-4.36707214127262,1.7033141529839257,-0.4696647430644441,1.3661639356667035,0.6722149195922759,2.17297889604837
6861.T,2018-06-14,0.0020459361461592,0.0,0.0140845070422535,0.0,0.0140845070422535,電気機器,28.32206249334056,-4.267386111783507,-0.5273079809771164,2.154002182399157,-2.2212589780454004,0.9492835087129801,-2.6813101633762733
4503.T,2018-06-15,0.0138418441183995,-0.25,0.0,0.0097087378640776,0.0097087378640776,医薬品,27.41771941433612,-4.384385509110948,-1.2243773978399421,-0.40558481471635754,0.37811030741385093,-0.21876260081841967,-0.8187925831235846
3099.T,2018-06-18,0.0104671548656536,0.1,0.0024636610002463,0.0091155457009115,0.0115792067011579,小売業,27.04753500497375,-4.0992722586879005,-0.24848021423198619,0.042137966252346414,0.2192919820150133,0.28053106829191676,-0.2906181804843326
4568.T,2018-06-18,0.0932724333778969,0.1,0.0048952950775088,0.007886864291542,0.0127821593690508,医薬品,27.578561967301955,-3.862827589856181,-0.24848021423198619,0.48404047283153645,-0.10966907984936515,0.6016412837691545,-0.7325206870635226
4689.T,2018-06-18,-0.0147668421107186,0.3,0.014279134039613,0.00322432058959,0.0175034546292031,情報・通信業,28.384415294072696,-3.818935686222137,0.30917531925827424,2.1893718783519165,-1.3579953876188209,1.8619204109393876,-1.8801965590936423
6301.T,2018-06-18,-0.0621087407416404,0.5,0.0011269722013523,0.005885299273729,0.0070122714750813,機械,28.79604109337647,-3.964397194983087,0.8668308527485348,-0.2007793938352256,-0.6455581627551085,-0.9385439573986271,1.0676102465837605
7832.T,2018-06-18,0.0447179580958738,0.4,0.0105371369827807,0.001799023387304,0.0123361603700848,その他製品,26.56527281465613,-4.045481521566996,0.5880030860034046,1.5093362206481296,-1.739597385956966,0.4825885242690981,-0.921333134644725
2768.T,2018-06-19,-0.0009628634910429,0.4,0.0046326935804103,0.0070593425987204,0.0116920361791308,卸売業,28.573203342246945,-4.150381680555659,0.5880030860034046,0.4363177250363929,-0.33122563040065284,0.3106492092222028,0.15168536096701168
4506.T,2018-06-19,-0.0082408654360668,0.5,0.0038295835327908,0.0090952608903781,0.0129248444231689,医薬品,27.55876241742917,-4.013414336834591,0.8668308527485348,0.2903679925414744,0.21386102752843966,0.6397289240364138,0.5764628602070604
6758.T,2018-06-19,0.0352066977601144,0.1,-0.0071267816954238,0.0133158289572393,0.0061890472618154,電気機器,27.7341588337306,-4.155964810764068,-0.24848021423198619,-1.7007396755973803,1.3438549725479283,-1.1582913436120204,1.452259461365394
8035.T,2018-06-19,-0.0338971131365027,0.9,0.0083149914404499,0.0017119100024455,0.0100269014428955,電気機器,27.741732853226434,-3.930292055985486,1.9821419197290557,1.1055042073029127,-1.7629206912231845,-0.13383359398544192,0.8766377124261431
3401.T,2018-06-20,-0.0147211887781725,0.5,0.003479773814702,0.0065245759025663,0.0100043497172683,繊維製品,28.319749558544604,-4.606100385370863,0.8668308527485348,0.22679683572365805,-0.4744014112622112,-0.1398534397107256,0.6400340170248767
4507.T,2018-06-20,0.0136623529073709,0.5,0.0066115702479338,0.0033057851239669,0.0099173553719008,医薬品,27.24040430909032,-4.342880307346727,0.8668308527485348,0.7959403211196721,-1.3361844775419247,-0.1630752785509769,0.07089053162886272
4523.T,2018-06-20,-0.0063840803038759,0.8,0.0063035804336863,0.0075642965204236,0.0138678769541099,医薬品,28.51588550186249,-4.174904044272068,1.7033141529839257,0.7399691237304454,-0.19603177379196013,0.8914573480174889,0.9633450292534803
4902.T,2018-06-20,0.0024279289208385,0.5,0.0069241011984021,0.0047936085219707,0.0117177097203728,電気機器,27.046161133709536,-4.256553612104189,0.8668308527485348,0.8527367822677239,-0.9378420259171764,0.31750237691559385,0.014094070480810905
6098.T,2018-06-20,0.0288406755812631,0.5,0.0058545192076349,0.0085812815783142,0.0144358007859491,サービス業,25.96161236031068,-3.917602605205144,0.8668308527485348,0.6583609231976413,0.07625075770297975,1.0430561173489354,0.2084699295508935
6645.T,2018-06-20,0.0018007475518979,0.5,0.0073546311192829,0.0029878188922086,0.0103424500114916,電気機器,27.833294136981127,-4.071113222785436,0.8668308527485348,0.9309772761699764,-1.4213151781764366,-0.04960262500400132,-0.06414642342144161
6902.T,2018-06-20,0.0194907859019402,0.5,0.0074733096085409,0.0074733096085409,0.0149466192170818,輸送用機器,27.82698169034777,-4.086432740592396,0.8668308527485348,0.9525447983438649,-0.2203921579570081,1.1794114544031193,-0.08571394559533008
7186.T,2018-06-20,-0.0774459360118102,0.1,-0.0005845389449072,0.0055531199766184,0.0049685810317112,銀行業,27.376315728839867,-4.058996540004626,-0.24848021423198619,-0.5118134727874962,-0.7344941989591068,-1.4840765424743445,0.26333325855551004
7267.T,2018-06-20,-0.0263165355653444,0.2,0.0001388021375529,0.0099937539038101,0.010132556041363,輸送用機器,28.3564574908166,-4.242903864929436,0.03034755251314408,-0.38036020831824835,0.45441908718687285,-0.10563067978476369,0.41070776083139243
8253.T,2018-06-20,-0.0018687060380839,0.3,0.0056273062730627,0.0062730627306273,0.01190036900369,その他金融業,26.520386594167583,-4.137087000947065,0.30917531925827424,0.6170693628212116,-0.5417402995069585,0.3662605395519033,-0.30789404356293737
9101.T,2018-06-20,-0.0283203331079617,0.5,0.0027190964233423,0.0079481280066931,0.0106672244300355,海運業,27.853634474393587,-4.128690982889595,0.8668308527485348,0.08855841856905115,-0.09326663684324484,0.03709104657893662,0.7782724341794837
9201.T,2018-06-20,-0.0338576481619208,0.5,0.0074771945566023,0.0046358606250934,0.0121130551816958,空運業,27.341983137985576,-4.623237167440353,0.8668308527485348,0.9532508125843773,-0.9800766648300072,0.4230339324469867,-0.0864199598358425
4005.T,2018-06-21,0.0220497329792593,0.8,0.0070002058884084,0.008235536339304,0.0152357422277125,化学,27.645701231811543,-4.136803159519087,1.7033141529839257,0.8665673390898577,-0.01631735644933979,1.2565885160789303,0.836746813894068
4061.T,2018-06-21,0.0002600573286993,0.5,0.0072847682119205,0.0023178807947019,0.0096026490066225,化学,28.19157803086214,-4.006578661948326,0.8668308527485348,0.918281042732127,-1.600681079099684,-0.24708143395822343,-0.05145018998359219
5406.T,2018-06-21,-0.0588263107045508,0.2,-0.0006030150753768,0.0088442211055276,0.0082412060301507,鉄鋼,28.9545340518466,-4.215770279412608,0.03034755251314408,-0.5151711524822931,0.1466488815930642,-0.6104982658944188,0.5455187049954371
5411.T,2018-06-21,-0.0198092640795007,0.5,0.010289990645463,0.006859993763642,0.017149984409105,鉄鋼,27.90103437212924,-4.251022629982508,0.8668308527485348,1.4644221494999288,-0.3845982980171253,1.7675668244933802,-0.597591296751394
6594.T,2018-06-21,-0.0180593355653964,0.5,0.0023721275018532,0.0054855448480355,0.0078576723498888,電気機器,27.1409440567229,-4.262070011152944,0.8668308527485348,0.025503521639935793,-0.7525864284701401,-0.7128768432056932,0.841327331108599
6753.T,2018-06-21,-0.0512311337155394,0.8,0.0083224967490247,0.0026007802340702,0.0109232769830949,電気機器,29.14855308903092,-3.976234536127073,1.7033141529839257,1.1068681521097679,-1.5249389874022206,0.1054404444238409,0.5964460008741579
7011.T,2018-06-21,-0.0249364326962399,0.1,-0.0036370984037179,0.0131339664578702,0.0094968680541523,機械,27.932473240110948,-4.534749765016153,-0.24848021423198619,-1.0665571691947595,1.2951640096591281,-0.27531807646934675,0.8180769549627733
8015.T,2018-06-21,-0.006286567537074,0.5,0.0041724617524339,0.0111265646731571,0.015299026425591,卸売業,26.826474692294283,-4.076130668504378,0.8668308527485348,0.3526794834555488,0.7577122197549145,1.2734812858108135,0.514151369292986
8031.T,2018-06-21,-0.0299732494407244,0.2,-0.0073713396902684,0.0144045445323595,0.007033204842091,卸売業,28.144676412890444,-4.357626934133857,0.03034755251314408,-1.7451833655161673,1.6353422766844912,-0.932956108291544,1.7755309180293113
9107.T,2018-06-21,-0.0366842388234921,0.6,0.002770083102493,0.0083102493074792,0.0110803324099723,海運業,26.114628390340545,-4.265255609070958,1.1456586194936649,0.09782426227864773,0.003685922804771843,0.14736404068204492,1.047834357215017
9433.T,2018-06-21,0.0056881642514396,0.5,0.0012082766953632,0.0077027639329406,0.0089110406283038,情報・通信業,27.94624080921601,-4.696415060190382,0.8668308527485348,-0.18600387311213332,-0.15895919606118808,-0.43169594233849273,1.052834725860668
9984.T,2018-06-21,0.0217655369042887,0.1,-0.0045883796617403,0.010563943872379,0.0059755642106386,情報・通信業,27.890969600706786,-4.145901441912978,-0.24848021423198619,-1.2394341560377613,0.6070789191778961,-1.2152774498768626,0.9909539418057751
5711.T,2018-06-22,0.0217936458853759,0.2,-0.0031473533619456,0.0125894134477825,0.0094420600858369,非鉄金属,29.00038597705076,-4.291557582417904,0.03034755251314408,-0.9775554712963852,1.149368089680313,-0.289948243545209,1.0079030238095292
5801.T,2018-06-22,0.0171913442613937,0.7,0.0041275797373358,0.0093808630393996,0.0135084427767354,非鉄金属,28.625386938405217,-3.76317021741273,1.4244863862387953,0.3445230444758387,0.2903267292932873,0.7955117724124435,1.0799633417629566
6471.T,2018-06-22,0.0302124393052525,0.8,0.0041152263374485,0.0096021947873799,0.0137174211248285,機械,27.17350821413297,-3.977852352899222,1.7033141529839257,0.3422780527535979,0.3495849928957789,0.8512954155908524,1.361036100230328
6770.T,2018-06-22,0.0113483900734242,0.8,0.0016339869281045,0.0095996732026143,0.0112336601307189,電気機器,26.93207423356466,-4.003961475413571,1.7033141529839257,-0.10863926439741402,0.34890987630676934,0.18829258156455148,1.8119534173813399
6988.T,2018-06-22,-0.0194400353728535,0.5,0.0078993563487419,0.0102399063779988,0.0181392627267407,化学,26.385817424067408,-4.0600333140533,0.8668308527485348,1.029970560786982,0.5203227288243019,2.0316398692785813,-0.16313970803844724
7013.T,2018-06-22,-0.0305927069158396,0.2,-0.0016110471806674,0.011277330264672,0.0096662830840046,機械,27.48866496791277,-4.102306782821404,0.03034755251314408,-0.698361509208046,0.7980774508873714,-0.2300952691279375,0.72870906172119
7211.T,2018-06-22,0.0074314370952111,0.5,0.0,0.0119507908611599,0.0119507908611599,輸送用機器,27.49913631093425,-3.956671538284872,0.8668308527485348,-0.40558481471635754,0.9783864482035771,0.37971989996487954,1.2724156674648923
8001.T,2018-06-22,-0.0268147153908543,0.5,-0.0036791758646063,0.0118551222303981,0.0081759463657918,卸売業,27.17724272959158,-4.356316890783142,0.8668308527485348,-1.074203934639832,0.9527726038640083,-0.6279183568452663,1.9410347873883667
8002.T,2018-06-22,-0.0260501910718745,0.5,-0.0071726438698915,0.0168473728106755,0.0096747289407839,卸売業,27.997272157170283,-4.345356550100841,0.8668308527485348,-1.7090742396026952,2.2893729947040047,-0.22784077403209868,2.57590509235123
8053.T,2018-06-22,-0.0349355909714763,0.5,0.0024326672458731,0.0091225021720243,0.0115551694178974,卸売業,28.45704841182978,-4.364941461134392,0.8668308527485348,0.0365054502936805,0.2211544730616305,0.2741146751841257,0.8303254024548543
8058.T,2018-06-22,-0.0060182997310478,0.5,0.0009496676163342,0.0093911575393056,0.0103408251556399,卸売業,28.16412419583007,-4.345395814725923,0.8668308527485348,-0.23300107606945733,0.29308292760036403,-0.050036355961656516,1.099831928817992
8766.T,2018-06-22,-0.017551996334293,0.1,-0.002698015031798,0.0060705338215455,0.0033725187897475,保険業,27.944152115365057,-4.482136851799819,-0.24848021423198619,-0.8958969124486359,-0.5959643843524932,-1.9101214768355332,0.6474166982166497
9001.T,2018-06-22,-0.016371466085655,0.2,0.006363285769379,0.0067489394523717,0.0131122252217508,陸運業,28.9523120211788,-4.38403548467712,0.03034755251314408,0.7508194147941646,-0.4143314280877121,0.6897474245268151,-0.7204718622810206
9020.T,2018-06-22,-0.0033442074616512,0.5,0.0030041306796845,0.0053824008011015,0.008386531480786,陸運業,27.984473372584446,-4.679484847841492,0.8668308527485348,0.14035788688393622,-0.7802017036306955,-0.5717058112839083,0.7264729658645985
9021.T,2018-06-22,0.0292475435941215,0.5,0.0036290827180578,0.0062570391690651,0.009886121887123,陸運業,27.39536375498026,-4.338111743665089,0.8668308527485348,0.25393084378205694,-0.5460303683451085,-0.17141258998042147,0.6129000089664778
9022.T,2018-06-22,-0.0160453166743054,0.5,0.0030918727915194,0.0064045936395759,0.0094964664310954,陸運業,27.629914503859208,-4.494168651716362,0.8668308527485348,0.15630332025113286,-0.5065248668115768,-0.2754252837350887,0.7105275324974019
9064.T,2018-06-22,-0.0508098834110865,0.5,0.0060742110128086,0.0055460187508253,0.0116202297636339,陸運業,28.07863063593754,-4.231961073154256,0.8668308527485348,0.6982856636382175,-0.7363954459053235,0.29148156101103445,0.16854518911031724
2432.T,2018-06-25,-0.0064725604016159,0.1,0.0035885167464114,0.0110645933014354,0.0146531100478468,サービス業,26.465385102837,-4.489153253974271,-0.24848021423198619,0.24655876229990173,0.7411203122911045,1.101063573315925,-0.4950389765318879
4043.T,2018-06-25,0.0080715171980601,0.25,0.0015991471215351,0.0090618336886993,0.0106609808102345,化学,26.19899527010628,-3.788076298658767,0.16976143588570916,-0.11497072602468497,0.20491139447013912,0.03542440569341547,0.28473216191039413
4543.T,2018-06-25,-0.0587874977147124,0.8,0.0065480188045668,0.0067159167226326,0.0132639355271994,精密機器,26.464354372465635,-3.927867026347295,1.7033141529839257,0.7843910743052753,-0.4231727698365134,0.730244220596147,0.9189230786786504
6701.T,2018-06-25,-0.0239742746216408,0.4,0.0098449421609648,0.0056608417425547,0.0155057839035195,電気機器,28.103842975230734,-4.790963925160632,0.5880030860034046,1.383543187205392,-0.7056533080348311,1.3286721009286213,-0.7955401012019875
6702.T,2018-06-25,0.0117366401743891,0.2,0.0064924525239409,0.0077909430287291,0.01428339555267,電気機器,27.960783901743262,-4.512071019715855,0.03034755251314408,0.7742929765201384,-0.13535056264033188,1.0023738206931312,-0.7439454240069944
7203.T,2018-06-25,-0.0451596614836639,0.5,-0.0017272089383062,0.0113348086576348,0.0096075997193285,輸送用機器,29.21820302611812,-4.307551201792104,0.8668308527485348,-0.7194716640414652,0.8134664305196129,-0.24575991527655025,1.58630251679
7270.T,2018-06-25,-0.0334425572367681,0.1,-0.0014920919128618,0.009847806624888,0.0083557147120262,輸送用機器,28.54436437226128,-4.440188303177049,-0.24848021423198619,-0.6767436878813797,0.4153438871518468,-0.5799318866074743,0.42826347364939354
8252.T,2018-06-25,0.0104063663623877,0.5,0.0115154306771073,0.0009212344541685,0.0124366651312759,小売業,27.337115336814744,-4.130746824678387,0.8668308527485348,1.6871221958225808,-1.9746122379235396,0.5094167664634415,-0.820291343074046
8725.T,2018-06-25,6.072400071227514e-05,-0.1,-0.0035031651404339,0.0066990350931104,0.0031958699526765,保険業,27.30376110919352,-4.444993863509518,-0.8061357477222468,-1.0422173866127682,-0.4276925735311698,-1.9572752407779084,0.23608163889052136
1721.T,2018-06-26,0.0023958188824036,0.6,0.0040899795501022,0.0067484662576687,0.0108384458077709,建設業,26.77795600387033,-4.079947897966269,1.1456586194936649,0.33768993700225014,-0.41445811888874523,0.08279603146020267,0.8079686824914147
2801.T,2018-06-26,0.0016986385053997,0.5,0.0040057683063611,0.0036853068418522,0.0076910751482134,食料品,26.201467851770644,-4.162613018530481,0.8668308527485348,0.32238617068341446,-1.2345732165884384,-0.7573474734771206,0.5444446820651203
2802.T,2018-06-26,0.0127869873396801,0.2,0.0045013030087656,0.0047382136934375,0.0092395167022032,食料品,27.18818344025943,-4.1999888744597405,0.03034755251314408,0.4124400275268931,-0.9526731623510121,-0.3440141692445374,-0.38209247501374904
2871.T,2018-06-26,0.0167645079051517,0.5,0.0074144941401578,0.0031093039942597,0.0105237981344176,食料品,26.76342670279072,-4.170189932853895,0.8668308527485348,0.9418562234685772,-1.3887893599564478,-0.0011944570158451758,-0.07502537072004245
3402.T,2018-06-26,0.001730467922572,0.3,0.0069576217583807,0.0028462998102466,0.0098039215686274,繊維製品,27.982510781003185,-4.411174850475241,0.30917531925827424,0.858828496319189,-1.4592047947371536,-0.19335473507799514,-0.5496531770609148
4183.T,2018-06-26,0.037732092044036,0.5,-0.0012420431609998,0.0091600683123738,0.007918025151374,化学,28.04112120062593,-4.1903312429439685,0.8668308527485348,-0.631302158973703,0.2312122450155981,-0.6967665658798914,1.4981330117222378
4188.T,2018-06-26,0.0276436789739627,0.5,0.0157949249093733,0.0064733298808907,0.0222682547902641,化学,27.95696172628228,-4.2307149214294775,0.8668308527485348,2.4648375789934436,-0.48812176674100133,3.133812520463762,-1.598006726244909
5333.T,2018-06-26,0.0113159631304585,0.5,0.0040933278755628,0.0085959885386819,0.0126893164142447,ガラス・土石製品,27.188392226926087,-4.203491992564033,0.8668308527485348,0.33829843045433566,0.08018832627239318,0.57685824614927,0.5285324222941992
5401.T,2018-06-26,0.019619726125346,0.5,0.0093033809847969,0.0031767642387111,0.012480145223508,鉄鋼,29.05482908922209,-4.372794513909945,0.8668308527485348,1.285124908134394,-1.3707278889525438,0.5210231265125661,-0.4182940553858593
5713.T,2018-06-26,0.0077953686244726,0.5,0.0035880875493362,0.0060997488338715,0.0096878363832077,非鉄金属,28.534838724823835,-3.809984119131363,0.8668308527485348,0.2464807640249471,-0.588142501963898,-0.22434193839758068,0.6203500887235877
5714.T,2018-06-26,0.0323660591389921,0.1,0.0045339136742836,0.0059847660500544,0.010518679724338,非鉄金属,27.698038256764445,-3.893503601423081,-0.24848021423198619,0.4183663858422212,-0.6189274217748075,-0.0025607400022238168,-0.6668466000742074
6103.T,2018-06-26,0.0086020704818709,0.9,0.0056776104665514,0.0064181683534929,0.0120957788200444,機械,26.919985385057743,-3.762841060861408,1.9821419197290557,0.6262111779495498,-0.5028904402868579,0.418422266202245,1.355930741779506
6305.T,2018-06-26,-0.0328066010814379,0.8,0.0029828486204325,0.0126771066368381,0.0156599552572706,機械,27.36560283631164,-3.802255685443008,1.7033141529839257,0.13649028385247464,1.1728466288443484,1.369825837018794,1.566823869131451
6504.T,2018-06-26,0.0060743654657063,0.5,-0.0053590568060021,0.0109860664523043,0.0056270096463022,電気機器,28.773724545629623,-4.01584177145234,0.8668308527485348,-1.3794898350550517,0.7200959234804314,-1.3083188755679367,2.2463206878035864
6841.T,2018-06-26,0.0417575923039745,0.1,0.00976290097629,0.0066248256624825,0.0163877266387726,電気機器,26.9766857957222,-3.778970943094376,-0.24848021423198619,1.3686337871893606,-0.44756103814172493,1.564093518008783,-1.6171140014213468
6971.T,2018-06-26,0.0124548968946683,0.1,-0.0019487099540104,0.009899446566373,0.0079507366123626,電気機器,27.093952738932884,-3.867672255314488,-0.24848021423198619,-0.7597251935362141,0.4291697087651462,-0.688034730815239,0.511244979304228
7205.T,2018-06-26,0.0099304551115778,0.8,0.0043983663210807,0.0034558592522777,0.0078542255733584,輸送用機器,27.22790804960022,-4.192435980091393,1.7033141529839257,0.39373327360685995,-1.2960043753355883,-0.7137969086279822,1.3095808793770658
7733.T,2018-06-26,0.0197386661073166,0.5,0.0025969207939157,0.0087182340938601,0.0113151548877759,精密機器,26.59202260422768,-4.156944218014878,0.8668308527485348,0.0663553587454754,0.11291774443804858,0.2100463875930762,0.8004754940030594
7951.T,2018-06-26,-0.0465915753574087,0.8,0.0042617197292554,0.0050137879167711,0.0092755076460265,その他製品,26.654866513691616,-4.035283091014179,1.7033141529839257,0.3689003959926904,-0.8788922876352538,-0.33440692530652566,1.3344137569912353
8308.T,2018-06-26,0.0055259316300878,0.1,-0.0039537948678192,0.0088378944104194,0.0048840995426002,銀行業,27.94808397916913,-4.397572357426129,-0.24848021423198619,-1.1241106319545362,0.14495500364796415,-1.506627611935613,0.87563041772255
9104.T,2018-06-26,0.0246964477538123,0.1,0.0032338308457711,0.0074626865671641,0.0106965174129353,海運業,27.715057075241955,-4.058231732790237,-0.24848021423198619,0.18210145352682428,-0.2232363183267288,0.044910370066868946,-0.43058166775881046
9735.T,2018-06-26,0.0223821221893782,0.5,-0.0032002226241825,0.0094615277584527,0.0062613051342702,サービス業,27.603698467395866,-4.492463916922119,0.8668308527485348,-0.9871634381043599,0.311923500785351,-1.1390031857208793,1.8539942908528948
1332.T,2018-06-27,0.0292270055306499,0.3,0.0033033033033033,0.0063063063063063,0.0096096096096096,水産・農林業,25.742905874652266,-4.560452731058622,0.30917531925827424,0.19472673025277693,-0.5328398295623986,-0.2452234051390562,0.11444858900549731
1605.T,2018-06-27,0.0481872194812679,0.1,-0.002989238740534,0.0091669988043045,0.0061777600637704,鉱業,28.14032012909733,-3.993666840670773,-0.24848021423198619,-0.948821194136038,0.2330677805249499,-1.161304292245081,0.7003409799040519
1802.T,2018-06-27,0.0290410588620496,0.2,0.0033370411568409,0.0022246941045606,0.0055617352614015,建設業,27.44784485718092,-4.208849279336328,0.03034755251314408,0.20085793320978235,-1.625630420976875,-1.3257428959471607,-0.17051038069663826
1812.T,2018-06-27,0.0215363389647897,0.2,0.0046511627906976,0.0034271725826193,0.008078335373317,建設業,28.231398126526223,-4.147297795138105,0.03034755251314408,0.43967414712177677,-1.303684801880841,-0.6539741507788981,-0.4093265946086327
2002.T,2018-06-27,-0.0012892056257702,0.5,0.0104340567612687,0.0029215358931552,0.013355592654424,食料品,27.210732650717453,-4.26394062426725,0.8668308527485348,1.4906033822285545,-1.4390614593408526,0.7547107192861325,-0.6237725294800197
2282.T,2018-06-27,0.0388397715574816,0.1,0.010163749294184,0.0043290043290043,0.0144927536231884,食料品,27.637301577477047,-4.260305035896787,-0.24848021423198619,1.4414802232924553,-1.0622328464336988,1.0582588250913654,-1.6899604375244415
3092.T,2018-06-27,-0.0743062953630576,0.2,0.0006530256856769,0.0032651284283848,0.0039181541140618,小売業,25.75689144695148,-3.748537142072168,0.03034755251314408,-0.28691001489364376,-1.3470696994135956,-1.76447229109537,0.31725756740678784
3289.T,2018-06-27,-0.0022959597473212,0.4,0.0096375445212654,0.0048187722606327,0.0144563167818981,不動産業,26.94140898499549,-4.14276198829535,0.5880030860034046,1.3458526737770928,-0.9311048114304876,1.0485325554962928,-0.7578495877736883
3407.T,2018-06-27,0.0152223254691081,0.8,0.0057701956848971,0.0057701956848971,0.0115403913697942,化学,28.316843005940257,-4.421287846147998,1.7033141529839257,0.6430367523407453,-0.6763754263010532,0.2701698963599815,1.0602774006431805
4021.T,2018-06-27,0.0026824549764057,0.5,0.0097772949483976,0.002172732210755,0.0119500271591526,化学,27.466700564484142,-4.189546848859721,0.8668308527485348,1.371249613482246,-1.63954244050645,0.3795160411409458,-0.5044187607337113
4042.T,2018-06-27,0.0292423066922512,0.5,0.0,0.0079699953117674,0.0079699953117674,化学,27.654521541205465,-3.945263279937577,0.8668308527485348,-0.40558481471635754,-0.08741199312315656,-0.6828939091680173,1.2724156674648923
4307.T,2018-06-27,-0.0239691464156594,0.5,0.0038986354775828,0.0067576348278102,0.0106562703053931,情報・通信業,26.745502064915748,-4.025296435637635,0.8668308527485348,0.30291684920254947,-0.4120033714281536,0.034167006907079356,0.5639140035459853
5020.T,2018-06-27,0.0508017070448027,0.2,0.0023520188161505,0.0074480595844766,0.0098000784006272,石油・石炭製品,28.299859814687466,-3.971882926639705,0.03034755251314408,0.02184915657772214,-0.22715247406902256,-0.19438061127212772,0.00849839593542194
5802.T,2018-06-27,0.0187244999248514,0.5,0.0036913990402362,0.0070136581764488,0.0107050572166851,非鉄金属,27.886705455059104,-4.295714014265794,0.8668308527485348,0.2652556311869254,-0.34345695086055805,0.047189942900798254,0.6015752215616094
6113.T,2018-06-27,0.015629007930666,0.8,0.0048064760941057,0.0015178345560333,0.0063243106501391,機械,26.77267055418769,-4.289565097087192,1.7033141529839257,0.4678993388654294,-1.8148814879331485,-1.1221848059816706,1.2354148141184964
6146.T,2018-06-27,-0.0079789275511031,0.9,0.0078455039227519,0.0006035003017501,0.0084490042245021,機械,26.08445655244501,-3.655020127026876,1.9821419197290557,1.0201839229647558,-2.0596808027875353,-0.5550296470992696,0.9619579967642999
6273.T,2018-06-27,-0.0314383295568421,0.8,0.0064603876232573,0.0013600816048962,0.0078204692281536,機械,28.687889742415667,-3.828896377059825,1.7033141529839257,0.7684658004175366,-1.857117480048411,-0.7228076599000367,0.9348483525663891
6472.T,2018-06-27,0.0319914346921277,0.5,-0.0027180067950169,0.0117780294450736,0.0090600226500566,機械,26.18884853199791,-4.206991982410578,0.8668308527485348,-0.899530029108736,0.932132164178798,-0.39192742077972487,1.766360881857271
6473.T,2018-06-27,0.0218540835221659,0.8,0.0069444444444444,0.0078703703703703,0.0148148148148148,機械,26.96741318402092,-3.9985154066828894,1.7033141529839257,0.8564337741392024,-0.11408508043468674,1.144228241345419,0.8468803788447233
7004.T,2018-06-27,0.0294196873336475,-0.5,0.0017464198393293,0.0122249388753056,0.0139713587146349,機械,25.114270770797763,-4.460794530735071,-1.9214468147027675,-0.08820675534647628,1.0517854767504957,0.9190802556405717,-1.8332400593562912
7012.T,2018-06-27,0.0235817827399468,0.1,0.0,0.0095066803699897,0.0095066803699897,輸送用機器,29.31590998545112,-3.889400352237142,-0.24848021423198619,-0.40558481471635754,0.3240124368788687,-0.27269882557363395,0.15710460048437136
7261.T,2018-06-27,0.0017958244419984,0.8,0.007183908045977,0.003735632183908,0.010919540229885,輸送用機器,29.031010693985056,-4.461396823711326,1.7033141529839257,0.8999516565135384,-1.2210993593011705,0.10444297406574451,0.8033624964703874
7735.T,2018-06-27,-0.0552405566690067,0.8,0.0063694267515923,0.005490885130683,0.0118603118822754,電気機器,27.6775637563075,-3.876026774544377,1.7033141529839257,0.7519354196479747,-0.751156647701113,0.35556789034620295,0.951378733335951
7752.T,2018-06-27,0.018733496661545,0.1,-0.0046398818939154,0.0137087419592955,0.0090688600653801,電気機器,27.344500097192967,-4.246587208952002,-0.24848021423198619,-1.2487936915474058,1.449051549456384,-0.38956840498921846,1.0003134773154196
8795.T,2018-06-27,0.0037347854076818,0.1,-0.0020384391380314,0.0070617355853232,0.0050232964472917,保険業,27.7728528105402,-4.16200105556586,-0.24848021423198619,-0.7760317388766317,-0.33058494404544203,-1.4694710809662404,0.5275515246446455
9432.T,2018-06-27,-0.0189418265482498,0.5,-0.0012907191149354,0.010018438844499,0.0087277197295636,情報・通信業,25.49559133741398,-4.691048776769764,0.8668308527485348,-0.6401480730260716,0.4610281106808039,-0.4806307133125301,1.5069789257746065
1803.T,2018-06-28,0.0154828206324391,-0.2,-0.0022667170381564,0.0109557990177559,0.0086890819795995,建設業,27.51916798114028,-4.218204789948219,-1.084963514467377,-0.8175168361637353,0.7119922707898108,-0.49094448254690914,-0.26744667830364177
1808.T,2018-06-28,0.0192504935886265,0.5,0.0009983361064891,0.0049916805324459,0.0059900166389351,建設業,26.847086480827368,-4.240253489091252,0.8668308527485348,-0.22415651841500675,-0.884811208982321,-1.2114195903880207,1.0909873711635416
1925.T,2018-06-28,0.0381677048873642,0.8,0.005938242280285,0.0033650039588281,0.0093032462391132,建設業,28.52932923669581,-4.307102911457349,1.7033141529839257,0.6735759738537179,-1.320329520634659,-0.3270025229215942,1.0297381791302078
1963.T,2018-06-28,0.0019981170115322,0.5,-0.0007012622720897,0.0039738195418419,0.0032725572697522,建設業,27.092557312144788,-3.8951325174297335,0.8668308527485348,-0.5330256820341597,-1.1573282583541689,-1.936804708920921,1.3998565347826943
2269.T,2018-06-28,-0.0229726163128141,0.5,0.0063959955506117,0.0027808676307007,0.0091768631813125,食料品,26.595343203069604,-4.441939352268219,0.8668308527485348,0.7567637854754061,-1.4767232817097573,-0.3607385891910514,0.11006706727312865
3861.T,2018-06-28,0.0411428530675988,0.2,0.0045428733674048,0.0045428733674048,0.0090857467348097,パルプ・紙,27.33531075629212,-4.039942087369787,0.03034755251314408,0.4199946369370143,-1.004972611652215,-0.38506076125230443,-0.3896470844238702
4208.T,2018-06-28,0.010925449984755,0.5,0.00859151262692,0.0044259307472012,0.0130174433741213,化学,28.74444216726867,-4.195267583264903,0.8668308527485348,1.155756589668336,-1.0362822483294067,0.6644468284784683,-0.28892573691980117
4502.T,2018-06-28,0.0411639179634863,0.6,-0.0065186751233262,0.0179704016913319,0.0114517265680056,医薬品,28.90429146164485,-3.830250342754501,1.1456586194936649,-1.5902280566864733,2.5900471729473855,0.24650215417237403,2.7358866761801384
4661.T,2018-06-28,-0.0269058936540465,0.2,0.0037783375314861,0.0054575986565911,0.0092359361880772,サービス業,26.07225140095962,-4.341443538279081,0.03034755251314408,0.2810550220413235,-0.7600686030538122,-0.344969933916919,-0.2507074695281794
5019.T,2018-06-28,0.1195860439142416,0.8,0.0075395365943361,0.0029422581831555,0.0104817947774917,石油・石炭製品,25.585246431719195,-3.730280400642509,1.7033141529839257,0.9645802732945327,-1.4335133762732832,-0.012406624670677303,0.7387338796893931
5631.T,2018-06-28,0.0197360452887283,0.5,0.0068527918781725,0.0043147208121827,0.0111675126903553,機械,27.67354374494889,-3.948154870071287,0.8668308527485348,0.8397776912405929,-1.066057044329883,0.1706355120926256,0.027053161507941903
5706.T,2018-06-28,0.0379794668599737,0.1,-0.0017769880053309,0.0082185695246557,0.0064415815193247,非鉄金属,28.610959434676182,-3.73089152621085,-0.24848021423198619,-0.7285180475820976,-0.020859967186833656,-1.0908811021216087,0.4800378333501114
6302.T,2018-06-28,0.033515349838924,0.5,-0.0004024144869215,0.0096579476861167,0.0092555331991951,機械,28.45649738131808,-4.241176549413085,0.8668308527485348,-0.4787158717767956,0.36451199726860994,-0.33973880501988507,1.3455467245253303
6367.T,2018-06-28,-0.0001719461928151,0.8,0.0031265031265031,0.0062530062530062,0.0093795093795093,機械,29.004289027564926,-4.095316543506788,1.7033141529839257,0.16259671446536528,-0.5471101212729456,-0.30664521868246963,1.5407174385185605
6479.T,2018-06-28,0.01483070959289,0.8,0.0123101100052383,0.002357255107386,0.0146673651126244,電気機器,27.35133844852436,-3.993979256242181,1.7033141529839257,1.831539807958984,-1.5901391960598905,1.1048687495664544,-0.12822565497505822
6503.T,2018-06-28,0.0117805895463641,0.5,0.0035279025016035,0.0076972418216805,0.0112251443232841,電気機器,28.78316604321361,-4.072012761370971,0.8668308527485348,0.23554329456753198,-0.16043765872042853,0.18601941418786563,0.6312875581810028
6674.T,2018-06-28,0.0353152851827944,0.1,0.001967213114754,0.0075409836065573,0.0095081967213114,電気機器,27.6543426915161,-4.309882675537272,-0.24848021423198619,-0.04808184397171616,-0.20227345763459764,-0.27229405827676023,-0.20039837026027002
6762.T,2018-06-28,0.0097633293570053,0.1,-0.001945181255526,0.0093722369584438,0.0074270557029177,電気機器,25.30174327387964,-3.970907925287385,-0.24848021423198619,-0.7590839207724379,0.2880172251945773,-0.8278235139996319,0.5106037065404517
6857.T,2018-06-28,0.0241860648655416,0.5,0.0064535054268113,0.005866823115283,0.0123203285420944,電気機器,25.458173746813824,-3.6650603582701793,0.8668308527485348,0.7672150941995676,-0.6505048777092228,0.4783624546712806,0.0996157585489672
6952.T,2018-06-28,-0.0013044724084809,0.2,0.0117536436295251,0.006111894687353,0.0178655383168782,電気機器,26.93453105898616,-4.224139107397872,0.03034755251314408,1.730412796886851,-0.5848906314398915,1.958573233675798,-1.700065244373707
6963.T,2018-06-28,0.0468283347880559,0.8,0.0073746312684365,0.0029498525073746,0.0103244837758112,電気機器,26.29683141994592,-3.947521793917288,1.7033141529839257,0.9346119168116651,-1.4314801096020315,-0.05439844279852299,0.7687022361722606
6981.T,2018-06-28,0.039045834417476,0.1,-0.0063761955366631,0.0148777895855472,0.0085015940488841,電気機器,26.842255846055927,-4.308385067606002,-0.24848021423198619,-1.5643351449726874,1.7620465582269107,-0.5409915803573808,1.3158549307407013
7201.T,2018-06-28,-0.003072438079502,0.0,0.0010357327809425,0.0077679958570688,0.0088037286380113,輸送用機器,29.211546720203764,-4.816768348020531,-0.5273079809771164,-0.21736039545670052,-0.14149432448013208,-0.46034127248807744,-0.3099475855204159
7202.T,2018-06-28,0.0099735465134715,0.5,0.0039008719596145,0.0057365764111977,0.0096374483708122,輸送用機器,28.543692890329257,-4.166379948822165,0.8668308527485348,0.30332328659581065,-0.6853764837687809,-0.23779226437435402,0.5635075661527241
7269.T,2018-06-28,-0.0047973781332276,0.5,-0.0004108463434675,0.0115036976170912,0.0110928512736236,輸送用機器,27.47703075051425,-4.111938061604189,0.8668308527485348,-0.48024819877354025,0.8586839222276191,0.15070576401987232,1.347079051522075
7731.T,2018-06-28,0.0385217705413304,0.5,0.0013770311209033,0.0104654365188653,0.0118424676397686,精密機器,27.28507366894655,-4.351627831488122,0.8668308527485348,-0.15533601714654546,0.5807050492990108,0.35080463680404694,1.0221668698950803
7911.T,2018-06-28,0.0055156019250211,0.2,-0.0002752546105147,0.0104596751995595,0.0101844205890448,その他製品,27.816992224997666,-4.481409692841983,0.03034755251314408,-0.45560702137619363,0.5791625422649475,-0.09178621480601783,0.4859545738893377
7912.T,2018-06-28,-0.0207697550635945,0.2,0.0022742779167614,0.0056856947919035,0.007959972708665,その他製品,27.485292576764103,-4.545371570869175,0.03034755251314408,0.0077212503170733335,-0.6989992759627218,-0.6855692931026921,0.022626302196070744
8304.T,2018-06-28,-0.0104032841734712,0.1,0.0047777946306688,0.0031851964204459,0.0079629910511148,銀行業,29.570535082235587,-4.76507381727764,-0.24848021423198619,0.46268703710356474,-1.3684702984688262,-0.6847635917477606,-0.7111672513355509
8316.T,2018-06-28,0.0093051932610841,0.5,-0.0027827648114901,0.0065529622980251,0.003770197486535,銀行業,28.3363222597311,-4.5909606112318775,0.8668308527485348,-0.9112985472703256,-0.4668013786407191,-1.8039670990080003,1.7781294000188603
8331.T,2018-06-28,0.009683752495501,0.5,0.0015494267121165,0.0035120338807974,0.0050614605929139,銀行業,27.250904845535747,-4.121252753988599,0.8668308527485348,-0.12400644967886172,-1.2809644591239806,-1.459283733324612,0.9908373024273965
8354.T,2018-06-28,0.0244163549694256,0.5,0.000555709919422,0.0055570991942206,0.0061128091136426,銀行業,28.480552160901823,-4.118557740706209,0.8668308527485348,-0.30459527495799044,-0.7334288229895292,-1.178641976551082,1.1714261277065252
8601.T,2018-06-28,0.0191538551655123,0.5,-0.0013505908835115,0.0106921778277996,0.0093415869442881,証券、商品先物取引業,27.73299655527488,-4.583955420956822,0.8668308527485348,-0.651028610050332,0.6414116419004421,-0.3167680453491506,1.5178594627988669
8630.T,2018-06-28,-0.0176258433223417,0.1,-0.0036550429714511,0.0068161612170305,0.0031611182455793,保険業,27.146234431272287,-4.188273627157437,-0.24848021423198619,-1.0698182476337113,-0.39633380647976113,-1.9665516890140056,0.8213380334017251
8801.T,2018-06-28,0.0009824767916641,0.4,0.0013976240391334,0.0055904961565338,0.0069881201956673,不動産業,27.39088907146161,-3.991524473871973,0.5880030860034046,-0.15159365217940116,-0.7244872860688781,-0.9449907800739239,0.7395967381828057
8802.T,2018-06-28,-0.0086283809413321,0.6,0.0151272060508824,0.0059592023836809,0.0210864084345633,不動産業,28.619166169593065,-4.039304857055801,1.1456586194936649,2.343492578930973,-0.625771710921893,2.8183363192223516,-1.197833959437308
9005.T,2018-06-28,-0.026230723567739,0.4,0.0060415659739004,0.0060415659739004,0.0120831319478008,陸運業,28.527098926147303,-4.441554412467704,0.5880030860034046,0.6923530586234247,-0.6037200920962505,0.4150463728860359,-0.1043499726200201
9007.T,2018-06-28,-0.015165540232524,0.4,0.0082662144976685,0.0055108096651123,0.0137770241627808,陸運業,28.205473692354783,-4.597480556979017,0.5880030860034046,1.096639940479248,-0.7458221517503856,0.8672055547599065,-0.5086368544758434
9008.T,2018-06-28,-0.01511805973791,0.5,0.0090429540316503,0.0028259231348907,0.011868877166541,陸運業,28.88464375148999,-4.471906260101723,0.8668308527485348,1.23779734168335,-1.4646603446553232,0.357854264822572,-0.3709664889348153
9009.T,2018-06-28,-0.0222680463941396,0.2,0.0148640101201771,0.0009487666034155,0.0158127767235926,陸運業,26.8118513567866,-4.3146581332677965,0.03034755251314408,2.2956618043141557,-1.9672409169426601,1.4106192408575007,-2.2653142518010116
9501.T,2018-06-28,0.0138365871234921,0.5,0.0075823855351414,0.0052493438320209,0.0128317293671624,電気・ガス業,27.443752267845504,-3.767655286463212,0.8668308527485348,0.9723672403070374,-0.8158257160910704,0.6148732530724049,-0.10553638755850259
9502.T,2018-06-28,-0.0029343450299219,0.2,0.0,0.0056573275862068,0.0056573275862068,電気・ガス業,27.85835427855185,-4.286829541525961,0.03034755251314408,-0.40558481471635754,-0.7065941708125594,-1.3002259551435238,0.4359323672295016
9503.T,2018-06-28,0.0081311390178372,0.5,0.0011210762331838,0.0047645739910313,0.0058856502242152,電気・ガス業,28.0415435461976,-4.019508593862565,0.8668308527485348,-0.20185087212085007,-0.9456155871151605,-1.2392786432117662,1.0686817248693847
9531.T,2018-06-28,0.0145819851287149,0.5,-0.0009177118384827,0.0076475986540226,0.0067298868155399,電気・ガス業,29.626062554024813,-4.567509067349599,0.8668308527485348,-0.5723612082267875,-0.17372887402044213,-1.0139223170739375,1.4391920609753224
9766.T,2018-06-28,-0.0320320150261899,0.5,0.006133924007497,0.0022150281138183,0.0083489521213153,情報・通信業,27.40699592608528,-4.003476576548348,0.8668308527485348,0.7091373465764088,-1.6282183453601293,-0.581737059012275,0.15769350617212596
1801.T,2018-06-29,0.0022298111545488,0.5,0.0039597928723728,0.0021321961620469,0.0060919890344197,建設業,29.572211965817345,-4.328822946633651,0.8668308527485348,0.31403102394876753,-1.650395360982919,-1.1841995851785514,0.5527998287997673
4063.T,2018-06-29,0.0299401574833028,0.9,0.0085918854415274,0.0019093078758949,0.0105011933174224,化学,27.472302599293663,-4.063242013278321,1.9821419197290557,1.1558243415192582,-1.710070364389472,-0.00722847468743517,0.8263175782097976
4901.T,2018-06-29,0.0389099163198972,0.5,0.0039615166949632,0.0056593095642331,0.0096208262591963,化学,27.332737299059847,-4.367101988857564,0.8668308527485348,0.31434429539479575,-0.7060635258535395,-0.24222928836135552,0.552486557353739
5233.T,2018-06-29,-0.0037080534790382,0.2,0.0006702412868632,0.0060321715817694,0.0067024128686327,ガラス・土石製品,29.137713091712293,-4.191978313101615,0.03034755251314408,-0.2837814120386212,-0.6062353000154213,-1.021256076121028,0.31412896455176526
5803.T,2018-06-29,0.0284444443229803,0.5,0.0067024128686327,0.0067024128686327,0.0134048257372654,非鉄金属,26.262206745695508,-3.8572728054863097,0.8668308527485348,0.812449212061133,-0.4267882246787481,0.7678527540991082,0.05438164068740181
6501.T,2018-06-29,0.0154669488582691,0.5,0.0047318611987381,0.0113915177006659,0.0161233788994041,電気機器,28.96017209442375,-4.142596964016617,0.8668308527485348,0.45433952343127226,0.8286494282198842,1.4935298442956484,0.4124913293172625
6752.T,2018-06-29,0.0093612241373942,0.8,0.0019136139967195,0.0054674685620557,0.0073810825587752,電気機器,28.92947684584201,-4.097500360224456,1.7033141529839257,-0.05782244796775175,-0.7574260835549602,-0.8400953569538707,1.7611366009516776
6954.T,2018-06-29,-0.004074102295354,0.8,0.0100541376643464,0.0015467904098994,0.0116009280742459,電気機器,27.68368576753696,-3.937080054703866,1.7033141529839257,1.4215604276174432,-1.8071289913442483,0.28632926383103646,0.2817537253664826
6976.T,2018-06-29,0.0962145251272753,0.5,0.0120240480961923,0.00250501002004,0.0145290581162324,電気機器,26.644549085752782,-3.693278554683381,0.8668308527485348,1.7795535836227268,-1.5505800291418528,1.0679497663023525,-0.912722730874192
7974.T,2018-06-29,0.0240578204804371,0.8,0.0039271688682613,0.003213138164941,0.0071403070332024,その他製品,26.963233213492995,-3.871357997298488,1.7033141529839257,0.3081022416018151,-1.3609893144892866,-0.9043667808942268,1.3952119113821106
8309.T,2018-06-29,-0.0072073650585487,0.2,-0.0027190332326283,0.0077039274924471,0.0049848942598187,銀行業,29.779756300409108,-4.588486276128447,0.03034755251314408,-0.8997165643105438,-0.15864767041435918,-1.4797219703182314,0.9300641168236878
8830.T,2018-06-29,-0.025276131391862,0.8,0.0169587337478801,0.0036743923120407,0.0206331260599208,不動産業,27.60401756173989,-4.344670910841635,1.7033141529839257,2.676337346875522,-1.2374954186248346,2.697339371563189,-0.9730231938915961
9202.T,2018-06-29,-0.0268370733892522,0.7,0.0065260282288662,0.0031871300652602,0.0097131582941265,空運業,30.29186330654716,-4.60263860490239,1.4244863862387953,0.780394712100089,-1.3679525940040804,-0.21758263315768794,0.6440916741387063
9532.T,2018-06-29,-0.0027756635720275,-0.1,0.0023574796399485,0.0060008572653236,0.0083583369052721,電気・ガス業,29.19466521564524,-4.523252105192548,-0.8061357477222468,0.022841555782392015,-0.6146192396689509,-0.5792319313551296,-0.8289773035046388
6920.T,2018-09-27,0.0161097185660262,0.5,0.0056970509383378,0.0030160857908847,0.0087131367292225,電気機器,24.472483024669472,-3.3533757132467388,0.8668308527485348,0.6297441080445103,-1.4137471390304108,-0.48452342705499,0.23708674470402447
9983.T,2018-11-30,-0.016107597011905,0.5,0.0048012291146533,0.0088342615709621,0.0136354906856155,小売業,28.367002449298177,-3.902347341276022,0.8668308527485348,0.4669458017384141,0.14398236524362007,0.8294253107296913,0.3998850510101207
4751.T,2018-12-19,0.0046288987427433,0.2,0.0058365758754863,0.0043774319066147,0.0102140077821011,サービス業,25.03211197091462,-3.4443197270231103,0.03034755251314408,0.6551000693023151,-1.0492670871793028,-0.0838883563189366,-0.6247525167891711
4151.T,2019-03-14,0.0218476497849047,0.2,0.0091443500979751,0.0070215545395166,0.0161659046374918,医薬品,27.92177983634145,-3.9264112228042425,0.03034755251314408,1.256224117440927,-0.34134281780715475,1.5048814537854789,-1.225876564927783
5108.T,2019-03-22,-0.0114203092018616,0.1,0.0011604293588627,0.0089933275311865,0.0101537568900493,ゴム製品,28.19330426671517,-4.250455843970383,-0.24848021423198619,-0.194699201957217,0.18656989589466735,-0.09997143044631515,-0.0537810122747692
6326.T,2019-03-22,0.0206937758444785,0.2,0.0017929179740026,0.0085163603765127,0.0103092783505154,機械,28.33026342365376,-3.776153038267212,0.03034755251314408,-0.07975661786258303,0.0588690773753738,-0.05845730356958737,0.11010417037572712
4452.T,2019-03-26,-0.0106065634654856,0.3,0.0062255425115617,0.0058697972251867,0.0120953397367484,化学,29.11191995335716,-3.908172358722772,0.30917531925827424,0.7257872393270506,-0.6497086042858913,0.4183050594861753,-0.41661192006877634
4704.T,2019-03-26,0.0220288953307591,0.2,-0.0027124773960216,0.011754068716094,0.0090415913200723,情報・通信業,27.31180401450703,-3.673046109763844,0.03034755251314408,-0.8985251676870496,0.9257170375332189,-0.39684738853968454,0.9288727202001936
4911.T,2019-03-26,0.0190125224481902,0.57,0.0046768707482993,0.0075113378684807,0.01218820861678,化学,28.78777651864537,-3.709535650903175,1.0620102894701258,0.44434607165575607,-0.2102106603977093,0.44309501745709984,0.6176642178143696
2502.T,2019-03-27,0.0263217559915078,0.5,0.013342456380431,0.0070133424563804,0.0203557988368114,食料品,27.39327745568353,-4.048675869467202,0.8668308527485348,2.0191488134098265,-0.343541480184564,2.623311018871351,-1.1523179606612919
3405.T,2019-03-27,-0.0126106802860184,-0.2,-0.0004163197335553,0.0041631973355537,0.0037468776019983,化学,27.03558617337435,-3.881757341435962,-1.084963514467377,-0.4812428816585603,-1.106625187860952,-1.8101919932605735,-0.6037206328088167
3659.T,2019-03-27,0.0256799963869712,0.5,0.0041481481481481,0.0109629629629629,0.0151111111111111,情報・通信業,27.34212720549764,-3.4586137435759348,0.8668308527485348,0.34826095569335963,0.7139103099205912,1.2233201042991515,0.5185698970551751
8804.T,2019-03-27,0.0366029117644151,0.5,0.0155122655122655,0.0043290043290043,0.0198412698412698,不動産業,27.09720337675495,-3.9063255566281545,0.8668308527485348,2.4134696954545194,-1.0622328464336988,2.4859652021676464,-1.5466388427059847
2503.T,2019-03-28,0.01870737336262,0.2,0.0073288331726133,0.0098360655737704,0.0171648987463838,食料品,28.547244845558104,-3.9070263934271097,0.03034755251314408,0.9262889978617835,0.4122003964034751,1.7715479836737198,-0.8959414453486395
3436.T,2019-03-28,-0.0167454460175062,0.5,-0.0014705882352941,0.0106617647058823,0.0091911764705882,金属製品,26.48552363215164,-3.3938008596524027,0.8668308527485348,-0.6728358100034159,0.6332689835968058,-0.35691787078194026,1.5396666627519506
4004.T,2019-03-28,0.0479562687271647,0.5,0.0042087542087542,0.0064534231200897,0.0106621773288439,化学,29.374810125437666,-3.401347380756733,0.8668308527485348,0.35927493610519723,-0.4934515040687089,0.03574379843324794,0.5075559166433375
4324.T,2019-03-28,0.0013826064911841,0.1,0.0009174311926605,0.0126146788990825,0.0135321100917431,サービス業,27.93094702574943,-3.678847920335965,-0.24848021423198619,-0.2388594231611357,1.1561325362038393,0.8018294080308105,-0.009620791070850482
4519.T,2019-03-28,0.0126685882248562,0.5,0.009234320892651,0.0063485956136975,0.0155829165063485,医薬品,27.976222297335514,-4.034573199372778,0.8668308527485348,1.272574570849181,-0.5215175003085873,1.3492614951548503,-0.40574371810064613
4755.T,2019-03-28,-0.0545930557046166,0.5,0.008615948670944,0.0082493125572868,0.0168652612282309,サービス業,27.94179136220545,-3.7716416818529575,0.8668308527485348,1.160197368487015,-0.01262898022622867,1.6915642315385035,-0.29336651573848027
5101.T,2019-03-28,0.0120232823822125,0.0,0.0096899224806201,0.0106589147286821,0.0203488372093023,ゴム製品,27.26736664595145,-3.836080317378656,-0.5273079809771164,1.3553713557797737,0.6325059448473644,2.621452716571365,-1.8826793367568901
5201.T,2019-03-28,0.0351437352223587,0.2,0.0024390243902439,0.0056910569105691,0.008130081300813,ガラス・土石製品,29.13720274170576,-4.135780557283071,0.03034755251314408,0.03766073844267076,-0.6975636489265938,-0.640161349683893,-0.007313185929526681
5301.T,2019-03-28,0.021988410965898,0.8,0.0064494229463679,0.0020366598778004,0.0084860828241683,ガラス・土石製品,26.45100009721103,-3.332948767345452,1.7033141529839257,0.7664731822655854,-1.6759737715233964,-0.5451320697080803,0.9368409707183404
6723.T,2019-03-28,0.0312381929777207,-0.2,0.0012295081967213,0.0096311475409836,0.0108606557377049,電気機器,27.46287682666279,-3.1614897961861192,-1.084963514467377,-0.18214545800094756,0.3573366594358122,0.0887246399393154,-0.9028180564664294
7272.T,2019-03-28,0.02453977901847,0.0,-0.0008828722778104,0.0126545026486168,0.0117716303708063,輸送用機器,26.24295526484248,-3.7440044863427335,-0.5273079809771164,-0.5660297912865629,1.1667947492350814,0.331895687759405,0.03872181030944655
7751.T,2019-03-28,0.0180086477179448,0.2,0.0007208073041806,0.0074483421432003,0.008169149447381,電気機器,29.083113604983804,-4.499980206451424,0.03034755251314408,-0.2745920154886922,-0.22707682319884695,-0.6297326925159256,0.3049395680018363
2501.T,2019-03-29,-0.0265146634904317,-0.1,0.0071656050955414,0.0063694267515923,0.0135350318471337,食料品,25.97263231613554,-4.01071912774264,-0.8061357477222468,0.8966254489435277,-0.5159402748460218,0.8026093269154752,-1.7027611966657745
4578.T,2019-03-29,-0.0177817026061186,0.1,0.0011978097193702,0.0111225188227241,0.0123203285420944,医薬品,28.517276096352163,-3.920819610234691,-0.24848021423198619,-0.18790604374334038,0.7566290038419572,0.4783624546712806,-0.0605741704886458
5214.T,2019-03-29,0.0503523992298411,0.0,0.0030721966205837,0.0076804915514592,0.010752688172043,ガラス・土石製品,28.00980245571734,-3.828902944451418,-0.5273079809771164,0.15272755639025004,-0.16492229292787686,0.05990431375393624,-0.6800355373673664
6361.T,2019-03-29,0.050722471998658,-0.2,-0.0041741204531902,0.0115285231564301,0.0073544027032399,機械,26.39410040161784,-3.8564721435299374,-1.084963514467377,-1.164150549699307,0.8653305889062266,-0.8472171451908495,0.07918703523192994
1928.T,2019-04-26,0.000517838284742,0.1,0.0039564787339268,0.0065281899109792,0.010484668644906,建設業,27.85745836803254,-4.860292828181894,-0.24848021423198619,0.3134287433259829,-0.4734338145882251,-0.011639488764760952,-0.5619089575579691
9843.T,2019-05-17,-0.0351056699611026,0.8,0.0009526077637532,0.0054774946415813,0.0064301024053346,小売業,26.39826324941821,-4.200535200452536,1.7033141529839257,-0.2324667610891248,-0.7547417507882015,-1.093945279844665,1.9357809140730506
7453.T,2019-05-23,-0.0003902552094506,0.5,0.0027662517289073,0.0072614107883817,0.010027662517289,小売業,24.0390693690794,-3.759634425274454,0.8668308527485348,0.09712798416386316,-0.27712489628593706,-0.13363043656369636,0.7697028685846716
8233.T,2019-05-23,0.0420120615860696,-0.2,0.0094652153336488,0.0016564126833885,0.0111216280170373,小売業,26.08934388414598,-4.379718860656762,-1.084963514467377,1.3145351738799607,-1.7777792679611408,0.15838728510123962,-2.3994986883473377
9602.T,2019-05-23,-0.0082528365200394,0.0,-0.0032286995515695,0.0093273542600896,0.0060986547085201,情報・通信業,25.88916157651504,-4.298685221871768,-0.5273079809771164,-0.9923385693914473,0.27600055431688175,-1.182420283212806,0.46503058841433087
3382.T,2019-05-24,0.0149323599911895,0.5,0.0112965340179717,0.0038510911424903,0.0151476251604621,小売業,27.745817139547786,-4.166321509491668,0.8668308527485348,1.6473419578096595,-1.190186950822166,1.2330669834308001,-0.7805111050611248
3086.T,2019-05-27,-0.0145751979176594,-0.2,0.0122254059216809,0.0070678127984718,0.0192932187201528,小売業,26.47681620990088,-4.018070954211195,-1.084963514467377,1.8161464775267802,-0.32895786116187714,2.339671155617438,-2.901109991994157
6506.T,2019-05-29,0.0079515193447804,0.2,0.0026486168334314,0.003825779870512,0.0064743967039434,電気機器,27.404579582244075,-3.481919244123753,0.03034755251314408,0.07575011499429508,-1.196963665146665,-1.0821215795858687,-0.045402562481151
6532.T,2019-05-30,-0.0092915891770119,0.5,0.0056907378335949,0.0056907378335949,0.0113814756671899,サービス業,19.3533761798518,-3.3413926542915093,0.8668308527485348,0.6285968232469041,-0.6976490770118965,0.22774972733091534,0.23823402950163064
8267.T,2019-05-30,-0.0294988347155038,0.5,0.0071499833721316,0.0051546391752577,0.0123046225473894,小売業,27.028752988579846,-4.22665623660745,0.8668308527485348,0.8937865025755574,-0.8411814708170335,0.4741699743862159,-0.026955649827022587
7741.T,2019-06-07,0.0303969251429442,0.8,0.0109458321639068,0.003087285994948,0.0140331181588548,精密機器,28.817116259389824,-4.153873645305551,1.7033141529839257,1.5836086725171135,-1.3946843498036718,0.9355660151974657,0.11970548046681229
8697.T,2019-06-12,0.0106825311874295,-0.1,-0.0034504391468005,0.0144291091593475,0.010978670012547,その他金融業,26.194472584765407,-4.249063407516188,-0.8061357477222468,-1.032635456105071,1.6419190879853323,0.12022678481614991,0.22649970838282418
4568.T,2019-06-17,-0.0017091743200983,0.1,0.0036196911196911,0.0086872586872586,0.0123069498069498,医薬品,27.995665160766023,-3.5396252845800107,-0.24848021423198619,0.25222410225468783,0.10462454282401985,0.4747912015041707,-0.500704316486674
4689.T,2019-06-17,0.039531007300643,-0.2,0.0095108695652173,0.0095108695652173,0.0190217391304347,情報・通信業,28.18642987815692,-4.0037895813132245,-1.084963514467377,1.322831948281469,0.32513403121562645,2.267203741164011,-2.407795462748846
6301.T,2019-06-17,0.0277737066810571,0.8,0.0007426661715558,0.0066839955440029,0.0074266617155588,機械,28.490478947565688,-3.872288729960385,1.7033141529839257,-0.27061958872662056,-0.4317191877589407,-0.8279286830300422,1.9739337417105463
6861.T,2019-06-17,0.0141059764035556,0.5,0.0083932853717026,0.0053956834532374,0.01378896882494,電気機器,28.264375289565766,-4.22627414102559,0.8668308527485348,1.1197326164184227,-0.7766454722775712,0.8703940036009253,-0.2529017636698879
4503.T,2019-06-18,0.0068387937268209,0.5,0.0037115588547189,0.0098091198303287,0.0135206786850477,医薬品,28.83088950475335,-4.112143321102219,0.8668308527485348,0.2689192879169322,0.40498607680222415,0.7987779650562526,0.5979115648316026
4507.T,2019-06-18,-0.0122834379764038,0.8,0.0014641288433382,0.0069546120058565,0.0084187408491947,医薬品,27.30666034770374,-4.148594232824815,1.7033141529839257,-0.13950768910113048,-0.3592656794935042,-0.5631080023208843,1.8428218420850562
6758.T,2019-06-18,0.0671704574523831,0.1,-0.0072373466257668,0.013611963190184,0.0063746165644171,電気機器,27.9052582239873,-3.664519717036655,-0.24848021423198619,-1.7208327152184282,1.4231404821853462,-1.108756394868968,1.472352500986442
8035.T,2019-06-18,-0.0275794740434561,0.6,0.008272506082725,0.0031630170316301,0.0114355231143552,電気機器,27.468585756198145,-3.887995575863548,1.1456586194936649,1.0977833144896803,-1.3744084979408053,0.24217688466507992,0.047875305003984625
4902.T,2019-06-19,0.0448239624788307,0.5,0.0033188664794485,0.0074036252233852,0.0107224917028338,電気機器,27.00495088197641,-4.245611532249262,0.8668308527485348,0.1975550367867271,-0.23904910935334173,0.0518438181141519,0.6692758159618077
6501.T,2019-06-19,-0.0261488385863814,0.1,-0.0012984603969578,0.0157670191059172,0.0144685587089593,電気機器,28.975156563782857,-3.987175420646059,-0.24848021423198619,-0.6415549014472649,2.0001244562331766,1.051800354755065,0.3930746872152787
6594.T,2019-06-19,0.003501797291765,-0.1,0.0,0.0073728558531447,0.0073728558531447,電気機器,27.67627093475037,-4.208225052056879,-0.8061357477222468,-0.40558481471635754,-0.24728714781475788,-0.8422913529295935,-0.4005509330058893
6645.T,2019-06-19,0.0119128177924142,-0.1,0.0035578747628083,0.0059297912713472,0.0094876660341555,電気機器,27.80974370419761,-3.433167877707038,-0.8061357477222468,0.24099017388136287,-0.6336460961531883,-0.2777744180219814,-1.0471259216036097
7205.T,2019-06-19,0.0317626945950386,0.5,0.0031094527363184,0.0043532338308457,0.0074626865671641,輸送用機器,26.96931996538376,-4.091533488069415,0.8668308527485348,0.1594981355174774,-1.055745759876182,-0.8183123879169718,0.7073327172310574
7267.T,2019-06-19,0.0057684725741898,0.1,-0.0037515910765726,0.0125946271856367,0.0088430361090641,輸送用機器,28.16467884715648,-4.248326095168296,-0.24848021423198619,-1.0873640001207359,1.1507639899744992,-0.4498487312297928,0.8388837858887497
9101.T,2019-06-19,0.041952778713214,-0.2,-0.0027221466070386,0.0106941473847948,0.0079720007777561,海運業,27.543933136004988,-4.307378783294109,-1.084963514467377,-0.9002823599492445,0.6419389613142482,-0.682358580029181,-0.1846811545181325
9201.T,2019-06-19,-0.0259678278474563,0.4,0.0043309272626318,0.005552470849528,0.0098833981121599,空運業,27.86875836965382,-4.579519267593575,0.5880030860034046,0.38147752787251016,-0.7346679930242848,-0.17213966095225333,0.2065255581308944
9984.T,2019-06-19,0.0145557329807279,0.5,-0.0020854574103253,0.0095467605894892,0.0074613031791639,情報・通信業,28.06172898943194,-3.777540562486316,0.8668308527485348,-0.7845764013223432,0.33474331590557965,-0.8186816626446393,1.651407254070878
2768.T,2019-06-20,0.0044800827481998,0.2,-0.0022550739163117,0.0122776246554748,0.0100225507391631,卸売業,28.41783240601445,-4.447217208198094,0.03034755251314408,-0.815400923750889,1.0658913060219803,-0.13499494924926567,0.845748476264033
3401.T,2019-06-20,0.0031231239802599,0.1,0.0043113228953936,0.0070342636714318,0.0113455865668255,繊維製品,28.186641984532063,-4.575671474917811,-0.24848021423198619,0.37791481294617035,-0.3379401379111971,0.21816966898042067,-0.6263950271781565
4061.T,2019-06-20,0.0083362969759599,0.5,0.0035912504080966,0.0052236369572314,0.0088148873653281,化学,28.022660645780217,-4.057039209994294,0.8668308527485348,0.24705555248808225,-0.8227083471486265,-0.4573626171936629,0.6197753002604525
4506.T,2019-06-20,0.0077841488695971,-0.2,-0.0004941932295527,0.0160612799604645,0.0155670867309117,医薬品,27.446152036953723,-3.858052964249408,-1.084963514467377,-0.49539488479057625,2.0789083968371718,1.3450359734555046,-0.5895686296768008
4523.T,2019-06-20,0.0101754629363357,0.8,0.010214250124564,0.0059790732436472,0.0161933233682112,医薬品,28.277753560454364,-3.398507582167544,1.7033141529839257,1.4506577733761326,-0.6204515855054704,1.51220047369741,0.2526563796077932
5406.T,2019-06-20,0.028707269836529,-0.2,-0.0048151001540832,0.0119414483821263,0.0071263482280431,鉄鋼,28.55583552344731,-3.935178566293134,-1.084963514467377,-1.280636224554578,0.9758851392394284,-0.9080928750724448,0.19567271008720089
6098.T,2019-06-20,0.0093207907133883,0.5,0.0092967818831942,0.0057210965435041,0.0150178784266984,サービス業,28.33182185100172,-4.024214227541175,0.8668308527485348,1.2839256489338953,-0.6895209867092297,1.1984330341921268,-0.4170947961853605
6178.T,2019-06-20,0.0087622000635214,0.1,0.0011985985616817,0.0082057901530518,0.0094043887147335,サービス業,25.92699776100458,-4.775826370193424,-0.24848021423198619,-0.18776268689618678,-0.02428145270840231,-0.3000040524021981,-0.06071752733579941
7013.T,2019-06-20,0.0082282625541188,0.1,0.0002039151712887,0.0089722675367047,0.0091761827079934,機械,27.08790218169995,-3.7629148850100105,-0.24848021423198619,-0.36852717262925255,0.18093139750545045,-0.360920231361982,0.12004695839726637
7186.T,2019-06-20,0.0072223124296639,-0.5,-0.0018050541516245,0.0063176895306859,0.0045126353790613,銀行業,26.977473161492195,-4.062555626833943,-1.9214468147027675,-0.7336185273430667,-0.5297921415687508,-1.6057844123482026,-1.1878282873597008
8031.T,2019-06-20,0.0133440821520779,0.1,-0.0075461343211909,0.0137202442203471,0.0061741098991562,卸売業,28.091022526534346,-4.393506770953443,-0.24848021423198619,-1.7769489120938804,1.4521311077377426,-1.1622786490731398,1.5284686978618942
8252.T,2019-06-20,-0.0507148982699254,0.8,0.0111648678823967,0.0014886490509862,0.0126535169333829,小売業,27.173479997201444,-4.092375528799979,1.7033141529839257,1.623414181880606,-1.8226954701893536,0.5673021103840603,0.0798999711033197
8253.T,2019-06-20,0.0124636473444598,0.1,0.0050701368936961,0.0067601825249281,0.0118303194186243,その他金融業,26.16194045582008,-3.6965634003742727,-0.24848021423198619,0.5158145944193568,-0.4113212636475505,0.3475618509377137,-0.764294808651343
9433.T,2019-06-20,0.0006398542505337,0.5,0.0020900097533788,0.0066880312108123,0.0087780409641911,情報・通信業,27.857860099115683,-4.274591498202992,0.8668308527485348,-0.025765927726255387,-0.4306386983588185,-0.4671982126617602,0.8925967804747902
4005.T,2019-06-21,0.0152971136390943,-0.1,0.0056903264450434,0.011979634621144,0.0176699610661874,化学,27.41765170172848,-4.203967740953208,-0.8061357477222468,0.6285220613270142,0.9861089333328996,1.9063668129345954,-1.434657809049261
5333.T,2019-06-21,0.0223536780798694,0.0,-0.0048130322102924,0.0159200296186597,0.0111069974083672,ガラス・土石製品,26.94020541511622,-4.306922997198363,-0.5273079809771164,-1.2802604157299013,2.041090731432225,0.1544818630276944,0.752952434752785
5411.T,2019-06-21,0.0506995115397107,0.2,0.0126284246575342,0.0062071917808219,0.0188356164383561,鉄鋼,27.575756282251177,-4.225091817919218,0.03034755251314408,1.889387345154547,-0.5593762606509616,2.2175210733802078,-1.859039792641403
5711.T,2019-06-21,0.0373297295779098,-0.5,-0.0095238095238095,0.0181259600614439,0.0086021505376344,非鉄金属,29.01168928888575,-4.279576727241023,-1.9214468147027675,-2.1363531651468466,2.631695598832005,-0.5141495302650838,0.21490635044407913
5802.T,2019-06-21,0.006147197677512,-0.1,0.0047393364928909,0.0065621582209259,0.0113014947138169,非鉄金属,27.71981903372836,-4.371738704833451,-0.8061357477222468,0.4556980136969038,-0.4643393078881206,0.20640000854549947,-1.2618337614191506
6103.T,2019-06-21,0.011531095852995,0.5,0.0035110818520956,0.0092165898617511,0.0127276717138468,機械,26.83951303183517,-3.8562068033803,0.8668308527485348,0.23248646654832644,0.24634504409564398,0.5870966194856854,0.6343443862002083
6770.T,2019-06-21,-0.0018404507452337,-0.2,-0.0043512658227848,0.0126582278481012,0.0083069620253164,電気機器,26.503143845579405,-3.878822890285468,-1.084963514467377,-1.19634329760687,1.167792115654643,-0.5929456868610619,0.11137978313949293
6988.T,2019-06-21,0.0364678629213072,-0.5,0.0,0.0137724550898203,0.0137724550898203,化学,25.929147959032083,-3.880377534978578,-1.9214468147027675,-0.40558481471635754,1.4661097867767459,0.8659859090979974,-1.5158619999864098
7203.T,2019-06-21,-0.0188784070946175,0.1,-0.0014872257927444,0.0107823869973973,0.0092951612046528,輸送用機器,29.15080327180792,-4.58342293788027,-0.24848021423198619,-0.6758593645790779,0.6655637972065038,-0.3291607018982183,0.42737915034709173
7211.T,2019-06-21,0.0357280421788973,0.5,-0.0003126954346466,0.0090681676047529,0.0087554721701063,輸送用機器,26.927382053563186,-3.6842339904699615,0.8668308527485348,-0.4624111676854539,0.20660720571531885,-0.4732226145564125,1.3292420204339888
8001.T,2019-06-21,0.0159574967269535,0.5,-0.0031260854463355,0.0094650920458492,0.0063390065995137,卸売業,27.25865396430319,-4.595489533665989,0.8668308527485348,-0.9736904385985385,0.3128777854012012,-1.1182619421847215,1.8405212913470734
8002.T,2019-06-21,0.0293853900119286,0.2,-0.0078413284132841,0.0164514145141451,0.008610086100861,卸売業,27.866954541783063,-4.245918687323339,0.03034755251314408,-1.8305947342359228,2.1833610857686434,-0.5120312503978551,1.8609422867490668
8053.T,2019-06-21,-0.0022596367392028,0.5,-0.0002693481774106,0.0100556652899982,0.0097863171125875,卸売業,28.330570416333305,-4.428518020089174,0.8668308527485348,-0.45453364129074,0.47099493442166057,-0.1980539812106248,1.3213644940392748
8058.T,2019-06-21,-0.0022388299979441,0.2,-0.0035515454021885,0.0112305624880015,0.007679017085813,卸売業,28.079098613749576,-4.3337903476153175,0.03034755251314408,-1.0510095643249608,0.7855560784980402,-0.7605661928157732,1.0813571168381049
8766.T,2019-06-21,-0.0150828794615818,0.1,-0.0048636276940682,0.007343124165554,0.0024794964714857,保険業,27.94092249695459,-4.449035505969017,-0.24848021423198619,-1.2894551672392582,-0.255247362274156,-2.148500422821261,1.040974953007272
9001.T,2019-06-21,-0.000794670122243,0.1,0.0048761458942851,0.0076067875950848,0.01248293348937,陸運業,28.84487698151837,-4.371166974969001,-0.24848021423198619,0.4805604788042182,-0.1846554243707706,0.521767412364912,-0.7290406930362043
9020.T,2019-06-21,-0.0163487312735985,0.5,0.004594004823705,0.0047088549442976,0.0093028597680027,陸運業,27.912764942830965,-4.4211028504596,0.8668308527485348,0.42928679109597373,-0.9605335281207092,-0.3271056856019564,0.43754406165256104
9021.T,2019-06-21,-0.0129047052504774,0.2,0.0024703557312252,0.0090167984189723,0.0114871541501976,陸運業,27.464863282466805,-4.458133376742337,0.03034755251314408,0.04335460424410372,0.19285387489039316,0.25595901715222624,-0.013007051730959642
9022.T,2019-06-21,-0.0236754214448413,0.8,0.0052707235265931,0.0062290368950646,0.0114997604216578,陸運業,27.54561789970041,-4.181814520984421,1.7033141529839257,0.5522673389717992,-0.5535275581939798,0.25932407269679714,1.1510468140121266
9064.T,2019-06-21,0.0014485096476674,0.3,0.0011497189575881,0.0099642309657639,0.011113949923352,陸運業,27.584950025226064,-3.8989075414474463,0.30917531925827424,-0.19664561042959822,0.4465147622943704,0.15633773287566485,0.5058209296878724
9107.T,2019-06-21,0.0987912799354479,-0.6,-0.0052514643506362,0.0131286608765905,0.0078771965259543,海運業,25.596804196477954,-3.441804934254709,-2.200274581447898,-1.359936985323349,1.2937435196620723,-0.7076651565361004,-0.8403375961245492
9503.T,2019-06-21,0.0124041932198427,-0.2,-0.0005253480430785,0.0052534804307853,0.0047281323877068,電気・ガス業,27.768694873039923,-3.925928490410055,-1.084963514467377,-0.5010566701380482,-0.8147182036703019,-1.548260710270992,-0.5839068443293288
2432.T,2019-06-24,-0.0427259046299587,-0.2,0.0024052916416115,0.0123271196632591,0.0147324113048707,サービス業,26.473575946028483,-3.759695188134824,-1.084963514467377,0.03153046320354232,1.0791428537328422,1.1222318573309265,-1.1164939776709193
4043.T,2019-06-24,0.082439558561865,0.1,0.0034512510785159,0.0069025021570319,0.0103537532355478,化学,26.004713751031943,-3.87216520174097,-0.24848021423198619,0.22161337957250712,-0.373217311765477,-0.04658539846704092,-0.47009359380449334
4543.T,2019-06-24,-0.0014555632847167,0.0,0.0115194733955019,0.0082281952825013,0.0197476686780032,精密機器,27.135929067771453,-4.059446635366946,-0.5273079809771164,1.687856881772524,-0.01828281455964178,2.46097977214395,-2.2151648627496403
6701.T,2019-06-24,-0.0180307817029845,0.0,0.0031486146095717,0.0100755667506297,0.0132241813602015,電気機器,28.37267975420384,-4.174495539679748,-0.5273079809771164,0.16661504924836756,0.4763232527082945,0.71963244053902,-0.693923030225484
6702.T,2019-06-24,-0.0002915194474746,-0.25,0.0047300312360553,0.0094600624721106,0.0141900937081659,電気機器,28.078070685333447,-4.152901277672248,-1.2243773978399421,0.45400696307441707,0.311531192293209,0.9774682893345168,-1.6783843609143592
7270.T,2019-06-24,-0.0209629387779972,-0.5,-0.0037420840529648,0.0109383995394358,0.0071963154864709,輸送用機器,28.31543306141985,-4.017450232601597,-1.9214468147027675,-1.0856362822861825,0.7073338208283977,-0.8894161623224278,-0.835810532416585
7832.T,2019-06-24,-0.0242890090091894,0.8,0.0125562662876095,0.0011845534233593,0.0137408197109689,その他製品,26.67982833204513,-4.130734669451655,1.7033141529839257,1.876273955751693,-1.904112524121823,0.8575413180589578,-0.17295980276776723
8411.T,2019-06-24,0.020825173132985,-0.5,-0.0013464613313136,0.0076579988218463,0.0063115374905326,銀行業,31.2703282350597,-4.899074781210791,-1.9214468147027675,-0.6502781437345465,-0.1709443847095737,-1.1255944098198274,-1.2711686709682208
8725.T,2019-06-24,-0.0151213755505208,0.2,-0.0032912781130005,0.006582556226001,0.0032912781130005,保険業,27.304053820616883,-4.644957408141141,0.03034755251314408,-1.003711013713173,-0.45887804725680437,-1.9318074599269879,1.034058566226317
9202.T,2019-06-24,-0.0085791785269387,0.3,0.007687165775401,0.0038435828877005,0.0115307486631016,空運業,30.151462182303,-4.689822640726063,0.30917531925827424,0.9914090242841783,-1.192197173691631,0.26759592008769145,-0.6822337050259041
9532.T,2019-06-24,0.0098928350896651,-0.1,0.0015186028853454,0.0053151100987091,0.0068337129840546,電気・ガス業,29.01264895575489,-4.405445724431588,-0.8061357477222468,-0.12960808457939174,-0.7982177822852613,-0.9862074748912196,-0.6765276631428551
1721.T,2019-06-25,0.0078704566781599,0.5,0.0046494327692021,0.0059512739445787,0.0106007067137809,建設業,26.70771437179945,-4.324179632450183,0.8668308527485348,0.4393597491445293,-0.6278944318535339,0.019335137498173168,0.4274711036040055
1925.T,2019-06-25,-0.0647500794854471,0.5,0.0045709536671514,0.005402036152088,0.0099729898192395,建設業,28.357176351948624,-3.859863674247335,0.8668308527485348,0.42509768881457594,-0.774944632219553,-0.14822449526606216,0.44173316393395884
2801.T,2019-06-25,0.0218948911163714,0.5,0.0024826216484607,0.003475670307845,0.0059582919563058,食料品,26.00391667531321,-3.96865316273855,0.8668308527485348,0.04558369768482503,-1.2907002616521093,-1.21988801973436,0.8212471550637097
2802.T,2019-06-25,-0.0201972101692419,-0.2,-0.0027896995708154,0.0120171673819742,0.0092274678111587,食料品,27.04666529934925,-4.137396233259438,-1.084963514467377,-0.9125588057759241,0.996157768420052,-0.34723044042695883,-0.17240470869145297
2871.T,2019-06-25,-0.042892999695363,0.2,0.0091954022988505,0.0036781609195402,0.0128735632183908,食料品,26.659591382477537,-4.297418768835094,0.03034755251314408,1.2655018684578982,-1.23648643035877,0.626040173717524,-1.2351543159447542
3402.T,2019-06-25,0.0269186839249283,-0.25,0.0055800293685756,0.0035242290748898,0.0091042584434654,繊維製品,27.92898555441229,-4.00869504175255,-1.2243773978399421,0.6084776989719888,-1.2776993783897188,-0.3801193376086826,-1.8328550968119308
3407.T,2019-06-25,0.0192158651694044,0.3,0.0030635690579525,0.0066377329588971,0.0097013020168496,化学,28.1147583830598,-4.1897036053692815,0.30917531925827424,0.15115966359418906,-0.4441053026663067,-0.22074748897683835,0.15801565566408518
4183.T,2019-06-25,0.0142834768442301,0.2,-0.0005948839976204,0.0080309339678762,0.0074360499702558,化学,27.9235924561343,-4.123471441402698,0.03034755251314408,-0.513693486218548,-0.07109657981155967,-0.8254226289107314,0.5440410387316921
4188.T,2019-06-25,0.0269892511793058,-0.2,0.0130445483632783,0.0093526950529165,0.0223972434161949,化学,27.741184693981268,-4.265360510990932,-1.084963514467377,1.9650097878299497,0.2827851724068551,3.168244104159655,-3.0499733022973268
4307.T,2019-06-25,-0.0568000864496684,0.5,0.0034194080886687,0.0082537436623039,0.0116731517509727,情報・通信業,26.71971790279112,-4.307251029353123,0.8668308527485348,0.21582653147639272,-0.011442618163172939,0.3056082936842428,0.651004321272142
5332.T,2019-06-25,-0.0123193522158134,-0.2,0.0069404279930595,0.0060728744939271,0.0130133024869866,ガラス・土石製品,28.025156133619618,-3.9262362875122703,-1.084963514467377,0.8557038617107094,-0.5953377043471996,0.6633414806160127,-1.9406673761780864
5401.T,2019-06-25,0.0144597932446608,0.5,0.0069471246622925,0.0069471246622925,0.0138942493245851,鉄鋼,28.887317250407868,-4.491143696743057,0.8668308527485348,0.8569208519426962,-0.3612703036951682,0.8984970577184285,0.009910000805838592
5631.T,2019-06-25,0.031671104246707,0.2,0.0026732011583871,0.0051236355535754,0.0077968367119625,機械,27.21395208071417,-3.718554961992677,0.03034755251314408,0.08021784100704756,-0.8494822265967474,-0.7291160064949911,-0.04987028849390347
5713.T,2019-06-25,0.0370936317799924,-0.2,-0.0006734006734006,0.0098765432098765,0.0092031425364758,非鉄金属,28.232045007548688,-3.921638566951792,-1.084963514467377,-0.5279623748477933,0.42303767777982076,-0.3537237085358787,-0.5570011396195838
5714.T,2019-06-25,0.0210403148437838,-0.2,-0.0002307337332718,0.0096908167974157,0.0094600830641439,非鉄金属,27.716703550983805,-4.269597314624917,-1.084963514467377,-0.4475162122233253,0.3733122099787593,-0.28513727915553,-0.6374473022440517
6146.T,2019-06-25,0.0444605162215719,-0.2,0.0006016847172081,0.0054151624548736,0.0060168471720818,機械,25.96686414864517,-3.645746993054767,-1.084963514467377,-0.2962402438407999,-0.7714302610654227,-1.2042575810171974,-0.7887232706265772
6305.T,2019-06-25,0.0018983051981903,0.5,0.0026908023483365,0.011986301369863,0.0146771037181996,機械,27.12334365868867,-3.7891958258212433,0.8668308527485348,0.0834165171689529,0.9878938555438658,1.1074683246105652,0.7834143355795818
6471.T,2019-06-25,0.0390819296803213,-0.1,-0.0038194444444444,0.0121527777777777,0.0083333333333333,機械,26.955360871756305,-3.939327294001167,-0.8061357477222468,-1.0996950385869118,1.0324654226770331,-0.585906260767468,0.2935592908646649
6504.T,2019-06-25,0.005093250504901,0.5,-0.0021208907741251,0.0098091198303287,0.0076882290562036,電気機器,28.6429105459816,-3.765925338524767,0.8668308527485348,-0.7910157305068113,0.40498607680222415,-0.7581071951543964,1.657846583255346
6841.T,2019-06-25,-0.0056829638138468,0.2,0.0048908954100827,0.0048908954100827,0.0097817908201655,電気機器,27.05946774169521,-4.134811541583439,0.03034755251314408,0.48324091829251753,-0.9117949173870431,-0.19926220724788613,-0.45289336577937345
6971.T,2019-06-25,-0.0091302633778533,0.3,-0.0014330753797649,0.0108913728862138,0.0094582975064488,電気機器,27.213331801002468,-4.220826417334659,0.30917531925827424,-0.6660185733795736,0.6947431381161271,-0.28561390706577405,0.9751938926378478
7733.T,2019-06-25,-0.0394389442261805,-0.2,-0.0004784688995215,0.0112440191387559,0.0107655502392344,精密機器,26.74983313000728,-4.117259993368617,-1.084963514467377,-0.4925372916518551,0.7891588953776226,0.06333765014159957,-0.5924262228155219
7951.T,2019-06-25,0.0132316437274181,0.2,-0.0018224420723769,0.00859151262692,0.006769070554543,その他製品,26.544256642147644,-4.191477489225694,0.03034755251314408,-0.7367784459494617,0.07898996787388719,-1.0034628042349758,0.7671259984626058
8015.T,2019-06-25,0.0194615156752183,0.5,0.001627074520013,0.0100878620240807,0.0117149365440937,卸売業,26.68954507736003,-4.151453783090536,0.8668308527485348,-0.10989546099816695,0.4796151281932744,0.3167621190016246,0.9767263137467017
8308.T,2019-06-25,0.0266513149161982,0.0,-0.0031175233814253,0.0079750598129485,0.0048575364315232,銀行業,27.65587807012169,-4.404209996046801,-0.5273079809771164,-0.9721344487476433,-0.08605604871507547,-1.5137182369862412,0.4448264677705269
9104.T,2019-06-25,0.0523905135956532,0.2,-0.0007729966503478,0.010048956454522,0.0092759598041741,海運業,27.62498267997513,-3.982529244464561,0.03034755251314408,-0.5460620191444872,0.46919874411122314,-0.33428622845445405,0.5764095716576312
9434.T,2019-06-25,-0.009647126436908,0.5,-0.0026062027625749,0.0080792285639822,0.0054730258014073,情報・通信業,20.259589966755087,-4.193798610627128,0.8668308527485348,-0.8792118066246187,-0.05816642436508505,-1.3494225589745534,1.7460426593731535
1332.T,2019-06-26,-0.0360206261914763,0.1,-0.0005820721769499,0.009022118742724,0.0084400465657741,水産・農林業,25.95203222855209,-4.0198788700840336,-0.24848021423198619,-0.5113651853771193,0.19427831196372625,-0.5574207600674613,0.2628849711451331
1605.T,2019-06-26,-0.0281926870602385,0.4,-0.0006177924217462,0.0065897858319604,0.0059719934102141,鉱業,27.970434123220898,-3.940149369118589,0.5880030860034046,-0.5178566496392412,-0.4569424284420901,-1.2162306216219705,1.1058597356426456
1802.T,2019-06-26,0.0097198909466687,0.5,0.0034443168771526,0.0017221584385763,0.005166475315729,建設業,27.35815145602304,-4.190779657305904,0.8668308527485348,0.22035322246572037,-1.7601768258026382,-1.4312516243551832,0.6464776302828144
1812.T,2019-06-26,-0.0032973964711437,0.2,0.0038119440914866,0.0052943667937314,0.0091063108852181,建設業,28.06244390405922,-3.97131094829698,0.03034755251314408,0.2871623649349729,-0.80377149179857,-0.3795714689925232,-0.2568148124218288
2002.T,2019-06-26,-0.0235282263229713,0.2,0.0075392670157068,0.0041884816753926,0.0117277486910994,食料品,27.3509346979836,-4.379162164391829,0.03034755251314408,0.9645312825877805,-1.0998556842137757,0.32018212994264755,-0.9341837300746365
2282.T,2019-06-26,-0.0333447596137817,-0.2,0.0087970540098199,0.0061374795417348,0.0149345335515548,食料品,27.584683940720183,-4.375778245442519,-1.084963514467377,1.1931097642921566,-0.5780406695206326,1.1761853668228337,-2.2780732787595337
3092.T,2019-06-26,0.0347941441322886,-0.14,-0.0033536585365853,0.0057926829268292,0.0024390243902439,小売業,24.99048046854122,-3.3057522773738297,-0.9176668544202988,-1.01504745031001,-0.6703548037637749,-2.159303839343983,0.09738059588971115
3289.T,2019-06-26,-0.0538744788567148,0.5,0.0057780434349472,0.0075712293285515,0.0133492727634987,不動産業,26.66515560836733,-4.093629074233596,0.8668308527485348,0.6444629292686697,-0.19417561815546663,0.7530237189651885,0.22236792347986511
4021.T,2019-06-26,0.0137131093767534,0.5,0.0049407114624505,0.0049407114624505,0.0098814229249011,化学,27.3523912813962,-4.228006197695871,0.8668308527485348,0.4922940232045831,-0.898457414792931,-0.1726669076371891,0.3745368295439517
4042.T,2019-06-26,0.0238377398125878,0.2,0.0007225433526011,0.0104768786127167,0.0111994219653179,化学,27.51552266639881,-3.9754454899823246,0.03034755251314408,-0.2742765222342855,0.5837684987128343,0.1791532156003708,0.3046240747474296
5020.T,2019-06-26,0.0196467929682631,0.2,0.0018119224497191,0.0074288820438485,0.0092408044935676,石油・石炭製品,27.906087711329373,-3.975490434974669,0.03034755251314408,-0.07630292162848551,-0.23228697360719358,-0.3436704126084292,0.10665047414162959
6113.T,2019-06-26,0.0010382315331089,0.8,0.0068434559452523,0.0042771599657827,0.011120615911035,機械,26.866052226491373,-3.9299957583996488,1.7033141529839257,0.8380810658324904,-1.0761133989080882,0.15811711854759308,0.8652330871514353
6473.T,2019-06-26,0.03225080644439,0.1,0.0074154852780806,0.0087241003271537,0.0161395856052344,機械,26.806343332970588,-3.910220715653815,-0.24848021423198619,0.9420363436340851,0.11448834062245497,1.4978559819237056,-1.1905165578660712
6753.T,2019-06-26,0.0362865880445084,0.1,0.0053253067839777,0.005556841861542,0.0108821486455197,電気機器,28.29601961458977,-3.722552952068025,-0.24848021423198619,0.5621867912779893,-0.7334977199636017,0.09446185009217357,-0.8106670055099755
6902.T,2019-06-26,0.0167669529096619,0.0,0.0052025269416573,0.0085470085470085,0.0137495354886659,輸送用機器,27.618447470923684,-4.147589333486378,-0.5273079809771164,0.5398739274362948,0.06707466641873065,0.8598678645050767,-1.0671819084134113
7004.T,2019-06-26,0.0533232953318149,0.2,0.0091484869809992,0.0066854327938071,0.0158339197748064,機械,24.904686315742083,-3.9386100055148687,0.03034755251314408,1.2569759159927194,-0.431334385630294,1.4162630620254626,-1.2266283634795754
7012.T,2019-06-26,0.0112305618216165,0.0,0.002832131822863,0.008496395468589,0.0113285272914521,輸送用機器,29.06061739401752,-4.126861322368674,-0.5273079809771164,0.109100418225764,0.05352377202565317,0.213615950669431,-0.6364083992028804
7202.T,2019-06-26,0.0053688219449499,0.2,0.0016891891891891,0.0072393822393822,0.0089285714285714,輸送用機器,27.642277347630817,-3.573403199388875,0.03034755251314408,-0.09860732012988424,-0.2830227106542081,-0.42701635751220196,0.12895487264302832
7735.T,2019-06-26,0.0731461633403331,-0.2,0.0,0.0112951807228915,0.0112951807228915,電気機器,27.014269538897235,-3.4126210338741703,-1.084963514467377,-0.40558481471635754,0.8028566439685672,0.20471458314124993,-0.6793786997510195
7752.T,2019-06-26,-0.0158700944187213,0.2,-0.0004852955449868,0.0094147335727458,0.0089294380277589,電気機器,27.401382899863407,-4.337024139825895,0.03034755251314408,-0.493777902552505,0.2993950577716978,-0.4267850318256161,0.524125455065649
8304.T,2019-06-26,0.0275475360032693,-0.1,0.0058143607705779,0.0028721541155866,0.0086865148861646,銀行業,29.06522997722175,-4.225651599913875,-0.8061357477222468,0.6510629032522353,-1.4522826913557922,-0.4916297297291404,-1.457198650974482
8795.T,2019-06-26,0.037953680091517,0.1,-0.0022390844632416,0.0072148277148899,0.0049757432516482,保険業,27.37592595539215,-3.882596558081974,-0.24848021423198619,-0.8124951496228746,-0.28959681716299523,-1.4821646950271015,0.5640149353908884
9432.T,2019-06-26,-0.0039139543118807,0.5,0.0008989131323036,0.0081719375663969,0.0090708506987006,情報・通信業,25.44104309720558,-4.534282377069594,0.8668308527485348,-0.24222472280272953,-0.033344976228763916,-0.3890370352092244,1.1090555755512643
9735.T,2019-06-26,-0.0266120040013766,0.2,-0.0050727539714323,0.0109464690962488,0.0058737151248164,サービス業,27.71862706406513,-4.48522369871143,0.03034755251314408,-1.327459827160297,0.7094943239154766,-1.2424645394169793,1.3578073796734411
1801.T,2019-06-27,-0.0036234656283728,-0.2,0.0006800408024481,0.0044202652159129,0.0051003060183611,建設業,29.16408937404366,-4.049008487380728,-1.084963514467377,-0.2820005394391122,-1.0377991095551182,-1.4489145282273705,-0.8029629750282649
1803.T,2019-06-27,-0.0144921352109111,0.5,0.0027247956403269,0.0064713896457765,0.0091961852861035,建設業,27.286944531324203,-3.9156627914999897,0.8668308527485348,0.08959414112886523,-0.48864123565993056,-0.35558084242468907,0.7772367116196696
1808.T,2019-06-27,-0.0034657405151657,0.2,0.0003627130939426,0.0045339136742836,0.0048966267682263,建設業,26.518619011048333,-4.282224199764313,0.03034755251314408,-0.33966871867168724,-1.0073714354161731,-1.5032836564937295,0.3700162711848313
1963.T,2019-06-27,0.0013117226185567,0.2,0.0008545182653279,0.0040589617603076,0.0049134800256355,建設業,26.68775776146552,-3.4423628556884176,0.03034755251314408,-0.2502926320244564,-1.134532703393882,-1.4987849315957325,0.2806401845376005
2269.T,2019-06-27,0.0009459991282451,0.5,0.0047659097280627,0.0044855620970002,0.009251471825063,食料品,26.40264541828956,-4.35963058426077,0.8668308527485348,0.46052718570931306,-1.020316846720253,-0.34082292807601217,0.4063036670392217
3861.T,2019-06-27,-0.0059528272737811,0.4,0.0020680147058823,0.0073529411764705,0.0094209558823529,パルプ・紙,27.228200180526507,-4.038618946910975,0.5880030860034046,-0.029763102593936965,-0.25261900449906505,-0.29558169489296054,0.6177661885973416
4208.T,2019-06-27,0.0183897205736754,0.2,0.0045938104448742,0.0087040618955512,0.0132978723404255,化学,28.491831368642668,-4.018341961790839,0.03034755251314408,0.4292514664994979,0.10912335040791447,0.7393031451062295,-0.39890391398635383
4502.T,2019-06-27,0.0090867739647695,0.0,-0.0053506231902303,0.0134709807377565,0.0081203575475261,医薬品,28.73283176438668,-3.912401634422973,-0.5273079809771164,-1.3779571883530117,1.3853945401525833,-0.6427569601318693,0.8506492073758953
4661.T,2019-06-27,-0.0221481581809398,0.8,0.0068965517241379,0.0018148820326678,0.0087114337568058,サービス業,26.21497764261052,-4.3177873181187225,1.7033141529839257,0.8477301976643388,-1.7353514709631979,-0.4849780100608503,0.855583955319587
5019.T,2019-06-27,-0.0183116873672896,0.1,0.004396482813749,0.004996003197442,0.009392486011191,石油・石炭製品,25.37684516214219,-3.646835336678528,-0.24848021423198619,0.3933909825447213,-0.8836538801122351,-0.30318130101829577,-0.6418711967767075
5706.T,2019-06-27,-0.0117327930730567,-0.2,-0.0095500848896434,0.0163412563667232,0.0067911714770797,非鉄金属,28.03382550479391,-3.682991567630685,-1.084963514467377,-2.1411282051628824,2.153867890158631,-0.9975632936495458,1.0561646906955053
5801.T,2019-06-27,0.0199159930543397,0.1,0.0058708414872798,0.0095051719317864,0.0153760134190662,非鉄金属,28.43123092396426,-3.795411678605833,-0.24848021423198619,0.6613271821243496,0.32360857512159735,1.2940318117987295,-0.9098073963563358
5803.T,2019-06-27,0.0552554737883117,-0.5,-0.0033259423503325,0.0127494456762749,0.0094235033259423,非鉄金属,25.70046103150226,-3.716464816594596,-1.9214468147027675,-1.010010569024107,1.192214324201268,-0.2949016929429743,-0.9114362456786604
6273.T,2019-06-27,0.028889575802962,-0.1,0.0,0.0064683053040103,0.0064683053040103,機械,28.62307998141119,-3.811258082470155,-0.8061357477222468,-0.40558481471635754,-0.48946702201498127,-1.0837475876552485,-0.4005509330058893
6302.T,2019-06-27,0.0191505315875804,0.5,0.0012121212121212,0.0076767676767676,0.0088888888888888,機械,28.45109925754852,-4.096546883487956,0.8668308527485348,-0.18530520647975152,-0.16591930465398982,-0.4376090177292357,1.0521360592282862
6367.T,2019-06-27,0.0120073463603441,0.5,0.0034297963558413,0.0040728831725616,0.007502679528403,機械,29.07209336823302,-4.109505818780979,0.8668308527485348,0.2177143983003987,-1.1308054535772856,-0.807636865310176,0.649116454448136
6479.T,2019-06-27,0.0514886865925975,0.5,0.0104529616724738,0.0064708810353409,0.0169238427078148,電気機器,27.302653875400903,-3.883444395053614,0.8668308527485348,1.4940389845366107,-0.4887774084934206,1.7072016809862127,-0.6272081317880759
6503.T,2019-06-27,0.0244684997174961,0.0,-0.0030529172320217,0.0118724559023066,0.0088195386702849,電気機器,28.75774385654336,-4.102992771258493,-0.5273079809771164,-0.9603935294913952,0.9574134351434158,-0.4561210209307403,0.43308554851427883
6674.T,2019-06-27,0.0215696079898063,0.1,-0.0003044140030441,0.0094368340943683,0.0091324200913242,電気機器,27.491942590370908,-3.9713948091475095,-0.24848021423198619,-0.46090617751549845,0.3053121417328076,-0.3726020070823094,0.21242596328351226
6724.T,2019-06-27,-0.0153702078535487,0.0,0.0060658578856152,0.0109763142692085,0.0170421721548238,電気機器,26.55540717521813,-4.509810256754053,-0.5273079809771164,0.6967676441800046,0.7174849223842752,1.7387879563572277,-1.224075625157121
6762.T,2019-06-27,0.1079846128645913,0.5,-0.0036724201248622,0.0117517443995593,0.008079324274697,電気機器,24.99826126441945,-3.8410145866722063,0.8668308527485348,-1.0729762094838846,0.9250947365611907,-0.6537101783519746,1.9398070622324193
6857.T,2019-06-27,0.0994078142513294,0.8,0.0101981351981352,0.004079254079254,0.0142773892773892,電気機器,25.687781896512867,-3.5253921990824604,1.7033141529839257,1.4477291968897217,-1.12909973864208,1.0007705353760024,0.25558495609420406
6952.T,2019-06-27,-0.0048622142471662,0.2,0.0041530703055473,0.0086027884900622,0.0127558587956096,電気機器,26.616676973228103,-4.265281666134825,0.03034755251314408,0.3491554626888088,0.0820089115027315,0.5946207392121754,-0.31880791017566473
6963.T,2019-06-27,0.0584448557881927,0.1,0.0003437607425232,0.00859401856308,0.0089377793056033,電気機器,26.039192250180307,-3.69293858170086,-0.24848021423198619,-0.3431129423219953,0.07966089478290667,-0.42455845251168345,0.09463272809000911
7011.T,2019-06-27,-0.0191914297374066,0.2,0.0026268264652766,0.0100147758988671,0.0126416023641438,機械,28.110334313903422,-4.462252244741412,0.03034755251314408,0.0717901366419066,0.4600474117987078,0.5641216943977959,-0.04144258412876252
7201.T,2019-06-27,0.0177565884049233,-0.5,-0.0007658922644881,0.0091907071738575,0.0084248149093694,輸送用機器,28.88840541014854,-4.108360299963609,-1.9214468147027675,-0.5447709342939897,0.23941534171026166,-0.5614866228405626,-1.3766758804087778
7261.T,2019-06-27,-0.000582958214678,0.0,0.003025302530253,0.0055005500550055,0.0085258525852585,輸送用機器,27.23643594976807,-4.138852625696705,-0.5273079809771164,0.14420546161675662,-0.748569008835803,-0.5345161270413408,-0.671513442593873
7731.T,2019-06-27,-0.011419567640148,0.5,0.0068027210884353,0.0073696145124716,0.014172335600907,精密機器,27.148705394986827,-4.146297308394161,0.8668308527485348,0.8306782927339814,-0.24815496827786263,0.9727280283079867,0.03615256001455336
7911.T,2019-06-27,-0.0249435247883165,0.0,-0.001695873374788,0.0113058224985867,0.0096099491237987,その他製品,27.78333094242453,-4.1765663945292815,-0.5273079809771164,-0.7137770308755437,0.8057058201717066,-0.24513277690626772,0.18646904989842727
7912.T,2019-06-27,-0.0331101383299231,-0.2,-0.002134724857685,0.0101992409867172,0.0080645161290322,その他製品,27.42086209949245,-4.293246668725132,-1.084963514467377,-0.7935298078749935,0.5094351788092083,-0.6576629912698521,-0.29143370659238355
8306.T,2019-06-27,0.0229952805123677,-0.2,-0.0043571319370126,0.008790704785201,0.0044335728481883,銀行業,29.612636624625807,-4.484001451554772,-1.084963514467377,-1.1974093505156458,0.13232068762230445,-1.6268889719891684,0.11244583604826874
8316.T,2019-06-27,0.0012739438944298,-0.1,-0.002159454090006,0.0067374967608188,0.0045780426708128,銀行業,28.21492387739952,-4.656479817216972,-0.8061357477222468,-0.7980238680013145,-0.417395037527168,-1.58832491447378,-0.008111879720932302
8331.T,2019-06-27,0.0017073770131454,0.1,0.0011284366023799,0.0036930652441526,0.0048215018465326,銀行業,26.876327790204925,-4.120970257011243,-0.24848021423198619,-0.20051326724538027,-1.2324960204661173,-1.5233371302808814,-0.04796694698660592
8354.T,2019-06-27,0.0049394653927753,0.2,0.0005093594804533,0.0054756144148732,0.0059849738953266,銀行業,28.155412525915143,-3.6670417562723983,0.03034755251314408,-0.31301857160152696,-0.7552451533543391,-1.2127656753421014,0.34336612411467105
8601.T,2019-06-27,0.0087815967047629,-0.2,-0.003858024691358,0.01168430335097,0.0078262786596119,証券、商品先物取引業,27.45464420540571,-4.373280403651093,-1.084963514467377,-1.1067062529694465,0.9070384049621246,-0.7212569190960426,0.021742738502069425
8630.T,2019-06-27,0.0122540519992001,0.1,-0.005501100220044,0.0083016603320664,0.0028005601120224,保険業,27.070845921554515,-4.319335114942295,-0.24848021423198619,-1.405303480823187,0.0013863531599670065,-2.062797287904713,1.1568232665912008
8801.T,2019-06-27,-0.017134922864198,0.5,0.004496253122398,0.0051623646960865,0.0096586178184845,不動産業,27.494574758920425,-4.364095591057934,0.8668308527485348,0.4115223082595703,-0.8391130782167079,-0.23214139706675388,0.45530854448896446
8802.T,2019-06-27,-0.0365296581666893,0.6,0.01487826871055,0.0058611361587015,0.0207394048692515,不動産業,28.662965095113595,-4.049888802872543,1.1456586194936649,2.2982530275927684,-0.6520274752365891,2.725708909514024,-1.1525944080991035
9005.T,2019-06-27,-0.0028325596669936,0.2,0.0073478760045924,0.0059701492537313,0.0133180252583237,陸運業,28.51973182920481,-4.22919180246876,0.03034755251314408,0.9297496646054426,-0.6228408502704578,0.7446826650004919,-0.8994021120922986
9007.T,2019-06-27,-0.0120190746036152,0.2,0.0050565856007705,0.0065013243438478,0.0115579099446183,陸運業,28.301538020007825,-4.323604563294577,0.03034755251314408,0.5133519087845375,-0.480626668182119,0.27484621778705365,-0.48300435627139343
9008.T,2019-06-27,-0.0337563349956951,0.5,0.0078592814371257,0.0035553892215568,0.0114146706586826,陸運業,29.15193586823872,-4.150533408419535,0.8668308527485348,1.0226877199764621,-1.2693567153875283,0.23661063362879692,-0.15585686722792735
9009.T,2019-06-27,-0.0280454964460223,0.5,0.0177095631641086,0.0,0.0177095631641086,陸運業,26.84644801558408,-4.264867814272768,0.8668308527485348,2.8127860848444737,-2.2212589780454004,1.9169380004270355,-1.945955232095939
9501.T,2019-06-27,-0.0054139385600405,0.1,0.0060919890344197,0.0057873895826987,0.0118793786171184,電気・ガス業,27.52379497551904,-4.123354823848067,-0.24848021423198619,0.7015164755376824,-0.6717720174472442,0.36065746992592734,-0.9499966897696686
9502.T,2019-06-27,-0.0353311563175951,0.0,-0.0004843787842092,0.0053281666263017,0.0048437878420925,電気・ガス業,27.758413830363363,-4.177129836249422,-0.5273079809771164,-0.4936112989959324,-0.7947220923949689,-1.5173882172210689,-0.033696681981183974
9531.T,2019-06-27,-0.0121881251183865,0.1,-0.000275671950379,0.0081323225361819,0.0078566505858028,電気・ガス業,29.44846351177697,-4.450415797117735,-0.24848021423198619,-0.4556828648321865,-0.04395130778545546,-0.7131495878402738,0.20720265060020032
9766.T,2019-06-27,-0.0216874520926794,0.4,0.0076887232059645,0.0018639328984156,0.0095526561043802,情報・通信業,27.312941689749177,-4.166577475321593,0.5880030860034046,0.9916920571945449,-1.722218835636646,-0.26042629119144817,-0.40368897119114033
2413.T,2019-06-28,-0.0323922414093587,0.8,0.0131821776957553,0.0034273662008963,0.0166095438966517,サービス業,27.179987659349468,-3.769132254942104,1.7033141529839257,1.9900212595678668,-1.3036329634844002,1.6233043160519776,-0.28670710658394105
4063.T,2019-06-28,0.0275485911632912,0.8,0.0054744525547445,0.0022810218978102,0.0077554744525547,化学,27.488577835276708,-4.229803087965253,1.7033141529839257,0.5892911531405819,-1.6105494972007317,-0.7401570427598082,1.114022999843344
4901.T,2019-06-28,-0.0016476379515336,0.4,0.0031659882406151,0.0074626865671641,0.0106286748077792,化学,27.56609206094256,-4.475543996268592,0.5880030860034046,0.1697723709762748,-0.2232363183267288,0.026800801717541605,0.4182307150271298
5233.T,2019-06-28,-0.0036739366361745,0.5,0.0040336134453781,0.0050420168067226,0.0090756302521008,ガラス・土石製品,29.02608392163029,-4.137320080918454,0.8668308527485348,0.3274464866424303,-0.8713344247564923,-0.3877612049432575,0.5393843661061044
6472.T,2019-06-28,0.0259213904808091,-0.5,-0.0075271197697586,0.016161168917423,0.0086340491476643,機械,25.861344965359457,-3.906716027391223,-1.9214468147027675,-1.7734933847931316,2.1056521703646434,-0.5056346736015482,-0.1479534299096359
6752.T,2019-06-28,0.0144705317075509,0.3,-0.0049972237645752,0.0127706829539144,0.0077734591893392,電気機器,28.42032371575501,-4.14440695934335,0.30917531925827424,-1.3137336715496748,1.1979002875031655,-0.7353562863723705,1.622908990807949
6954.T,2019-06-28,-0.0060922510961715,-0.2,0.0015325670498084,0.0076628352490421,0.0091954022988505,電気機器,27.584642201498603,-4.108687754373888,-1.084963514467377,-0.1270703675206513,-0.16964950369824913,-0.3557898491564061,-0.9578931469467258
6976.T,2019-06-28,0.1319564849774031,0.5,0.0111650485436893,0.0033980582524271,0.0145631067961165,電気機器,26.210405240374754,-3.422466077614183,0.8668308527485348,1.6234470135795813,-1.3114797281346784,1.0770385519429797,-0.7566161608310465
7269.T,2019-06-28,0.0206951026361891,0.1,-0.0057121096725057,0.0178979436405179,0.0121858339680121,輸送用機器,27.288933383491905,-3.901306700760658,-0.24848021423198619,-1.443650371429237,2.5706476140750594,0.4424611404992651,1.1951701571972508
7974.T,2019-06-28,0.0008112369880107,0.8,0.0011248593925759,0.0044994375703037,0.0056242969628796,その他製品,27.050221569959827,-3.6963600892115496,1.7033141529839257,-0.20116335600409965,-1.0166018963702412,-1.3090429858189894,1.9044775089880255
8830.T,2019-06-28,-0.0109708454599222,0.9,0.0135338345864661,0.0040100250626566,0.0175438596491228,不動産業,27.54327065316085,-4.540225510741168,1.9821419197290557,2.053928104316437,-1.1476347719208808,1.8727059264455816,-0.07178618458738106
4385.T,2019-09-27,0.0054679294175177,0.0,0.0027201632097925,0.0057803468208092,0.0085005100306018,情報・通信業,23.55938671473274,-3.524749177561405,-0.5273079809771164,0.08875228639264199,-0.6736576115581023,-0.5412809428181833,-0.6160602673697584
6920.T,2019-09-30,0.0391190323453377,0.5,0.0031859816806053,0.0031859816806053,0.0063719633612106,電気機器,25.10118414398743,-3.4065263500618728,0.8668308527485348,0.17340579235715808,-1.3682600568114638,-1.1094646277663078,0.6934250603913767
3697.T,2019-11-28,0.0294175459681476,0.8,0.0090716661626852,0.0021167221046265,0.0111883882673117,情報・通信業,22.73215503824832,-3.3951418696327407,1.7033141529839257,1.2430152166885549,-1.654538308309661,0.17620793500966583,0.4602989362953709
9983.T,2019-11-29,0.004236925123542,0.5,0.0069390902081727,0.0080956052428681,0.0150346954510408,小売業,28.488842285650176,-4.252874692254418,0.8668308527485348,0.8554607451578249,-0.05378181364741998,1.2029220872150794,0.011370107590709888
4751.T,2019-12-20,-0.0120591304418588,0.2,0.0040742417383431,0.0067904028972385,0.0108646446355817,サービス業,24.82895856447692,-3.667512249771896,0.03034755251314408,0.33482989381999356,-0.40323021116693447,0.08978941654351856,-0.3044823413068495
4151.T,2020-03-12,-0.0945098139752572,0.4,0.0082111436950146,0.0070381231671554,0.01524926686217,医薬品,27.899992482156545,-4.321514028576673,0.5880030860034046,1.0866318862412998,-0.3369068156831444,1.2601987148845955,-0.49862880023789524
2914.T,2020-03-19,-0.0407045030980055,-0.1,0.0092358111127662,0.007597199463727,0.0168330105764933,食料品,28.96865030506716,-4.826054771476386,-0.8061357477222468,1.2728453895592897,-0.18722250306888127,1.682955402608533,-2.0789811372815366
6326.T,2020-03-19,-0.0631303320860035,0.5,0.0041666666666666,0.0060185185185185,0.0101851851851851,機械,28.104225910971373,-4.245784192521934,0.8668308527485348,0.3516263385969711,-0.609890703401904,-0.0915821173066586,0.5152045141515637
5108.T,2020-03-24,0.008339653513113,-0.25,0.000569962952408,0.0088344257623254,0.0094043887147335,ゴム製品,27.884075693271463,-4.503868165415232,-1.2243773978399421,-0.3020050616270603,0.1440263250242503,-0.3000040524021981,-0.9223723362128818
4452.T,2020-03-25,0.0186149542108113,0.2,0.0031847133757961,0.0067440989134507,0.0099288122892469,化学,29.09434318262911,-4.36187069869524,0.03034755251314408,0.17317530246579954,-0.41562740995193276,-0.1600170258899182,-0.14282774995265546
4911.T,2020-03-25,0.0470695602112403,0.5,0.0024390243902439,0.0084010840108401,0.010840108401084,化学,28.58545505758074,-4.168184255349938,0.8668308527485348,0.03766073844267076,0.028005555415694626,0.08323983586853081,0.8291701143058641
8804.T,2020-03-25,0.1064555206278998,0.5,0.0128809299403078,0.004712535344015,0.0175934652843229,不動産業,26.31568348624156,-3.872004698888081,0.8668308527485348,1.9352753010873571,-0.9595481561683962,1.8859474085363868,-1.0684444483388225
1605.T,2020-03-26,0.0471703282743979,0.5,0.0003863241259416,0.0056016998261541,0.0059880239520958,鉱業,27.500055529766986,-3.73145577030044,0.8668308527485348,-0.3353778698466758,-0.7214876711752478,-1.211951508324133,1.2022087225952105
2502.T,2020-03-26,0.0382387376432743,-0.14,0.015466983938132,0.0058001189767995,0.0212671029149315,食料品,27.0375659276808,-4.145055767064394,-0.9176668544202988,2.4052406443408865,-0.6683639126542873,2.866570007109851,-3.322907498761185
3405.T,2020-03-26,-0.0248199726012172,-0.5,-0.0063542494042891,0.0099285146942017,0.0035742652899126,化学,26.64092656833272,-4.057877285421587,-1.9214468147027675,-1.5603468594833234,0.4369522650275103,-1.8562682672547537,-0.36109995521944405
3436.T,2020-03-26,0.0667023866816533,-0.2,-0.00494484594903,0.0140737923164701,0.00912894636744,金属製品,26.71995290782808,-3.568486167552879,-1.084963514467377,-1.3042150156815915,1.5467883201231998,-0.37352926569749506,0.21925150121421444
3659.T,2020-03-26,0.1015079416348561,0.1,0.0008273579702151,0.0140650854936569,0.014892443463872,情報・通信業,27.29066621973039,-3.7788019135213,-0.24848021423198619,-0.255228490837263,1.544457198600359,1.1649500476901584,0.006748276605276826
4004.T,2020-03-26,0.040908050783268,-0.5,-0.0026139994191112,0.0136508858553586,0.0110368864362474,化学,28.844155696022373,-4.008156607125339,-1.9214468147027675,-0.8806286982937002,1.4335614433627422,0.13576678805791859,-1.0408181164090673
4704.T,2020-03-26,0.1400385222894014,0.3,0.0004306632213608,0.0077519379844961,0.008182601205857,情報・通信業,27.27041879834417,-4.385035029636904,0.30917531925827424,-0.32732009602765755,-0.14579357957792763,-0.626141946863113,0.6364954152859318
7272.T,2020-03-26,-0.0001920681220768,-0.2,-0.0023944275141488,0.0108837614279495,0.0084893339138006,輸送用機器,25.765216010064265,-3.991785469784785,-1.084963514467377,-0.8407257473996717,0.6927052840606599,-0.544264239975268,-0.2442377670677054
2503.T,2020-03-27,-0.0004238313481088,0.14,0.0027539283978616,0.0121496841082131,0.0149036125060748,食料品,28.36527185136691,-3.992914126658472,-0.13694910753393405,0.09488845687255681,1.0316371389435386,1.167931456389054,-0.23183756440649086
4324.T,2020-03-27,-0.1000511532978447,-0.4,-0.004802195289275,0.0164646695632289,0.0116624742739538,サービス業,27.175651627392497,-3.7363442840099768,-1.6426190479576377,-1.2782910147390332,2.186909926817609,0.3027581009561298,-0.3643280332186045
4755.T,2020-03-27,0.0175499847216623,-0.2,0.0051249199231262,0.012011531069827,0.0171364509929532,サービス業,27.77700063263125,-3.783331060671439,-1.084963514467377,0.5257703514345803,0.9946487301821471,1.763954281545818,-1.6107338659019574
5101.T,2020-03-27,-0.0049823701765833,0.2,0.0135076252723311,0.0082788671023965,0.0217864923747276,ゴム製品,26.211982146030163,-4.0018082921017335,0.03034755251314408,2.0491650679203453,-0.00471619301542964,3.005213252021446,-2.0188175154072012
5201.T,2020-03-27,0.0178759889729132,-0.2,-0.0003186743148502,0.0076481835564053,0.0073295092415551,ガラス・土石製品,28.808333110847364,-4.08808276180448,-1.084963514467377,-0.4634977136313316,-0.17357227515971826,-0.8538620823184108,-0.6214658008360454
5301.T,2020-03-27,-0.0206864996024699,-0.2,0.0023823704586063,0.0068493150684931,0.0092316855270994,ガラス・土石製品,26.05246552933676,-4.431335299926991,-1.084963514467377,0.027364981103060654,-0.38745735885154525,-0.3461045842642952,-1.1123284955704378
6723.T,2020-03-27,-0.0945042182100668,-0.25,0.0039745627980922,0.0074191838897721,0.0113937466878643,電気機器,27.25295903756784,-3.4400145291424806,-1.2243773978399421,0.316715172545969,-0.23488350924187368,0.23102529269441704,-1.541092570385911
7751.T,2020-03-27,-0.0268807358031556,-0.3,-0.0006513597134017,0.0085490962383976,0.0078977365249959,電気機器,28.80361937948768,-4.098628277273323,-1.363791281212507,-0.5239568562699771,0.06763361454878813,-0.7021823111223211,-0.8398344249425299
4519.T,2020-03-30,0.0641266940577119,0.83,0.0085188770571151,0.0063891577928363,0.0149080348499515,医薬品,28.470128879280995,-4.13213428416645,1.7869624830074644,1.1425564784082864,-0.5106575838003039,1.1691119349174812,0.644406004599178
4578.T,2020-03-30,0.1077217328319848,0.5,0.0020711080428028,0.0091473938557128,0.0112185018985157,医薬品,28.50478171817288,-3.957092444831416,0.8668308527485348,-0.029200948381818956,0.22781884890008544,0.1842463182834287,0.8960318011303537
5214.T,2020-03-30,-0.0394635255735894,-0.8,-0.000752445447705,0.0135440180586907,0.0127915726109857,ガラス・土石製品,27.33722588753231,-3.9685775087437953,-2.7579301149381585,-0.5423272351792557,1.404949189931628,0.6041540078577505,-2.2156028797589027
6361.T,2020-03-30,0.0214409595487839,0.2,-0.002932551319648,0.0103616813294232,0.0074291300097751,機械,25.97995530098424,-3.607607779830603,0.03034755251314408,-0.9385193507726508,0.5529261498768022,-0.82726980882093,0.9688669032857948
1928.T,2020-04-24,0.0157880473538954,0.5,0.0065528196981731,0.0049642573471008,0.011517077045274,建設業,27.86160357814256,-3.5334162910866045,0.8668308527485348,0.7852635439495699,-0.8921533565089584,0.26394648627062145,0.0815673087989649
9843.T,2020-05-15,0.0119020474416309,0.5,0.0040863981319322,0.0040863981319322,0.0081727962638645,小売業,26.70403744068199,-3.6070871582992585,0.8668308527485348,0.33703908345432954,-1.1271870254382224,-0.6287592294212608,0.5297917692942052
8233.T,2020-05-21,0.0077670216843022,-0.2,0.0049730625777041,0.0039370078740157,0.0089100704517198,小売業,25.88451171784257,-3.5704986008035555,-1.084963514467377,0.4981732132746994,-1.167184031579646,-0.43195491646129425,-1.5831367277420765
8267.T,2020-05-25,-0.0335935401173799,0.5,0.0030877812086457,0.0058814880164681,0.0089692692251139,小売業,27.228264961897803,-3.449011942481377,0.8668308527485348,0.15555975412633175,-0.6465785698565939,-0.4161526896672304,0.7112710986222031
3382.T,2020-05-28,0.0184789113205427,0.2,0.0096188101175632,0.0055812848830305,0.0152000950005937,小売業,27.73894419572301,-3.4261036650907477,0.03034755251314408,1.3424480579129374,-0.7269534667155958,1.2470730221723132,-1.3121005053997934
6506.T,2020-05-28,-0.0358171031232012,-0.2,0.0036764705882352,0.0106792717086834,0.0143557422969187,電気機器,27.662640400713308,-3.3209093490913486,-1.084963514467377,0.262542673501279,0.637956221629054,1.0216857015799063,-1.347506187968656
6532.T,2020-05-28,0.0002659133136597,0.8,0.0032180209171359,0.0062349155269509,0.0094529364440868,サービス業,20.12912381950612,-2.7373501732690397,1.7033141529839257,0.17922830449586558,-0.5519536424719055,-0.2870449624482473,1.5240858484880602
7453.T,2020-05-28,0.0157059218085701,-0.2,0.0014229811454998,0.0085378868729989,0.0099608680184987,小売業,23.873728208147018,-3.257984867666505,-1.084963514467377,-0.14698548807786738,0.06463247469572071,-0.1514602286009976,-0.9379780263895097
9602.T,2020-05-28,-0.0020863216396269,0.5,-0.0018606224627875,0.0086265223274695,0.006765899864682,情報・通信業,25.739316608398987,-3.648268441845506,0.8668308527485348,-0.7437169941390851,0.08836329132494167,-1.0043091724518238,1.61054784688762
3086.T,2020-05-29,-0.0102440215801765,0.1,0.0082544795651298,0.0062411918663176,0.0144956714314475,小売業,26.225866146717827,-3.0890824808534303,-0.24848021423198619,1.094507343246844,-0.5502732465230888,1.0590376903483347,-1.3429875574788301
3092.T,2020-06-12,0.0029144881841925,0.14,-0.0009972930616896,0.0044165835589115,0.0034192904972218,小売業,25.141096330565787,-3.2887216209984342,-0.13694910753393405,-0.5868235577803675,-1.0387848181264088,-1.897636469348399,0.44987445024643347
3099.T,2020-06-15,-0.0228819931599624,-0.4,-0.0008996851102114,0.0114709851551956,0.0105713000449842,小売業,26.31825731857996,-3.2037042194228658,-1.6426190479576377,-0.569085198697641,0.849925650051192,0.011485467261091821,-1.0735338492599968
4568.T,2020-06-15,0.0084099787064851,0.5,0.0091143594153052,0.0048151332760103,0.0139294926913155,医薬品,28.342841665824608,-3.3903995377350697,0.8668308527485348,1.2507738903817762,-0.9320790951108334,0.9079047471371361,-0.38394303763324145
6861.T,2020-06-15,0.0049062884617653,-0.2,0.0051311288483466,0.0074116305587229,0.0125427594070695,電気機器,28.57139476041748,-3.7803824196412537,-1.084963514467377,0.5268987036170544,-0.23690580060528982,0.5377370459476363,-1.6118622180844313
8697.T,2020-06-16,-0.0252304332054461,0.1,-0.0018438844499078,0.0132145052243392,0.0113706207744314,その他金融業,27.209636321128528,-3.602997497567472,-0.24848021423198619,-0.7406751837302503,1.3167270592315024,0.2248521761257048,0.49219496949826413
2768.T,2020-06-18,-0.022337496938605,-0.2,-0.0081173899469247,0.0163908835466749,0.0082734935997502,卸売業,28.070474928713573,-3.454590635766208,-1.084963514467377,-1.8807635835815504,2.1671548249895434,-0.6018795822935983,0.7958000691141733
4503.T,2020-06-18,-0.0019153840544276,0.1,0.0046475600309837,0.0072295378259746,0.0118770978569584,医薬品,28.99324149071001,-3.537858755128369,-0.24848021423198619,0.4390194151606393,-0.28565840503625123,0.36004865512716044,-0.6874996293926254
6178.T,2020-06-18,-0.0025594474917774,-0.1,-0.0020764438975621,0.0110743674536645,0.0089979235561024,サービス業,28.908699699287023,-3.5848878529461548,-0.8061357477222468,-0.7829383695475847,0.7437371952939643,-0.4085038447511705,-0.023197378174662164
6594.T,2020-06-18,0.0189999978972283,-0.2,-0.0015822784810126,0.0096518987341772,0.0080696202531645,電気機器,27.643728409202502,-3.333710732425791,-1.084963514467377,-0.6931333539492611,0.36289248090089227,-0.6563005217033513,-0.3918301605181159
8253.T,2020-06-18,0.0252761035738688,0.1,0.0061610367537709,0.0055236881240705,0.0116847248778415,その他金融業,26.25350764934557,-3.2919104912169086,-0.24848021423198619,0.7140645643065411,-0.7423741370724062,0.30869756673859744,-0.9625447785385273
9433.T,2020-06-18,-0.0186949477063527,0.5,-0.0003253090435914,0.0076447625243981,0.0073194534808067,情報・通信業,29.07831825417867,-3.6006291833232287,0.8668308527485348,-0.4647034473758224,-0.17448820528869938,-0.8565463171905626,1.3315343001243571
3401.T,2020-06-19,-0.0010152284712948,-0.2,-0.0005457522284882,0.0107331271602692,0.0101873749317809,繊維製品,28.186641984532063,-3.6746267132496175,-1.084963514467377,-0.5047647365620077,0.6523752129198402,-0.09099759721706133,-0.5801987779053693
4061.T,2020-06-19,-0.0040554762064884,-0.1,-0.0037056643726839,0.0100582318687136,0.0063525674960296,化学,27.853542872689385,-2.967342896500958,-0.8061357477222468,-1.0790177091400697,0.4716820974674578,-1.1146420637651386,0.27288196141782284
4523.T,2020-06-19,-0.0119741551655219,0.8,0.0104666375926733,0.0050152638464893,0.0154819014391626,医薬品,28.55583705751435,-3.3629818775509506,1.7033141529839257,1.496524318770263,-0.8784971295384242,1.322297034410664,0.2067898342136627
5411.T,2020-06-19,-0.053639234710466,-0.67,0.0074047954866008,0.0126939351198871,0.020098730606488,鉄鋼,26.962451989202247,-3.08284956534336,-2.3954540181694894,0.9400936805936615,1.177352203366068,2.554690501177925,-3.335547698763151
6103.T,2020-06-19,-0.0347964833016016,-0.2,-0.0015488867376573,0.0127783155856727,0.0112294288480154,機械,26.713666849952443,-3.0088219785418584,-1.084963514467377,-0.6870650498299309,1.1999438104448188,0.18716310395755145,-0.39789846463744616
6902.T,2020-06-19,0.0194495267035501,-0.5,0.0024691358024691,0.0090534979423868,0.0115226337448559,輸送用機器,27.50379292943908,-3.4184221353403643,-1.9214468147027675,0.04313290576561573,0.2026796231277212,0.2654297640817189,-1.9645797204683833
6988.T,2020-06-19,-0.0214497049511493,-0.2,0.0051116491794457,0.0088781275221953,0.0139897767016411,化学,26.054882670620263,-3.538693393210682,-1.084963514467377,0.5233586502039475,0.1557268172938627,0.9239966616921724,-1.6083221646713244
7267.T,2020-06-19,-0.0213809496155423,-0.5,-0.0096596434359805,0.0188006482982171,0.0091410048622366,輸送用機器,28.18188135038004,-3.291396799930332,-1.9214468147027675,-2.1610383539374225,2.812333278464685,-0.3703104309371468,0.23959153923465504
8001.T,2020-06-19,-0.0026197371011911,0.2,-0.0053862986029288,0.012035010940919,0.0066487123379902,卸売業,27.37428973497138,-3.6530525162483576,0.03034755251314408,-1.3844405052476583,1.0009351143236846,-1.0355906292801806,1.4147880577608023
8002.T,2020-06-19,-0.0161852809341939,-0.2,-0.0107949790794979,0.0215899581589958,0.0107949790794979,卸売業,27.51037764186617,-3.2918059309211354,-1.084963514467377,-2.3673636688235553,3.5591292555775778,0.07119323872000136,1.2824001543561783
8031.T,2020-06-19,-0.0227605540430648,0.0,-0.0107078692058929,0.0164570607258354,0.0057491915199425,卸売業,28.039236669092496,-3.560993486865413,-0.5273079809771164,-2.3515331325377744,2.184872774461082,-1.2757042525497493,1.824225151560658
8053.T,2020-06-19,-0.0090246597644285,-0.5,-0.0025551684088269,0.0127758420441347,0.0102206736353077,卸売業,28.09326996673918,-3.5752583496208623,-1.9214468147027675,-0.8699372989781888,1.1992815567111,-0.08210900654347093,-1.0515095157245786
8058.T,2020-06-19,-0.037340299705932,-0.2,-0.0081313055262761,0.015810871856648,0.0076795663303719,卸売業,27.85379235072809,-3.8167303172294575,-1.084963514467377,-1.8832924712350776,2.0118653740464287,-0.7604195801988637,0.7983289567677005
2432.T,2020-06-22,-0.0391468593351077,-0.5,-0.0028169014084507,0.0156494522691705,0.0128325508607198,サービス業,26.050441250774284,-3.4653546251475484,-1.9214468147027675,-0.9175022141394605,1.968647694917095,0.6150925384859303,-1.0039446005633068
4689.T,2020-06-22,0.0919974398062574,0.5,0.0164251207729468,0.002415458937198,0.0188405797101449,情報・通信業,28.75262110090303,-3.286369638675752,0.8668308527485348,2.5793634997941925,-1.5745559915664211,2.218845944521119,-1.7125326470456579
6702.T,2020-06-22,0.0265991202116055,0.5,0.0098970308907327,0.0073977806658002,0.017294811556533,電気機器,28.5500249862888,-3.5820274303001662,0.8668308527485348,1.3930093073195149,-0.24061390219111695,1.8062262645185796,-0.5261784545709801
7186.T,2020-06-22,-0.0041304402788795,-0.2,-0.0019415258108725,0.0074234810415714,0.0054819552306989,銀行業,26.853794065310684,-3.358443323541028,-1.084963514467377,-0.7584196143415699,-0.23373301114846184,-1.3470389814320247,-0.32654390012580714
7205.T,2020-06-22,-0.0036676126334775,-0.5,-0.0079589216944801,0.0156611039794608,0.0077021822849807,輸送用機器,26.744225737681177,-3.054684725021045,-1.9214468147027675,-1.8519650408142403,1.9717672659958176,-0.75438258950797,-0.06948177388852717
7832.T,2020-06-22,-0.0430206005240833,-0.1,0.0056313623565085,0.0062811349361056,0.0119124972926142,その他製品,26.781388532194622,-3.716144736888246,-0.8061357477222468,0.6178064776109545,-0.539579087279379,0.3694980048103173,-1.4239422253332013
2801.T,2020-06-23,0.0067456288794974,0.5,0.0022493573264781,0.0033740359897172,0.0056233933161953,食料品,26.126683701350576,-3.480188588248849,0.8668308527485348,0.0031924145787532963,-1.3179113295157792,-1.3092842007805217,0.8636384381697815
3402.T,2020-06-23,-0.004444492158779,-0.1,-0.0030864197530864,0.0120027434842249,0.0089163237311385,繊維製品,27.470421616087684,-3.317561365414049,-0.8061357477222468,-0.9664819653188287,0.9922959856310801,-0.4302856970853601,0.16034621759658185
4307.T,2020-06-23,0.0239937509055206,0.5,0.0005520591807441,0.0093850060726509,0.0099370652533951,情報・通信業,27.40293914064701,-3.325321854505481,0.8668308527485348,-0.3052587261687276,0.2914359644516403,-0.1578140205957892,1.1720895789172623
4506.T,2020-06-23,0.0460289028095948,0.0,0.0074582924435721,0.0080471050049067,0.0155053974484789,医薬品,27.108242674336665,-3.4135019430733538,-0.5273079809771164,0.9498157187905396,-0.06676702662353554,1.328568942537879,-1.477123699767656
5801.T,2020-06-23,-0.0325358815728196,-0.4,-0.0040313549832026,0.0161254199328107,0.012094064949608,非鉄金属,28.29142136140766,-3.350215533743884,-1.6426190479576377,-1.1382056842154753,2.0960809146681236,0.4179647741330877,-0.5044133637421624
6762.T,2020-06-23,0.0144288211717217,-0.2,-0.0047954866008462,0.0149506346967559,0.0101551480959097,電気機器,25.25543449927813,-3.248655951062174,-1.084963514467377,-1.277071840250459,1.781549746728102,-0.09960006885784245,0.192108325783082
7741.T,2020-06-23,0.0353448019263028,0.1,0.0078901227352425,0.0029222676797194,0.010812390414962,精密機器,29.06171954089909,-3.5096797604775256,-0.24848021423198619,1.0282925299564707,-1.438865534438448,0.07584093420449381,-1.2767727441884569
8015.T,2020-06-23,-0.0260326350354006,0.0,-0.0024353120243531,0.0121765601217656,0.0097412480974124,卸売業,26.530845525941444,-3.1397458208615063,-0.5273079809771164,-0.8481557171095393,1.038832789410366,-0.2100844804650738,0.3208477361324229
8035.T,2020-06-23,0.1080228084201126,-0.2,0.0054585152838427,0.0038209606986899,0.0092794759825327,電気機器,27.972116752588605,-3.235881330666362,-1.084963514467377,0.5863948621133294,-1.1982539262898837,-0.3333476372525543,-1.6713583765807063
8308.T,2020-06-23,-0.0180231360240339,-0.08,-0.0041203131437989,0.0100947672023073,0.0059744540585084,銀行業,27.50150064479336,-3.5054011834005867,-0.7503701943732207,-1.1543721109470972,0.4814638863371375,-1.2155737883773339,0.4040019165738765
9001.T,2020-06-23,-0.0040673059524924,0.1,0.0036892805902848,0.0077884812461569,0.0114777618364418,陸運業,29.01082453136648,-3.5211749746013186,-0.24848021423198619,0.26487064384350073,-0.13600966808691423,0.25345187952790277,-0.5133508580754869
9020.T,2020-06-23,-0.0518057783528636,-0.5,0.0014413375612568,0.0062457960987796,0.0076871336600365,陸運業,27.66746470855717,-3.617594869384074,-1.9214468147027675,-0.14364956421881367,-0.5490405321772708,-0.7583995947713045,-1.7777972504839539
9022.T,2020-06-23,-0.0178138419946691,-0.2,0.0046828437633035,0.006598552575564,0.0112813963388676,陸運業,27.28980604985185,-3.6015545604900656,-1.084963514467377,0.4454315517149773,-0.4545952640242506,0.20103504807534509,-1.5303950661823542
9104.T,2020-06-23,-0.0510267263859871,0.2,-0.0053660406285933,0.012265235722499,0.0068991950939057,海運業,27.427990963499955,-3.157588275680795,0.03034755251314408,-1.380759009861168,1.0625743546007187,-0.9687280054445773,1.411106562374312
9107.T,2020-06-23,-0.0198202567303111,0.2,-0.0010622477161674,0.0125345230507754,0.011472275334608,海運業,25.481014335811928,-2.9984859502564394,0.03034755251314408,-0.5986278110996166,1.1346720072394803,0.25198733995532424,0.6289753636127606
2802.T,2020-06-24,-0.0276912399087077,-0.14,-0.0016923076923076,0.0107692307692307,0.009076923076923,食料品,27.00310910082972,-3.8152104922356127,-0.9176668544202988,-0.7131290369851437,0.6620414139794021,-0.3874161047009029,-0.2045378174351551
2871.T,2020-06-24,-0.0157709033689178,0.2,0.0027046520014424,0.0068517850703209,0.0095564370717634,食料品,26.84814591620954,-3.5982506880632816,0.03034755251314408,0.08593342400126694,-0.3867960528222654,-0.2594170185213453,-0.05558587148812286
3407.T,2020-06-24,0.0220939625701922,-0.14,-0.00211356911371,0.010990559391292,0.008876990277582,化学,27.840617318361964,-3.373712074408372,-0.9176668544202988,-0.7896851602043106,0.7212988406638562,-0.4407851739842436,-0.12798169421598826
4005.T,2020-06-24,-0.0401189549033071,-0.4,0.001775016640781,0.0128688706456623,0.0146438872864433,化学,27.017296466772585,-3.378110804559677,-1.6426190479576377,-0.08300983926448081,1.2241885727275477,1.0986016951551154,-1.5596092086931568
4183.T,2020-06-24,-0.0186261315552144,-0.5,-0.0005718370264474,0.0097212294496068,0.0091493924231593,化学,27.782513857874395,-3.416845350856735,-1.9214468147027675,-0.5095051445491993,0.3814547425202337,-0.3680714970479734,-1.4119416701535683
4188.T,2020-06-24,-0.0264616096466011,-0.5,0.0050470604283181,0.0098213067794298,0.0148683672077479,化学,27.58401635574978,-3.591663554596064,-1.9214468147027675,0.5116208927481718,0.40824895006344036,1.158523251359562,-2.433067707450939
4502.T,2020-06-24,-0.0145143564713641,-0.1,-0.0062065275548421,0.0142322097378277,0.0080256821829855,医薬品,28.78270229148644,-3.533625662254542,-0.8061357477222468,-1.5335012678058815,1.5892022141971363,-0.6680291321128914,0.7273655200836346
4507.T,2020-06-24,-0.0029128098607225,-0.4,0.0012218963831867,0.0090420332355816,0.0102639296187683,医薬品,27.42772975864776,-3.447637536937024,-1.6426190479576377,-0.18352875802622934,0.19961011943388957,-0.0705624689776639,-1.4590902899314084
5332.T,2020-06-24,-0.0210579220899649,0.0,0.0030513176144244,0.0099861303744798,0.0130374479889043,ガラス・土石製品,27.339143347173543,-3.445543645207604,-0.5273079809771164,0.14893320047010924,0.45237800128411093,0.669786761075118,-0.6762411814472257
5406.T,2020-06-24,-0.0669087313853394,-0.5,-0.0062885619364024,0.0162553393450403,0.0099667774086378,鉄鋼,28.012701656448662,-3.2171516305735683,-1.9214468147027675,-1.5484094314873105,2.1308648932307817,-0.1498828053227989,-0.373037383215457
6645.T,2020-06-24,0.0010552978254322,0.2,0.0022427111886369,0.0077248940941938,0.0099676052828308,電気機器,28.07417643323277,-3.586089779278688,0.03034755251314408,0.001984607450797788,-0.1530341765324738,-0.14966181669407114,0.028362945062346292
6701.T,2020-06-24,0.0466230009201309,0.6,0.0161866722724406,0.0037838974143367,0.0199705696867773,電気機器,28.59830162153252,-3.436862036827888,1.1456586194936649,2.5360300924163997,-1.2081770660753768,2.520479861272907,-1.3903714729227348
6770.T,2020-06-24,0.0025228742903256,-0.5,-0.0097419244573577,0.0157238078960861,0.0059818834387284,電気機器,26.38690120040848,-2.839896105710085,-1.9214468147027675,-2.175991339639701,1.9885553013960597,-1.2135906264899377,0.2545445249369336
6841.T,2020-06-24,0.0014480184517707,0.1,0.0014413375612568,0.0066301527817814,0.0080714903430383,電気機器,26.845440455492543,-2.991050062506547,-0.24848021423198619,-0.14364956421881367,-0.4461347816623145,-0.6558013291928182,-0.10483065001317252
7004.T,2020-06-24,-0.0102772391138419,0.1,0.0030236393622869,0.0112699285321605,0.0142935678944474,機械,24.92891793618784,-3.702496975709162,-0.24848021423198619,0.14390321297665315,0.7960957477639649,1.005089175126627,-0.39238342720863933
7203.T,2020-06-24,0.006228448547145,0.1,-0.0033220893386486,0.0124195032198712,0.0090974138812225,輸送用機器,29.16957317244513,-3.599612821247325,-0.24848021423198619,-1.0093103586030918,1.1038771686253572,-0.3819463910874491,0.7608301443711056
7270.T,2020-06-24,-0.0281289777880558,0.5,0.0040378940829321,0.0080757881658642,0.0121136822487963,輸送用機器,28.249959585414626,-3.3566237555539797,0.8668308527485348,0.32822440980223366,-0.0590875394804464,0.4232013186269542,0.5386064429463011
9021.T,2020-06-24,-0.0078145625384164,-0.2,0.0034648990659837,0.0073817414884001,0.0108466405543838,陸運業,27.13811146339092,-3.341190939699653,-1.084963514467377,0.2240936375719228,-0.24490815193619586,0.08498349645436516,-1.3090571520393
9432.T,2020-06-24,0.0171706870050644,0.14,0.0,0.00762883387825,0.00762883387825,情報・通信業,26.07224851461328,-3.7850709047995057,-0.13694910753393405,-0.40558481471635754,-0.17875286194500023,-0.7739618492069092,0.26863570718242347
1332.T,2020-06-25,-0.0342734952642178,0.1,-0.0002609603340292,0.0073068893528183,0.0070459290187891,水産・農林業,25.59088966735364,-3.4476541260263103,-0.24848021423198619,-0.45300931283618595,-0.2649486911809792,-0.9295595797078764,0.20452909860419977
1801.T,2020-06-25,0.0186875181041353,0.1,0.0,0.0056424724288279,0.0056424724288279,建設業,29.121474791918377,-3.5069813094083666,-0.24848021423198619,-0.40558481471635754,-0.7105714169141611,-1.304191317135066,0.15710460048437136
1802.T,2020-06-25,-0.0146096186166536,0.1,0.0007836990595611,0.0039184952978056,0.0047021943573667,建設業,27.28644671846734,-3.4268664748291315,-0.24848021423198619,-0.26316265421855567,-1.1721404968451579,-1.5551844793716945,0.014682439986569484
3289.T,2020-06-25,-0.0244021508552861,0.14,-0.0005774505557961,0.0108271979211779,0.0102497473653818,不動産業,26.49288438742688,-2.97694019084416,-0.13694910753393405,-0.5105252950369482,0.6775612515161237,-0.07434820931678213,0.37357618750301413
4021.T,2020-06-25,-0.0133221992146102,0.5,0.0086843247937472,0.0039079461571862,0.0125922709509335,化学,27.444595147549503,-3.194675241207413,0.8668308527485348,1.1726234075606723,-1.174964871392906,0.5509534117641133,-0.3057925548121375
4043.T,2020-06-25,0.0039628733167311,-0.2,-0.0002183882943874,0.0080803668923345,0.0078619785979471,化学,25.86853712337225,-3.2822582494189945,-1.084963514467377,-0.44527266725952946,-0.057861653982244306,-0.7117273547189006,-0.6396908472078475
5019.T,2020-06-25,-0.0150399535233044,-0.2,0.0041782729805013,0.0060933147632311,0.0102715877437325,石油・石炭製品,25.00657649868113,-3.851210352236864,-1.084963514467377,0.35373556186524874,-0.5898651281010204,-0.06851824710340425,-1.4386990763326257
5802.T,2020-06-25,-0.0168179557072076,-0.4,-0.0032025620496397,0.0120096076861489,0.0088070456365092,非鉄金属,27.61780280065641,-3.398853118442682,-1.6426190479576377,-0.9875885834760088,0.9941337729830751,-0.45945584936975625,-0.6550304644816289
6113.T,2020-06-25,-0.036240159474256,-0.4,0.0042328042328042,0.0042328042328042,0.0084656084656084,機械,26.535166002756323,-3.5198779423666915,-1.6426190479576377,0.36364556325274466,-1.087988982691738,-0.5505973933774178,-2.0062646112103826
6473.T,2020-06-25,-0.0105317786925936,-0.5,0.0027786858450474,0.008989865969271,0.0117685518143184,機械,26.373087631323312,-3.095114027557742,-1.9214468147027675,0.0993876445053537,0.1856431144892121,0.33107391316795715,-2.020834459208121
6971.T,2020-06-25,-0.0188551957338241,0.1,-0.0029638411381149,0.0112625963248369,0.0082987551867219,電気機器,27.060780567678115,-3.5897051955702994,-0.24848021423198619,-0.9442056706594394,0.7941326589692715,-0.5951363796287853,0.6957254564274532
7012.T,2020-06-25,-0.0945392555289046,-0.2,-0.0038714672861014,0.0121951219512195,0.008323654665118,輸送用機器,28.59157330426648,-3.2219348615274286,-1.084963514467377,-1.109149184810048,1.0438024414948992,-0.5884898364301675,0.02418567034267105
7013.T,2020-06-25,-0.0330455515347508,-0.2,0.0007994883274704,0.0100735529261272,0.0108730412535976,機械,26.5334082216394,-2.893568915559478,-1.084963514467377,-0.26029325987529783,0.4757840813318099,0.0920307680882043,-0.8246702545920792
7211.T,2020-06-25,-0.0929809204269608,-0.5,-0.0038652678078409,0.0121479845389287,0.0082827167310877,輸送用機器,26.330809389650785,-3.21001165057637,-1.9214468147027675,-1.1080225494299905,1.0311821046993115,-0.5994176053844429,-0.813424265272777
7261.T,2020-06-25,-0.0837109125772809,-0.4,-0.0049388523047977,0.0126999059266227,0.007761053621825,輸送用機器,26.68612255449496,-3.0936829912622583,-1.6426190479576377,-1.3031257866587858,1.1789507975247748,-0.7386677670015958,-0.33949326129885193
7735.T,2020-06-25,-0.0382135596423092,-0.4,-0.0083067092651757,0.0170394036208732,0.0087326943556975,電気機器,27.18277054007256,-2.992979465576364,-1.6426190479576377,-1.9151687114177107,2.340786370662651,-0.47930281129908414,0.27254966346007303
8725.T,2020-06-25,-0.0173216537971243,-0.2,-0.0057206331574562,0.0094418217161899,0.0037211885587336,保険業,27.17352895974721,-3.85271967364074,-1.084963514467377,-1.445199350117945,0.3066475028427748,-1.817049298986975,0.36023583565056794
8795.T,2020-06-25,-0.0431977490110414,0.0,-0.0048465266558966,0.010052055286304,0.0052055286304074,保険業,27.19202003069349,-3.386853633220228,-0.5273079809771164,-1.2863473839984327,0.4700284099511818,-1.4208269263382216,0.7590394030213163
9434.T,2020-06-25,-0.002660467772936,0.5,-0.0038655776544672,0.0086663757092088,0.0048007980547415,情報・通信業,20.51296080458502,-4.087986288726884,0.8668308527485348,-1.1080788580670904,0.09903343793566792,-1.5288636977183858,1.9749097108156253
9735.T,2020-06-25,-0.0212505850381873,0.5,-0.0075719960278053,0.0132820258192651,0.0057100297914597,サービス業,27.71702287143193,-3.796043452854013,0.8668308527485348,-1.781648777539994,1.3348046881718936,-1.2861578900096504,2.648479630288529
9984.T,2020-06-25,-0.0089922561008871,-0.5,-0.0051099278598419,0.0104774991411885,0.0053675712813466,情報・通信業,28.108426372928243,-2.906155055852686,-1.9214468147027675,-1.334215463060083,0.5839346359258201,-1.3775720652382153,-0.5872313516426844
1721.T,2020-06-26,0.0341749786305991,0.5,0.0059464816650148,0.0059464816650148,0.0118929633300297,建設業,26.81942818016212,-3.5529977785419686,0.8668308527485348,0.6750733228170406,-0.6291774929970246,0.3642837057759087,0.1917575299314942
1803.T,2020-06-26,0.0119773482220098,0.5,0.0027092928745597,0.0073150907613112,0.010024383635871,建設業,27.27350647916216,-3.6182388936836105,0.8668308527485348,0.08677681301379453,-0.2627528867795826,-0.1345056848978661,0.7800540397347402
1812.T,2020-06-26,0.0379888803606418,0.2,0.0058030380611025,0.003584229390681,0.0093872674517835,建設業,27.912291630198656,-3.524201371384877,0.03034755251314408,0.6490052195961153,-1.261635191657212,-0.30457431736926993,-0.6186576670829713
1925.T,2020-06-26,-0.0196475421605436,0.1,0.0069381598793363,0.0056309703368526,0.012569130216189,建設業,28.1695966073826,-3.377587016484361,-0.24848021423198619,0.8552916758687439,-0.7136509299278707,0.5447763388680338,-1.10377189010073
1963.T,2020-06-26,-0.0025491453081807,-0.2,-0.0038149737720553,0.0103322206326498,0.0065172468605945,建設業,26.40780797099364,-3.124092704330892,-1.084963514467377,-1.0988825802679112,0.5450384891537389,-1.0706833714146615,0.013919065800534147
2269.T,2020-06-26,0.0064792053895841,0.5,0.0018470631695604,0.0081270779460657,0.0099741411156261,食料品,27.18433044750341,-4.003124670089546,0.8668308527485348,-0.06991677482865549,-0.04535546831113155,-0.14791717392196765,0.9367476275771902
2282.T,2020-06-26,0.0118417164356786,0.1,0.0101260591031204,0.0055796652200867,0.0157057243232072,食料品,27.49650638284037,-3.3429083486938027,-0.24848021423198619,1.434630759361927,-0.7273871072328135,1.3820432043494946,-1.6831109735939132
3861.T,2020-06-26,-0.0286198146376927,0.1,-0.0023809523809523,0.0103896103896103,0.008008658008658,パルプ・紙,27.01810803060884,-3.502966570579522,-0.24848021423198619,-0.8382769023239661,0.5604037378226775,-0.6725734807248785,0.5897966880919799
4042.T,2020-06-26,-0.0037821726855457,-0.25,-0.0054509415262636,0.0116451932606541,0.0061942517343904,化学,27.57755289778807,-3.421562098179049,-1.2243773978399421,-1.396188107455312,0.8965672635077,-1.1569020875302072,0.17181070961536982
4208.T,2020-06-26,0.0022357843935467,-0.5,-0.0004611837048424,0.0109146810146041,0.0104534973097617,化学,28.29712994922501,-3.600538215478546,-1.9214468147027675,-0.4893960415242855,0.7009835407191736,-0.019960210279458438,-1.432050773178482
4543.T,2020-06-26,0.0029051262556764,0.5,0.0122037080497535,0.0056324806383478,0.0178361886881013,精密機器,27.40617020791004,-3.435958674313802,0.8668308527485348,1.8122033085763982,-0.7132465693020751,1.9507387894185395,-0.9453724558278634
4661.T,2020-06-26,-0.0735494182792014,-0.2,-0.0032686859882327,0.0108956199607757,0.007626933972543,サービス業,27.676316217877435,-3.6895670855522376,-1.084963514467377,-0.9996053315888791,0.6958802287785609,-0.7744690006079947,-0.08535818287849795
5706.T,2020-06-26,-0.0158997385947567,-0.2,-0.0106475445458496,0.0171664493698392,0.0065189048239895,非鉄金属,27.8666321395149,-3.3861014435540437,-1.084963514467377,-2.340570291240665,2.3748009688868206,-1.0702408028936954,1.255606776773288
5713.T,2020-06-26,0.025378297908105,-0.1,0.001129624399887,0.0098842134990115,0.0110138378988986,非鉄金属,28.194684807465062,-3.3249691956523044,-0.8061357477222468,-0.20029740800051937,0.4250912829205963,0.1296143258771145,-0.6058383397217275
6146.T,2020-06-26,0.0305945374932589,0.1,0.00317236517448,0.0049347902714134,0.0081071554458935,機械,26.473762369826485,-3.32034178333828,-0.24848021423198619,0.17093125548342125,-0.900042725090794,-0.646281063625835,-0.41941146971540744
6273.T,2020-06-26,0.0090371551770504,-0.2,-0.004697776385844,0.010961478233636,0.006263701847792,機械,28.96023005113304,-3.694995039996842,-1.084963514467377,-1.2593148967483048,0.7135127958602059,-1.1383634189071357,0.17435138228092772
6367.T,2020-06-26,0.0437670799327409,-0.1,-0.0029773719730051,0.0121079793568876,0.0091306073838824,機械,29.247278875251062,-3.682090736462644,-0.8061357477222468,-0.9466646384416396,1.0204713158292567,-0.3730858822112063,0.14052889071939278
6479.T,2020-06-26,4.106073161231835e-05,0.0,0.0042999193765116,0.0061811341037355,0.0104810534802472,電気機器,27.38508159272288,-3.297652966496214,-0.5273079809771164,0.3758424437418976,-0.5663528137742485,-0.012604502878413498,-0.9031504247190141
6503.T,2020-06-26,0.0177069698769025,-0.1,-0.0037629350893697,0.013327061774851,0.0095641266854813,電気機器,28.723410277211183,-3.687225663915709,-0.8061357477222468,-1.0894255552439263,1.3468623913800972,-0.25736439119543686,0.2832898075216794
6674.T,2020-06-26,0.025108695642755,-0.1,-0.0035852178709321,0.0118587975730832,0.0082735797021511,電気機器,27.38256047970671,-3.247914159177252,-0.8061357477222468,-1.0571288848591005,0.9537566218715942,-0.6018565985459878,0.2509931371368537
6724.T,2020-06-26,-0.0297822825771095,-0.5,0.0061313868613138,0.0090510948905109,0.0151824817518248,電気機器,26.9175737494798,-3.1535351511852525,-1.9214468147027675,0.7086762692834073,0.2020362419462507,1.2423714289522385,-2.6301230839861747
6752.T,2020-06-26,-0.0170253469176092,-0.2,-0.0060642813826561,0.0121285627653123,0.0060642813826561,電気機器,28.463815966030413,-3.4871977140401733,-1.084963514467377,-1.5076507746629928,1.025982215433127,-1.1915957282402414,0.42268726019561575
6758.T,2020-06-26,-0.018005492775574,-0.1,-0.0087226619011147,0.0143392051740277,0.0056165432729129,電気機器,28.272105516041,-3.852267359975442,-0.8061357477222468,-1.9907600654616535,1.6178486412030233,-1.3111127173407724,1.1846243177394067
6857.T,2020-06-26,0.0304141420775318,-0.1,-0.0018106570098292,0.0124159337816864,0.0106052767718572,電気機器,26.446316245322063,-3.114189867120856,-0.8061357477222468,-0.7346367385565944,1.102921504963014,0.020555046122004997,-0.07149900916565244
6952.T,2020-06-26,0.0031202603490657,-0.2,0.0012488292226038,0.0090540118638776,0.0103028410864814,電気機器,26.93701724310856,-3.3469459319524564,-1.084963514467377,-0.1786342348909432,0.2028172179167687,-0.06017563488569982,-0.9063292795764338
6963.T,2020-06-26,-0.0118452346878346,-0.4,-0.0033318525099955,0.0124389160373167,0.0091070635273211,電気機器,26.04058403885313,-3.4088601194709955,-1.6426190479576377,-1.0110846263396316,1.1090746600107995,-0.3793705624445581,-0.6315344216180061
6981.T,2020-06-26,0.0024259853771926,-0.2,-0.0039047973224246,0.011714391967274,0.0078095946448493,電気機器,26.8991571698286,-3.740602357962616,-1.084963514467377,-1.115206274868672,0.9150941817435712,-0.7257104672018281,0.03024276040129492
7011.T,2020-06-26,-0.0071822479646204,-0.1,-0.0029139072847682,0.0124503311258278,0.0095364238410596,機械,27.466901981073725,-3.561226119966359,-0.8061357477222468,-0.9351311576957514,1.1121308791488544,-0.264759251009137,0.12899540997350456
7269.T,2020-06-26,0.0056005256296154,-0.5,-0.0019201228878648,0.0145929339477726,0.0126728110599078,輸送用機器,26.864989752540698,-3.0812642658537976,-1.9214468147027675,-0.754530046657985,1.6857807236779265,0.572452388770913,-1.1669167680447825
7731.T,2020-06-26,-0.0231755098273916,-0.5,-0.0026997840172786,0.0132289416846652,0.0105291576673866,精密機器,26.629186558774688,-3.50800406691209,-1.9214468147027675,-0.8962183913772664,1.3205922054624046,0.00023619011805046743,-1.0252284233255011
7912.T,2020-06-26,0.0014768760767347,0.2,0.0016064257028112,0.0088353413654618,0.010441767068273,その他製品,27.464798111277243,-3.4707541305513505,0.03034755251314408,-0.11364798452327046,0.14427146406330418,-0.02309142273076325,0.14399553703641454
8316.T,2020-06-26,-0.0092601848992277,-0.2,-0.0024263184186112,0.0074216798686933,0.004995361450082,銀行業,28.00152505558822,-3.658232043628532,-1.084963514467377,-0.8465213030512346,-0.23421524823454679,-1.476927910493104,-0.2384422114161424
8354.T,2020-06-26,-0.0139517863450214,0.1,-0.0019991115059973,0.0065526432696579,0.0045535317636605,銀行業,28.03265530743712,-3.4629808120980456,-0.24848021423198619,-0.768884701690322,-0.46688679371222486,-1.5948677343928748,0.5204044874583358
8411.T,2020-06-26,-0.0010123071976743,0.2,0.000369221680697,0.0059813912272928,0.0063506129079899,銀行業,31.142293157688503,-3.706702979788256,0.03034755251314408,-0.33848590879582985,-0.6198309800697358,-1.1151638117967522,0.36883346130897393
8601.T,2020-06-26,-0.0004368049326292,0.1,-0.0035214151175169,0.0132667267218082,0.0097453116042912,証券、商品先物取引業,27.40545746973905,-3.551874318495486,-0.24848021423198619,-1.0455339672995587,1.330708583757348,-0.20899978810412648,0.7970537530675725
8630.T,2020-06-26,0.0141597382279665,0.1,-0.0041657023837074,0.0077142636735323,0.0035485612898248,保険業,26.96076042313141,-3.309786840907086,-0.24848021423198619,-1.1626207282348888,-0.15588031259525226,-1.8631295654812898,0.9141405140029026
8766.T,2020-06-26,0.0191886548488868,-0.1,-0.0050357805459846,0.0075978443325382,0.0025620637865535,保険業,27.819776758548105,-3.61704062569089,-0.8061357477222468,-1.3207406215302497,-0.18704984909423988,-2.1264603134799356,0.5146048738080029
8801.T,2020-06-26,-0.0390822680644794,0.2,-0.0013327410039982,0.0109580926995409,0.0096253516955427,不動産業,27.177422232412056,-3.366616593572856,0.03034755251314408,-0.6477847393656672,0.7126063697660132,-0.24102129084066637,0.6781322918788112
8802.T,2020-06-26,-0.0123617480919307,0.14,0.0061239731142643,0.0100074682598954,0.0161314413741598,不動産業,28.434668333376514,-3.315839187927409,-0.13694910753393405,0.7073289640145133,0.4580909008126048,1.4956820012966527,-0.8442780715484474
9005.T,2020-06-26,-0.0209729704306524,0.1,0.0031010580080262,0.0085735133163079,0.0116745713243341,陸運業,28.29800043551664,-3.599475620543944,-0.24848021423198619,0.15797255586342407,0.07417092179194029,0.3059872275526576,-0.40645277009541025
9007.T,2020-06-26,0.0057661632484966,-0.2,0.0050331731869137,0.0073209791809654,0.0123541523678792,陸運業,28.328315372967428,-3.5492388214374686,-1.084963514467377,0.5090971549689318,-0.26117635052911325,0.4873912188744855,-1.5940606694363089
9008.T,2020-06-26,-0.0003012610880673,-0.5,0.0052975454705986,0.0056507151686385,0.0109482606392371,陸運業,29.045326133180463,-3.467461473233481,-1.9214468147027675,0.5571417090088818,-0.7083645466709156,0.11210945761226795,-2.4785885237116494
9009.T,2020-06-26,0.0070095070949952,0.0,0.0069596341220918,0.0031815470272419,0.0101411811493338,陸運業,26.719015265822563,-3.4768606979517065,-0.5273079809771164,0.8591942045383654,-1.3694473688911457,-0.10332833626540566,-1.3865021855154818
9501.T,2020-06-26,-0.0220913704229854,-0.2,-0.0075467029568229,0.0129902264010887,0.0054435234442657,電気・ガス業,27.014756662327144,-3.477045389798358,-1.084963514467377,-1.7770522506321336,1.2566797603242637,-1.3572977717835657,0.6920887361647565
9502.T,2020-06-26,-0.0179162037080429,0.2,0.0009088843444671,0.0049988638945694,0.0059077482390365,電気・ガス業,27.67167541638894,-3.6439555231451695,0.03034755251314408,-0.24041264766778814,-0.8828879712626946,-1.2333799087974555,0.2707602001809322
9503.T,2020-06-26,0.0165297971190749,0.1,-0.0075579880114672,0.0093823299452697,0.0018243419338024,電気・ガス業,27.60461090379575,-3.565361241032021,-0.24848021423198619,-1.7791030912503132,0.2907194713898172,-2.3233841238856363,1.530622877018327
9531.T,2020-06-26,0.0293318626513497,0.0,-0.0044688457609805,0.0118743615934627,0.0074055158324821,電気・ガス業,29.430991396000945,-3.579217104879327,-0.5273079809771164,-1.2177111793527124,0.9579236554344661,-0.8335732601214328,0.690403198375596
4063.T,2020-06-29,0.0347472580778304,0.1,-0.0025071633237822,0.0089541547277936,0.0064469914040114,化学,27.690470775747404,-3.4277669868757505,-0.24848021423198619,-0.8612133023834044,0.17608196395228903,-1.0894370143500622,0.6127330881514182
4901.T,2020-06-29,-0.0079979428822708,-0.25,-0.0062987402519496,0.012747450509898,0.0064487102579484,化学,27.399786535338222,-3.3677802889172894,-1.2243773978399421,-1.5502591436603381,1.1916801482587196,-1.0889781920099855,0.325881745820396
5233.T,2020-06-29,0.0358870705747521,-0.2,-0.0055005500550055,0.0112761276127612,0.0057755775577557,ガラス・土石製品,28.73962809090176,-3.20219138822274,-1.084963514467377,-1.4052034989583915,0.797755458834254,-1.2686608945574285,0.32023998449101443
5333.T,2020-06-29,-0.0082455036041347,-0.5,-0.0090584682953609,0.0175679385122152,0.0085094702168542,ガラス・土石製品,26.892688949252527,-3.330109333108576,-1.9214468147027675,-2.051786388760172,2.4822936790359886,-0.5388891551651712,0.13033957405740448
6301.T,2020-06-29,0.0189556725988377,-0.5,-0.0052437135025622,0.0115600047670122,0.00631629126445,機械,28.369449908595456,-3.458455901783412,-1.9214468147027675,-1.3585284184571242,0.8737593190614285,-1.1243254610010676,-0.5629183962456432
6976.T,2020-06-29,0.0259483754358504,0.1,-0.0017012589316093,0.0125893160939094,0.0108880571623001,電気機器,26.725212950039865,-3.45400555404526,-0.24848021423198619,-0.7147557517615976,1.149342024637555,0.09603904024033505,0.4662755375296114
7202.T,2020-06-29,-0.0029253778563456,-0.2,-0.0051208193310929,0.013442150744119,0.008321331413026,輸送用機器,27.409862751968447,-3.188318243482998,-1.084963514467377,-1.3361947775018228,1.3776757407565692,-0.5891099938143952,0.25123126303444576
7752.T,2020-06-29,-0.0364832384851458,0.1,-0.0006312467122567,0.0093634928984744,0.0087322461862177,電気機器,27.04751563207888,-3.2892037291545884,-0.24848021423198619,-0.5203017069595136,0.28567613398036584,-0.47942244343596696,0.2718214927275274
7974.T,2020-06-29,-0.0251903058138645,0.8,0.0020484807101399,0.0040969614202799,0.0061454421304199,その他製品,27.24620809187305,-4.011104528712061,1.7033141529839257,-0.0333130288607179,-1.1243588630479229,-1.1699310809949122,1.7366271818446437
8309.T,2020-06-29,0.0144334861433551,0.0,-0.002805049088359,0.0084788983807216,0.0056738492923626,銀行業,29.374234281963165,-3.655804683662598,-0.5273079809771164,-0.9153482839876023,0.04883918856854074,-1.295815732891776,0.38804030301048587
8830.T,2020-06-29,-0.0098352398297322,0.5,0.0082603254067584,0.0060075093867334,0.0142678347934918,不動産業,27.253854576459776,-3.175224542713703,0.8668308527485348,1.095569712002447,-0.6128382337011455,0.9982201088588546,-0.22873885925391224
9101.T,2020-06-29,-0.0015983784124375,0.2,-0.0046583850931677,0.0125635234330886,0.0079051383399209,海運業,27.464148053526632,-3.3325252092442,0.03034755251314408,-1.2521562904704029,1.1424364256537856,-0.7002065073779788,1.282503842983547
9532.T,2020-06-29,-0.0095469288094831,0.2,-0.0022106426654034,0.0090004737091425,0.0067898310437391,電気・ガス業,29.112184059362946,-3.7254432831099833,0.03034755251314408,-0.8073264024524661,0.1884831781098544,-0.9979211022735434,0.8376739549656101
9766.T,2020-06-29,0.0052186811793063,-0.5,0.0004228329809725,0.0052854122621564,0.0057082452431289,情報・通信業,26.945216909623863,-3.374968039524018,-1.9214468147027675,-0.32874309091289244,-0.8061689336357684,-1.2866342484851976,-1.592703723789875
5631.T,2020-06-30,0.0152806099314138,-0.2,0.0021440823327615,0.0066466552315608,0.0087907375643224,機械,27.06663631350233,-3.1769256560488337,-1.084963514467377,-0.015939281278975065,-0.44171649766989984,-0.4638090452299847,-1.069024233188402
5711.T,2020-06-30,0.0033621623280461,-0.5,-0.0151423379769836,0.0233192004845548,0.0081768625075711,非鉄金属,28.72675824980586,-3.523715068999466,-1.9214468147027675,-3.1574121435352738,4.022108012559523,-0.627673806505082,1.2359653288325063
6098.T,2020-06-30,-0.0028608631410678,0.1,0.0040184850311432,0.0081374321880651,0.0121559172192083,サービス業,28.364113879946345,-3.0720466127376187,-0.24848021423198619,0.3246971896846837,-0.04258327495250384,0.4344753120363768,-0.5731774039166699
6471.T,2020-06-30,0.0084167407895004,-0.5,-0.0003004807692307,0.012920673076923,0.0126201923076923,機械,26.81109258301973,-3.246317208870295,-1.9214468147027675,-0.4601913882725955,1.2380578985468589,0.5584066001767044,-1.461255426430172
6753.T,2020-06-30,-0.0166923113474707,-0.1,-0.002039627039627,0.0125291375291375,0.0104895104895104,電気機器,28.298640848069645,-3.346440275872486,-0.8061357477222468,-0.7762476170375662,1.1332301144077117,-0.010347030793866976,-0.029888130684680658
6954.T,2020-06-30,-0.007363007742744,-0.5,-0.0069905627403005,0.0139811254806011,0.0069905627403005,電気機器,27.399453950612926,-3.320797284189872,-1.9214468147027675,-1.675984512690488,1.5219781614485264,-0.9443387793307412,-0.24546230201227948
7951.T,2020-06-30,0.0253262624573919,-0.2,0.0005415162454873,0.0093862815884476,0.009927797833935,その他製品,26.53249180056806,-3.296644065795096,-1.084963514467377,-0.30717470092835386,0.2917774647199012,-0.16028781955661067,-0.7777888135390232
5401.T,2020-07-02,0.045543056790899,-0.33,-0.0021996822681168,0.0113650250519369,0.0091653427838201,鉄鋼,25.96752295630667,-3.0420348788926983,-1.4474396112360464,-0.8053345620356281,0.8215564179480318,-0.363813786927341,-0.6421050492004182
7201.T,2020-07-06,-0.0115439084748427,-1.0,-0.0096136069513773,0.0173784433351821,0.0077648363838047,輸送用機器,28.252758418697034,-3.090162613816339,-3.3155856484284185,-2.152672112433211,2.431559180914971,-0.7376580152908089,-1.1629135359952074
4902.T,2020-07-15,0.0308234161844044,-0.2,0.0050436469447138,0.0085354025218234,0.0135790494665373,電気機器,25.97296871789264,-3.316473218333145,-1.084963514467377,0.5110005580625331,0.06396732684331194,0.8143591718002645,-1.59596407252991
5714.T,2020-07-15,-0.0280399438892038,0.2,0.0004873294346978,0.0094217024041585,0.0099090318388564,非鉄金属,27.673091988817863,-3.5619490322138363,0.03034755251314408,-0.31702210672650327,0.30126085810365866,-0.16529712115605685,0.34736965923964735
9202.T,2020-07-17,-0.0182238056686441,-0.5,0.0,0.0081313775510204,0.0081313775510204,空運業,29.79571602474961,-3.413012687075456,-1.9214468147027675,-0.40558481471635754,-0.04420431342206936,-0.6398153350862118,-1.5158619999864098
6305.T,2020-07-21,0.0229915170993053,-0.2,-0.0035335689045936,0.017124218537646,0.0135906496330524,機械,27.28380543438196,-3.6901518064335286,-1.084963514467377,-1.0477426832506325,2.3634942954922744,0.8174556626836178,-0.037220831216744577
7911.T,2020-07-21,-0.044979046816834,0.5,-0.0004772130756382,0.0095442615127654,0.0090670484371271,その他製品,27.80941422312558,-3.6522447090949095,0.8668308527485348,-0.4923090699276074,0.3340742255079608,-0.3900519920448129,1.3591399226761423
6302.T,2020-07-31,-0.0235386869000649,-0.2,-0.0052854122621564,0.0158562367864693,0.0105708245243128,機械,27.86147057240512,-3.59636691908508,-1.084963514467377,-1.3661063622596985,2.024011155183522,0.011358534132854486,0.28114284779232146
6472.T,2020-07-31,-0.0864848910100068,-0.8,-0.0173281162660704,0.0253400409912427,0.0080119247251723,機械,25.29703065664248,-3.234759864904701,-2.7579301149381585,-3.5546351113352763,4.5631578191808595,-0.6717014796297336,0.7967049963971178
6504.T,2020-08-06,0.0080589258380769,-0.4,-0.0133792048929663,0.0191131498470948,0.0057339449541284,電気機器,28.44885144485176,-3.637407181271541,-1.6426190479576377,-2.836996774896799,2.8960008920292326,-1.2797740951666075,1.194377726939161
8252.T,2020-08-06,0.0431034260685342,0.3,0.0028843380444188,0.0118257859821171,0.0147101240265359,小売業,26.82076023310564,-3.4824532864869475,0.30917531925827424,0.1185878902020198,0.9449182623625874,1.1162826018535479,0.19058742905625442
5803.T,2020-08-17,-0.0345038097571818,-0.5,-0.0037682524729156,0.0136599152143193,0.0098916627414036,非鉄金属,25.443801855062475,-3.41538924018876,-1.9214468147027675,-1.0903918869545024,1.4359789191127748,-0.16993354183541978,-0.8310549277482651
2002.T,2020-08-28,-0.016561993530626,0.1,0.000471623958497,0.0094324791699418,0.0099041031284389,食料品,27.00108297939299,-3.976353987744652,-0.24848021423198619,-0.31987627354586556,0.3041461758829496,-0.16661276665602542,0.07139605931387938
6501.T,2020-08-31,-0.0106671984819033,-0.1,-0.0027994867607605,0.0159804035926746,0.0131809168319141,電気機器,28.858444262424428,-3.793654438361164,-0.8061357477222468,-0.9143374384285704,2.0572549595628566,0.7080836220595507,0.10820169070632357
4385.T,2020-09-25,-0.0335617950515003,0.0,-0.003098853424233,0.0105361016423923,0.0074372482181592,情報・通信業,24.146948746647,-3.438577525873998,-0.5273079809771164,-0.9687415447913492,0.5996245787188856,-0.8251027745617403,0.4414335638142328
6920.T,2020-09-29,0.0182892215260147,0.5,0.0030757400999615,0.0046136101499423,0.0076893502499038,電気機器,26.04086775543629,-3.3948517834705454,0.8668308527485348,0.1533715152957875,-0.9860338966045556,-0.7578079092720237,0.7134593374527473
3697.T,2020-11-27,-0.036886859768614,0.5,0.0064714946070878,0.0043143297380585,0.0107858243451463,情報・通信業,23.42595397151761,-3.274282204807793,0.8668308527485348,0.7704842801062068,-1.0661617485747614,0.06874951936283985,0.09634657264232793
9983.T,2020-11-27,0.0425197368307119,-0.2,0.0041428289603472,0.0082856579206944,0.0124284868810416,小売業,28.72115051378424,-4.250621387812619,-1.084963514467377,0.3472942960943013,-0.0028980530312400794,0.5072337049307192,-1.4322578105616783
7453.T,2020-11-30,-0.060582749889537,-0.5,-0.003269916765755,0.016052318668252,0.012782401902497,小売業,24.129176526832868,-3.686716447284325,-1.9214468147027675,-0.9998290016209911,2.0765091449404456,0.6017060244437032,-0.9216178130817764
4751.T,2020-12-15,-0.0034704787180974,0.5,0.0085778781038374,0.0031602708803611,0.0117381489841986,サービス業,25.40040881005934,-3.664272497376656,0.8668308527485348,1.1532787785607552,-1.3751437388507772,0.3229583325707695,-0.28644792581222045
4151.T,2021-03-09,-0.0188088807466725,0.3,0.010091743119266,0.0080733944954128,0.0181651376146789,医薬品,28.24959401021955,-3.994442435148625,0.30917531925827424,1.4283944923911736,-0.05972840892588686,2.038546783459867,-1.1192191731328993
6326.T,2021-03-19,-0.0268858830380387,-0.2,-0.0029268292682926,0.0117073170731707,0.008780487804878,機械,28.764124920009504,-3.8941826497024743,-1.084963514467377,-0.937479478507177,0.9131999847132818,-0.46654506515132227,-0.1474840359602
4519.T,2021-03-23,-0.0174764159982547,0.5,0.0072409951726698,0.0068696620868919,0.0141106572595618,医薬品,28.536781246894947,-3.890819283757463,0.8668308527485348,0.9103261386837144,-0.3820097491398641,0.9562639179499892,-0.043495285935179595
2914.T,2021-03-24,0.007151574492577,-0.14,0.0080104864549956,0.0085930672880862,0.0166035537430818,食料品,29.05845742037961,-4.171116088711767,-0.9176668544202988,1.0501663102087895,0.0794062051378132,1.621705334184352,-1.9678331646290883
3405.T,2021-03-25,-0.0240732794854146,-0.2,-0.0044972695149373,0.0102794731769996,0.0057822036620623,化学,26.88617359815036,-3.9127972304411633,-1.084963514467377,-1.222876647396342,0.5309161471951035,-1.266892155156074,0.1379131329289649
3436.T,2021-03-25,-0.0631881921996428,0.0,0.0014722119985277,0.0092013249907986,0.0106735369893264,金属製品,27.32389813001857,-3.693995188321358,-0.5273079809771164,-0.138038731837902,0.24225810331549982,0.03877608982977723,-0.3892692491392144
4704.T,2021-03-25,0.0220275857062525,0.2,-0.0004017677782241,0.0112494977902772,0.010847730012053,情報・通信業,27.3626145669108,-3.9687762185080304,0.03034755251314408,-0.4785983449675278,0.7906257223421135,0.0852743108781139,0.5089458974806719
4911.T,2021-03-25,-0.0615793745115663,-0.5,-0.0053799596503026,0.0143913920645595,0.0090114324142568,化学,28.69531797418154,-3.978380734539421,-1.9214468147027675,-1.3832885230967262,1.6318209002392778,-0.4048978571935643,-0.5381582916060412
7272.T,2021-03-25,0.0058206093327969,-0.1,-0.0102103328568511,0.0196038390851541,0.009393506228303,輸送用機器,26.45349856848772,-4.014044324354057,-0.8061357477222468,-2.261115515096194,3.0273755930432587,-0.30290896932527783,1.454979767373947
8804.T,2021-03-25,-0.0244205701283039,0.1,0.0092052088010776,0.0080826223619218,0.0172878311629995,不動産業,26.62000087567228,-3.908558913386034,-0.24848021423198619,1.2672840107446226,-0.05725778575018446,1.8043629529091672,-1.5157642249766088
1605.T,2021-03-26,-0.0346996387421262,-0.8,-0.0080671184252984,0.0132300742174895,0.005162955792191,鉱業,27.7613035602818,-3.6677784325509735,-2.7579301149381585,-1.8716277059328783,1.3208954241793454,-1.4321911085026715,-0.8863024090052802
2502.T,2021-03-26,-0.0030621842746208,-0.2,0.0140201638311279,0.00645872715816,0.0204788909892879,食料品,27.360439874300955,-4.052316748448827,-1.084963514467377,2.142309047094125,-0.49203142724287796,2.6561686272047864,-3.2272725615615023
3659.T,2021-03-26,-0.005142508621834,0.1,0.0105568751649511,0.0063341250989707,0.0168910002639218,情報・通信業,28.083407127941527,-3.719641198204757,-0.24848021423198619,1.5129232538526634,-0.5253917640957273,1.6984348819950663,-1.7614034680846495
4324.T,2021-03-26,-0.0522075998012185,-0.5,-0.0029082448742184,0.0139595753962483,0.0110513305220299,サービス業,27.690561668000715,-3.6785249546200487,-1.9214468147027675,-0.9341021239942439,1.5162084488298568,0.13962242063747338,-0.9873446907085236
4452.T,2021-03-26,0.0250429807382091,-0.2,0.0039534372940918,0.006808697562047,0.0107621348561388,化学,28.92158841035885,-4.103818846219742,-1.084963514467377,0.31287602040633655,-0.3983320884184627,0.062425964727005116,-1.3978395348737136
5108.T,2021-03-26,0.0438196487230992,-0.6,0.0006749915626054,0.011981100236247,0.0126560917988525,ゴム製品,28.23416333191068,-3.90707522282992,-2.200274581447898,-0.2829181412130274,0.9865013298458533,0.5679894321946649,-1.9173564402348706
6361.T,2021-03-29,0.04565180659964,0.2,-0.0049476688867745,0.0150333016175071,0.0100856327307326,機械,26.730580032142413,-3.793252464054177,0.03034755251314408,-1.30472803006845,1.803682577764691,-0.11815615546605193,1.335075582581594
2503.T,2021-03-30,-0.0236973370337662,0.14,0.0011436039862767,0.0148668518215977,0.0160104558078745,食料品,28.32362715009519,-4.426563753005614,-0.13694910753393405,-0.19775688830460217,1.7591181355977314,1.4633867146270967,0.06080778077066812
4004.T,2021-03-30,-0.0462521603224399,-0.5,-0.0044286979627989,0.0129317980513728,0.0085031000885739,化学,26.891993522763123,-4.07556047839006,-1.9214468147027675,-1.2104150928173332,1.2410364439861508,-0.5405895655963544,-0.7110317218854343
4755.T,2021-03-30,-0.017598820073827,0.0,0.0018160805679379,0.0118870728083209,0.0137031533762588,サービス業,28.274062303716185,-3.24008635739952,-0.5273079809771164,-0.07554726399038852,0.9613268930072436,0.8474868535918032,-0.4517607169867279
5101.T,2021-03-30,-0.0057180027764154,-0.33,0.009700176366843,0.0110229276895943,0.0207231040564373,ゴム製品,26.547552985424737,-3.8253346284167686,-1.4474396112360464,1.3572348014628426,0.7299649681881033,2.721357651434692,-2.8046744126988887
5201.T,2021-03-30,0.006363621741778,-0.2,-0.0017053206002728,0.0088676671214188,0.0071623465211459,ガラス・土石製品,29.34656759066381,-3.965718174366221,-1.084963514467377,-0.7154938815567332,0.15292620151118355,-0.8984836693542346,-0.36946963291064383
5301.T,2021-03-30,-0.0306529611500736,-0.2,-0.0087403598971722,0.0161953727506426,0.0074550128534704,ガラス・土石製品,26.71684966511105,-3.6788992371542495,-1.084963514467377,-1.9939763342631018,2.1148097348967916,-0.8203607709693249,0.9090128197957248
7751.T,2021-03-30,0.0042203857521226,-0.1,0.0005704506560182,0.0091985168282943,0.0097689674843126,電気機器,28.85040210364897,-3.715346738264328,-0.8061357477222468,-0.3019164309199032,0.24150625982518747,-0.20268520488425548,-0.5042193168023437
2501.T,2021-03-31,-0.0177415129450599,-0.2,0.007328990228013,0.0083469055374592,0.0156758957654723,食料品,24.31052579352999,-4.0159423153619205,-1.084963514467377,0.9263175396458652,0.01350007987283835,1.3740809171728867,-2.011281054113242
4578.T,2021-03-31,-0.000793365724565,0.5,0.0008655011251514,0.0122901159771507,0.0131556171023022,医薬品,28.59212288167723,-4.348407021336301,0.8668308527485348,-0.24829670947558496,1.0692356704855903,0.7013302377876466,1.1151275622241197
5214.T,2021-03-31,0.0499511272191604,0.2,-0.0016995963458678,0.0118971744210749,0.0101975780752071,ガラス・土石製品,27.87505348106001,-4.21348283584749,0.03034755251314408,-0.7144536089295647,0.9640314486656579,-0.08827402074428863,0.7448011614427087
6723.T,2021-03-31,0.0611699460548259,0.5,0.0054495912806539,0.0061927173643794,0.0116423086450334,電気機器,28.324442658847698,-3.5325552831070874,0.8668308527485348,0.5847730969741062,-0.5632515690640965,0.2973751880446802,0.2820577557744286
1928.T,2021-04-28,-0.0095140553079322,0.0,0.0007966857871255,0.0094008922880815,0.0101975780752071,建設業,28.092549801730048,-4.170782199598037,-0.5273079809771164,-0.2608025674289224,0.2956892609182469,-0.08827402074428863,-0.266505413548194
9843.T,2021-05-14,0.0047526941601347,0.8,0.0042105263157894,0.0037426900584795,0.007953216374269,小売業,26.82381065450626,-3.992916480381562,1.7033141529839257,0.35959698231605763,-1.219209718995847,-0.6873727954778401,1.343717170667868
6506.T,2021-05-27,0.0820708263336593,0.2,0.0150738619234247,0.0033162496231534,0.0183901115465782,電気機器,27.907729737193,-3.847269582755311,0.03034755251314408,2.3337983145450356,-1.3333827644712952,2.09860020840092,-2.3034507620318916
8233.T,2021-05-27,-0.0126019690407153,-0.5,0.0,0.0090412507063477,0.0090412507063477,小売業,26.081840722642823,-3.872895652507704,-1.9214468147027675,-0.40558481471635754,0.1994006089409652,-0.39693831027702314,-1.5158619999864098
8267.T,2021-05-27,-0.007208071304192,0.2,0.0015896145184792,0.0070207974566167,0.008610411975096,小売業,27.45592005459031,-3.976047195599437,0.03034755251314408,-0.11670309242965372,-0.3415455154249191,-0.5119442631467249,0.1470506449427978
9602.T,2021-05-27,0.0513496277617547,-0.5,-0.007802703079281,0.0154660721750034,0.0076633690957224,情報・通信業,25.846179753941342,-4.087559072645034,-1.9214468147027675,-1.823575326146099,1.9195504187298085,-0.7647431896369195,-0.0978714885566685
3086.T,2021-05-28,0.0229037831814,-0.4,0.0046417759838546,0.0098890010090817,0.0145307769929364,小売業,26.40636454895027,-3.612242098932711,-1.6426190479576377,0.43796827636125263,0.4263730671035178,1.0684085947197393,-2.0805873243188904
3382.T,2021-05-28,-0.0507191577974982,-0.2,0.0039481105470953,0.0084602368866328,0.0124083474337281,小売業,27.99064174994003,-3.846604042408533,-1.084963514467377,0.31190798706954576,0.04384285276935426,0.5018577808074883,-1.3968715015369229
6532.T,2021-05-31,0.0418976175475294,0.8,0.0037492189127265,0.0054155384294938,0.0091647573422203,サービス業,24.66813930852,-3.3933413277038387,1.7033141529839257,0.27576327574679993,-0.771329599486797,-0.3639700618027197,1.4275508772371257
7741.T,2021-06-04,-0.0409602486278437,0.1,0.006697108066971,0.0057838660578386,0.0124809741248097,精密機器,29.32647584590195,-3.7799618699869018,-0.24848021423198619,0.8114851668648879,-0.6727153885039275,0.5212443893125932,-1.059965381096874
8697.T,2021-06-09,-0.0188058985735773,0.5,-0.0029041626331074,0.0145208131655372,0.0116166505324298,その他金融業,27.26041693181499,-3.8520888662551993,0.8668308527485348,-0.9333602555543007,1.6664714634207691,0.2905261387954585,1.8001911083028355
3092.T,2021-06-14,-0.0567549640132397,0.5,0.0008852915138484,0.003794106487922,0.0046793980017705,小売業,26.6840067114899,-3.741797815768432,0.8668308527485348,-0.24470018874363905,-1.2054437393873827,-1.5612696254069194,1.1115310414921737
6861.T,2021-06-14,0.036402098104696,0.1,0.0084841628959276,0.004524886877828,0.0130090497737556,電気機器,28.851211222063306,-3.929321057719636,-0.24848021423198619,1.1362478504013043,-1.0097882250938093,0.6622062824503515,-1.3847280646332905
4689.T,2021-06-17,0.0762714668590953,0.5,0.0129348795718108,0.0022301516503122,0.0151650312221231,情報・通信業,28.78030087747058,-3.841974863694433,0.8668308527485348,1.9450796041332492,-1.6241692447664033,1.2377132711524643,-1.0782487513847143
6301.T,2021-06-17,-0.0450824141827245,-0.2,-0.0041855598186257,0.0113940239507034,0.0072084641320776,機械,28.66384419233757,-3.9466816127568096,-1.084963514467377,-1.1662294333220082,0.8293204391649073,-0.8861732631522077,0.08126591885463119
8035.T,2021-06-17,0.0057979396041169,0.8,0.0046960605270023,0.0031307070180015,0.0078267675450039,電気機器,28.62837413399091,-3.7993498562214447,1.7033141529839257,0.4478334431270024,-1.3830590206158175,-0.7211264184556113,1.2554807098569234
8795.T,2021-06-17,-0.011043035511203,0.2,-0.0026928471248246,0.0078541374474053,0.0051612903225806,保険業,27.66821481453678,-3.8536485957081217,0.03034755251314408,-0.8949577452167454,-0.11843120265563709,-1.4326356806955267,0.9253052977298895
2768.T,2021-06-18,-0.0323027788808121,-0.1,-0.0102395319071128,0.0177363320533918,0.007496800146279,卸売業,28.36818717552529,-3.951469952599896,-0.8061357477222468,-2.26642187826203,2.5273785299128186,-0.8092062783977396,1.4602861305397832
4503.T,2021-06-18,0.0287301594469962,-0.25,0.0039598732840549,0.0089757127771911,0.012935586061246,医薬品,29.062498688979737,-4.173216841785558,-1.2243773978399421,0.31404563721817785,0.1818538090924913,0.6425962435990011,-1.53842303505812
4523.T,2021-06-18,0.1215829365152952,0.1,0.0092351408950982,0.0061567605967321,0.0153919014918304,医薬品,28.906672827116385,-4.356178183845636,-0.24848021423198619,1.272723590448884,-0.5728784555590555,1.2982728950973494,-1.5212038046808702
6098.T,2021-06-18,-0.0099680714723526,-0.1,0.0097433786194593,0.0050775353369013,0.0148209139563606,サービス業,28.76939791064342,-3.8071522084452303,-0.8061357477222468,1.36508597606988,-0.8618248697861418,1.1458563159224748,-2.1712217237921267
6988.T,2021-06-18,0.0160495514615104,0.2,0.0017570281124498,0.0102911646586345,0.0120481927710843,化学,26.388951059930083,-4.005803523519732,0.03034755251314408,-0.08627890669265946,0.5340463664562203,0.40571988244008633,0.11662645920580354
8001.T,2021-06-18,-0.0035822410367187,0.1,-0.0069627108154108,0.0132291505492805,0.0062664397338697,卸売業,27.71767813388307,-4.269414609349737,-0.24848021423198619,-1.6709229635302336,1.3206481258377851,-1.1376325811843992,1.4224427492982474
8031.T,2021-06-18,-0.0299773250346626,-0.1,-0.0085801838610827,0.0148450800136193,0.0062648961525366,卸売業,28.44320767861105,-4.072986635060664,-0.8061357477222468,-1.9648674348181843,1.7532890597960906,-1.1380446171253864,1.1587316870959374
8053.T,2021-06-18,-0.015226834669777,-0.5,-0.0099811467228568,0.0180769657313962,0.0080958190085394,卸売業,28.24601302830524,-4.348211979422384,-1.9214468147027675,-2.219465363853334,2.618578100093178,-0.6493071559557149,0.2980185491505667
9064.T,2021-06-18,0.0291273452855945,0.5,0.0041789021911,0.0086966342895866,0.0128755364806866,陸運業,27.861098444950148,-4.141851414678721,0.8668308527485348,0.3538499087331972,0.10713472005460019,0.6265669065623892,0.5129809440153376
9101.T,2021-06-18,0.0305907012237613,0.5,-0.0037294456687574,0.0120359382946262,0.0083064926258687,海運業,28.70429713490349,-3.4606483581130254,0.8668308527485348,-1.0833395001705737,1.0011833994022399,-0.5930709860202215,1.9501703529191086
9201.T,2021-06-18,-0.0172674966804453,-0.1,0.0007833920877399,0.0110458284371327,0.0118292205248726,空運業,27.495975491719538,-3.8081574166287946,-0.8061357477222468,-0.2632184404153794,0.7360963006639369,0.34726851769292916,-0.5429173073068674
4568.T,2021-06-21,-0.0176639574760886,-0.17,0.0067260498091256,0.0065442646791492,0.0132703144882748,医薬品,28.179134917472886,-3.96838911489596,-1.0013151844438377,0.8167447692542756,-0.46913003594707164,0.731946988809821,-1.8180599536981132
5631.T,2021-06-21,-0.0036418597484063,-0.5,0.0029403902699812,0.0050788559208767,0.008019246190858,機械,26.04433168200709,-3.6215401603804,-1.9214468147027675,0.12877429908935206,-0.8614713031874157,-0.6697471239125945,-2.0502211137921194
7733.T,2021-06-21,-0.0152366061343093,-0.2,-0.0008274036074797,0.0115836505047162,0.0107562468972364,精密機器,27.37540437165882,-3.909710085845041,-1.084963514467377,-0.5559494322864349,0.8800901115063681,0.06085426219677802,-0.5290140821809421
7832.T,2021-06-21,-0.0124784185690301,0.2,0.0020408163265306,0.0065306122448979,0.0085714285714285,その他製品,27.05099545636142,-4.07015463793334,0.03034755251314408,-0.034705882481254086,-0.47278527092832356,-0.5223502994653721,0.06505343499439817
2432.T,2021-06-22,0.0251474460168139,0.5,-0.0013123359580052,0.0150918635170603,0.0137795275590551,サービス業,26.536343466087818,-3.8283599167378672,0.8668308527485348,-0.644076516547322,1.819361650073355,0.8678737989381863,1.5109073692958568
2801.T,2021-06-22,0.0228875438530995,0.2,0.0034910783553141,0.0059477631238686,0.0094388414791828,食料品,26.45881753637319,-3.8795421225583206,0.03034755251314408,0.22885121753995383,-0.6288344015641544,-0.29080740243301895,-0.19850366502680974
2871.T,2021-06-22,0.0050872941916582,0.2,0.0044329516069449,0.0070188400443295,0.0114517916512744,食料品,26.10319432108065,-4.395769757077911,0.03034755251314408,0.40001848101411647,-0.3420695832748868,0.24651952717716982,-0.3696709285009724
3402.T,2021-06-22,-0.0070091509380581,-0.2,0.0037538762852945,0.0099559327566508,0.0137098090419454,繊維製品,27.84501929157957,-3.986311133564452,-1.084963514467377,0.27660966321567,0.44429304097540057,0.8492634839612361,-1.361573177683047
4061.T,2021-06-22,-0.0189527439537897,0.2,-0.0029239766081871,0.0102339181286549,0.0073099415204678,化学,28.18241986526709,-3.838811145222463,0.03034755251314408,-0.9369610626555377,0.5187194646682267,-0.859085392680029,0.9673086151686817
4307.T,2021-06-22,0.0283150294655898,0.1,0.0075666191468362,0.0060313630880579,0.0135979822348941,情報・通信業,27.595311033294468,-4.109112071180064,-0.24848021423198619,0.9695020038897174,-0.6064517621087008,0.8194129910309761,-1.2179822181217035
6701.T,2021-06-22,-0.0138224848096278,0.3,0.0082442067736185,0.0100267379679144,0.0182709447415329,電気機器,28.685478001410072,-3.774040957217258,0.30917531925827424,1.0926404618929193,0.46325007679053354,2.06679041283111,-0.7834651426346451
6902.T,2021-06-22,-0.0215738080062612,0.1,0.0046649703138252,0.0076335877862595,0.0122985581000848,輸送用機器,28.03912719094492,-3.9183273747505902,-0.24848021423198619,0.442183397644621,-0.1774800742110236,0.47255116091773425,-0.6906636118766072
9020.T,2021-06-22,-0.0256728380982639,-0.5,0.0007014730934963,0.0066138891672512,0.0073153622607475,陸運業,27.702638406811868,-3.9487708405870663,-1.9214468147027675,-0.2781056346816511,-0.4504891210905907,-0.8576384071703586,-1.6433411800211164
9104.T,2021-06-22,0.0136907681177599,0.2,-0.0007595898214963,0.0102544625902012,0.0094948727687049,海運業,28.387661937905623,-3.4734070934669448,0.03034755251314408,-0.5436255870636266,0.5242199368281907,-0.27585068806500934,0.5739731395767707
2802.T,2021-06-23,0.0258540613778761,0.5,0.0054770318021201,0.007773851590106,0.0132508833922261,食料品,27.40738736289823,-4.182681721839631,0.8668308527485348,0.5897598815117719,-0.1399265395822553,0.7267601484580009,0.27707097123676283
3401.T,2021-06-23,0.0085138984571597,-0.2,0.0004919645785503,0.0109872089209576,0.011479173499508,繊維製品,26.551451575995547,-4.312107718904344,-1.084963514467377,-0.3161797588971453,0.720401802366911,0.25382870186137196,-0.7687837555702317
4005.T,2021-06-23,-0.0249755987977176,0.2,0.0054787994282991,0.0102429728442115,0.0157217722725107,化学,27.59380674360677,-4.126387087333807,0.03034755251314408,0.5900811134136025,0.5211437292673855,1.3863269642981222,-0.5597335609004584
4507.T,2021-06-23,0.0032977140291747,-0.25,0.0102643856920684,0.0055987558320373,0.0158631415241057,医薬品,27.14816822160394,-4.384746331733026,-1.2243773978399421,1.4597689439902186,-0.7222758815472774,1.4240633707695762,-2.6841463418301608
4543.T,2021-06-23,-0.0291939289293887,-0.2,0.0131906421105027,0.0062220009955201,0.0194126431060228,精密機器,27.46256222680768,-4.139706984154669,-1.084963514467377,1.9915595033885871,-0.5554113150146496,2.37154970853434,-3.076523017855964
5019.T,2021-06-23,0.0052629541692155,0.1,0.0014566642388929,0.0054624908958485,0.0069191551347414,石油・石炭製品,25.16770375467861,-4.285904553029611,-0.24848021423198619,-0.14086423671898332,-0.7587587791981435,-0.9633999711962201,-0.10761597751300286
5401.T,2021-06-23,0.0121376885348093,0.0,0.0041248453183005,0.0103121132957514,0.0144369586140519,鉄鋼,26.563954592047903,-3.5320753607695368,-0.5273079809771164,0.34402611665391186,0.5396550505772924,1.0433651822369387,-0.8713340976310282
5406.T,2021-06-23,0.0192868708356111,0.1,-0.0020245476401366,0.0132860938883968,0.0112615462482601,鉄鋼,26.23722623208361,-3.4838123232761933,-0.24848021423198619,-0.7735072275625104,1.3358938528089563,0.19573636339527237,0.5250270133305243
6103.T,2021-06-23,-0.0225827634499483,-0.2,0.004769805060141,0.0082953131480713,0.0130651182082123,機械,26.83764909839711,-3.990276492134051,-1.084963514467377,0.4612350870442446,-0.0003130103780129421,0.6771729121028705,-1.5461986015116216
6501.T,2021-06-23,0.0226860063598468,0.1,-0.0015041073701261,0.0143468702996644,0.0128427629295383,電気機器,29.41975830446309,-3.946193365198285,-0.24848021423198619,-0.6789272650620248,1.6199008638943937,0.6178184974586305,0.43044705083003865
6594.T,2021-06-23,0.0005552804267029,0.5,0.0038634900193174,0.0070830650354153,0.0109465550547327,電気機器,28.27361189105789,-3.9778383325977074,0.8668308527485348,0.2965298412857008,-0.3248743029485924,0.11165417734867941,0.570301011462834
6762.T,2021-06-23,-0.0205104609305676,0.5,-0.0005782017924255,0.0119976871928302,0.0114194854004047,電気機器,25.45905791649887,-3.964728081439104,0.8668308527485348,-0.5106618177780424,0.9909422392704594,0.23789585689078874,1.377492670526577
6841.T,2021-06-23,-0.0180793263527476,-0.1,0.0034207525655644,0.0057012542759407,0.0091220068415051,電気機器,26.823396071608904,-3.911176430853344,-0.8061357477222468,0.21607086417258378,-0.6948334569376209,-0.37538166831294334,-1.0222066118948305
7186.T,2021-06-23,0.019152215575042,-0.2,-0.001067995728017,0.0066453067521063,0.0055773110240892,銀行業,27.025791738763004,-3.93921773109422,-1.084963514467377,-0.5996724011832711,-0.44207753286573803,-1.3215851791505135,-0.4852911132841059
7267.T,2021-06-23,0.0049330367229799,-0.1,-0.0095065943629912,0.0192140322688625,0.0097074379058713,輸送用機器,28.37441854052236,-4.003412802953796,-0.8061357477222468,-2.1332246423201986,2.9230106508935605,-0.21910960521092643,1.3270888945979518
8253.T,2021-06-23,-0.028534145662347,0.1,0.0046176830096428,0.0067907103082982,0.011408393317941,その他金融業,26.2622924789013,-3.888166291845734,-0.24848021423198619,0.43358984385173277,-0.4031479064556753,0.23493499144273305,-0.6820700580837189
9001.T,2021-06-23,-0.0168538556590032,-0.5,-0.0011771630370806,0.011183048852266,0.0100058858151854,陸運業,28.77439966785189,-4.009134206552177,-1.9214468147027675,-0.6195114501433102,0.7728350135047903,-0.1394434013556688,-1.3019353645594571
9022.T,2021-06-23,-0.0136200781780344,-0.6,-0.0018203883495145,0.0103155339805825,0.0084951456310679,陸運業,27.302475381421765,-3.933014671887423,-2.200274581447898,-0.7364052215037279,0.5405708877550678,-0.5427128890087627,-1.4638693599441703
9107.T,2021-06-23,0.0913100380356568,0.2,0.0008890864636585,0.0100022227161591,0.0108913091798177,海運業,24.4270854231178,-3.2487335678323324,0.03034755251314408,-0.24401052994624575,0.45668648496941666,0.09690711765824513,0.2743580824593898
9434.T,2021-06-23,0.0248719195950141,0.5,-0.0022087638047737,0.0084788029925187,0.0062700391877449,情報・通信業,20.559595930534737,-4.769490525383534,0.8668308527485348,-0.806984955838627,0.04881364980456478,-1.1366717608293553,1.6738158085871617
4188.T,2021-06-24,0.0166192628359713,-0.14,0.0048862029060048,0.0101581586730101,0.015044361579015,化学,27.96454408486601,-4.146422046338815,-0.9176668544202988,0.48238814635057653,0.49843600405334704,1.2055023154480515,-1.4000550007708754
4506.T,2021-06-24,0.011242766511366,0.1,0.0058530240624322,0.0112724907869065,0.0171255148493388,医薬品,27.54411329721293,-3.9927074315781215,-0.24848021423198619,0.6580892094480476,0.796781753131657,1.7610350416403433,-0.9065694236800338
5711.T,2021-06-24,0.0291572373524179,-0.1,-0.0083426028921023,0.0166852057842046,0.0083426028921023,非鉄金属,26.404194689120413,-3.834315086599372,-0.8061357477222468,-1.9216916845317162,2.2459551999685647,-0.5834318907501456,1.1155559368094694
5714.T,2021-06-24,0.011360800787202,0.5,0.0031163434903047,0.0072714681440443,0.010387811634349,非鉄金属,27.93671275010953,-4.011432145141192,0.8668308527485348,0.16075039690303702,-0.2744321898014999,-0.03749401850691364,0.7060804558454977
5801.T,2021-06-24,0.018914384606434,-0.5,-0.0034275921165381,0.0125678377606398,0.0091402456441016,非鉄金属,25.99284427707535,-4.423946922174297,-1.9214468147027675,-1.0284834498327247,1.1435915222977575,-0.3705130928584598,-0.8929633648700428
6857.T,2021-06-24,-0.0382839427301633,0.5,0.0078979343863912,0.0057715674362089,0.0136695018226002,電気機器,26.935706588367985,-3.724403790290829,0.8668308527485348,1.0297121466066121,-0.6760081604136534,0.8385040748550602,-0.16288129385807737
7013.T,2021-06-24,-0.0260124506231743,-0.2,0.0034575489819439,0.0101165322064284,0.0135740811883723,機械,27.097366525539343,-3.548515114437716,-1.084963514467377,0.22275790182486832,0.4872911405077963,0.8130329642821348,-1.3077214162922455
7203.T,2021-06-24,-0.0159533309866074,0.0,0.0061475409836065,0.008635831381733,0.0147833723653395,輸送用機器,29.48905769796212,-4.166663659951658,-0.5273079809771164,0.7116119688606922,0.0908556513070506,1.1358351499166173,-1.2389199498378085
7205.T,2021-06-24,0.0508888171019719,-0.75,-0.0086276624427069,0.0159072526287409,0.0072795901860339,輸送用機器,27.060775794133807,-3.8239397452853656,-2.618516231565593,-1.9734957495900265,2.0376698835712035,-0.8671872272743717,-0.6450204819755665
7211.T,2021-06-24,0.0181683064108184,-0.5,0.0,0.0126811594202898,0.0126811594202898,輸送用機器,26.822674774131688,-3.877235010844288,-1.9214468147027675,-0.40558481471635754,1.17393170096932,0.5746808586622857,-1.5158619999864098
7270.T,2021-06-24,0.0165586839009909,-0.2,0.0034722222222222,0.0094521604938271,0.0129243827160493,輸送用機器,28.176621495266705,-4.109678308559736,-1.084963514467377,0.22542447971142243,0.30941555584982583,0.6396056782291435,-1.3103879941787995
8002.T,2021-06-24,0.0060284176006314,0.3,-0.0006333122229259,0.0155161494616846,0.0148828372387587,卸売業,28.16606725989122,-3.965763337423613,0.30917531925827424,-0.5206770736113551,1.9329578629023283,1.1623858096296056,0.8298523928696293
8015.T,2021-06-24,-0.0148473897935617,0.1,0.0024442407577146,0.0097769630308585,0.0122212037885731,卸売業,27.16745985626668,-3.77865104186336,-0.24848021423198619,0.0386087124335336,0.39637657492548845,0.4519025848759824,-0.2870889266655198
8309.T,2021-06-24,0.0121493476662165,0.0,0.0003185119123455,0.0073257739839469,0.0076442858962925,銀行業,27.286665397764818,-4.14683373756932,-0.5273079809771164,-0.3477014293184758,-0.25989261377831935,-0.7698371641917653,-0.1796065516586406
8601.T,2021-06-24,-0.0349270085145059,0.2,-0.0024894974327057,0.0122918935739847,0.0098023961412789,証券、商品先物取引業,27.67563807261165,-4.134946167941014,0.03034755251314408,-0.8580028680418816,1.06971159543865,-0.19376192508442322,0.8883504205550257
9021.T,2021-06-24,-0.0345313496902849,-0.5,-0.0035087719298245,0.0103668261562998,0.0068580542264752,陸運業,27.145537044552448,-3.854948754432266,-1.9214468147027675,-1.04323631224337,0.5543036002878925,-0.9797099444336386,-0.8782105024593974
1332.T,2021-06-25,-0.0212261468922883,-0.1,-0.0026413100898045,0.0100369783412572,0.0073956682514527,水産・農林業,25.840287727607382,-4.123049056178775,-0.8061357477222468,-0.8855918849625245,0.46599178352024107,-0.8362019245324933,0.07945613724027767
1802.T,2021-06-25,-0.004379263627822,-0.5,0.001584367573277,0.0039609189331925,0.0055452865064695,建設業,27.20257796352986,-4.06255299633786,-1.9214468147027675,-0.11765662333235685,-1.160782203280528,-1.33013364496125,-1.8037901913704106
2002.T,2021-06-25,-0.0055740011335521,-0.1,0.0004943968358602,0.010547132498352,0.0110415293342122,食料品,26.95189273520221,-4.360045490370862,-0.8061357477222468,-0.31573774313007713,0.6025779253408043,0.1370061402001162,-0.4903980045921697
2282.T,2021-06-25,0.0013287631429096,0.2,0.0119676170362548,0.0059838085181274,0.0179514255543822,食料品,27.56189649469156,-4.146185504129527,0.03034755251314408,1.7692983289080142,-0.6191837866201393,1.9814995466370233,-1.7389507763948702
3099.T,2021-06-25,-0.0668800664409155,-0.5,-0.0013661202185792,0.010655737704918,0.0092896174863387,小売業,26.47959521988781,-3.703011490985618,-1.9214468147027675,-0.6538507666223645,0.6316553442742322,-0.33064051455410914,-1.267596048080403
3289.T,2021-06-25,-0.063957317733293,-0.25,0.002074975791949,0.0080232397288698,0.0100982155208189,不動産業,26.81930628819459,-3.813344566970022,-1.2243773978399421,-0.028498059711805926,-0.07315659717202636,-0.11479736792290264,-1.1958793381281363
3407.T,2021-06-25,-0.0145481192373754,0.0,-0.0083937428462418,0.0154521175123998,0.0070583746661579,化学,28.17840480730515,-4.005539729349405,-0.5273079809771164,-1.9309853830087633,1.9158142666296516,-0.9262374003611618,1.403677402031647
4021.T,2021-06-25,0.0224381038448014,0.5,0.0097540288379983,0.0021204410517387,0.011874469889737,化学,27.44846753221843,-3.7560302504819343,0.8668308527485348,1.3670214474929894,-1.653542615869198,0.3593471585984491,-0.5001905947444546
4042.T,2021-06-25,-0.0062591534973322,0.1,-0.0042775665399239,0.0111692015209125,0.0068916349809885,化学,27.86780368472703,-4.048139297803779,-0.24848021423198619,-1.1829498770532374,0.7691275977407864,-0.9707460644693987,0.9344696628212512
4183.T,2021-06-25,0.0106243782943089,0.2,0.0080480152775883,0.0058655026599372,0.0139135179375255,化学,28.306428673750403,-3.792584746607171,0.03034755251314408,1.0569864485378881,-0.6508584098692982,0.903640525635647,-1.0266388960247441
5020.T,2021-06-25,-0.0039312653720731,0.5,0.001468698366073,0.0066091426473288,0.0080778410134018,石油・石炭製品,27.801905878847425,-4.153127809176946,0.8668308527485348,-0.1386772666419042,-0.45175993077479876,-0.6541061127613852,1.005508119390439
5332.T,2021-06-25,-0.0169320744618824,0.3,0.0059121621621621,0.0064752252252252,0.0123873873873873,ガラス・土石製品,27.68269943868316,-3.907020305104525,0.30917531925827424,0.6688364163363445,-0.487614316656609,0.4962628100521583,-0.35966109707807026
5411.T,2021-06-25,0.0288254780724772,-0.33,0.0115606936416184,0.009520571234274,0.0210812648758925,鉄鋼,27.42311960725513,-3.4460865325022327,-1.4474396112360464,1.6953478649969402,0.3277315079336851,2.816963323195839,-3.1427874762329866
5713.T,2021-06-25,-0.0022901054148901,0.5,0.0013679890560875,0.0076607387140902,0.0090287277701778,非鉄金属,28.60598083588402,-3.6533766787639217,0.8668308527485348,-0.15697923770514688,-0.17021081955991493,-0.4002811207127552,1.0238100904536815
5802.T,2021-06-25,-0.0073394804282082,-0.25,0.0023675643681562,0.0082864752885469,0.0106540396567031,非鉄金属,27.916088153404868,-4.150161372715227,-1.2243773978399421,0.024674260264872985,-0.0026792150194968178,0.0335715686154344,-1.2490516581048152
6113.T,2021-06-25,0.0060205682927394,-0.2,0.007701661937576,0.0054722334819618,0.0131738954195379,機械,26.78509687003418,-4.041928179066446,-1.084963514467377,0.9940434216471741,-0.7561503475504464,0.7062093610838259,-2.079006936114551
6471.T,2021-06-25,-0.0353354712634483,-0.5,0.0050800101600203,0.0091440182880365,0.0142240284480568,機械,27.014263279783965,-4.059915797021042,-1.9214468147027675,0.517608869790633,0.22691509116539282,0.9865266603987896,-2.4390556844934004
6473.T,2021-06-25,-0.0269555392768103,0.1,0.0073702830188679,0.0053066037735849,0.0126768867924528,機械,26.73157253050728,-3.76826736899432,-0.24848021423198619,0.933821706474689,-0.800495223552039,0.5735403445905255,-1.1823019207066752
6504.T,2021-06-25,-0.0221072328658717,0.2,-0.0119969040247678,0.0187693498452012,0.0067724458204334,電気機器,28.99686809694383,-3.723758948407886,0.03034755251314408,-2.58579030258449,2.8039535860071365,-1.0025618275080546,2.616137855097634
6645.T,2021-06-25,0.0323338359612978,0.5,0.0071092524830109,0.0078410872974385,0.0149503397804495,電気機器,28.25924147597248,-4.014009902624613,0.8668308527485348,0.8863844505291822,-0.12192518503205381,1.1804046031250817,-0.01955359778064747
6770.T,2021-06-25,0.0169846150283255,-0.2,-0.0063829787234042,0.0145390070921985,0.0081560283687943,電気機器,26.1806364062934,-4.08726668853253,-1.084963514467377,-1.5655678580899761,1.671342615037733,-0.6332351681200982,0.4806043436225991
6963.T,2021-06-25,0.0101743806612679,0.2,-0.002041279201633,0.0104332048083465,0.0083919256067135,電気機器,26.376554697385625,-3.996814803004625,0.03034755251314408,-0.7765478655570919,0.5720754911099517,-0.5702659300773395,0.8068954180702359
6971.T,2021-06-25,0.0058601686703439,-0.2,-0.0027724665391969,0.0113766730401529,0.008604206500956,電気機器,27.203970459505047,-4.113941093361194,-1.084963514467377,-0.909427035276661,0.8246749924970562,-0.5136007216187979,-0.17553647919071602
7012.T,2021-06-25,0.0091161210210759,-0.1,-0.0057394298832982,0.0147312033671321,0.0089917734838339,輸送用機器,29.02892030727426,-3.832381490759956,-0.8061357477222468,-1.4486152918267456,1.722800291703468,-0.4101455145225987,0.6424795441044988
7202.T,2021-06-25,-0.0364139938741362,-0.2,-0.0031940008332176,0.0113873073184279,0.0081933064852103,輸送用機器,27.86743229754472,-3.3687500934000782,-1.084963514467377,-0.9860327478214304,0.8275221613781254,-0.6232843327178252,-0.09893076664594669
7261.T,2021-06-25,0.0801929528151744,-0.2,0.0019885108263367,0.0097216084843128,0.0117101193106495,輸送用機器,27.180141059944567,-3.8002009537230257,-1.084963514467377,-0.044211396431603024,0.38155622339104245,0.3154762306117012,-1.040752118035774
7269.T,2021-06-25,0.0298382006895218,-0.1,0.0055066079295154,0.0077092511013215,0.013215859030837,輸送用機器,27.09366327186437,-3.9544692962122,-0.8061357477222468,0.5951347711603009,-0.15722235379857996,0.7174109192382789,-1.4012705188825478
7735.T,2021-06-25,-0.0085789150207858,0.3,-0.0026635099141757,0.0115418762947617,0.0088783663805859,電気機器,26.34665968299421,-3.753564646785811,0.30917531925827424,-0.8896262740702373,0.8689056918835226,-0.4404178438773367,1.1988015933285117
7752.T,2021-06-25,-0.1112992616315268,-0.1,-0.003522898842476,0.0129592350276799,0.0094363361852038,電気機器,27.59117414591737,-4.04964918254813,-0.8061357477222468,-1.0458036056405542,1.2483822838365013,-0.2914761531751735,0.23966785791830736
7951.T,2021-06-25,-0.0347094843878082,-0.25,0.0021378941742383,0.0106894708711918,0.0128273650454302,その他製品,26.732086030220337,-3.876788842815989,-1.2243773978399421,-0.017063859515512207,0.6406868947745133,0.6137082626872941,-1.20731353832443
8058.T,2021-06-25,0.0029929164882447,-0.2,-0.0073126142595978,0.0163010359536867,0.0089884216940889,卸売業,28.124038015511093,-4.220402945560141,-1.084963514467377,-1.7345111532553092,2.143099476410188,-0.41104022464376766,0.6495476387879322
8252.T,2021-06-25,-0.0138289405224709,-0.5,0.0057142857142857,0.0092857142857142,0.015,小売業,26.95920807863252,-3.757900855017824,-1.9214468147027675,0.6328761955419359,0.2648520742616927,1.193660655691505,-2.5543230102447034
8304.T,2021-06-25,0.0122179078593461,0.1,0.0047840349917987,0.0030754510661563,0.0078594860579551,銀行業,28.718869361589533,-4.04399451010334,-0.24848021423198619,0.4638211021551479,-1.397852974894536,-0.7123927009750579,-0.7123013163871341
8308.T,2021-06-25,-0.0323865224775626,0.0,-0.0040220152413209,0.0096669489133502,0.0056449336720293,銀行業,27.6513336406415,-4.08404028903538,-0.5273079809771164,-1.1365083666022215,0.3669219411696362,-1.3035343250888807,0.6092003856251051
8630.T,2021-06-25,-0.0153082682222553,0.3,-0.0024455483377913,0.0059610240733664,0.003515475735575,保険業,27.08313375234821,-4.397341096486566,0.30917531925827424,-0.8500159692785512,-0.6252839807676318,-1.8719612591446377,1.1591912885368254
8766.T,2021-06-25,0.0223684550060437,-0.1,-0.0050765864332603,0.0077899343544857,0.0027133479212253,保険業,27.8832713408818,-4.181002826066771,-0.8061357477222468,-1.3281563030420913,-0.13562062007560666,-2.086077277322877,0.5220205553198445
9432.T,2021-06-25,-0.0083357394382958,0.3,0.0003399915002124,0.0084997875053123,0.0088397790055248,情報・通信業,26.21603993623264,-4.29920168385248,0.30917531925827424,-0.3437979292781421,0.05443193910124415,-0.4507181662850957,0.6529732485364164
9735.T,2021-06-25,-0.0160160039835746,-0.2,-0.0086723632189771,0.0144114271138885,0.0057390638949113,サービス業,27.62551578996413,-4.464386781350888,-1.084963514467377,-1.9816192519148805,1.6371849849006999,-1.2784076705169232,0.8966557374475035
1801.T,2021-06-28,0.0087315791204962,-0.5,-0.0012850167052171,0.0064250835260858,0.0051400668208686,建設業,29.078987341044723,-4.20660745870226,-1.9214468147027675,-0.6391117702486014,-0.5010390063009696,-1.4383009769202395,-1.282335044454166
1812.T,2021-06-28,-0.016512348659641,0.14,0.0026615407363596,0.0070974419636256,0.0097589826999852,建設業,28.06313048149779,-4.182903080435374,-0.13694910753393405,0.07809878462027232,-0.32102509555085457,-0.20535049366280858,-0.2150478921542064
4043.T,2021-06-28,0.0044040216231583,0.1,-0.0017497812773403,0.0094050743657042,0.0076552930883639,化学,25.80024257593601,-4.009961523820468,-0.24848021423198619,-0.7235737504909829,0.29680894962279775,-0.7668989589637594,0.47509353625899675
5333.T,2021-06-28,-0.0328119544494708,0.1,-0.0025188916876574,0.0125944584382871,0.0100755667506297,ガラス・土石製品,27.169863647451624,-4.185203570721576,-0.24848021423198619,-0.8633447058881449,1.1507188103967116,-0.12084311824198019,0.6148644916561588
6472.T,2021-06-28,-0.0118909423798142,-0.2,-0.0129044323919955,0.0203852627641668,0.0074808303721713,機械,25.79680644422189,-3.8305553901643736,-1.084963514467377,-2.7507160469716245,3.2365900901893467,-0.8134691706475475,1.6657525325042475
6702.T,2021-06-28,0.04539244661289,0.5,0.0163189423672794,0.003924808923776,0.0202437512910555,電気機器,29.0734871940593,-4.021550771983695,0.8668308527485348,2.5600676262712203,-1.170450117966142,2.5934016030467077,-1.6932367735226856
6724.T,2021-06-28,-0.0155937310548008,0.1,0.0032599837000814,0.0116816082586253,0.0149415919587068,電気機器,27.39185045471568,-3.93892688461572,-0.24848021423198619,0.18685422944076144,0.9063168343151088,1.1780695030004231,-0.43533444367274765
8331.T,2021-06-28,-0.0251225486891675,0.5,0.0004672023920762,0.0039245000934404,0.0043917024855167,銀行業,27.12846951946373,-3.922191251772509,0.8668308527485348,-0.3206798078040125,-1.170532802667286,-1.6380656388177461,1.1875106605525474
8725.T,2021-06-28,0.0043397944611586,0.1,-0.0043380183931979,0.0079819538434842,0.0036439354502863,保険業,27.25177396608613,-4.329287011371629,-0.24848021423198619,-1.1939358332622458,-0.08421027519864095,-1.8376708603849397,0.9454556190302597
9502.T,2021-06-28,-0.0034145588080362,-0.2,0.0036781609195402,0.0066666666666666,0.0103448275862068,電気・ガス業,27.67639497497685,-4.555525024345325,-1.084963514467377,0.26284985855334475,-0.43635873536338593,-0.048967967008314794,-1.3478133730207218
9503.T,2021-06-28,-0.0096100642138857,-0.2,-0.0020576131687242,0.0051440329218107,0.0030864197530864,電気・ガス業,27.65167841465373,-4.286854271001836,-1.084963514467377,-0.7795162484513262,-0.8440211364697582,-1.986491333906464,-0.3054472660160509
9532.T,2021-06-28,0.0014541575042933,0.5,0.004929994084007,0.0039439952672056,0.0088739893512127,電気・ガス業,29.105053056955555,-4.22941141755167,0.8668308527485348,0.4903463467665755,-1.165313261609591,-0.441586226377074,0.37648450598195926
1721.T,2021-06-29,0.0001345924634218,0.3,0.0043263288009888,0.0070045323444581,0.011330861145447,建設業,26.805039442710022,-4.043369749747797,0.30917531925827424,0.3806418463259111,-0.34590025582078937,0.21423893807300626,-0.07146652706763684
1803.T,2021-06-29,-0.0089765556802124,-0.25,-0.0007672634271099,0.0112531969309462,0.0104859335038363,建設業,27.236762965789342,-4.189917042877794,-1.2243773978399421,-0.5450201166052456,0.7916161119037854,-0.01130185359880826,-0.6793572812346965
1808.T,2021-06-29,0.0070958924750542,-0.1,0.0006462035541195,0.004200323101777,0.0048465266558966,建設業,26.8523427347162,-4.110884126474575,-0.8061357477222468,-0.288149805478756,-1.0966853194896933,-1.5166571318556512,-0.5179859422434908
1925.T,2021-06-29,0.0040830291565854,-0.1,0.0061274509803921,0.0049019607843137,0.0110294117647058,建設業,28.42788510499958,-4.180135219306304,-0.8061357477222468,0.7079609989797216,-0.9088323290145011,0.13377153632989416,-1.5140967467019686
1963.T,2021-06-29,-0.0119465940218358,0.1,0.0012428535918468,0.0047228436490181,0.005965697240865,建設業,26.32813198010884,-3.6795566938159534,-0.24848021423198619,-0.17972019031269107,-0.9567882617531452,-1.2179112898230828,-0.06876002391929512
2269.T,2021-06-29,-0.0078503930144934,0.1,0.002079002079002,0.0065568527106988,0.0086358547897009,食料品,26.97245963496172,-4.6302468787236455,-0.24848021423198619,-0.02776635984069245,-0.46575977886190595,-0.5051526844768531,-0.22071385439129373
3861.T,2021-06-29,-0.0153346210893906,-0.5,-0.0051232007806782,0.0124420590387899,0.0073188582581117,パルプ・紙,27.19744967098241,-3.809792348283528,-1.9214468147027675,-1.336627559946713,1.1099161516246392,-0.8567052029829549,-0.5848192547560545
4208.T,2021-06-29,-0.017623476512873,-0.14,0.005268356931182,0.0080671715508725,0.0133355284820546,化学,28.514473845392427,-4.067672636779971,-0.9176668544202988,0.5518372559860396,-0.061394509208913685,0.7493548886829253,-1.4695041104063384
4502.T,2021-06-29,0.0096625099847543,0.2,-0.0051457975986277,0.0132680859650892,0.0081222883664615,医薬品,28.704831272859284,-4.368477093316454,0.03034755251314408,-1.3407340949660935,1.3310725008066664,-0.642241556907003,1.3710816474792376
4661.T,2021-06-29,-0.0036222528977198,-0.6,-0.0074531516183986,0.0142674616695059,0.0068143100511073,サービス業,27.779275521335947,-4.153503484524637,-2.200274581447898,-1.7600511025851886,1.5986403914082505,-0.9913867975245126,-0.4402234788627095
4902.T,2021-06-29,-0.0370975646492847,0.0,0.0066496887379739,0.008205998868138,0.014855687606112,電気機器,26.448891469977564,-3.78825964455741,-0.5273079809771164,0.8028676201130706,-0.02422557236720081,1.1551386214217934,-1.330175601090187
5706.T,2021-06-29,0.0050876359519604,0.5,-0.0025630914826498,0.0090694006309148,0.0065063091482649,非鉄金属,28.20871494126806,-3.746453550027989,0.8668308527485348,-0.871377164546323,0.20693733001965983,-1.0736030300651866,1.7382080172948577
6146.T,2021-06-29,-0.0055594237542999,0.8,0.0022438294689603,0.0044876589379207,0.006731488406881,機械,26.72205264820269,-3.904006072715317,1.7033141529839257,0.002187833290816018,-1.019755448940073,-1.0134947962292915,1.7011263196931097
6273.T,2021-06-29,0.0106241416652915,0.5,-0.0016111707841031,0.0091299677765843,0.0075187969924812,機械,29.12914786488909,-4.020767580175914,0.8668308527485348,-0.6983839717440699,0.2231532769702671,-0.803334549432559,1.5652148244926045
6302.T,2021-06-29,0.0172110122165023,0.1,-0.0036516853932584,0.0137640449438202,0.0101123595505617,機械,28.25761960431021,-4.041252219232962,-0.24848021423198619,-1.069208072676359,1.4638580960312606,-0.11102183081354809,0.8207278584443729
6305.T,2021-06-29,-0.0164337412125794,-0.25,-0.0023316817254444,0.017196152725153,0.0148644709997085,機械,27.32261627546813,-3.864597288892552,-1.2243773978399421,-0.8293229127523721,2.382753597803031,1.1574832169205784,-0.39505448508757
6367.T,2021-06-29,0.0215691727612269,-0.2,-0.000369412633912,0.0105282600664942,0.0101588474325821,機械,29.449774026857263,-3.888609636508306,-1.084963514467377,-0.4727184226938834,0.5975251141103565,-0.09861258628458519,-0.6122450917734936
6479.T,2021-06-29,0.0414968164444329,0.1,0.0050675675675675,0.0067567567567567,0.0118243243243243,電気機器,27.82720666070918,-3.994798315075069,-0.24848021423198619,0.5153476690430988,-0.4122384618136262,0.3459615502161139,-0.763827883275085
6503.T,2021-06-29,-0.0906943845111712,-0.2,-0.0074979625101874,0.0167889160554197,0.0092909535452322,電気機器,28.885605063434795,-4.219874786500631,-1.084963514467377,-1.7681946162777638,2.273722073207633,-0.33028387362331196,0.6832311018103867
6674.T,2021-06-29,0.0041441086154048,0.1,-0.0021718895439031,0.0105491777846726,0.0083772882407694,電気機器,27.78554814892607,-3.960918134261792,-0.24848021423198619,-0.80028377145429,0.6031255201483033,-0.5741731559040733,0.5518035572223038
6952.T,2021-06-29,-0.0132102296351694,-0.25,0.0061614294516327,0.0083179297597042,0.014479359211337,電気機器,26.914632828631937,-3.890079979457021,-1.2243773978399421,0.7141359295547421,0.005742248960818379,1.0546833872619388,-1.9385133273946842
6981.T,2021-06-29,0.0409713798075692,0.5,-0.0033519553072625,0.0111731843575419,0.0078212290502793,電気機器,27.161545488065546,-4.159176442825006,0.8668308527485348,-1.0147379212924403,0.7701939426507429,-0.7226048367524432,1.881568774040975
7011.T,2021-06-29,-0.0095020021644725,-0.2,-0.0016940948693126,0.0121006776379477,0.010406582768635,機械,27.73196885724123,-3.970357121136366,-1.084963514467377,-0.7134538218718152,1.0185163898430831,-0.03248334507294758,-0.3715096925955619
7201.T,2021-06-29,0.0192542928576409,-0.2,-0.0032482598607888,0.0129930394431554,0.0097447795823665,輸送用機器,28.48187804836019,-3.797438430900396,-1.084963514467377,-0.995893277624194,1.2574329102443929,-0.2091418033965303,-0.08907023684318305
7731.T,2021-06-29,-0.0342535231819759,-0.4,-0.0058095478656226,0.0164182874463248,0.0106087395807021,精密機器,26.89339661619848,-3.705932331603999,-1.6426190479576377,-1.4613578802100726,2.1744918090598744,0.021479391130765822,-0.18126116774756507
7911.T,2021-06-29,-0.0147539510282689,0.0,-0.0023348120476301,0.0088722857809946,0.0065374737333644,その他製品,27.858510840932365,-4.023489939435326,-0.5273079809771164,-0.8298917883217665,0.15416277850084018,-1.0652841103739508,0.30258380734465007
7912.T,2021-06-29,-0.0087617899179172,-0.2,-0.0017850059500198,0.010710035700119,0.0089250297500991,その他製品,27.38245813608224,-3.935171490678513,-1.084963514467377,-0.7299751540969179,0.6461928199959445,-0.42796175558790805,-0.3549883603704591
8306.T,2021-06-29,-0.0151472258254356,0.1,-0.003169115528666,0.0077787381158167,0.0046096225871506,銀行業,29.77390473164004,-4.043092574961303,-0.24848021423198619,-0.9815103245830135,-0.13861824544322007,-1.5798951283228866,0.7330301103510273
8316.T,2021-06-29,-0.0120226511932778,-0.1,-0.0013347989949748,0.0063599246231155,0.0050251256281407,銀行業,28.22798227103488,-4.171287486059562,-0.8061357477222468,-0.6481587394586831,-0.5184843275596572,-1.4689828085077752,-0.15797700826356376
8801.T,2021-06-29,-0.0258171391497517,0.0,0.0017416086130462,0.0074414186193793,0.0091830272324255,不動産業,27.48582444198764,-4.041716922295129,-0.5273079809771164,-0.08908110275511891,-0.22893049310109467,-0.35909318797624273,-0.43822687822199746
8802.T,2021-06-29,-0.0246382214501593,-0.1,0.0072182121043864,0.0066629650194336,0.0138811771238201,不動産業,28.55965404852637,-4.331071358817871,-0.8061357477222468,0.9061857562651007,-0.4373497960200617,0.8950076293174231,-1.7123215039873476
9005.T,2021-06-29,-0.0068909987667192,-0.2,-0.0026390580592773,0.0138043036946812,0.0111652456354039,陸運業,28.28703612058214,-3.936563792358868,-1.084963514467377,-0.885182621930653,1.4746367741585416,0.17003035569422983,-0.19978089253672404
9007.T,2021-06-29,-0.000568128709033,-0.6,-0.0012056908608632,0.0110923559199421,0.0098866650590788,陸運業,27.67544556325676,-3.945861387285495,-2.200274581447898,-0.6246958308668163,0.7485533379676191,-0.17126759835404778,-1.5755787505810819
9008.T,2021-06-29,-0.0022295184711101,-0.5,0.0011382113821138,0.0082926829268292,0.009430894308943,陸運業,29.07609779184721,-3.978133006294216,-1.9214468147027675,-0.1987368899088146,-0.0010172127580129744,-0.29292878061875105,-1.7227099247939528
9009.T,2021-06-29,-0.014791901645447,-0.6,0.0039345620211223,0.0045558086560364,0.0084903706771588,陸運業,26.056856446452365,-3.838123858094718,-2.200274581447898,0.3094458042748951,-1.0015093816795593,-0.5439874915094003,-2.509720385722793
9531.T,2021-06-29,-0.0057825931775109,-0.1,-0.003620040544454,0.0114393281204749,0.0078192875760208,電気・ガス業,29.21964864338523,-4.337695356598989,-0.8061357477222468,-1.0634572328860536,0.841449952707856,-0.7231230842563808,0.2573214851638068
9766.T,2021-06-29,-0.0802618669211103,0.17,0.0057191273035373,0.0050836687142554,0.0108027960177928,情報・通信業,27.6035779740984,-3.714894089797272,-0.05330077751039499,0.6337560608333935,-0.8601827497769726,0.07327985343664237,-0.6870568383437885
4063.T,2021-06-30,0.0127601773682949,0.0,-0.0045045045045045,0.0131381381381381,0.0086336336336336,化学,28.1045845864141,-4.109225333425602,-0.5273079809771164,-1.2241914669469955,1.2962809146275132,-0.5057455888549021,0.6968834859698791
4901.T,2021-06-30,-0.0077229287445831,0.14,-0.0040127300401273,0.0106544901065449,0.0066417600664176,化学,27.97697291923012,-4.288896177360567,-0.13694910753393405,-1.134820960705129,0.6313213184783951,-1.0374464341529064,0.9978718531711949
5233.T,2021-06-30,0.0126390918134772,0.1,-0.0081828442437923,0.0141083521444695,0.0059255079006772,ガラス・土石製品,28.761909119159608,-4.0017755887989725,-0.24848021423198619,-1.8926586372504535,1.5560411969306764,-1.228639232851961,1.6441784230184673
5803.T,2021-06-30,0.0447998034848078,0.1,-0.005608524957936,0.0140213123948401,0.008412787436904,非鉄金属,25.751513832789566,-3.511756958697099,-0.24848021423198619,-1.4248258511448475,1.5327376063952014,-0.5646971766537696,1.1763456369128613
6753.T,2021-06-30,-0.0029954670904122,0.5,0.0017883755588673,0.0089418777943368,0.0107302533532041,電気機器,27.54045421974703,-3.788030541731908,0.8668308527485348,-0.08058211403940588,0.17279499872632403,0.05391567454656787,0.9474129667879406
6954.T,2021-06-30,0.0084309642064283,0.5,-0.0003947887879984,0.0098697196999605,0.0094749309119621,電気機器,27.72051960386996,-3.891250030115063,0.8668308527485348,-0.4773300483504642,0.4212107851040691,-0.28117386834184677,1.344160901098999
6976.T,2021-06-30,0.0033923359754811,0.5,0.0088413215449046,0.003257328990228,0.0120986505351326,電気機器,27.21768943513766,-3.742313501173507,0.8668308527485348,1.2011545334031546,-1.3491578822724237,0.41918882757691356,-0.3343236806546198
7974.T,2021-06-30,0.0186200991093205,0.8,0.0022222222222222,0.0037037037037037,0.0059259259259259,その他製品,27.54269805505762,-4.232198485053451,1.7033141529839257,-0.0017388662825797896,-1.229647732110939,-1.2285276472665365,1.7050530192665054
8830.T,2021-06-30,-0.0340239771313329,0.2,0.0056497175141242,0.0067258541834813,0.0123755716976055,不動産業,27.574483215056485,-3.8010728857309712,0.03034755251314408,0.6211421728271384,-0.4205121633944402,0.4931087884575329,-0.5907946203139943
9202.T,2021-06-30,-0.0117436938775908,-0.5,0.0009407337723424,0.0090937597993101,0.0100344935716525,空運業,29.84858224894179,-3.780815885904625,-1.9214468147027675,-0.23462462958446986,0.21345913285670562,-0.13180698881122369,-1.6868221851182976
9501.T,2021-06-30,-0.012244216940137,0.0,-0.0016572754391779,0.0067948293006297,0.0051375538614517,電気・ガス業,26.996738156824467,-3.897568653734659,-0.5273079809771164,-0.7067626019142226,-0.4020451078938603,-1.4389717738363474,0.17945462093710618
4385.T,2021-09-29,0.0672025263253875,0.5,0.0039357166284027,0.0059035749426041,0.0098392915710068,情報・通信業,24.375597287514587,-3.494255331152892,0.8668308527485348,0.3096556318373949,-0.6406651258835571,-0.18391324216757726,0.5571752209111398
6920.T,2021-09-29,-0.0793539128094102,0.5,0.0049980776624375,0.0026912725874663,0.0076893502499038,電気機器,27.85473178320209,-3.4929192549444554,0.8668308527485348,0.5027192215533894,-1.5007110138715853,-0.7578079092720237,0.36411163119514534
9983.T,2021-11-26,-0.0318447510387654,0.5,0.0053688950467613,0.0086595081399376,0.0140284031866989,小売業,28.56030122236546,-3.8570278403440192,0.8668308527485348,0.5701081157739801,0.09719474902684776,0.934307423928366,0.29672273697455465
3697.T,2021-11-29,0.0108877977075491,0.8,0.0071362085013962,0.0027924294135898,0.009928637914986,情報・通信業,23.923423590230872,-3.466233512082193,1.7033141529839257,0.8912831859940467,-1.4736277873470685,-0.16006357248978478,0.8120309669898791
7453.T,2021-11-29,-0.0785902819399155,0.5,0.0074487895716946,0.008193668528864,0.0156424581005586,小売業,24.005378698889103,-4.063386624798356,0.8668308527485348,0.9480887554527433,-0.02752683620157774,1.3651552328362782,-0.08125790270420852
4751.T,2021-12-10,0.0375426314559183,0.67,0.0109639104613979,0.0031978072179077,0.0141617176793056,サービス業,26.248042748419795,-3.901075471797679,1.3408380562152562,1.5868940537554759,-1.3650939461513292,0.9698937330074756,-0.24605599754021967
4151.T,2022-03-08,0.0356475951833947,0.5,0.0091299677765843,0.0068027210884353,0.0159326888650196,医薬品,28.088170571063213,-4.052290037702819,0.8668308527485348,1.253610408440691,-0.3999321997984486,1.4426279928222867,-0.38677955569215616
6326.T,2022-03-18,0.0336987636953177,0.33,0.0048507462686567,0.0063432835820895,0.0111940298507462,機械,28.628166674602827,-3.771596008824932,0.3928236492818134,0.47594458764842423,-0.5229397172845256,0.17771387129513797,-0.08312093836661083
2914.T,2022-03-23,0.0027109383991944,0.5,0.012235153685467,0.004923903312444,0.017159056997911,食料品,29.063960484871483,-4.428843519490837,0.8668308527485348,1.817917945236868,-0.9029575454467768,1.769988616326249,-0.9510870924883331
5108.T,2022-03-23,-0.0119998667171502,0.8,0.0070748963161746,0.008538667967797,0.0156135642839717,ゴム製品,28.251581918046767,-3.71725149462488,1.7033141529839257,0.8801408810779325,0.06484160113992365,1.357442460823036,0.8231732719059932
3405.T,2022-03-24,0.0019809751257026,0.5,0.0,0.0069686411149825,0.0069686411149825,化学,26.64948582172839,-4.098797314521865,0.8668308527485348,-0.40558481471635754,-0.35550959545096256,-0.9501904292063794,1.2724156674648923
7272.T,2022-03-24,0.0407060268226108,0.8,-0.0021909804637575,0.0120503925506664,0.0098594120869088,輸送用機器,26.47076631063168,-3.7804824644474206,1.7033141529839257,-0.8037531772400731,1.0050533101693309,-0.17854237150138436,2.507067330223999
4452.T,2022-03-25,0.0151084129125731,-0.1,0.0031853100993067,0.0069327337455499,0.0101180438448566,化学,28.54483277744552,-4.273396035028086,-0.8061357477222468,0.17328374543324046,-0.3651232563131107,-0.10950449350295506,-0.9794194931554873
4911.T,2022-03-25,-0.0230633319252813,0.5,0.0021324803411968,0.0093296014927362,0.011462081833933,化学,28.53442922197169,-3.7787193536927215,0.8668308527485348,-0.018047719058200237,0.2766022172313237,0.2492663374707044,0.884878571806735
1605.T,2022-03-28,-0.016378676463027,0.8,-0.0004074149521287,0.0057038093298024,0.0052963943776736,鉱業,28.41651290150136,-3.4922610654042288,1.7033141529839257,-0.47962460970319093,-0.694149379498949,-1.396571674687084,2.1829387626871166
2502.T,2022-03-28,0.016275389212895,0.5,0.017488577280605,0.005041752008823,0.022530329289428,食料品,27.29360277534412,-3.886063388834173,0.8668308527485348,2.7726261706731785,-0.871405320431781,3.203769386717707,-1.9057953179246439
3659.T,2022-03-28,0.0094958416962438,0.1,0.0073548726030995,0.0102442868400315,0.017599159443131,情報・通信業,27.882042274543444,-3.66337922435029,-0.24848021423198619,0.9310211611874022,0.5214955319860853,1.8874673790311802,-1.1795013754193884
3436.T,2022-03-29,0.0432466310844829,0.8,0.008078231292517,0.0012755102040816,0.0093537414965986,金属製品,27.09304953232996,-3.5583836096491788,1.7033141529839257,1.0624776253809347,-1.8797602071241017,-0.3135235694727303,0.640836527602991
4519.T,2022-03-29,0.0196777527308301,0.8,0.0116185897435897,0.0044070512820512,0.016025641025641,医薬品,28.48572607609466,-3.988349799816271,1.7033141529839257,1.7058693627919888,-1.0413369426185983,1.46744018130057,-0.002555209808063008
4704.T,2022-03-29,-0.0060251823279304,0.5,-0.0042784908595877,0.0124465188642551,0.0081680280046674,情報・通信業,27.661699271460385,-3.9899810669651616,0.8668308527485348,-1.183117854291315,1.1111102031579125,-0.6300320448686999,2.04994870703985
8804.T,2022-03-29,0.0088909081475244,0.2,0.0115877712031558,0.0076429980276134,0.0192307692307692,不動産業,26.72303310157052,-4.11843739690232,0.03034755251314408,1.7002686885810958,-0.17496062289958272,2.323001198828917,-1.6699211360679518
2503.T,2022-03-30,0.0128819654983374,0.2,0.0061274509803921,0.0115546218487394,0.0176820728291316,食料品,28.15817215200921,-4.234223617312125,0.03034755251314408,0.7079609989797216,0.8723181232417093,1.9095998668299192,-0.6776134464665776
4004.T,2022-03-30,0.0034071416552379,0.5,0.0021594032194738,0.0102080879466038,0.0123674911660777,化学,26.639827859019423,-3.546272379170647,0.8668308527485348,-0.013155006167646166,0.511803819936497,0.4909518114713915,0.879985858916181
4324.T,2022-03-30,0.0120189902757841,0.8,0.0033430232558139,0.0090116279069767,0.0123546511627906,サービス業,27.99408231923368,-3.711154375309396,1.7033141529839257,0.20194506410480156,0.19146954767303237,0.48752436471284943,1.5013690888791242
4755.T,2022-03-30,-0.0076102013584751,0.1,0.0009710309111506,0.0103576630522738,0.0113286939634245,サービス業,27.96964337830133,-3.842095988424301,-0.24848021423198619,-0.22911871004389756,0.551850316297933,0.2136604412586288,-0.01936150418808863
5101.T,2022-03-30,0.0932482484644961,0.5,0.0116982654296087,0.0100847115772488,0.0217829770068576,ゴム製品,26.39290117805003,-3.807231887257073,0.8668308527485348,1.7203488791363437,0.4787716431960521,3.0042748771673504,-0.8535180263878089
5201.T,2022-03-30,0.0393146339495485,0.5,0.0021199273167777,0.0057540884312537,0.0078740157480314,ガラス・土石製品,27.78400142685552,-3.5566316279926,0.8668308527485348,-0.020328988681709934,-0.6806879024416098,-0.7085142176101298,0.8871598414302447
5301.T,2022-03-30,0.0139136447819476,0.5,0.0006069802731411,0.0084977238239757,0.0091047040971168,ガラス・土石製品,26.29011620959896,-3.5462465442542586,0.8668308527485348,-0.295277878877089,0.05387941930346678,-0.380000377034548,1.1621087316256238
6361.T,2022-03-30,-0.0182092681947806,0.5,0.0064846931081284,0.0060322726587241,0.0125169657668526,機械,27.26256967184692,-3.637848232310004,0.8668308527485348,0.7728828526329973,-0.6062082381732752,0.5308518196298802,0.0939480001155375
6723.T,2022-03-30,0.0513262327296084,0.8,0.0100525474068997,0.002056202878684,0.0121087502855837,電気機器,28.51234638361414,-3.4507617488091444,1.7033141529839257,1.4212714290553756,-1.6707414254704154,0.42188480484200397,0.2820427239285501
7751.T,2022-03-30,0.0367258607591848,0.8,0.0040567951318458,0.006664734859461,0.0107215299913068,電気機器,29.016136896898622,-4.123947369308042,1.7033141529839257,0.3316593102134596,-0.43687594783589956,0.05158710361165761,1.3716548427704662
2501.T,2022-03-31,-0.0011547482118817,0.5,0.0079625292740046,0.0085870413739266,0.0165495706479313,食料品,24.31661274230857,-4.181620210835655,0.8668308527485348,1.0414510192501052,0.07779285679093548,1.6072953546576683,-0.17462016650157042
4578.T,2022-03-31,0.0248911541959322,0.1,0.0051164431898376,0.0077628793225123,0.01287932251235,医薬品,28.490004857292657,-4.326679686547311,-0.24848021423198619,0.5242298689570306,-0.14286420004587028,0.6275775310663171,-0.7727100831890168
5214.T,2022-03-31,-0.014858907511137,0.8,0.0040807560137457,0.0062285223367697,0.0103092783505154,ガラス・土石製品,26.32281729166131,-4.073295983511412,1.7033141529839257,0.3360137374977384,-0.553665323477796,-0.05845730356958737,1.3673004154861874
1928.T,2022-04-27,-0.0053232369958382,0.5,0.0072714051990547,0.0045446282494091,0.0118160334484639,建設業,28.056651243605977,-4.2416503172047895,0.8668308527485348,0.915852573360002,-1.004502768254912,0.3437484249576683,-0.04902172061146726
9843.T,2022-05-20,-0.0271108275337264,0.5,0.0005288207297726,0.005288207297726,0.0058170280274986,小売業,26.36634989096812,-4.03726814307563,0.8668308527485348,-0.3094818655914504,-0.8054206046857958,-1.2575963118635063,1.176312718339985
8233.T,2022-05-26,0.0105584995053933,0.4,0.0035810205908683,0.007385854968666,0.0109668755595344,小売業,26.13876665943884,-3.937081419035446,0.5880030860034046,0.24519648087969204,-0.24380682914746496,0.11707843205930736,0.3428066051237125
8267.T,2022-05-26,0.0238849022601619,0.5,0.0066980023501762,0.0061104582843713,0.0128084606345475,小売業,27.23713849212477,-4.151582740735736,0.8668308527485348,0.8116476855570156,-0.5852752068444852,0.6086620130599942,0.05518316719151917
9602.T,2022-05-26,0.003269576936093,0.5,-0.001495264994185,0.008805449410201,0.0073101844160159,情報・通信業,25.95793867499435,-4.064863244895254,0.8668308527485348,-0.677320334097771,0.13626834033341786,-0.8590205553477961,1.5441511868463058
3086.T,2022-05-27,0.0346527821424457,0.5,0.0101859337105901,0.0084074373484236,0.0185933710590137,小売業,26.39143967430572,-3.927446098470084,0.8668308527485348,1.4455118123002424,0.02970656648488912,2.1528572939687898,-0.5786809595517076
3382.T,2022-05-27,0.0262635238448355,0.3,0.0033741986278258,0.0059610842424924,0.0093352828703182,小売業,28.072380409260585,-4.089948259496738,0.30917531925827424,0.20761058555986633,-0.625267871384492,-0.31845082357051224,0.1015647336984079
6506.T,2022-05-27,0.0337942665617118,0.8,0.013142174432497,0.0029868578255675,0.0161290322580645,電気機器,27.743246112037497,-3.790042138742985,1.7033141529839257,1.9827514394619192,-1.4215724893885764,1.4950389238014865,-0.2794372864779935
6532.T,2022-05-30,-0.0552691938040311,0.8,0.0057560327651095,0.0044277175116227,0.0101837502767323,サービス業,24.898442794956296,-3.127881815418994,1.7033141529839257,0.6404629153423488,-1.0358038688919742,-0.09196514464827084,1.0628512376415769
7741.T,2022-06-03,-0.0191048073172224,0.8,0.0126888217522658,0.002416918429003,0.0151057401812688,精密機器,29.266932340069303,-3.719173590344978,1.7033141529839257,1.9003633500565846,-1.5741652344748807,1.2218864149404547,-0.1970491970726589
8697.T,2022-06-09,0.0331387306215137,0.0,-0.002924926876828,0.0142996425089372,0.0113747156321091,その他金融業,27.068444769728643,-3.905503822183668,-0.5273079809771164,-0.9371337556187859,1.607256329624846,0.22594523711333106,0.40982577464166947
6861.T,2022-06-13,-0.0098710930034295,0.8,0.0121177149451817,0.0017311021350259,0.0138488170802077,電気機器,29.40352729094937,-3.819853667406353,1.7033141529839257,1.7965757234828446,-1.7577822849081333,0.8863695998632535,-0.09326157049891881
3092.T,2022-06-14,-0.0683781315407214,0.5,0.0008550662676357,0.0038477982043608,0.0047028644719965,小売業,26.249870179882315,-3.5120495571028134,0.8668308527485348,-0.2501930431941746,-1.1910685857321384,-1.5550056022978804,1.1170238959427095
4689.T,2022-06-16,0.0003443873710805,0.5,0.0075576770087509,0.0039777247414478,0.0115354017501988,情報・通信業,28.429072316351057,-3.635079614535366,0.8668308527485348,0.9678769430834797,-1.156282699595525,0.26883799206632825,-0.10104609033494494
8795.T,2022-06-16,0.0332878823222908,0.1,-0.0027278657415643,0.0081242957955286,0.0053964300539643,保険業,27.69525334016201,-3.709957752518264,-0.24848021423198619,-0.9013217021372828,-0.04610034748645869,-1.369868647688205,0.6528414879052966
2768.T,2022-06-17,-0.0439939301401552,0.2,-0.0033864541832669,0.0095617529880478,0.0061752988047808,卸売業,28.56043930052185,-3.983877774063272,0.03034755251314408,-1.0210074253773938,0.33875730627942413,-1.16196128850569,1.0513549778905378
6988.T,2022-06-17,-0.0288001153987425,0.5,0.0051150895140664,0.0085251491901108,0.0136402387041773,化学,26.4808641623346,-3.9514791995597247,0.8668308527485348,0.5239838645429693,0.06122215070399405,0.8306927232423882,0.3428469882055655
9064.T,2022-06-17,0.0139122661571898,0.1,0.0039311373186932,0.008133387555917,0.0120645248746102,陸運業,27.503021959086126,-4.177847854519139,-0.24848021423198619,0.30882343078463254,-0.04366616468790917,0.41007949310671765,-0.5573036450166187
4503.T,2022-06-20,0.0540916838851757,0.1,0.0047381546134663,0.0077306733167082,0.0124688279301745,医薬品,29.06282964779206,-3.943455190614266,-0.24848021423198619,0.4554832299491809,-0.15148687618220386,0.5180021443925423,-0.7039634441811671
4902.T,2022-06-20,0.0136320188309403,-0.2,0.0011194626579241,0.0115144730529345,0.0126339357108587,電気機器,26.15792532232459,-3.821831669363637,-1.084963514467377,-0.20214410824485535,0.8615688839353758,0.5620751960158772,-0.8828194062225216
6178.T,2022-06-20,-0.0107618287805774,0.1,-0.0002082032063293,0.0093691442848219,0.0091609410784926,サービス業,29.08611834330292,-4.306689350890335,-0.24848021423198619,-0.4434217243135123,0.28718920810983717,-0.3649887563038642,0.1949415100815261
6301.T,2022-06-20,-0.0810368229753588,0.8,-0.0008904719501335,0.0075690115761353,0.0066785396260017,機械,28.70618752039238,-3.8122955101728673,1.7033141529839257,-0.5674108848812617,-0.19476938817934927,-1.027628681037237,2.2707250378651875
6594.T,2022-06-20,-0.0252575058865768,0.5,0.0040636640704368,0.0055875380968506,0.0096512021672875,電気機器,27.79884586155625,-3.6892328693842087,0.8668308527485348,0.33290760707246675,-0.7252792622858399,-0.23412089419688123,0.5339232456760681
7832.T,2022-06-20,0.0080886831368211,0.8,0.010943396226415,0.0020754716981132,0.0130188679245283,その他製品,27.256269509256267,-4.194132837706332,1.7033141529839257,1.583165987948098,-1.6655824873991094,0.6648270908947369,0.12014816503582781
2801.T,2022-06-21,0.0542696984749706,0.5,0.0085034013605442,0.0018707482993197,0.0103741496598639,食料品,26.357374458300168,-3.5887298753883816,0.8668308527485348,1.1397440695965795,-1.7203941140274905,-0.04114087817799224,-0.2729132168480447
4307.T,2022-06-21,-0.0636275632353135,0.5,0.0093791281373844,0.0044914134742404,0.0138705416116248,情報・通信業,27.54754711141681,-3.6282298741200334,0.8668308527485348,1.2988904894394298,-1.0187502280218443,0.8921686384710702,-0.432059636690895
5801.T,2022-06-21,-0.0378934333892242,0.2,0.0108187853454634,0.0083599704942217,0.0191787558396852,非鉄金属,25.77604419968332,-4.051885871446206,0.03034755251314408,1.5605203682167172,0.016998026547240617,2.309117002331027,-1.5301728157035732
6902.T,2022-06-21,-0.0389283502500782,0.5,0.0029033596018249,0.0111986727498963,0.0141020323517212,輸送用機器,28.00187918753064,-3.6590053526264006,0.8668308527485348,0.12204469070312916,0.7770180783055843,0.9539616278523934,0.7447861620454056
7733.T,2022-06-21,-0.0203265144907916,0.5,0.005477686483003,0.0072498791686805,0.0127275656516835,精密機器,27.56237992848637,-3.5588869860962005,0.8668308527485348,0.5898788571117063,-0.28021231490641524,0.5870683077781508,0.2769519956368285
8035.T,2022-06-21,-0.1050580954719699,0.6,0.0060560181680545,0.0015140045420136,0.0075700227100681,電気機器,28.57561512580705,-3.7557709113337023,1.1456586194936649,0.6949794656482249,-1.8159069168761341,-0.7896606105891314,0.45067915384544
9104.T,2022-06-21,-0.0844180960270905,0.4,0.0025745548165629,0.0075091182149753,0.0100836730315382,海運業,26.64899604729424,-3.5063757542566365,0.5880030860034046,0.06229077454396487,-0.21080493940977815,-0.11867926784393666,0.5257123114594396
3401.T,2022-06-22,-0.0231754928320616,0.0,0.0017513134851138,0.0102384480668193,0.0119897615519331,繊維製品,26.335554089957075,-4.175986003668057,-0.5273079809771164,-0.08731742978606309,0.5199322878275725,0.39012254276661046,-0.4399905511910533
4061.T,2022-06-22,-0.0324806713558465,0.4,0.0004873294346978,0.006578947368421,0.0070662768031189,化学,26.37938128767498,-4.17455813663985,0.5880030860034046,-0.31702210672650327,-0.4598442648723563,-0.9241280431353931,0.9050251927299078
5406.T,2022-06-22,-0.0916308787936063,0.2,0.0023351648351648,0.0107142857142857,0.0130494505494505,鉄鋼,26.127122883101457,-3.5716774455883646,0.03034755251314408,0.018786271206497403,0.6473306976935762,0.67299066502424,0.011561281306646676
6098.T,2022-06-22,0.0524366849097308,0.6,0.0076164874551971,0.0040322580645161,0.0116487455197132,サービス業,29.528926805770435,-3.4487833130120764,1.1456586194936649,0.9785646053187758,-1.141682218358695,0.29909341542851475,0.16709401417488912
6472.T,2022-06-22,-0.1143495031953592,0.2,-0.0093173266439706,0.0177387564952517,0.0084214298512811,機械,25.68027262796593,-3.667110522697613,0.03034755251314408,-2.0988288916471007,2.5280276379424342,-0.5623902134481972,2.1291764441602448
6501.T,2022-06-22,-0.0479901035516493,0.2,0.0014475271411338,0.0125452352231604,0.0139927623642943,電気機器,29.465403850526737,-3.88072755082354,0.03034755251314408,-0.14252472767868846,1.137540031102926,0.9247936396643738,0.17287228019183254
6701.T,2022-06-22,0.0119380524244147,0.2,0.0038885288399222,0.0112335277597753,0.0151220565996975,電気機器,26.32113218977241,-4.00832560112138,0.03034755251314408,0.3010801631003648,0.7863499856443413,1.2262418387050773,-0.2707326105872207
6841.T,2022-06-22,-0.0161577748080031,0.2,0.0035799522673031,0.0035799522673031,0.0071599045346062,電気機器,27.11633538485865,-3.6276299626444217,0.03034755251314408,0.24500233371515204,-1.262780327440491,-0.8991355211227078,-0.21465478120200795
6857.T,2022-06-22,-0.0048316145324152,0.5,0.0071740486587648,0.0053025577043044,0.0124766063630692,電気機器,26.59883427172544,-3.708954969808041,0.8668308527485348,0.8981599034026793,-0.80157849805814,0.5200784806687377,-0.031329050654144486
7186.T,2022-06-22,-0.0110145552498108,0.5,-0.0002359325232983,0.0062522118674059,0.0060162793441075,銀行業,27.10221998985644,-4.098685260039773,0.8668308527485348,-0.4484609918533573,-0.5473228061305594,-1.204409154198793,1.3152918446018922
7267.T,2022-06-22,-0.0034329916586138,0.5,-0.0029373368146214,0.0127937336814621,0.0098563968668407,輸送用機器,28.349711536464067,-3.961272032612933,0.8668308527485348,-0.9393890220129668,1.2040717748822483,-0.1793472393832393,1.8062198747615015
8031.T,2022-06-22,-0.1007985796139031,0.5,-0.0061305207646671,0.0129202373104812,0.0067897165458141,卸売業,28.62566213460116,-3.946863351179756,0.8668308527485348,-1.5196885023863476,1.2379412286027007,-0.9979516657814433,2.3865193551348822
8253.T,2022-06-22,-0.0253699711823847,0.2,0.0038862980235398,0.0063291139240506,0.0102154119475904,その他金融業,26.391990001015103,-3.421956150097772,0.03034755251314408,0.3006747553293854,-0.5267334311953786,-0.08351353535143802,-0.27032720281624134
8316.T,2022-06-22,0.0155628902549051,0.14,-0.0002405195221678,0.0053716026617493,0.0051310831395814,銀行業,28.27810871136408,-4.357848862995441,-0.13694910753393405,-0.4492945902623704,-0.783092743863234,-1.4406990362212464,0.3123454827284363
8411.T,2022-06-22,-0.0094922978620145,0.2,0.0010892398661791,0.0058352135688166,0.0069244534349957,銀行業,31.30876543772718,-4.437601196939333,0.03034755251314408,-0.20763651664331467,-0.6589678607830648,-0.9619856692193174,0.23798406915645876
9020.T,2022-06-22,0.0055774401309636,0.2,-0.0007654037504783,0.0082918739635157,0.0075264702130373,陸運業,27.484833652360862,-4.167554116259207,0.03034755251314408,-0.5446821563123647,-0.0012338005802009888,-0.8012862980159097,0.5750297088255087
9201.T,2022-06-22,0.0404743848968296,0.5,0.0040385497934832,0.0090867370353373,0.0131252868288205,空運業,27.45633363726713,-3.946082485208304,0.8668308527485348,0.32834357252446683,0.21157889288880305,0.6932340250993688,0.5384872802240679
2802.T,2022-06-23,0.0599529430876155,0.5,0.0080245859655113,0.0040976609185589,0.0121222468840703,食料品,27.50199837273513,-3.9485090207920415,0.8668308527485348,1.0527286237972888,-1.1241715828507313,0.42548751986472616,-0.18589777104875405
3402.T,2022-06-23,-0.0221150250871041,0.5,0.0119278779472954,0.0074895977808599,0.0194174757281553,繊維製品,27.804839181457226,-4.20434084876308,0.8668308527485348,1.7620765173761979,-0.21603124354825362,2.372839704704352,-0.8952456646276631
4005.T,2022-06-23,-0.0220457682765989,0.6,0.0115394058433587,0.0054014240117849,0.0169408298551436,化学,27.5002133024215,-3.95244057055588,1.1456586194936649,1.6914792190117254,-0.7751085236258869,1.7117361457949143,-0.5458205995180605
4506.T,2022-06-23,0.0102239878070061,0.1,0.0075075075075075,0.0102602602602602,0.0177677677677677,医薬品,26.765846887815403,-3.6396407202212178,-0.24848021423198619,0.9587596056680389,0.5257721762324861,1.9324748484856369,-1.2072398199000252
4543.T,2022-06-23,0.0361990277972906,0.8,0.016984505363528,0.0041716328963051,0.0211561382598331,精密機器,27.345144293032817,-4.03448024306656,1.7033141529839257,2.681020840029321,-1.104366692696102,2.836949652743442,-0.9777066870453952
5019.T,2022-06-23,-0.0313481774723477,0.5,0.0052714812862414,0.0026357406431207,0.0079072219293621,石油・石炭製品,25.612953092043128,-3.8858032486240166,0.8668308527485348,0.552405047145533,-1.5155788610124452,-0.6996503243524222,0.3144258056030018
5401.T,2022-06-23,-0.0401479982788804,0.5,0.0047110987945129,0.006928086462519,0.011639185257032,鉄鋼,26.60083514380628,-3.8944625132036768,0.8668308527485348,0.4505663576595311,-0.3663674968045607,0.2965414463514966,0.41626449508900365
6103.T,2022-06-23,-0.0399045419505394,0.8,0.0071401728673431,0.0077038707252912,0.0148440435926343,機械,25.195980908058097,-3.82423650960228,1.7033141529839257,0.8920036329006407,-0.15866286897091042,1.1520304262478358,0.8113105200832851
6770.T,2022-06-23,-0.0333245927492349,0.5,-0.0089032013638946,0.0151543853002462,0.0062511839363515,電気機器,26.38138394503372,-3.6823842895028456,0.8668308527485348,-2.0235696242208867,1.836100921970569,-1.141704888066537,2.8904004769694214
7004.T,2022-06-23,-0.0147639585786933,0.3,0.0067758328627893,0.0059288537549407,0.01270468661773,機械,25.67760066905675,-3.5810734349159805,0.30917531925827424,0.8257918772895116,-0.6338971021424105,0.5809610919925224,-0.5166165580312374
7013.T,2022-06-23,-0.0377154541626114,0.5,0.0042861852950873,0.0095614902736564,0.0138476755687438,機械,25.14710805618212,-3.694610240740829,0.8668308527485348,0.37334653982949917,0.33868696843227947,0.8860648904578666,0.4934843129190356
7203.T,2022-06-23,-0.0386322994365405,0.5,0.0085050953949888,0.0075090031415217,0.0160140985365106,輸送用機器,29.568144649851533,-3.928630703534719,0.8668308527485348,1.140051927622711,-0.21083574860506674,1.464359086532063,-0.27322107487417624
7205.T,2022-06-23,-0.0202313367613639,-0.2,-0.0043870338776504,0.0124299293200097,0.0080428954423592,輸送用機器,26.72450678889222,-3.878589346547112,-1.084963514467377,-1.2028434504252432,1.1066686009254727,-0.6634343100770118,0.11787993595786617
7270.T,2022-06-23,-0.0609982429179717,-0.2,0.0049558284852402,0.00883430295195,0.0137901314371902,輸送用機器,28.294033018491724,-3.872977305116089,-1.084963514467377,0.49504124998728377,0.1439934443839219,0.8707043455454939,-1.5800047644546609
7951.T,2022-06-23,0.0238083179493112,0.3,0.0049813200498132,0.0104607721046077,0.0154420921544209,その他製品,26.56928203292187,-3.968612871872745,0.30917531925827424,0.49967384926970354,0.5794562221779568,1.3116705414965306,-0.1904985300114293
8304.T,2022-06-23,-0.0089628582538378,0.5,0.0035756033830708,0.0028879873478649,0.0064635907309358,銀行業,26.500331861394542,-4.393165542354471,0.8668308527485348,0.24421200804031212,-1.4480435803353955,-1.08500607239554,0.6226188447082226
9001.T,2022-06-23,-0.0131074720209189,0.5,0.0001862891207153,0.0132265275707898,0.0134128166915052,陸運業,27.199742353847864,-4.298404114632253,0.8668308527485348,-0.371730366729183,1.319945862596095,0.7699858197685209,1.2385612194777178
9022.T,2022-06-23,0.001218531506286,0.2,0.0019047619047619,0.0091428571428571,0.011047619047619,陸運業,27.180606757886867,-4.242548884306698,0.03034755251314408,-0.059431144630259745,0.226604211918518,0.13863169807653528,0.08977869714340382
9107.T,2022-06-23,-0.0367692853055085,0.8,0.0057733942747173,0.0062545104642771,0.0120279047389944,海運業,25.12791505301911,-3.2106089042884163,1.7033141529839257,0.6436180342335607,-0.5467073912135746,0.4003042958339996,1.059696118750365
9433.T,2022-06-23,-0.0536813855168659,0.5,0.0011890606420927,0.0062425683709869,0.0074316290130796,情報・通信業,29.3940871165634,-4.4157732621339925,0.8668308527485348,-0.18949601947831396,-0.5499047079953461,-0.8266027372802085,1.0563268722268488
1802.T,2022-06-24,-0.0039890201437594,-0.2,0.0015702695629416,0.0034022507197068,0.0049725202826485,建設業,27.26378869457476,-4.154810738411824,-1.084963514467377,-0.12021866429207484,-1.3103572577549323,-1.483025018377797,-0.9647448501753022
2871.T,2022-06-24,0.0559525159901587,0.2,0.0031504818383988,0.0063009636767976,0.0094514455151964,食料品,25.80761037183932,-4.515935730662632,0.03034755251314408,0.16695438200684798,-0.5342702386683944,-0.28744294360746964,-0.1366068294937039
3407.T,2022-06-24,-0.0116528748429021,0.2,-0.0025203567274137,0.0098875533152384,0.0073671965878247,化学,28.00713754470447,-4.141625758118179,0.03034755251314408,-0.8636109485545892,0.42598546873968235,-0.8438020091298338,0.8939585010677332
4042.T,2022-06-24,-0.0504824790007303,0.6,0.0044843049327354,0.006628972509261,0.0111132774419964,化学,27.03443267987152,-4.04395855376839,1.1456586194936649,0.40935095566570856,-0.44645078196852855,0.15615822403981078,0.7363076638279563
4183.T,2022-06-24,-0.0345680903660335,0.5,0.0113293051359516,0.0045317220543806,0.0158610271903323,化学,26.40338200510451,-3.9053232647855087,0.8668308527485348,1.6532974752594825,-1.0079582088506827,1.4234989810045513,-0.7864666225109477
4188.T,2022-06-24,-0.0272837859296277,0.5,0.0101150062352778,0.0052653457115144,0.0153803519467922,化学,27.73712899023289,-4.098905036871683,0.8668308527485348,1.4326221142083633,-0.811541452302373,1.2951899168598293,-0.5657912614598285
4507.T,2022-06-24,0.0140576646717615,0.5,0.0135052179251074,0.0061387354205033,0.0196439533456108,医薬品,27.311946480881648,-3.703846707152716,0.8668308527485348,2.048727579080101,-0.5777044267728313,2.4332945160056902,-1.1818967263315665
5332.T,2022-06-24,0.0514121129119512,0.5,0.0080350620891161,0.0054784514243973,0.0135135135135135,ガラス・土石製品,27.397814570852443,-3.815007018116227,0.8668308527485348,1.0546324568301795,-0.7544855865061305,0.7968653297243002,-0.1878016040816447
5411.T,2022-06-24,-0.0180342735544633,0.8,0.0241679873217115,0.0015847860538827,0.0257527733755942,鉄鋼,27.48543364395789,-3.952123358379491,1.7033141529839257,3.9864798780361292,-1.7969562262192507,4.063952619599739,-2.2831657250522035
5631.T,2022-06-24,-0.0523703431459495,0.8,0.0052143684820393,0.0017381228273464,0.0069524913093858,機械,26.08976177927796,-3.0794261100987605,1.7033141529839257,0.5420258985842135,-1.7559025995941349,-0.9545013781684493,1.1612882543997123
5713.T,2022-06-24,-0.0914119134437378,0.5,0.0061464457509353,0.0034740780331373,0.0096205237840726,非鉄金属,27.835547857642783,-3.577487766139794,0.8668308527485348,0.7114129314861067,-1.2911265693789375,-0.2423100295698337,0.15541792126242804
5714.T,2022-06-24,-0.0260297915091703,0.8,0.0046989209885137,0.0055690915419422,0.0102680125304559,非鉄金属,26.34200597902657,-3.5768789929264524,1.7033141529839257,0.44835327673341585,-0.7302180513357375,-0.06947259679335258,1.25496087625051
5802.T,2022-06-24,-0.0020714963272318,0.3,0.0032226877215597,0.0074121817595874,0.0106348694811472,非鉄金属,27.800727554412457,-4.095572903116371,0.30917531925827424,0.1800764060222736,-0.23675822482176792,0.028454377085135818,0.12909891323600065
6645.T,2022-06-24,0.0450113696776032,0.5,0.006283035803331,0.006881420165553,0.013164455968884,電気機器,28.02979959293012,-3.90992232107885,0.8668308527485348,0.7362355341514695,-0.37886169952151333,0.7036896409698414,0.1305953185970653
6752.T,2022-06-24,-0.0229957950357847,0.5,-0.0011614401858304,0.0088269454123112,0.0076655052264808,電気機器,28.632263950558496,-4.237800115415075,0.8668308527485348,-0.6166541257444611,0.14202357324089632,-0.7641729814928877,1.4834849784929958
6753.T,2022-06-24,-0.0369009469866619,0.2,0.0016433853738701,0.009860312243221,0.0115036976170912,電気機器,26.97851713630624,-3.914186724413441,0.03034755251314408,-0.10693127848760851,0.418692079331466,0.26037504810733375,0.13727883100075258
6762.T,2022-06-24,-0.0368272839296287,0.5,0.006924582267048,0.0073761854583772,0.0143007677254252,電気機器,25.4192305223838,-3.7703762802276906,0.8668308527485348,0.8528242071983283,-0.24639569583662912,1.0070110622784556,0.014006645550206476
6963.T,2022-06-24,0.0215256109568293,0.8,0.0026296916088931,0.0062156347119292,0.0088453263208223,電気機器,26.32248747611535,-4.0643732216435655,1.7033141529839257,0.07231082113044862,-0.5571157921836065,-0.4492373934683061,1.6310033318534771
7012.T,2022-06-24,-0.0531401197059212,0.2,0.0015503875968992,0.0110465116279069,0.0125968992248062,輸送用機器,26.779399334185733,-3.729485016348136,0.03034755251314408,-0.1238318274369794,0.7362792147707371,0.5521888602237386,0.15417937995012349
7211.T,2022-06-24,0.0063072626046175,0.5,0.0006015037593984,0.0099248120300751,0.0105263157894736,輸送用機器,27.222550152761062,-3.713665191039032,0.8668308527485348,-0.29627312942602807,0.4359609321127894,-0.0005224066691378551,1.1631039821745628
8002.T,2022-06-24,-0.0468769757669621,0.5,0.002377179080824,0.0105388272583201,0.0129160063391442,卸売業,28.379700078371386,-3.974184212220744,0.8668308527485348,0.02642154850518368,0.600354321598534,0.6373697297461275,0.8404093042433511
8015.T,2022-06-24,-0.0430559516599986,0.5,0.0029904306220095,0.0092703349282296,0.0122607655502392,卸売業,26.97457617212856,-3.8488332669402032,0.8668308527485348,0.13786816613052516,0.26073448142570965,0.4624630052086559,0.7289626866180097
8053.T,2022-06-24,-0.0094597402611465,0.5,-0.0045771578029642,0.0135135135135135,0.0089363557105492,卸売業,28.445484406311955,-3.9527561056928366,0.8668308527485348,-1.2373948000474804,1.3967820544181748,-0.42493845991079016,2.104225652796015
8058.T,2022-06-24,-0.0857990292642428,0.8,-0.0006195786864931,0.0092936802973977,0.0086741016109045,卸売業,28.372182078382764,-3.994219834189217,1.7033141529839257,-0.5181812687406308,0.2669848546897561,-0.49494326782580594,2.2214954217245566
8309.T,2022-06-24,-0.0308953863677535,0.3,-0.0006219292244542,0.0075253436158965,0.0069034143914422,銀行業,27.447599486276264,-4.270480129128076,0.30917531925827424,-0.5186084335951343,-0.20646083110349875,-0.9676017270985795,0.8277837528534085
8630.T,2022-06-24,-0.0068802295732579,0.3,-0.0033112582781456,0.0069305405821654,0.0036192823040197,保険業,27.405931937568187,-3.987408235768626,0.30917531925827424,-1.0073420226474719,-0.36571044299169614,-1.8442516489073397,1.316517341905746
8766.T,2022-06-24,0.039300189337751,0.5,-0.0038927718304874,0.006812350703353,0.0029195788728656,保険業,28.308444913430726,-3.947276492452677,0.8668308527485348,-1.1130208740801293,-0.397354014497918,-2.0310270105195385,1.979851726828664
9021.T,2022-06-24,0.001053010015177,0.1,0.0032493907392363,0.0064987814784727,0.0097481722177091,陸運業,26.9022405763592,-4.163646139516718,-0.24848021423198619,0.18492916349711638,-0.4813074823358876,-0.20823619015423542,-0.4334093777291026
9434.T,2022-06-24,0.0050966460319853,0.4,-0.0013044612575006,0.0076963214192538,0.0063918601617531,情報・通信業,27.27360423101468,-4.501383964955258,0.5880030860034046,-0.6426454418950616,-0.1606840826976459,-1.1041534745679855,1.2306485278984662
2282.T,2022-06-27,-0.0053934324147324,0.2,0.0087607518317935,0.0052564510990761,0.0140172029308697,食料品,27.52417790161613,-4.355154167228673,0.03034755251314408,1.186512544910279,-0.8139228516873254,0.931317683218938,-1.1561649923971349
2432.T,2022-06-27,0.0352134361077814,0.1,0.0035633300939423,0.0119857466796242,0.0155490767735665,サービス業,26.3446950883893,-4.005719375270641,-0.24848021423198619,0.24198157490048666,0.9877453455325887,1.3402284848167512,-0.49046178913247285
3099.T,2022-06-27,-0.0119344851203558,0.3,0.0026487367563162,0.0093724531377343,0.0120211898940505,小売業,26.764466210468115,-3.992171957377026,0.30917531925827424,0.07577190866131295,0.2880751039647887,0.3985118684473024,0.2334034105969613
4043.T,2022-06-27,-0.0131247849728024,0.1,0.0010602205258693,0.005089058524173,0.0061492790500424,化学,25.536131586133585,-4.044089790993543,-0.24848021423198619,-0.2129102209979649,-0.8587397088224825,-1.1689068727117151,-0.0355699932340213
4568.T,2022-06-27,0.0299284783951046,0.2,0.0116320687186828,0.0048317823908375,0.0164638511095204,医薬品,28.48800486754024,-3.769995572467241,0.03034755251314408,1.7083189060581634,-0.9276215437465067,1.5844138064601434,-1.6779713535450194
5333.T,2022-06-27,-0.0016742746741037,0.5,0.0052710843373493,0.0060240963855421,0.0112951807228915,ガラス・土石製品,27.1317436270151,-4.34861220377897,0.8668308527485348,0.5523329093547186,-0.6083973129712934,0.20471458314124993,0.3144979433938162
6702.T,2022-06-27,0.0229300394083177,0.3,0.0121828341119355,0.0055876156453238,0.0177704497572593,電気機器,28.89653281287209,-3.813762080813969,0.30917531925827424,1.8084098737293521,-0.7252584998425448,1.9331907654510685,-1.499234554471078
7261.T,2022-06-27,-0.0744659464914137,0.6,0.0013455931823278,0.0116618075801749,0.0130074007625028,輸送用機器,27.280697878553287,-3.894885752675041,1.1456586194936649,-0.16104925500091707,0.9010154989494006,0.6617661035697987,1.306707874494582
7735.T,2022-06-27,-0.0098563547260556,0.5,0.0025388765471278,0.0063471913678197,0.0088860679149476,電気機器,26.2534573718162,-3.830981720537815,0.8668308527485348,0.05580693849264259,-0.5218934661297979,-0.4383620345139288,0.8110239142558922
7752.T,2022-06-27,-0.0240633743862248,0.5,0.0022257135375752,0.00942655145326,0.0116522649908352,電気機器,27.401382899863407,-3.916686700034756,0.8668308527485348,-0.0011043871805736594,0.30255911844136535,0.3000328855843362,0.8679352399291085
8306.T,2022-06-27,-0.0382179471080623,0.3,-0.0017132216014897,0.0076722532588454,0.0059590316573556,銀行業,29.95611501898889,-4.174167158380277,0.30917531925827424,-0.7169297358552402,-0.16712797250072528,-1.219690567606916,1.0261050551135145
8725.T,2022-06-27,-0.012586941467494,0.5,-0.0035333707234997,0.0081884464385866,0.0046550757150869,保険業,27.427646996271,-4.051882184544578,0.8668308527485348,-1.0477066676663098,-0.02892497273209383,-1.567762095914134,1.9145375204148447
9432.T,2022-06-27,-0.0221722330267964,0.3,0.0008798944126704,0.0059392872855257,0.0068191816981962,情報・通信業,26.510259155217664,-4.440766190781898,0.30917531925827424,-0.24568100759344916,-0.6311036804514308,-0.9900863842263021,0.5548563268517234
1332.T,2022-06-28,0.0059387267236769,0.3,0.0046016681046879,0.0051768766177739,0.0097785447224618,水産・農林業,25.91599954934308,-4.0853457607449455,0.30917531925827424,0.43067944433546795,-0.8352277283354644,-0.20012870446005068,-0.12150412507719371
2002.T,2022-06-28,0.0103103529095075,0.1,-0.0001695489996609,0.0101729399796541,0.0100033909799932,食料品,26.90834092769437,-4.118038658054843,-0.24848021423198619,-0.4363970691746823,0.5023934777257522,-0.140109360281177,0.1879168549426961
3289.T,2022-06-28,-0.0340620489459351,0.5,-0.0006917542888765,0.0109297177642501,0.0102379634753735,不動産業,26.872689748754464,-4.09859284718469,0.8668308527485348,-0.5312977898098674,0.7050094054330176,-0.07749374243767625,1.3981286425584023
4021.T,2022-06-28,-0.0072586621599586,0.5,0.0098882201203783,0.0017196904557179,0.0116079105760963,化学,27.59684366412696,-4.038617946680003,0.8668308527485348,1.3914081200599229,-1.760837591283072,0.2881931382240994,-0.5245772673113881
5020.T,2022-06-28,-0.0095741348176323,0.5,0.0049824150058616,0.0048358733880422,0.0098182883939038,石油・石炭製品,28.20567405224477,-4.144909080399016,0.8668308527485348,0.4998728363734403,-0.9265262404609848,-0.18951972603453113,0.36695801637509445
5711.T,2022-06-28,0.005590845948653,0.25,-0.005539358600583,0.0160349854227405,0.0104956268221574,非鉄金属,26.280734131818967,-3.997322282654937,0.16976143588570916,-1.412256202211628,2.0718684278224546,-0.008714367309567931,1.5820176380973372
6113.T,2022-06-28,-0.0143049114893037,0.6,0.0082358040745557,0.0034677069787602,0.0117035110533159,機械,26.674337568257105,-4.144177573894053,1.1456586194936649,1.0911134337053303,-1.2928323238545114,0.3137122551927528,0.05454518578833456
6305.T,2022-06-28,-0.0041921840148927,0.6,0.0041585127201565,0.0100293542074363,0.0141878669275929,機械,27.216116344044487,-3.884126198643632,1.1456586194936649,0.3501445163791388,0.4639505357741664,0.9768738835788282,0.7955141031145261
6471.T,2022-06-28,-0.0297005116237164,0.3,0.0064499484004127,0.0100619195046439,0.0165118679050567,機械,26.76498966853791,-4.015584494723714,0.30917531925827424,0.7665686733847716,0.4726694068074952,1.597231171575759,-0.4573933541264974
6473.T,2022-06-28,-0.0358227919081781,0.6,0.0096415327564894,0.0059332509270704,0.0155747836835599,機械,26.62386514683964,-3.98005232142842,1.1456586194936649,1.3465774584635688,-0.632719825102198,1.3470905597990477,-0.20091883896990392
6504.T,2022-06-28,0.0457800965367422,0.5,-0.0072303675436834,0.0142598915444868,0.0070295240008033,電気機器,29.099940282083644,-3.874893809684944,0.8668308527485348,-1.7195644019080025,1.5966136037106915,-0.933938653798593,2.586395254656537
6758.T,2022-06-28,-0.0264422892098834,0.2,-0.0011355486492947,0.0104590007171886,0.0093234520678938,電気機器,28.708886549257453,-3.9174952166699137,0.03034755251314408,-0.6119488392865605,0.5789819597028216,-0.32160887925895604,0.6422963917997045
6971.T,2022-06-28,-0.0069341959585224,0.8,0.0002167082024054,0.0084516198938129,0.0086683280962184,電気機器,27.274495942659343,-4.423966232817627,1.7033141529839257,-0.3662022864261526,0.04153578188303982,-0.4964844211848669,2.0695164394100782
7202.T,2022-06-28,-0.0528271015738432,0.5,0.0015100671140939,0.0070469798657718,0.0085570469798657,輸送用機器,27.927229186316904,-4.017654194538543,0.8668308527485348,-0.13115929606589588,-0.33453556715667837,-0.5261892501480501,0.9979901488144307
8308.T,2022-06-28,-0.0302623365649096,0.0,-0.0047268177394689,0.0102877797859029,0.005560962046434,銀行業,27.81677467587221,-4.014945108664661,-0.5273079809771164,-1.2645926015976066,0.5331401174322083,-1.3259492941134818,0.7372846206204902
9532.T,2022-06-28,0.0244341954368112,0.2,0.0061782877316857,0.0033097969991173,0.0094880847308031,電気・ガス業,27.697152917121084,-4.123789619712801,0.03034755251314408,0.7171995961983768,-1.3351103580024908,-0.2776626532166664,-0.6868520436852328
9735.T,2022-06-28,0.0186912296979684,0.5,-0.005938842557493,0.0113722517058377,0.0054334091483447,サービス業,27.61229984674662,-4.037854541895839,0.8668308527485348,-1.4848546920697077,0.8234912463932295,-1.3599976317442086,2.3516855448182423
1721.T,2022-06-29,0.0045960872994922,0.1,0.0022703818369453,0.0078431372549019,0.0101135190918472,建設業,26.618263535566687,-4.250966926773724,-0.24848021423198619,0.007013213095245337,-0.12137633959596704,-0.11071230861705657,-0.2554934273272315
1801.T,2022-06-29,0.0170151403084446,-0.1,-0.0005073566717402,0.0058346017250126,0.0053272450532724,建設業,27.561637349830825,-4.015450619085272,-0.8061357477222468,-0.4977870860482651,-0.6591316728062012,-1.3883365484401793,-0.3083486616739817
1803.T,2022-06-29,0.0198388310431862,-0.2,0.0024758603614756,0.0086655112651646,0.0111413716266402,建設業,27.09501074001996,-4.014535275503117,-1.084963514467377,0.04435496442501625,0.09880199597802616,0.16365754627036005,-1.1293184788923933
1808.T,2022-06-29,0.0086606608597057,0.5,0.0025844245348035,0.0032736044107512,0.0058580289455547,建設業,26.889014582752807,-4.158018412019468,0.8668308527485348,0.06408440511960711,-1.3448003819661822,-1.2466517302659441,0.8027464476289277
1812.T,2022-06-29,0.0392857608671528,0.2,0.0040394973070017,0.005834829443447,0.0098743267504488,建設業,28.1139775541744,-4.35611918731342,0.03034755251314408,0.32851576479745637,-0.6590707046028778,-0.17456112523049916,-0.2981682122843123
1925.T,2022-06-29,0.0134213854820145,0.5,0.0084380093968741,0.0045066641096941,0.0129446735065682,建設業,28.38022043335188,-4.243257957974749,0.8668308527485348,1.127860343781845,-1.0146670985834898,0.6450220011565784,-0.2610294910333103
1963.T,2022-06-29,-0.0167412098922673,0.0,0.0020120724346076,0.005533199195171,0.0075452716297786,建設業,26.87417382959596,-3.27999409793387,-0.5273079809771164,-0.03992952941414897,-0.7398276901050889,-0.7962675411336034,-0.48737845156296744
2269.T,2022-06-29,0.0128854793180632,0.14,0.0073903002309468,0.004464973056197,0.0118552732871439,食料品,26.957600520557968,-4.523425652046205,-0.13694910753393405,0.9374594479733405,-1.0258292543091863,0.35422291276598555,-1.0744085555072744
2413.T,2022-06-29,0.0158873283624458,0.8,0.0139697322467986,0.0040745052386495,0.0180442374854481,サービス業,27.87385638015287,-3.385176408514703,1.7033141529839257,2.133144081142107,-1.1303711696541947,2.0062743029336554,-0.4298299281581812
3861.T,2022-06-29,0.0283254854589869,0.5,0.0073210412147505,0.0070498915401301,0.0143709327548806,パルプ・紙,27.112570036432977,-4.108300458861267,0.8668308527485348,0.9248729600858171,-0.3337560099163671,1.0257405670451354,-0.05804210733728232
4208.T,2022-06-29,0.009347810140885,0.5,0.0081719128329297,0.0039346246973365,0.0121065375302663,化学,26.10006808299892,-4.298577089568885,0.8668308527485348,1.0795024351233518,-1.167822091474605,0.4212941429184443,-0.21267158237481698
4502.T,2022-06-29,0.0103423457339551,0.1,-0.0040099707380513,0.0134930096456052,0.0094830389075539,医薬品,28.73595329594628,-4.548166308682019,-0.24848021423198619,-1.134319510871375,1.3912924505973578,-0.27900956023475276,0.8858392966393889
4661.T,2022-06-29,0.0023555341184156,0.5,-0.0068220579874928,0.0102330869812393,0.0034110289937464,サービス業,27.94505035503116,-3.742286386696889,0.8668308527485348,-1.6453620299195364,0.5184969373846553,-1.899841754088154,2.5121928826680713
5706.T,2022-06-29,-0.0145022474102492,0.4,0.0,0.006902321690023,0.006902321690023,非鉄金属,25.94861200035854,-3.862562238391797,0.5880030860034046,-0.40558481471635754,-0.37326562910667427,-0.9678934073928559,0.9935879007197621
5803.T,2022-06-29,-0.0607116311622591,0.5,-0.0040114613180515,0.0131805157593123,0.0091690544412607,非鉄金属,26.167261807853315,-3.261276275209433,0.8668308527485348,-1.134590394983629,1.307626888575231,-0.3628230155093633,2.001421247732164
6146.T,2022-06-29,-0.0458711354758078,0.8,0.0027988804478208,0.0051979208316673,0.0079968012794882,機械,26.70567590311133,-3.8169451937566,1.7033141529839257,0.10305762333497395,-0.8295934549626571,-0.6757384571700772,1.6002565296489517
6273.T,2022-06-29,0.0114395248522974,0.5,0.0022854240731335,0.0060944641950228,0.0083798882681564,機械,29.050045979563627,-3.8802793850980186,0.8668308527485348,0.009746848858240183,-0.5895573849384276,-0.5734791174961041,0.8570840038902946
6302.T,2022-06-29,-0.0196964782149926,0.5,0.0,0.0110871573760394,0.0110871573760394,機械,26.644888960684817,-4.140017000999684,0.8668308527485348,-0.40558481471635754,0.7471615056265907,0.14918586325488994,1.2724156674648923
6367.T,2022-06-29,0.0387458527514164,0.8,0.005181347150259,0.0086972612879348,0.0138786084381939,機械,29.488482519891047,-3.7700757140178833,1.7033141529839257,0.5360249096111006,0.10730258948017998,0.8943219571235478,1.1672892433728252
6479.T,2022-06-29,-0.0437846053582516,0.8,0.0088145896656534,0.0054711246200607,0.0142857142857142,電気機器,27.64228432221517,-3.896788350399665,1.7033141529839257,1.1962965308948263,-0.7564472287319027,1.0029927717851648,0.5070176220890994
6503.T,2022-06-29,0.0059306406660453,0.2,-0.0021688613477924,0.0117738187451587,0.0096049573973663,電気機器,28.77738273061528,-4.106191808309385,0.03034755251314408,-0.799733455325624,0.9310048122838032,-0.24646524358853455,0.830081007838768
6674.T,2022-06-29,0.0194193339484204,0.0,-0.0022920759659462,0.0098231827111984,0.0075311067452521,電気機器,27.51821051719152,-3.986813822088688,-0.5273079809771164,-0.8221253312737764,0.40875120272379467,-0.8000486451154266,0.29481735029666
6724.T,2022-06-29,-0.0196088142374408,0.5,0.0082597550555397,0.0068356593563087,0.0150954144118484,電気機器,27.38164628454143,-4.007845043260981,0.8668308527485348,1.0954660616894618,-0.39111347145033487,1.2191301052933259,-0.22863520894092704
6952.T,2022-06-29,0.0052687332619675,0.3,0.0025773195876288,0.0083762886597938,0.0109536082474226,電気機器,26.51207970140345,-3.680657862770492,0.30917531925827424,0.06279321826095469,0.021366971200705836,0.11353692160363296,0.24638210099731955
6981.T,2022-06-29,-0.0689238819956807,0.5,-0.0013222516055912,0.0105780128447298,0.0092557612391386,電気機器,27.08031673494704,-4.015474506570235,0.8668308527485348,-0.6458784938939885,0.6108456760023805,-0.3396779331690221,1.5127093466425232
7011.T,2022-06-29,0.0339625764694056,0.3,0.0060931026078479,0.0073117231294174,0.0134048257372654,機械,25.829853162639647,-4.02160520960128,0.30917531925827424,0.7017188459904504,-0.2636545198272585,0.7678527540991082,-0.3925435267321762
7269.T,2022-06-29,0.0059146552871249,0.2,0.0043832185347526,0.0093926111458985,0.0137758296806512,輸送用機器,26.98366015334893,-4.0174123896685,0.03034755251314408,0.39098045614550525,0.2934721090144286,0.8668867056278858,-0.36063290363236117
7731.T,2022-06-29,-0.0485234687393086,0.8,0.0005349023803155,0.0112329499866274,0.011767852366943,精密機器,27.204277740663045,-3.896909112262864,1.7033141529839257,-0.3083766431222573,0.7861952955295561,0.3308872061565976,2.011690796106183
7911.T,2022-06-29,-0.015714001888781,0.8,0.0027303754266211,0.0081911262798634,0.0109215017064846,その他製品,28.106414941927227,-4.081862148905522,1.7033141529839257,0.09060815946848283,-0.028207485330297336,0.10496656089535301,1.6127059935154429
7912.T,2022-06-29,-0.0042162859570751,0.4,0.0037336652146857,0.0053930719767683,0.009126737191454,その他製品,26.89881688242226,-4.230999082501121,0.5880030860034046,0.27293669167517715,-0.7773446560250895,-0.37411897217209317,0.3150663943282274
8252.T,2022-06-29,0.0100551684207797,0.5,0.0117686617350369,0.0043712172158708,0.0161398789509078,小売業,27.037066687082948,-3.944265042058172,0.8668308527485348,1.7331420473656922,-1.0509309776318503,1.4979342861620264,-0.8663111946171574
8331.T,2022-06-29,0.0292650197959571,0.5,0.0013621503814021,0.003723211042499,0.0050853614239011,銀行業,27.18953824043549,-4.054137465078267,0.8668308527485348,-0.15804030400731167,-1.2244249340484674,-1.4529037641095073,1.0248711567558464
8354.T,2022-06-29,0.0021855715367984,0.5,-0.0005113127956027,0.0060079253483318,0.0054966125527291,銀行業,28.372737656282432,-4.120913983338146,0.8668308527485348,-0.49850603511528285,-0.612726866207456,-1.3431264286267004,1.3653368878638177
8601.T,2022-06-29,-0.0047725313254521,0.1,-0.0011341297444427,0.010812036897021,0.0096779071525782,証券、商品先物取引業,27.661232867088465,-4.194708846439044,-0.24848021423198619,-0.6116909807474986,0.6735021141615798,-0.22699239794770318,0.36321076651551243
8801.T,2022-06-29,-0.0095794027447156,0.5,0.0034810126582278,0.0069620253164556,0.0104430379746835,不動産業,27.62772727167079,-4.17923183381429,0.8668308527485348,0.227021971596045,-0.3572808765103926,-0.022752173280457068,0.6398088811524898
8802.T,2022-06-29,-0.0175704547832483,0.8,0.0084831347202585,0.0068672995354473,0.0153504342557059,不動産業,28.6675347546844,-4.172814159593997,1.7033141529839257,1.1360609993410946,-0.38264228693688657,1.2872038368687264,0.5672531536428311
9005.T,2022-06-29,0.022250285663821,0.2,0.0041159320871205,0.0097753387069113,0.0138912707940318,陸運業,27.6308114939594,-4.2187443873960575,0.03034755251314408,0.34240630911913844,0.3959416864943559,0.8977019835535812,-0.31205875660599436
9007.T,2022-06-29,0.0277997553505292,0.2,0.005019120458891,0.0081261950286806,0.0131453154875717,陸運業,27.237014374283373,-3.990990510328219,0.03034755251314408,0.5065433431945477,-0.045591856229371286,0.698580375873571,-0.47619579068140366
9008.T,2022-06-29,0.0513732618415586,0.1,0.0037872810478144,0.0072589553416443,0.0110462363894587,陸運業,27.147163935604528,-4.018521056306494,-0.24848021423198619,0.28268033331659437,-0.2777823054075587,0.138262618168709,-0.5311605475485806
9009.T,2022-06-29,0.0121474043551583,0.1,0.0046858359957401,0.0059637912673056,0.0106496272630457,陸運業,26.1002825708287,-3.971112965447821,-0.24848021423198619,0.44597533214080914,-0.6245431059975879,0.03239374614916888,-0.6944555463727953
9501.T,2022-06-29,0.1782623748243037,-0.4,0.0008494733265375,0.0045871559633027,0.0054366292898402,電気・ガス業,27.55894797993693,-3.2369158014650816,-1.6426190479576377,-0.2512094521652262,-0.9931166092275023,-1.3591380631534526,-1.3914095957924115
9502.T,2022-06-29,0.0390687800778882,-0.4,0.0021496970881375,0.0052765292163376,0.0074262263044752,電気・ガス業,27.66583598373738,-4.108225878098567,-1.6426190479576377,-0.014918907984455134,-0.808547236231428,-0.8280449095039574,-1.6277001399731825
9503.T,2022-06-29,0.0068679784626116,-0.2,0.0027486256871564,0.0049975012493753,0.0077461269365317,電気・ガス業,27.86046654463585,-4.168599397716782,-1.084963514467377,0.09392479166725165,-0.8832527991233406,-0.7426522222996483,-1.1788883061346287
9531.T,2022-06-29,-0.0447268492773975,0.5,0.0026706231454005,0.0071216617210682,0.0097922848664688,電気・ガス業,27.870224163639502,-4.0912276636990965,0.8668308527485348,0.0797493369622059,-0.3145406179103049,-0.1964609786047151,0.7870815157863289
9766.T,2022-06-29,-0.0140925691076864,0.8,0.0076888285843509,0.0031659882406151,0.010854816824966,情報・通信業,27.728220419305668,-3.887786695362149,1.7033141529839257,0.9917112076800249,-1.3736130011950474,0.08716602954857997,0.7116029453039009
4063.T,2022-06-30,0.0139840130646867,0.8,0.0014866204162537,0.0049554013875123,0.0064420218037661,化学,27.9103516814268,-4.172307618232858,1.7033141529839257,-0.13542028033300801,-0.8945244071717628,-1.0907635747777464,1.8387344333169338
4901.T,2022-06-30,0.0383729396491824,0.5,-0.0012622720897615,0.0077138849929873,0.0064516129032258,化学,27.852950070718947,-4.108138853935429,0.8668308527485348,-0.6349783758884087,-0.15598169864475273,-1.088203374284104,1.5018092286369433
5233.T,2022-06-30,-0.0055777949928933,-0.2,-0.0018781862087469,0.0093909310437349,0.0075127448349879,ガラス・土石製品,26.274124379013177,-4.115066919138534,-1.084963514467377,-0.7469088655793459,0.2930222868004973,-0.8049500823198004,-0.33805464888803116
6954.T,2022-06-30,-0.0286942198664591,0.5,-0.0010634526763559,0.0085076214108472,0.0074441687344913,電気機器,27.48812337191098,-3.826820516987215,0.8668308527485348,-0.598846789330184,0.05652935008480263,-0.8232554462753274,1.4656776420787188
6976.T,2022-06-30,-0.1104156795857855,0.5,0.0067024128686327,0.0031277926720285,0.0098302055406613,電気機器,27.04298903662478,-3.6944818845798495,0.8668308527485348,0.812449212061133,-1.3838392931409877,-0.18633862201829604,0.05438164068740181
7201.T,2022-06-30,-0.0556493293454983,0.3,0.0043051901458981,0.0076536713704855,0.0119588615163836,輸送用機器,28.432745404895748,-3.796208836132033,0.30917531925827424,0.3768003042297378,-0.17210299505718682,0.38187424061941616,-0.06762498497146358
7974.T,2022-06-30,0.001286976513237,0.1,0.0010733452593917,0.004293381037567,0.0053667262969588,その他製品,27.44627304793605,-4.072280306552826,-0.24848021423198619,-0.21052505429218246,-1.0717704496634344,-1.3777976211774334,-0.03795515993980372
8830.T,2022-06-30,0.0078240893880016,0.5,0.011058054787635,0.0035184719778838,0.0145765267655189,不動産業,27.4719175586802,-3.9543961463701978,0.8668308527485348,1.6040029658789725,-1.2792407549661915,1.08062081197824,-0.7371721131304377
4385.T,2022-09-28,-0.0472993453465244,0.0,0.0040431266846361,0.0064016172506738,0.0104447439353099,情報・通信業,26.32968602445289,-3.314039277968481,-0.5273079809771164,0.3291753340513013,-0.5073217504026278,-0.02229679261672841,-0.8564833150284177
6920.T,2022-09-29,-0.0719661779705502,0.5,0.0053784095274683,0.0038417210910487,0.009220130618517,電気機器,27.30984862382645,-3.500371907765939,0.8668308527485348,0.571837188792218,-1.1926956418859744,-0.3491889942196874,0.29499366395631677
7453.T,2022-11-24,-0.0049008192427642,-0.2,0.006255212677231,0.0095913261050875,0.0158465387823186,小売業,23.771902561278168,-3.910022540681169,-1.084963514467377,0.7311792186147582,0.34667506584657803,1.4196315172685507,-1.8161427330821351
9983.T,2022-11-25,-0.0338931278240193,0.8,0.0101229211858279,0.0054229934924078,0.0155459146782357,小売業,28.66943795749991,-3.9408083155838063,1.7033141529839257,1.4340605035286333,-0.7693336179461358,1.339384410781144,0.2692536494552924
3697.T,2022-11-29,0.0432418041641245,0.8,0.0070618446394179,0.0034239246736571,0.0104857693130751,情報・通信業,24.054019941325446,-3.3802964532398634,1.7033141529839257,0.8777689910276252,-1.304554380905067,-0.011345681865801396,0.8255451619563006
4751.T,2022-12-09,-0.0038299131546576,0.0,0.0069135802469135,0.0064197530864197,0.0133333333333333,サービス業,25.75849452310109,-3.776490863786664,-0.5273079809771164,0.8508248026331712,-0.5024661517590132,0.7487689265767552,-1.3781327836102877
4151.T,2023-03-09,0.0072752547834509,0.5,0.0101540023692672,0.0069385682856659,0.0170925706549331,医薬品,28.15076834154882,-4.278432340029118,0.8668308527485348,1.4397089080306533,-0.3635611455027629,1.752241081872277,-0.5728780552821185
7272.T,2023-03-23,-0.0029858403916171,0.2,-0.0027592923226748,0.0116864145430936,0.0089271222204187,輸送用機器,26.64705308674344,-4.247290331144486,0.03034755251314408,-0.9070328759918533,0.9076036450621892,-0.42740320194474324,0.9373804285049974
2914.T,2023-03-24,0.0075461247513486,0.5,0.0130443122961826,0.0038365624400537,0.0168808747362363,食料品,29.325902510180114,-4.803549526315022,0.8668308527485348,1.964966887196879,-1.1940767934979075,1.6957320238829459,-1.0981360344483444
4452.T,2023-03-24,0.0020378517119636,-0.2,0.005273566249176,0.004834102395078,0.010107668644254,化学,28.54268532191768,-4.756581573270335,-1.084963514467377,0.5527839488707307,-0.9270003973267231,-0.112273998064557,-1.6377474633381077
4911.T,2023-03-24,-0.0071023632525803,0.1,0.0009618159084351,0.0099067038568817,0.0108685197653169,化学,28.50482179618175,-4.103620641010443,-0.24848021423198619,-0.23079335872405496,0.43111273970367525,0.09082382444458091,-0.017686855507931226
6326.T,2023-03-24,-0.0321696648772968,0.0,0.0059768397459843,0.0048561822936122,0.0108330220395965,機械,28.487214419995084,-4.364243441486859,-0.5273079809771164,0.6805903174178313,-0.9210888348889098,0.08134823769934688,-1.2078982983949476
3659.T,2023-03-27,0.0228314357781662,0.2,0.0077623126338329,0.0088329764453961,0.0165952890792291,情報・通信業,28.6522962411354,-4.083198462521489,0.03034755251314408,1.0050655137260407,0.1436382921034254,1.6194992058291642,-0.9747179612128967
4704.T,2023-03-28,0.027232362465632,0.0,-0.0023510971786833,0.0121473354231974,0.0097962382445141,情報・通信業,27.539339149789537,-4.339002751386147,-0.5273079809771164,-0.8328512962097631,1.0310083136753623,-0.19540568348806417,0.30554331523264666
5108.T,2023-03-28,0.0256174690798979,0.2,0.0095785440613026,0.0067049808429118,0.0162835249042145,ゴム製品,28.318719494693283,-4.680593359452197,0.03034755251314408,1.3351304802568247,-0.42610068799165296,1.5362784240901979,-1.3047829277436807
1605.T,2023-03-29,0.0082385949742032,0.5,0.0012682308180088,0.0038046924540266,0.0050729232720355,鉱業,28.35392802630973,-4.040058676644827,0.8668308527485348,-0.1751083698270859,-1.2026095053670143,-1.4562239426437944,1.0419392225756208
2502.T,2023-03-29,0.0022267619297715,0.5,0.0167239062266686,0.0053755412871434,0.0220994475138121,食料品,27.39286840779631,-4.4774511159593215,0.8668308527485348,2.633661982515617,-0.7820382358499695,3.0887519437990347,-1.7668311297670822
3405.T,2023-03-29,0.0188223037116234,0.2,0.002,0.0063333333333333,0.0083333333333333,化学,26.778984472557337,-4.338661875897046,0.03034755251314408,-0.042123461125953936,-0.5256037474974786,-0.585906260767468,0.07247101363909801
3436.T,2023-03-29,-0.0164107103491391,0.5,0.0107671601615074,0.0,0.0107671601615074,金属製品,27.07121571246824,-4.288237281370364,0.8668308527485348,1.5511384885967168,-2.2212589780454004,0.06376739480386492,-0.684307635848182
8804.T,2023-03-29,0.0349965828971365,0.5,0.0147783251231527,0.0062224526834327,0.0210007778065854,不動産業,26.564839834375483,-4.087586886253998,0.8668308527485348,2.2800902118137167,-0.555290382334927,2.7954785043345907,-1.413259359065182
2503.T,2023-03-30,0.0035325192395205,0.5,0.0087006960556844,0.0094740912606341,0.0181747873163186,食料品,28.287547360982817,-4.78361404596669,0.8668308527485348,1.1755985680725114,0.3152871904992283,2.041122626928624,-0.3087677153239766
4004.T,2023-03-30,0.0245363866327298,-0.2,-0.0050709939148073,0.0154665314401622,0.0103955375253549,化学,26.49557825017488,-4.1344929281490455,-1.084963514467377,-1.3271399708786382,1.9196733801038184,-0.03543170750177368,0.24217645641126118
4324.T,2023-03-30,0.030555796598307,0.1,0.0017109970446414,0.0107326178254783,0.0124436148701197,サービス業,27.904971539346167,-4.417993500227286,-0.24848021423198619,-0.0946441637990858,0.6522388461510579,0.5112718952621103,-0.15383605043290038
4519.T,2023-03-30,-0.0266275728506523,0.5,0.0095914742451154,0.0051509769094138,0.0147424511545293,医薬品,28.22714037813052,-4.336723308292661,0.8668308527485348,1.3374802913122112,-0.842161987696065,1.124911844975726,-0.47064943856367647
4755.T,2023-03-30,-0.0228311727346024,0.0,-0.0006478781988986,0.0116618075801749,0.0110139293812763,サービス業,27.50412863641366,-3.8266020474789,-0.5273079809771164,-0.5233241582830565,0.9010154989494006,0.1296387457290334,-0.003983822694059946
5101.T,2023-03-30,0.0281906105056997,0.2,0.0127358490566037,0.0089622641509433,0.0216981132075471,ゴム製品,26.876698129428103,-3.935266627640423,0.03034755251314408,1.9089096539017651,0.17825314065447573,2.9816217557186535,-1.8785621013886211
5201.T,2023-03-30,0.0092136712141597,0.0,0.0014916467780429,0.0059665871121718,0.0074582338902147,ガラス・土石製品,27.7404117940608,-4.388531163132134,-0.5273079809771164,-0.13450683620323917,-0.6237945603705606,-0.8195009634052968,-0.39280114477387723
5301.T,2023-03-30,-0.004258560516278,0.5,0.0028818443804034,0.0057636887608069,0.0086455331412103,ガラス・土石製品,26.36145656720587,-3.801915944631414,0.8668308527485348,0.11813471495280131,-0.6781175578592099,-0.5025691933540547,0.7486961377957335
6302.T,2023-03-30,0.0174168994395416,0.1,-0.0047064651969284,0.0141193955907852,0.0094129303938568,機械,26.69782834597904,-4.196719792714399,-0.24848021423198619,-1.2608939202672182,1.5589979144320174,-0.2977239789653731,1.012413706035232
6361.T,2023-03-30,0.0037259539734674,0.4,0.0056603773584905,0.0080188679245283,0.0136792452830188,機械,25.54008888036532,-4.073521841366418,0.5880030860034046,0.6230793935583575,-0.0743270823665414,0.8411049458269755,-0.035076307554952946
7751.T,2023-03-30,0.0119524757548262,0.5,0.002451781627983,0.0068649885583524,0.0093167701863354,電気機器,28.99539241407757,-4.4905521658009695,0.8668308527485348,0.039979119891034705,-0.3832610164735145,-0.32339250756310967,0.8268517328575
2501.T,2023-03-31,0.0171095287331651,0.1,0.0093888396811337,0.008325952170062,0.0177147918511957,食料品,24.70590971594668,-4.215837226750326,-0.24848021423198619,1.3006553748577163,0.007890129289998113,1.918333720210544,-1.5491355890897025
4578.T,2023-03-31,0.0181435012911619,0.5,0.0040090639707164,0.0092382778455638,0.0132473418162802,医薬品,28.48312871875964,-4.50262521117308,0.8668308527485348,0.3229850939971929,0.25215167723122955,0.7258147777501834,0.5438457587513419
