date,symbol,dividend
2000-03-28,1332.T,4.0
2000-09-26,1332.T,2.0
2001-03-27,1332.T,3.0
2001-09-25,1332.T,2.5
2002-03-26,1332.T,2.5
2002-09-25,1332.T,2.5
2003-03-26,1332.T,2.5
2003-09-25,1332.T,2.5
2004-03-26,1332.T,2.5
2004-09-27,1332.T,2.5
2005-03-28,1332.T,3.5
2005-09-27,1332.T,3.5
2006-03-28,1332.T,3.5
2006-09-26,1332.T,4.0
2007-03-27,1332.T,5.0
2007-09-25,1332.T,5.0
2008-03-26,1332.T,5.0
2008-09-25,1332.T,5.0
2009-03-26,1332.T,5.0
2009-09-25,1332.T,5.0
2010-03-29,1332.T,5.0
2010-09-28,1332.T,5.0
2011-03-29,1332.T,5.0
2011-09-28,1332.T,5.0
2012-03-28,1332.T,5.0
2015-03-27,1332.T,3.0
2015-09-28,1332.T,2.0
2016-03-29,1332.T,3.0
2016-09-28,1332.T,2.5
2017-03-29,1332.T,3.5
2017-09-27,1332.T,4.0
2018-03-28,1332.T,4.0
2018-09-26,1332.T,4.0
2019-03-27,1332.T,4.0
2019-09-27,1332.T,4.0
2020-03-30,1332.T,4.5
2020-09-29,1332.T,4.0
2021-03-30,1332.T,4.5
2021-09-29,1332.T,6.0
2022-03-30,1332.T,8.0
2022-09-29,1332.T,8.0
2023-03-30,1332.T,10.0
2023-09-28,1332.T,10.0
2024-03-28,1332.T,14.0
2024-09-27,1332.T,12.0
2025-03-28,1332.T,16.0
2025-09-29,1332.T,14.0
2007-03-27,1605.T,17.5
2007-09-25,1605.T,8.75
2008-03-26,1605.T,10.0
2008-09-25,1605.T,10.0
2009-03-26,1605.T,10.0
2009-09-25,1605.T,6.25
2010-03-29,1605.T,7.5
2010-09-28,1605.T,7.5
2011-03-29,1605.T,7.5
2011-09-28,1605.T,7.5
2012-03-28,1605.T,10.0
2012-09-26,1605.T,8.75
2013-03-27,1605.T,8.75
2013-09-26,1605.T,9.0
2014-03-27,1605.T,9.0
2014-09-26,1605.T,9.0
2015-03-27,1605.T,9.0
2015-09-28,1605.T,9.0
2016-03-29,1605.T,9.0
2016-09-28,1605.T,9.0
2017-03-29,1605.T,9.0
2017-09-27,1605.T,9.0
2018-03-28,1605.T,9.0
2018-09-26,1605.T,9.0
2019-03-27,1605.T,15.0
2019-09-27,1605.T,12.0
2019-12-27,1605.T,18.0
2020-06-29,1605.T,12.0
2020-12-30,1605.T,12.0
2021-06-29,1605.T,20.0
2021-12-29,1605.T,28.0
2022-06-29,1605.T,30.0
2022-12-29,1605.T,32.0
2023-06-29,1605.T,37.0
2023-12-28,1605.T,37.0
2024-06-27,1605.T,43.0
2024-12-27,1605.T,43.0
2025-06-27,1605.T,50.0
2025-12-29,1605.T,50.0
2004-03-26,1721.T,7.0
2004-09-27,1721.T,5.0
2005-03-28,1721.T,3.0
2005-09-27,1721.T,7.0
2006-03-28,1721.T,8.0
2006-09-26,1721.T,7.0
2007-03-27,1721.T,10.0
2007-09-25,1721.T,7.0
2008-03-26,1721.T,10.0
2008-09-25,1721.T,10.0
2009-03-26,1721.T,10.0
2009-09-25,1721.T,10.0
2010-03-29,1721.T,10.0
2010-09-28,1721.T,10.0
2011-03-29,1721.T,10.0
2011-09-28,1721.T,10.0
2012-03-28,1721.T,10.0
2012-09-26,1721.T,10.0
2013-03-27,1721.T,10.0
2013-09-26,1721.T,10.0
2014-03-27,1721.T,15.0
2014-09-26,1721.T,15.0
2015-03-27,1721.T,15.0
2015-09-28,1721.T,15.0
2016-03-29,1721.T,20.0
2016-09-28,1721.T,20.0
2017-03-29,1721.T,20.0
2017-09-27,1721.T,25.0
2018-03-28,1721.T,25.0
2018-09-26,1721.T,30.0
2019-03-27,1721.T,30.0
2019-09-27,1721.T,35.0
2020-03-30,1721.T,40.0
2020-09-29,1721.T,40.0
2021-03-30,1721.T,45.0
2021-09-29,1721.T,45.0
2022-03-30,1721.T,50.0
2022-09-29,1721.T,50.0
2023-03-30,1721.T,50.0
2023-09-28,1721.T,50.0
2024-03-28,1721.T,55.0
2024-09-27,1721.T,55.0
2025-03-28,1721.T,60.0
2025-09-29,1721.T,60.0
2000-03-28,1801.T,12.5
2000-09-26,1801.T,12.5
2001-03-27,1801.T,12.5
2001-09-25,1801.T,12.5
2002-03-26,1801.T,12.5
2002-09-25,1801.T,12.5
2003-03-26,1801.T,12.5
2003-09-25,1801.T,12.5
2004-03-26,1801.T,12.5
2004-09-27,1801.T,12.5
2005-03-28,1801.T,12.5
2005-09-27,1801.T,15.0
2006-03-28,1801.T,15.0
2006-09-26,1801.T,15.0
2007-03-27,1801.T,15.0
2007-09-25,1801.T,15.0
2008-03-26,1801.T,15.0
2008-09-25,1801.T,15.0
2009-03-26,1801.T,10.0
2009-09-25,1801.T,12.5
2010-03-29,1801.T,12.5
2010-09-28,1801.T,12.5
2011-03-29,1801.T,12.5
2011-09-28,1801.T,12.5
2012-03-28,1801.T,12.5
2012-09-26,1801.T,12.5
2013-03-27,1801.T,12.5
2013-09-26,1801.T,12.5
2014-03-27,1801.T,17.5
2014-09-26,1801.T,15.0
2015-03-27,1801.T,25.0
2015-09-28,1801.T,25.0
2016-03-29,1801.T,55.0
2016-09-28,1801.T,40.0
2017-03-29,1801.T,60.0
2017-09-27,1801.T,50.0
2018-03-28,1801.T,75.0
2018-09-26,1801.T,60.0
2019-03-27,1801.T,70.0
2019-09-27,1801.T,65.0
2020-03-30,1801.T,65.0
2020-09-29,1801.T,65.0
2021-03-30,1801.T,65.0
2021-09-29,1801.T,65.0
2022-03-30,1801.T,65.0
2022-09-29,1801.T,65.0
2023-03-30,1801.T,65.0
2023-09-28,1801.T,65.0
2024-03-28,1801.T,65.0
2024-09-27,1801.T,65.0
2025-03-28,1801.T,145.0
2025-09-29,1801.T,125.0
2000-03-28,1802.T,4.0
2000-09-26,1802.T,4.0
2001-03-27,1802.T,4.0
2001-09-25,1802.T,4.0
2002-03-26,1802.T,4.0
2002-09-25,1802.T,3.0
2003-03-26,1802.T,3.0
2003-09-25,1802.T,3.0
2004-03-26,1802.T,5.0
2004-09-27,1802.T,4.0
2005-03-28,1802.T,4.0
2005-09-27,1802.T,4.0
2006-03-28,1802.T,4.0
2006-09-26,1802.T,2.0
2007-03-27,1802.T,6.0
2007-09-25,1802.T,4.0
2008-03-26,1802.T,4.0
2008-09-25,1802.T,4.0
2009-03-26,1802.T,4.0
2009-09-25,1802.T,4.0
2010-03-29,1802.T,4.0
2010-09-28,1802.T,4.0
2011-03-29,1802.T,4.0
2011-09-28,1802.T,4.0
2012-03-28,1802.T,4.0
2012-09-26,1802.T,4.0
2013-03-27,1802.T,4.0
2013-09-26,1802.T,4.0
2014-03-27,1802.T,4.0
2014-09-26,1802.T,4.0
2015-03-27,1802.T,6.0
2015-09-28,1802.T,5.0
2016-03-29,1802.T,13.0
2016-09-28,1802.T,9.0
2017-03-29,1802.T,19.0
2017-09-27,1802.T,14.0
2018-03-28,1802.T,14.0
2018-09-26,1802.T,14.0
2019-03-27,1802.T,18.0
2019-09-27,1802.T,16.0
2020-03-30,1802.T,16.0
2020-09-29,1802.T,16.0
2021-03-30,1802.T,16.0
2021-09-29,1802.T,16.0
2022-03-30,1802.T,16.0
2022-09-29,1802.T,21.0
2023-03-30,1802.T,21.0
2023-09-28,1802.T,21.0
2024-03-28,1802.T,54.0
2024-09-27,1802.T,40.0
2025-03-28,1802.T,41.0
2025-09-29,1802.T,41.0
2000-03-28,1803.T,2.5
2000-09-26,1803.T,2.5
2001-03-27,1803.T,2.5
2001-09-25,1803.T,2.5
2002-03-26,1803.T,2.5
2002-09-25,1803.T,2.5
2003-03-26,1803.T,2.5
2003-09-25,1803.T,2.5
2004-03-26,1803.T,2.5
2004-09-27,1803.T,2.5
2005-03-28,1803.T,2.5
2005-09-27,1803.T,3.5
2006-03-28,1803.T,3.5
2006-09-26,1803.T,3.5
2007-03-27,1803.T,3.5
2007-09-25,1803.T,3.5
2008-03-26,1803.T,3.5
2008-09-25,1803.T,3.5
2009-03-26,1803.T,3.5
2009-09-25,1803.T,3.5
2010-03-29,1803.T,3.5
2010-09-28,1803.T,3.5
2011-03-29,1803.T,3.5
2011-09-28,1803.T,3.5
2012-03-28,1803.T,3.5
2012-09-26,1803.T,3.5
2013-03-27,1803.T,3.5
2013-09-26,1803.T,3.5
2014-03-27,1803.T,3.5
2014-09-26,1803.T,3.5
2015-03-27,1803.T,4.5
2015-09-28,1803.T,5.0
2016-03-29,1803.T,11.0
2016-09-28,1803.T,5.0
2017-03-29,1803.T,21.0
2017-09-27,1803.T,10.0
2018-03-28,1803.T,16.0
2018-09-26,1803.T,13.0
2019-03-27,1803.T,23.0
2019-09-27,1803.T,18.0
2020-03-30,1803.T,20.0
2020-09-29,1803.T,12.0
2021-03-30,1803.T,12.0
2021-09-29,1803.T,11.5
2022-03-30,1803.T,11.5
2022-09-29,1803.T,10.5
2023-03-30,1803.T,10.5
2023-09-28,1803.T,13.5
2024-03-28,1803.T,6.5
2024-09-27,1803.T,17.5
2025-03-28,1803.T,20.5
2025-09-29,1803.T,22.0
2008-03-26,1808.T,15.0
2014-03-27,1808.T,3.0
2015-03-27,1808.T,10.0
2016-03-29,1808.T,15.0
2017-03-29,1808.T,25.0
2017-09-27,1808.T,10.0
2018-03-28,1808.T,40.0
2018-09-26,1808.T,10.0
2019-03-27,1808.T,70.0
2019-09-27,1808.T,20.0
2020-03-30,1808.T,50.0
2020-09-29,1808.T,35.0
2021-03-30,1808.T,35.0
2021-09-29,1808.T,35.0
2022-03-30,1808.T,45.0
2022-09-29,1808.T,40.0
2023-03-30,1808.T,40.0
2023-09-28,1808.T,40.0
2024-03-28,1808.T,45.0
2024-09-27,1808.T,40.0
2025-03-28,1808.T,45.0
2025-09-29,1808.T,45.0
2000-03-28,1812.T,7.0
2000-09-26,1812.T,7.0
2001-03-27,1812.T,7.0
2001-09-25,1812.T,7.0
2002-03-26,1812.T,7.0
2002-09-25,1812.T,5.0
2003-03-26,1812.T,5.0
2003-09-25,1812.T,5.0
2004-03-26,1812.T,5.0
2004-09-27,1812.T,5.0
2005-03-28,1812.T,7.0
2005-09-27,1812.T,6.0
2006-03-28,1812.T,6.0
2006-09-26,1812.T,6.0
2007-03-27,1812.T,8.0
2007-09-25,1812.T,7.0
2008-03-26,1812.T,7.0
2008-09-25,1812.T,7.0
2009-03-26,1812.T,5.0
2009-09-25,1812.T,6.0
2010-03-29,1812.T,6.0
2010-09-28,1812.T,6.0
2011-03-29,1812.T,6.0
2011-09-28,1812.T,6.0
2012-03-28,1812.T,4.0
2012-09-26,1812.T,5.0
2013-03-27,1812.T,5.0
2013-09-26,1812.T,5.0
2014-03-27,1812.T,5.0
2014-09-26,1812.T,5.0
2015-03-27,1812.T,5.0
2015-09-28,1812.T,6.0
2016-03-29,1812.T,18.0
2016-09-28,1812.T,14.0
2017-03-29,1812.T,26.0
2017-09-27,1812.T,20.0
2018-03-28,1812.T,28.0
2018-09-26,1812.T,24.0
2019-03-27,1812.T,26.0
2019-09-27,1812.T,25.0
2020-03-30,1812.T,25.0
2020-09-29,1812.T,25.0
2021-03-30,1812.T,25.0
2021-09-29,1812.T,27.0
2022-03-30,1812.T,31.0
2022-09-29,1812.T,29.0
2023-03-30,1812.T,41.0
2023-09-28,1812.T,35.0
2024-03-28,1812.T,55.0
2024-09-27,1812.T,45.0
2025-03-28,1812.T,59.0
2025-09-29,1812.T,56.0
2000-03-28,1925.T,17.0
2001-03-27,1925.T,17.0
2002-03-26,1925.T,10.0
2003-03-26,1925.T,10.0
2004-03-26,1925.T,15.0
2005-03-28,1925.T,17.0
2006-03-28,1925.T,20.0
2007-03-27,1925.T,20.0
2008-03-26,1925.T,24.0
2009-03-26,1925.T,24.0
2010-03-29,1925.T,17.0
2011-03-29,1925.T,20.0
2012-03-28,1925.T,25.0
2013-03-27,1925.T,35.0
2013-09-26,1925.T,20.0
2014-03-27,1925.T,30.0
2014-09-26,1925.T,25.0
2015-03-27,1925.T,35.0
2015-09-28,1925.T,35.0
2016-03-29,1925.T,45.0
2016-09-28,1925.T,40.0
2017-03-29,1925.T,52.0
2017-09-27,1925.T,45.0
2018-03-28,1925.T,62.0
2018-09-26,1925.T,50.0
2019-03-27,1925.T,64.0
2019-09-27,1925.T,55.0
2020-03-30,1925.T,60.0
2020-09-29,1925.T,50.0
2021-03-30,1925.T,60.0
2021-09-29,1925.T,55.0
2022-03-30,1925.T,71.0
2022-09-29,1925.T,60.0
2023-03-30,1925.T,70.0
2023-09-28,1925.T,63.0
2024-03-28,1925.T,80.0
2024-09-27,1925.T,70.0
2025-03-28,1925.T,80.0
2025-09-29,1925.T,75.0
2000-01-26,1928.T,9.0
2000-07-26,1928.T,9.0
2001-01-26,1928.T,11.0
2001-07-26,1928.T,9.0
2002-01-28,1928.T,9.0
2002-07-26,1928.T,9.0
2003-01-28,1928.T,9.0
2003-07-28,1928.T,9.0
2004-01-27,1928.T,9.0
2004-07-27,1928.T,9.0
2005-01-26,1928.T,9.0
2005-07-26,1928.T,10.0
2006-01-26,1928.T,10.0
2006-07-26,1928.T,10.0
2007-01-26,1928.T,12.0
2007-07-26,1928.T,12.0
2008-01-28,1928.T,12.0
2008-07-28,1928.T,12.0
2009-01-27,1928.T,12.0
2009-07-28,1928.T,10.0
2010-07-28,1928.T,13.0
2011-01-27,1928.T,8.0
2011-07-27,1928.T,10.0
2012-01-27,1928.T,10.0
2012-07-27,1928.T,12.0
2013-01-29,1928.T,16.0
2013-07-29,1928.T,20.0
2014-01-29,1928.T,23.0
2014-07-29,1928.T,25.0
2015-01-28,1928.T,25.0
2015-07-29,1928.T,27.0
2016-01-27,1928.T,27.0
2016-07-27,1928.T,32.0
2017-01-27,1928.T,32.0
2017-07-27,1928.T,37.0
2018-01-29,1928.T,40.0
2018-07-27,1928.T,39.0
2019-01-29,1928.T,40.0
2019-07-30,1928.T,40.0
2020-01-30,1928.T,41.0
2020-07-30,1928.T,45.0
2021-01-28,1928.T,37.0
2021-07-29,1928.T,43.0
2022-01-28,1928.T,47.0
2022-07-28,1928.T,52.0
2023-01-30,1928.T,58.0
2023-07-28,1928.T,59.0
2024-01-30,1928.T,64.0
2024-07-30,1928.T,64.0
2025-01-30,1928.T,71.0
2025-07-30,1928.T,72.0
2026-01-29,1928.T,72.0
2000-03-28,1963.T,3.0
2001-03-27,1963.T,4.5
2002-03-26,1963.T,5.0
2003-03-26,1963.T,6.0
2004-03-26,1963.T,8.0
2005-03-28,1963.T,8.5
2006-03-28,1963.T,11.0
2007-03-27,1963.T,15.0
2008-03-26,1963.T,21.0
2009-03-26,1963.T,30.0
2010-03-29,1963.T,21.0
2011-03-29,1963.T,30.0
2012-03-28,1963.T,38.5
2013-03-27,1963.T,45.5
2014-03-27,1963.T,46.5
2015-03-27,1963.T,21.0
2016-03-29,1963.T,42.5
2017-03-29,1963.T,30.0
2018-03-28,1963.T,25.0
2019-03-27,1963.T,28.5
2020-03-30,1963.T,12.0
2021-03-30,1963.T,12.0
2022-03-30,1963.T,15.0
2023-03-30,1963.T,38.0
2024-03-28,1963.T,40.0
2025-03-28,1963.T,40.0
2000-03-28,2002.T,4.958678
2000-09-26,2002.T,3.305785
2001-03-27,2002.T,3.305785
2001-09-25,2002.T,3.305785
2002-03-26,2002.T,3.305785
2002-09-25,2002.T,3.305785
2003-03-26,2002.T,4.132231
2003-09-25,2002.T,3.719008
2004-03-26,2002.T,5.371901
2004-09-27,2002.T,4.545455
2005-03-28,2002.T,7.024793
2005-09-27,2002.T,5.785124
2006-03-28,2002.T,9.090909
2006-09-26,2002.T,7.438017
2007-03-27,2002.T,7.438017
2007-09-25,2002.T,7.438017
2008-03-26,2002.T,7.438017
2008-09-25,2002.T,7.438017
2009-03-26,2002.T,7.438017
2009-09-25,2002.T,8.264463
2010-03-29,2002.T,9.917355
2010-09-28,2002.T,8.264463
2011-03-29,2002.T,8.264463
2011-09-28,2002.T,8.264463
2012-03-28,2002.T,8.264463
2012-09-26,2002.T,8.264463
2013-03-27,2002.T,8.264463
2013-09-26,2002.T,9.090909
2014-03-27,2002.T,9.090909
2014-09-26,2002.T,9.090909
2015-03-27,2002.T,12.0
2015-09-28,2002.T,12.0
2016-03-29,2002.T,12.0
2016-09-28,2002.T,13.0
2017-03-29,2002.T,13.0
2017-09-27,2002.T,14.0
2018-03-28,2002.T,15.0
2018-09-26,2002.T,16.0
2019-03-27,2002.T,16.0
2019-09-27,2002.T,17.0
2020-03-30,2002.T,17.0
2020-09-29,2002.T,17.0
2021-03-30,2002.T,20.0
2021-09-29,2002.T,19.0
2022-03-30,2002.T,20.0
2022-09-29,2002.T,19.0
2023-03-30,2002.T,21.0
2023-09-28,2002.T,21.0
2024-03-28,2002.T,24.0
2024-09-27,2002.T,25.0
2025-03-28,2002.T,30.0
2025-09-29,2002.T,30.0
2010-03-29,2269.T,18.0
2010-09-28,2269.T,10.0
2011-03-29,2269.T,10.0
2011-09-28,2269.T,10.0
2012-03-28,2269.T,10.0
2012-09-26,2269.T,10.0
2013-03-27,2269.T,10.0
2013-09-26,2269.T,10.0
2014-03-27,2269.T,10.0
2014-09-26,2269.T,10.0
2015-03-27,2269.T,15.0
2015-09-28,2269.T,13.75
2016-03-29,2269.T,31.25
2016-09-28,2269.T,22.5
2017-03-29,2269.T,32.5
2017-09-27,2269.T,28.75
2018-03-28,2269.T,36.25
2018-09-26,2269.T,32.5
2019-03-27,2269.T,37.5
2019-09-27,2269.T,35.0
2020-03-30,2269.T,40.0
2020-09-29,2269.T,37.5
2021-03-30,2269.T,37.5
2021-09-29,2269.T,40.0
2022-03-30,2269.T,45.0
2022-09-29,2269.T,42.5
2023-03-30,2269.T,47.5
2023-09-28,2269.T,47.5
2024-03-28,2269.T,47.5
2024-09-27,2269.T,50.0
2025-03-28,2269.T,50.0
2025-09-29,2269.T,52.5
2000-03-28,2282.T,32.0
2001-03-27,2282.T,32.0
2002-03-26,2282.T,32.0
2003-03-26,2282.T,32.0
2004-03-26,2282.T,32.0
2005-03-28,2282.T,32.0
2006-03-28,2282.T,32.0
2007-03-27,2282.T,32.0
2008-03-26,2282.T,32.0
2009-03-26,2282.T,32.0
2010-03-29,2282.T,32.0
2011-03-29,2282.T,32.0
2012-03-28,2282.T,36.0
2013-03-27,2282.T,48.0
2014-03-27,2282.T,74.0
2015-03-27,2282.T,92.0
2016-03-29,2282.T,66.0
2017-03-29,2282.T,104.0
2018-03-28,2282.T,53.0
2019-03-27,2282.T,90.0
2020-03-30,2282.T,90.0
2021-03-30,2282.T,91.0
2022-03-30,2282.T,102.0
2023-03-30,2282.T,110.0
2024-03-28,2282.T,119.0
2025-03-28,2282.T,135.0
2008-03-26,2413.T,1.25
2009-03-26,2413.T,1.375
2010-03-29,2413.T,1.5
2011-03-29,2413.T,2.083333
2012-03-28,2413.T,2.083333
2013-03-27,2413.T,3.0
2014-03-27,2413.T,3.25
2015-03-27,2413.T,4.0
2016-03-29,2413.T,4.5
2017-03-29,2413.T,5.0
2018-03-28,2413.T,5.5
2019-03-27,2413.T,7.0
2020-03-30,2413.T,8.5
2021-03-30,2413.T,12.0
2022-03-30,2413.T,16.0
2023-03-30,2413.T,19.0
2024-03-28,2413.T,21.0
2025-03-28,2413.T,21.0
2007-03-27,2432.T,1.733333
2008-03-26,2432.T,1.666667
2009-03-26,2432.T,6.0
2010-03-29,2432.T,12.0
2011-03-29,2432.T,34.0
2012-03-28,2432.T,36.0
2013-03-27,2432.T,50.0
2014-03-27,2432.T,37.0
2015-03-27,2432.T,20.0
2016-03-29,2432.T,20.0
2017-03-29,2432.T,32.0
2018-03-28,2432.T,32.0
2019-03-27,2432.T,40.0
2020-03-30,2432.T,20.0
2021-03-30,2432.T,32.0
2022-03-30,2432.T,39.0
2023-03-30,2432.T,20.0
2024-03-28,2432.T,20.0
2025-03-28,2432.T,65.0
2000-06-27,2501.T,2.5
2000-12-26,2501.T,2.5
2001-06-26,2501.T,2.5
2001-12-25,2501.T,2.5
2002-12-25,2501.T,5.0
2003-12-25,2501.T,5.0
2004-12-27,2501.T,5.0
2005-12-27,2501.T,5.0
2006-12-26,2501.T,5.0
2007-12-25,2501.T,5.0
2008-12-24,2501.T,7.0
2008-12-25,2501.T,7.0
2009-12-25,2501.T,7.0
2009-12-28,2501.T,7.0
2010-12-28,2501.T,7.0
2011-12-28,2501.T,7.0
2012-12-26,2501.T,7.0
2013-12-26,2501.T,7.0
2014-12-26,2501.T,7.0
2015-12-28,2501.T,7.0
2016-12-28,2501.T,7.4
2017-12-27,2501.T,8.0
2018-12-26,2501.T,8.4
2019-12-27,2501.T,8.4
2020-12-30,2501.T,8.4
2021-12-29,2501.T,8.4
2022-12-29,2501.T,8.4
2023-12-28,2501.T,9.4
2024-12-27,2501.T,10.4
2025-12-29,2501.T,18.0
2000-06-27,2502.T,2.0
2000-12-26,2502.T,2.0
2001-06-26,2502.T,2.0
2001-12-25,2502.T,2.333333
2002-12-25,2502.T,4.333333
2003-06-25,2502.T,2.166667
2003-12-25,2502.T,2.166667
2004-06-25,2502.T,2.5
2004-12-27,2502.T,2.5
2005-06-27,2502.T,2.5
2005-12-27,2502.T,3.166667
2006-06-27,2502.T,2.833333
2006-12-26,2502.T,3.5
2007-06-26,2502.T,3.166667
2007-12-25,2502.T,3.166667
2008-06-25,2502.T,3.166667
2008-12-25,2502.T,3.5
2009-06-25,2502.T,3.333333
2009-12-28,2502.T,3.666667
2010-06-28,2502.T,3.5
2010-12-28,2502.T,4.166667
2011-06-28,2502.T,3.833333
2011-12-28,2502.T,4.5
2012-06-27,2502.T,4.666667
2012-12-26,2502.T,4.666667
2013-06-26,2502.T,7.166667
2013-12-26,2502.T,7.166667
2014-06-26,2502.T,7.333333
2014-12-26,2502.T,7.666667
2015-06-26,2502.T,8.0
2015-12-28,2502.T,8.666667
2016-06-28,2502.T,8.666667
2016-12-28,2502.T,9.333333
2017-06-28,2502.T,10.0
2017-12-27,2502.T,15.0
2018-06-27,2502.T,15.0
2018-12-26,2502.T,18.0
2019-06-26,2502.T,17.333332
2019-12-27,2502.T,16.0
2020-06-29,2502.T,17.666668
2020-12-30,2502.T,17.666668
2021-06-29,2502.T,18.0
2021-12-29,2502.T,18.333332
2022-06-29,2502.T,18.333332
2022-12-29,2502.T,19.333332
2023-06-29,2502.T,18.666668
2023-12-28,2502.T,21.666668
2024-06-27,2502.T,22.0
2024-12-27,2502.T,27.0
2025-06-27,2502.T,26.0
2025-12-29,2502.T,26.0
2000-06-27,2503.T,6.0
2000-12-26,2503.T,6.0
2001-06-26,2503.T,6.0
2001-12-25,2503.T,6.0
2002-06-25,2503.T,6.0
2002-12-25,2503.T,6.0
2003-06-25,2503.T,6.0
2003-12-25,2503.T,6.0
2004-06-25,2503.T,6.5
2004-12-27,2503.T,7.0
2005-06-27,2503.T,7.0
2005-12-27,2503.T,7.5
2006-06-27,2503.T,8.0
2006-12-26,2503.T,9.0
2007-06-26,2503.T,9.0
2007-12-25,2503.T,12.0
2008-06-25,2503.T,11.5
2008-12-25,2503.T,11.5
2009-06-25,2503.T,11.5
2009-12-28,2503.T,11.5
2010-06-28,2503.T,11.5
2010-12-28,2503.T,12.5
2011-06-28,2503.T,13.5
2011-12-28,2503.T,13.5
2012-06-27,2503.T,13.5
2012-12-26,2503.T,15.5
2013-06-26,2503.T,18.0
2013-12-26,2503.T,18.0
2014-06-26,2503.T,19.0
2014-12-26,2503.T,19.0
2015-06-26,2503.T,19.0
2015-12-28,2503.T,19.0
2016-06-28,2503.T,19.0
2016-12-28,2503.T,20.0
2017-06-28,2503.T,20.5
2017-12-27,2503.T,25.5
2018-06-27,2503.T,24.0
2018-12-26,2503.T,27.0
2019-06-26,2503.T,31.5
2019-12-27,2503.T,32.5
2020-06-29,2503.T,32.5
2020-12-30,2503.T,32.5
2021-06-29,2503.T,32.5
2021-12-29,2503.T,32.5
2022-06-29,2503.T,32.5
2022-12-29,2503.T,36.5
2023-06-29,2503.T,34.5
2023-12-28,2503.T,36.5
2024-06-27,2503.T,35.5
2024-12-27,2503.T,35.5
2025-06-27,2503.T,37.0
2025-12-29,2503.T,37.0
2007-03-27,2768.T,30.0
2007-09-25,2768.T,17.5
2008-03-26,2768.T,22.5
2008-09-25,2768.T,22.5
2009-03-26,2768.T,5.0
2009-09-25,2768.T,12.5
2010-09-28,2768.T,7.5
2011-03-29,2768.T,7.5
2011-09-28,2768.T,7.5
2012-03-28,2768.T,7.5
2012-09-26,2768.T,7.5
2013-03-27,2768.T,7.5
2013-09-26,2768.T,10.0
2014-03-27,2768.T,10.0
2014-09-26,2768.T,12.5
2015-03-27,2768.T,17.5
2015-09-28,2768.T,20.0
2016-03-29,2768.T,20.0
2016-09-28,2768.T,20.0
2017-03-29,2768.T,20.0
2017-09-27,2768.T,25.0
2018-03-28,2768.T,30.0
2018-09-26,2768.T,37.5
2019-03-27,2768.T,47.5
2019-09-27,2768.T,42.5
2020-03-30,2768.T,42.5
2020-09-29,2768.T,25.0
2021-03-30,2768.T,25.0
2021-09-29,2768.T,35.0
2022-03-30,2768.T,61.0
2022-09-29,2768.T,65.0
2023-03-30,2768.T,65.0
2023-09-28,2768.T,65.0
2024-03-28,2768.T,70.0
2024-09-27,2768.T,75.0
2025-03-28,2768.T,75.0
2025-09-29,2768.T,82.5
2000-12-26,2801.T,1.4
2001-03-27,2801.T,0.35
2002-03-26,2801.T,1.4
2003-03-26,2801.T,1.6
2004-03-26,2801.T,2.0
2005-03-28,2801.T,2.0
2006-03-28,2801.T,2.4
2007-03-27,2801.T,2.4
2007-06-27,2801.T,0.6
2008-03-26,2801.T,3.0
2009-03-26,2801.T,3.0
2010-03-29,2801.T,2.7
2011-03-29,2801.T,3.0
2012-03-28,2801.T,3.0
2013-03-27,2801.T,4.0
2014-03-27,2801.T,4.0
2015-03-27,2801.T,4.8
2016-03-29,2801.T,4.8
2016-09-28,2801.T,3.2
2017-03-29,2801.T,3.6
2017-09-27,2801.T,4.4
2018-03-28,2801.T,3.4
2018-09-26,2801.T,4.0
2019-03-27,2801.T,4.2
2019-09-27,2801.T,4.2
2020-03-30,2801.T,4.2
2020-09-29,2801.T,4.2
2021-03-30,2801.T,4.8
2021-09-29,2801.T,4.4
2022-03-30,2801.T,7.8
2022-09-29,2801.T,6.0
2023-03-30,2801.T,9.6
2023-09-28,2801.T,6.8
2024-03-28,2801.T,14.0
2024-09-27,2801.T,10.0
2025-03-28,2801.T,15.0
2025-09-29,2801.T,10.0
2000-03-28,2802.T,2.5
2000-09-26,2802.T,2.5
2001-03-27,2802.T,2.5
2001-09-25,2802.T,2.5
2002-03-26,2802.T,2.5
2002-09-25,2802.T,2.5
2003-03-26,2802.T,3.0
2003-09-25,2802.T,3.0
2004-03-26,2802.T,3.0
2004-09-27,2802.T,3.0
2005-03-28,2802.T,3.5
2005-09-27,2802.T,3.5
2006-03-28,2802.T,3.5
2006-09-26,2802.T,3.5
2007-03-27,2802.T,4.0
2007-09-25,2802.T,4.0
2008-03-26,2802.T,4.0
2008-09-25,2802.T,4.0
2009-03-26,2802.T,4.0
2009-09-25,2802.T,4.0
2010-03-29,2802.T,4.0
2010-09-28,2802.T,4.0
2011-03-29,2802.T,4.0
2011-09-28,2802.T,4.0
2012-03-28,2802.T,4.0
2012-09-26,2802.T,4.0
2013-03-27,2802.T,5.0
2013-09-26,2802.T,5.0
2014-03-27,2802.T,5.0
2014-09-26,2802.T,5.0
2015-03-27,2802.T,7.0
2015-09-28,2802.T,6.5
2016-03-29,2802.T,7.5
2016-09-28,2802.T,7.5
2017-03-29,2802.T,7.5
2017-09-27,2802.T,7.5
2018-03-28,2802.T,8.5
2018-09-26,2802.T,8.0
2019-03-27,2802.T,8.0
2019-09-27,2802.T,8.0
2020-03-30,2802.T,8.0
2020-09-29,2802.T,8.0
2021-03-30,2802.T,8.0
2021-09-29,2802.T,12.0
2022-03-30,2802.T,14.0
2022-09-29,2802.T,15.5
2023-03-30,2802.T,18.5
2023-09-28,2802.T,18.5
2024-03-28,2802.T,18.5
2024-09-27,2802.T,20.0
2025-03-28,2802.T,20.0
2025-09-29,2802.T,24.0
2000-03-28,2871.T,3.0
2000-09-26,2871.T,3.0
2001-03-27,2871.T,3.0
2001-09-25,2871.T,3.0
2002-03-26,2871.T,3.0
2002-09-25,2871.T,3.0
2003-03-26,2871.T,3.0
2003-09-25,2871.T,3.0
2004-03-26,2871.T,3.0
2004-09-27,2871.T,3.0
2005-03-28,2871.T,3.0
2005-09-27,2871.T,3.0
2006-03-28,2871.T,3.0
2006-09-26,2871.T,3.0
2007-03-27,2871.T,5.0
2007-09-25,2871.T,4.0
2008-03-26,2871.T,4.0
2008-09-25,2871.T,4.0
2009-03-26,2871.T,5.0
2009-09-25,2871.T,4.0
2010-03-29,2871.T,5.0
2010-09-28,2871.T,4.0
2011-03-29,2871.T,5.0
2011-09-28,2871.T,4.0
2012-03-28,2871.T,5.0
2012-09-26,2871.T,5.0
2013-03-27,2871.T,5.0
2013-09-26,2871.T,5.0
2014-03-27,2871.T,5.0
2014-09-26,2871.T,5.0
2015-03-27,2871.T,5.0
2015-09-28,2871.T,6.0
2016-03-29,2871.T,6.0
2016-09-28,2871.T,6.0
2017-03-29,2871.T,8.0
2017-09-27,2871.T,7.5
2018-03-28,2871.T,7.5
2018-09-26,2871.T,8.0
2019-03-27,2871.T,8.0
2019-09-27,2871.T,10.5
2020-03-30,2871.T,10.5
2020-09-29,2871.T,11.0
2021-03-30,2871.T,14.0
2021-09-29,2871.T,12.5
2022-03-30,2871.T,12.5
2022-09-29,2871.T,13.0
2023-03-30,2871.T,13.0
2023-09-28,2871.T,18.5
2024-03-28,2871.T,18.5
2024-09-27,2871.T,20.5
2025-09-29,2871.T,23.0
2000-03-28,2914.T,4.5
2000-09-26,2914.T,3.5
2001-03-27,2914.T,4.5
2001-09-25,2914.T,4.0
2002-03-26,2914.T,4.0
2002-09-25,2914.T,4.0
2003-03-26,2914.T,6.0
2003-09-25,2914.T,5.0
2004-03-26,2914.T,5.0
2004-09-27,2914.T,5.0
2005-03-28,2914.T,8.0
2005-09-27,2914.T,7.0
2006-03-28,2914.T,9.0
2006-09-26,2914.T,9.0
2007-03-27,2914.T,11.0
2007-09-25,2914.T,11.0
2008-03-26,2914.T,13.0
2008-09-25,2914.T,13.0
2009-03-26,2914.T,14.0
2009-09-25,2914.T,14.0
2010-03-29,2914.T,15.0
2010-09-28,2914.T,14.0
2011-03-29,2914.T,20.0
2011-09-28,2914.T,20.0
2012-03-28,2914.T,30.0
2012-09-26,2914.T,30.0
2013-03-27,2914.T,38.0
2013-09-26,2914.T,46.0
2014-03-27,2914.T,50.0
2014-09-26,2914.T,50.0
2014-12-26,2914.T,50.0
2015-06-26,2914.T,54.0
2015-12-28,2914.T,64.0
2016-06-28,2914.T,64.0
2016-12-28,2914.T,66.0
2017-06-28,2914.T,70.0
2017-12-27,2914.T,70.0
2018-06-27,2914.T,75.0
2018-12-26,2914.T,75.0
2019-06-26,2914.T,77.0
2019-12-27,2914.T,77.0
2020-06-29,2914.T,77.0
2020-12-30,2914.T,77.0
2021-06-29,2914.T,65.0
2021-12-29,2914.T,75.0
2022-06-29,2914.T,75.0
2022-12-29,2914.T,113.0
2023-06-29,2914.T,94.0
2023-12-28,2914.T,100.0
2024-06-27,2914.T,97.0
2024-12-27,2914.T,97.0
2025-06-27,2914.T,104.0
2025-12-29,2914.T,130.0
2008-02-26,3086.T,9.0
2009-02-24,3086.T,7.0
2009-08-26,3086.T,9.0
2010-02-24,3086.T,14.0
2010-08-27,3086.T,7.0
2011-02-24,3086.T,7.0
2011-08-29,3086.T,7.0
2012-02-27,3086.T,9.0
2012-08-29,3086.T,9.0
2013-02-26,3086.T,9.0
2013-08-28,3086.T,10.0
2014-02-26,3086.T,12.0
2014-08-27,3086.T,12.0
2015-02-25,3086.T,13.0
2015-08-27,3086.T,13.0
2016-02-25,3086.T,14.0
2016-08-29,3086.T,14.0
2017-02-24,3086.T,14.0
2017-08-29,3086.T,16.0
2018-02-26,3086.T,19.0
2018-08-29,3086.T,17.0
2019-02-26,3086.T,18.0
2019-08-29,3086.T,18.0
2020-02-27,3086.T,18.0
2020-08-28,3086.T,9.0
2021-02-25,3086.T,18.0
2021-08-30,3086.T,14.0
2022-02-25,3086.T,15.0
2022-08-30,3086.T,15.0
2023-02-27,3086.T,16.0
2023-08-30,3086.T,16.0
2024-02-28,3086.T,20.0
2024-08-29,3086.T,22.0
2025-02-27,3086.T,30.0
2025-08-28,3086.T,27.0
2026-02-26,3086.T,27.0
2008-03-26,3092.T,0.249383
2010-03-29,3092.T,0.47037
2011-03-29,3092.T,0.777778
2012-03-28,3092.T,1.666667
2012-09-26,3092.T,1.111111
2013-03-27,3092.T,1.111111
2013-09-26,3092.T,1.111111
2014-03-27,3092.T,1.666667
2014-09-26,3092.T,1.555556
2015-03-27,3092.T,2.222222
2015-09-28,3092.T,2.111111
2016-03-29,3092.T,3.111111
2016-09-28,3092.T,2.222222
2017-03-29,3092.T,5.333333
2017-09-27,3092.T,4.0
2018-03-28,3092.T,5.666667
2018-09-26,3092.T,4.666667
2019-03-27,3092.T,3.333333
2019-09-27,3092.T,4.0
2020-03-30,3092.T,6.0
2020-09-29,3092.T,5.0
2021-03-30,3092.T,7.666667
2021-09-29,3092.T,7.333333
2022-03-30,3092.T,12.0
2022-09-29,3092.T,8.0
2023-03-30,3092.T,13.666667
2023-09-28,3092.T,16.333332
2024-03-28,3092.T,18.333332
2024-09-27,3092.T,17.666668
2025-03-28,3092.T,18.0
2025-09-29,3092.T,19.0
2009-03-26,3099.T,4.0
2010-03-29,3099.T,9.0
2011-03-29,3099.T,7.0
2012-03-28,3099.T,10.0
2013-03-27,3099.T,10.0
2014-03-27,3099.T,11.0
2015-03-27,3099.T,11.0
2015-09-28,3099.T,6.0
2016-03-29,3099.T,6.0
2016-09-28,3099.T,6.0
2017-03-29,3099.T,6.0
2017-09-27,3099.T,6.0
2018-03-28,3099.T,6.0
2018-09-26,3099.T,6.0
2019-03-27,3099.T,6.0
2019-09-27,3099.T,6.0
2020-03-30,3099.T,6.0
2020-09-29,3099.T,3.0
2021-03-30,3099.T,6.0
2021-09-29,3099.T,5.0
2022-03-30,3099.T,5.0
2022-09-29,3099.T,6.0
2023-03-30,3099.T,8.0
2023-09-28,3099.T,12.0
2024-03-28,3099.T,22.0
2024-09-27,3099.T,24.0
2025-03-28,3099.T,30.0
2025-09-29,3099.T,30.0
2014-03-27,3289.T,4.5
2014-09-26,3289.T,5.0
2015-03-27,3289.T,5.0
2015-09-28,3289.T,5.5
2016-03-29,3289.T,6.5
2016-09-28,3289.T,6.5
2017-03-29,3289.T,6.5
2017-09-27,3289.T,7.0
2018-03-28,3289.T,7.5
2018-09-26,3289.T,7.5
2019-03-27,3289.T,8.0
2019-09-27,3289.T,8.0
2020-03-30,3289.T,8.0
2020-09-29,3289.T,8.0
2021-03-30,3289.T,8.0
2021-09-29,3289.T,8.0
2022-03-30,3289.T,9.0
2022-09-29,3289.T,9.0
2023-03-30,3289.T,14.5
2023-09-28,3289.T,14.0
2024-03-28,3289.T,17.0
2024-09-27,3289.T,17.0
2025-03-28,3289.T,19.5
2025-09-29,3289.T,22.0
2006-02-23,3382.T,9.5
2006-08-28,3382.T,8.333333
2007-02-23,3382.T,9.0
2007-08-28,3382.T,8.666667
2008-02-26,3382.T,9.333333
2008-08-26,3382.T,9.0
2009-02-24,3382.T,9.666667
2009-08-26,3382.T,9.333333
2010-02-24,3382.T,9.333333
2010-08-27,3382.T,9.333333
2011-02-24,3382.T,9.666667
2011-08-29,3382.T,9.666667
2012-02-27,3382.T,11.0
2012-08-29,3382.T,10.333333
2013-02-26,3382.T,11.0
2013-08-28,3382.T,11.0
2014-02-26,3382.T,11.666667
2014-08-27,3382.T,12.166667
2015-02-25,3382.T,12.166667
2015-08-27,3382.T,12.833333
2016-02-25,3382.T,15.5
2016-08-29,3382.T,15.0
2017-02-24,3382.T,15.0
2017-08-29,3382.T,15.0
2018-02-26,3382.T,15.0
2018-08-29,3382.T,15.833333
2019-02-26,3382.T,15.833333
2019-08-29,3382.T,15.833333
2020-02-27,3382.T,17.0
2020-08-28,3382.T,15.833333
2021-02-25,3382.T,17.0
2021-08-30,3382.T,16.0
2022-02-25,3382.T,17.333332
2022-08-30,3382.T,16.5
2023-02-27,3382.T,21.166668
2023-08-30,3382.T,18.833332
2024-02-28,3382.T,18.833332
2024-08-29,3382.T,20.0
2025-02-27,3382.T,20.0
2025-08-28,3382.T,25.0
2026-02-26,3382.T,25.0
2000-03-28,3401.T,15.0
2000-09-26,3401.T,15.0
2001-03-27,3401.T,17.5
2001-09-25,3401.T,17.5
2002-03-26,3401.T,15.0
2002-09-25,3401.T,15.0
2003-03-26,3401.T,17.5
2003-09-25,3401.T,15.0
2004-03-26,3401.T,17.5
2004-09-27,3401.T,15.0
2005-03-28,3401.T,17.5
2005-09-27,3401.T,17.5
2006-03-28,3401.T,20.0
2006-09-26,3401.T,22.5
2007-03-27,3401.T,27.5
2007-09-25,3401.T,22.5
2008-03-26,3401.T,17.5
2008-09-25,3401.T,15.0
2009-03-26,3401.T,10.0
2010-03-29,3401.T,9.0
2010-09-28,3401.T,10.0
2011-03-29,3401.T,15.0
2011-09-28,3401.T,15.0
2012-03-28,3401.T,15.0
2012-09-26,3401.T,10.0
2013-03-27,3401.T,10.0
2013-09-26,3401.T,10.0
2014-03-27,3401.T,10.0
2014-09-26,3401.T,10.0
2015-03-27,3401.T,10.0
2015-09-28,3401.T,15.0
2016-03-29,3401.T,20.0
2016-09-28,3401.T,25.0
2017-03-29,3401.T,30.0
2017-09-27,3401.T,30.0
2018-03-28,3401.T,30.0
2018-09-26,3401.T,30.0
2019-03-27,3401.T,40.0
2019-09-27,3401.T,30.0
2020-03-30,3401.T,30.0
2020-09-29,3401.T,25.0
2021-03-30,3401.T,25.0
2021-09-29,3401.T,27.5
2022-03-30,3401.T,27.5
2022-09-29,3401.T,27.5
2023-03-30,3401.T,12.5
2023-09-28,3401.T,15.0
2024-03-28,3401.T,15.0
2024-09-27,3401.T,25.0
2025-03-28,3401.T,25.0
2025-09-29,3401.T,25.0
2000-03-28,3402.T,3.5
2000-09-26,3402.T,3.5
2001-03-27,3402.T,3.5
2001-09-25,3402.T,2.5
2002-03-26,3402.T,2.5
2002-09-25,3402.T,2.5
2003-03-26,3402.T,2.5
2003-09-25,3402.T,2.5
2004-03-26,3402.T,3.0
2004-09-27,3402.T,3.5
2005-03-28,3402.T,3.5
2005-09-27,3402.T,4.0
2006-03-28,3402.T,4.0
2006-09-26,3402.T,5.0
2007-03-27,3402.T,5.0
2007-09-25,3402.T,5.0
2008-03-26,3402.T,5.0
2008-09-25,3402.T,5.0
2009-03-26,3402.T,2.5
2009-09-25,3402.T,2.5
2010-03-29,3402.T,2.5
2010-09-28,3402.T,2.5
2011-03-29,3402.T,5.0
2011-09-28,3402.T,5.0
2012-03-28,3402.T,5.0
2012-09-26,3402.T,5.0
2013-03-27,3402.T,5.0
2013-09-26,3402.T,5.0
2014-03-27,3402.T,5.0
2014-09-26,3402.T,5.0
2015-03-27,3402.T,6.0
2015-09-28,3402.T,6.0
2016-03-29,3402.T,7.0
2016-09-28,3402.T,7.0
2017-03-29,3402.T,7.0
2017-09-27,3402.T,7.0
2018-03-28,3402.T,8.0
2018-09-26,3402.T,8.0
2019-03-27,3402.T,8.0
2019-09-27,3402.T,8.0
2020-03-30,3402.T,8.0
2020-09-29,3402.T,4.5
2021-03-30,3402.T,4.5
2021-09-29,3402.T,8.0
2022-03-30,3402.T,8.0
2022-09-29,3402.T,9.0
2023-03-30,3402.T,9.0
2023-09-28,3402.T,9.0
2024-03-28,3402.T,9.0
2024-09-27,3402.T,9.0
2025-03-28,3402.T,9.0
2025-09-29,3402.T,10.0
2000-03-28,3405.T,4.5
2000-09-26,3405.T,4.5
2001-03-27,3405.T,4.5
2001-09-25,3405.T,4.5
2002-03-26,3405.T,4.5
2002-09-25,3405.T,4.5
2003-03-26,3405.T,4.5
2003-09-25,3405.T,4.5
2004-03-26,3405.T,5.5
2004-09-27,3405.T,5.5
2005-03-28,3405.T,6.5
2005-09-27,3405.T,6.5
2006-03-28,3405.T,8.5
2006-09-26,3405.T,8.5
2007-03-27,3405.T,10.0
2007-09-25,3405.T,11.0
2008-03-26,3405.T,11.0
2008-09-25,3405.T,12.0
2009-03-26,3405.T,10.0
2009-09-25,3405.T,8.0
2010-03-29,3405.T,8.0
2010-09-28,3405.T,10.8
2011-03-29,3405.T,14.0
2011-09-28,3405.T,16.0
2012-03-28,3405.T,17.0
2012-09-26,3405.T,18.0
2013-03-27,3405.T,18.0
2013-09-26,3405.T,18.0
2014-03-27,3405.T,18.0
2014-09-26,3405.T,18.0
2014-12-26,3405.T,9.0
2015-06-26,3405.T,18.0
2015-12-28,3405.T,22.0
2016-06-28,3405.T,20.0
2016-12-28,3405.T,21.0
2017-06-28,3405.T,20.0
2017-12-27,3405.T,22.0
2018-06-27,3405.T,20.0
2018-12-26,3405.T,22.0
2019-06-26,3405.T,20.0
2019-12-27,3405.T,22.0
2020-06-29,3405.T,21.0
2020-12-30,3405.T,19.0
2021-06-29,3405.T,20.0
2021-12-29,3405.T,20.0
2022-06-29,3405.T,21.0
2022-12-29,3405.T,23.0
2023-06-29,3405.T,25.0
2023-12-28,3405.T,25.0
2024-06-27,3405.T,27.0
2024-12-27,3405.T,27.0
2025-06-27,3405.T,27.0
2025-12-29,3405.T,27.0
2000-03-28,3407.T,3.0
2000-09-26,3407.T,3.0
2001-03-27,3407.T,3.0
2001-09-25,3407.T,3.0
2002-03-26,3407.T,3.0
2002-09-25,3407.T,3.0
2003-03-26,3407.T,3.0
2003-09-25,3407.T,3.0
2004-03-26,3407.T,3.0
2004-09-27,3407.T,4.0
2005-03-28,3407.T,4.0
2005-09-27,3407.T,5.0
2006-03-28,3407.T,5.0
2006-09-26,3407.T,5.0
2007-03-27,3407.T,7.0
2007-09-25,3407.T,6.0
2008-03-26,3407.T,7.0
2008-09-25,3407.T,7.0
2009-03-26,3407.T,3.0
2009-09-25,3407.T,5.0
2010-03-29,3407.T,5.0
2010-09-28,3407.T,5.0
2011-03-29,3407.T,7.0
2011-09-28,3407.T,7.0
2012-03-28,3407.T,7.0
2012-09-26,3407.T,7.0
2013-03-27,3407.T,7.0
2013-09-26,3407.T,7.0
2014-03-27,3407.T,10.0
2014-09-26,3407.T,9.0
2015-03-27,3407.T,10.0
2015-09-28,3407.T,10.0
2016-03-29,3407.T,10.0
2016-09-28,3407.T,10.0
2017-03-29,3407.T,14.0
2017-09-27,3407.T,14.0
2018-03-28,3407.T,20.0
2018-09-26,3407.T,17.0
2019-03-27,3407.T,17.0
2019-09-27,3407.T,18.0
2020-03-30,3407.T,16.0
2020-09-29,3407.T,17.0
2021-03-30,3407.T,17.0
2021-09-29,3407.T,17.0
2022-03-30,3407.T,17.0
2022-09-29,3407.T,18.0
2023-03-30,3407.T,18.0
2023-09-28,3407.T,18.0
2024-03-28,3407.T,18.0
2024-09-27,3407.T,18.0
2025-03-28,3407.T,20.0
2025-09-29,3407.T,20.0
2006-01-26,3436.T,10.0
2006-07-26,3436.T,12.5
2007-01-26,3436.T,25.0
2007-07-26,3436.T,27.5
2008-01-28,3436.T,27.5
2008-07-28,3436.T,27.5
2009-01-27,3436.T,12.5
2009-07-28,3436.T,10.0
2013-01-29,3436.T,2.0
2013-12-26,3436.T,1.0
2014-12-26,3436.T,4.0
2015-06-26,3436.T,10.0
2015-12-28,3436.T,10.0
2016-06-28,3436.T,5.0
2016-12-28,3436.T,5.0
2017-06-28,3436.T,10.0
2017-12-27,3436.T,18.0
2018-06-27,3436.T,30.0
2018-12-26,3436.T,32.0
2019-06-26,3436.T,25.0
2019-12-27,3436.T,10.0
2020-06-29,3436.T,18.0
2020-12-29,3436.T,9.0
2021-06-29,3436.T,17.0
2021-12-29,3436.T,24.0
2022-06-29,3436.T,36.0
2022-12-29,3436.T,45.0
2023-06-29,3436.T,42.0
2023-12-28,3436.T,13.0
2024-06-27,3436.T,15.0
2024-12-27,3436.T,6.0
2025-06-27,3436.T,10.0
2025-12-29,3436.T,10.0
2012-12-26,3659.T,2.5
2013-06-26,3659.T,2.5
2013-12-26,3659.T,2.5
2014-06-26,3659.T,2.5
2014-12-26,3659.T,2.5
2015-06-26,3659.T,2.5
2015-12-28,3659.T,2.5
2016-06-28,3659.T,2.5
2019-12-27,3659.T,2.5
2020-06-29,3659.T,2.5
2020-12-30,3659.T,2.5
2021-06-29,3659.T,2.5
2021-12-29,3659.T,5.0
2022-06-29,3659.T,5.0
2022-12-29,3659.T,5.0
2023-06-29,3659.T,5.0
2023-12-28,3659.T,5.0
2024-06-27,3659.T,7.5
2024-12-27,3659.T,15.0
2025-06-27,3659.T,15.0
2025-12-29,3659.T,30.0
2000-03-28,3861.T,4.0
2000-09-26,3861.T,4.0
2001-03-27,3861.T,4.0
2001-09-25,3861.T,4.0
2002-03-26,3861.T,4.0
2002-09-25,3861.T,4.0
2003-03-26,3861.T,4.0
2003-09-25,3861.T,4.0
2004-03-26,3861.T,6.0
2004-09-27,3861.T,6.0
2005-03-28,3861.T,6.0
2005-09-27,3861.T,6.0
2006-03-28,3861.T,6.0
2006-09-26,3861.T,6.0
2007-03-27,3861.T,6.0
2007-09-25,3861.T,6.0
2008-03-26,3861.T,6.0
2008-09-25,3861.T,6.0
2009-03-26,3861.T,4.0
2009-09-25,3861.T,5.0
2010-03-29,3861.T,5.0
2010-09-28,3861.T,5.0
2011-03-29,3861.T,5.0
2011-09-28,3861.T,5.0
2012-03-28,3861.T,5.0
2012-09-26,3861.T,5.0
2013-03-27,3861.T,5.0
2013-09-26,3861.T,5.0
2014-03-27,3861.T,5.0
2014-09-26,3861.T,5.0
2015-03-27,3861.T,5.0
2015-09-28,3861.T,5.0
2016-03-29,3861.T,5.0
2016-09-28,3861.T,5.0
2017-03-29,3861.T,5.0
2017-09-27,3861.T,5.0
2018-03-28,3861.T,5.0
2018-09-26,3861.T,6.0
2019-03-27,3861.T,6.0
2019-09-27,3861.T,7.0
2020-03-30,3861.T,7.0
2020-09-29,3861.T,7.0
2021-03-30,3861.T,7.0
2021-09-29,3861.T,7.0
2022-03-30,3861.T,7.0
2022-09-29,3861.T,8.0
2023-03-30,3861.T,8.0
2023-09-28,3861.T,8.0
2024-03-28,3861.T,8.0
2024-09-27,3861.T,12.0
2025-03-28,3861.T,12.0
2025-09-29,3861.T,18.0
2003-12-25,4004.T,20.0
2004-12-27,4004.T,30.0
2005-12-27,4004.T,30.0
2006-12-26,4004.T,40.0
2007-12-25,4004.T,50.0
2008-12-25,4004.T,50.0
2009-12-25,4004.T,40.0
2009-12-28,4004.T,30.0
2010-12-28,4004.T,30.0
2011-12-28,4004.T,30.0
2012-12-26,4004.T,30.0
2013-12-26,4004.T,30.0
2014-12-26,4004.T,30.0
2015-12-28,4004.T,30.0
2017-05-09,4004.T,30.0
2017-12-27,4004.T,50.0
2018-06-27,4004.T,20.0
2018-12-26,4004.T,100.0
2019-06-26,4004.T,50.0
2019-12-27,4004.T,80.0
2020-12-29,4004.T,65.0
2021-12-29,4004.T,65.0
2022-12-29,4004.T,65.0
2023-12-28,4004.T,65.0
2024-12-27,4004.T,65.0
2025-12-29,4004.T,65.0
2000-03-28,4005.T,5.0
2000-09-26,4005.T,3.0
2001-03-27,4005.T,3.0
2001-09-25,4005.T,3.0
2002-03-26,4005.T,3.0
2002-09-25,4005.T,3.0
2003-03-26,4005.T,3.0
2003-09-25,4005.T,3.0
2004-03-26,4005.T,3.0
2004-09-27,4005.T,3.0
2005-03-28,4005.T,2.0
2005-09-27,4005.T,4.0
2006-03-28,4005.T,6.0
2006-09-26,4005.T,5.0
2007-03-27,4005.T,7.0
2007-09-25,4005.T,6.0
2008-03-26,4005.T,6.0
2008-09-25,4005.T,6.0
2009-03-26,4005.T,3.0
2009-09-25,4005.T,3.0
2010-03-29,4005.T,6.0
2010-09-28,4005.T,3.0
2011-03-29,4005.T,6.0
2011-09-28,4005.T,6.0
2012-03-28,4005.T,3.0
2012-09-26,4005.T,6.0
2013-09-26,4005.T,6.0
2014-03-27,4005.T,3.0
2014-09-26,4005.T,6.0
2015-03-27,4005.T,3.0
2015-09-28,4005.T,8.0
2016-03-29,4005.T,6.0
2016-09-28,4005.T,7.0
2017-03-29,4005.T,7.0
2017-09-27,4005.T,10.0
2018-03-28,4005.T,12.0
2018-09-26,4005.T,11.0
2019-03-27,4005.T,11.0
2019-09-27,4005.T,11.0
2020-03-30,4005.T,6.0
2020-09-29,4005.T,6.0
2021-03-30,4005.T,6.0
2021-09-29,4005.T,10.0
2022-03-30,4005.T,14.0
2022-09-29,4005.T,12.0
2023-03-30,4005.T,6.0
2023-09-28,4005.T,6.0
2024-03-28,4005.T,3.0
2024-09-27,4005.T,3.0
2025-03-28,4005.T,6.0
2025-09-29,4005.T,6.0
2000-03-28,4021.T,4.5
2000-09-26,4021.T,2.5
2001-03-27,4021.T,6.5
2001-09-25,4021.T,2.5
2002-03-26,4021.T,6.5
2002-09-25,4021.T,2.5
2003-03-26,4021.T,6.5
2003-09-25,4021.T,4.0
2004-03-26,4021.T,7.0
2004-09-27,4021.T,4.0
2005-03-28,4021.T,7.0
2005-09-27,4021.T,7.0
2006-03-28,4021.T,8.0
2006-09-26,4021.T,8.0
2007-03-27,4021.T,16.0
2007-09-25,4021.T,10.0
2008-03-26,4021.T,10.0
2008-09-25,4021.T,12.0
2009-03-26,4021.T,10.0
2009-09-25,4021.T,10.0
2010-03-29,4021.T,14.0
2010-09-28,4021.T,12.0
2011-03-29,4021.T,12.0
2011-09-28,4021.T,12.0
2012-03-28,4021.T,12.0
2012-09-26,4021.T,12.0
2013-03-27,4021.T,14.0
2013-09-26,4021.T,14.0
2014-03-27,4021.T,16.0
2014-09-26,4021.T,14.0
2015-03-27,4021.T,22.0
2015-09-28,4021.T,18.0
2016-03-29,4021.T,26.0
2016-09-28,4021.T,24.0
2017-03-29,4021.T,28.0
2017-09-27,4021.T,32.0
2018-03-28,4021.T,36.0
2018-09-26,4021.T,40.0
2019-03-27,4021.T,42.0
2019-09-27,4021.T,42.0
2020-03-30,4021.T,48.0
2020-09-29,4021.T,46.0
2021-03-30,4021.T,52.0
2021-09-29,4021.T,50.0
2022-03-30,4021.T,72.0
2022-09-29,4021.T,70.0
2023-03-30,4021.T,94.0
2023-09-28,4021.T,70.0
2024-03-28,4021.T,94.0
2024-09-27,4021.T,70.0
2025-03-28,4021.T,104.0
2025-09-29,4021.T,70.0
2000-03-28,4042.T,10.0
2001-03-27,4042.T,10.0
2002-03-26,4042.T,10.0
2003-03-26,4042.T,10.0
2004-03-26,4042.T,10.0
2005-03-28,4042.T,2.0
2005-09-27,4042.T,6.0
2006-03-28,4042.T,6.0
2006-09-26,4042.T,6.0
2007-03-27,4042.T,10.0
2007-09-25,4042.T,8.0
2008-03-26,4042.T,8.0
2008-09-25,4042.T,8.0
2009-03-26,4042.T,4.0
2009-09-25,4042.T,6.0
2010-03-29,4042.T,6.0
2010-09-28,4042.T,6.0
2011-03-29,4042.T,6.0
2012-03-28,4042.T,12.0
2012-09-26,4042.T,6.0
2013-03-27,4042.T,6.0
2013-09-26,4042.T,6.0
2014-03-27,4042.T,6.0
2014-09-26,4042.T,10.0
2015-03-27,4042.T,10.0
2015-09-28,4042.T,14.0
2016-03-29,4042.T,14.0
2016-09-28,4042.T,15.0
2017-03-29,4042.T,33.0
2017-09-27,4042.T,24.0
2018-03-28,4042.T,32.0
2018-09-26,4042.T,28.0
2019-03-27,4042.T,28.0
2019-09-27,4042.T,28.0
2020-03-30,4042.T,28.0
2020-09-29,4042.T,28.0
2021-03-30,4042.T,28.0
2021-09-29,4042.T,30.0
2022-03-30,4042.T,50.0
2022-09-29,4042.T,40.0
2023-03-30,4042.T,40.0
2023-09-28,4042.T,40.0
2024-03-28,4042.T,45.0
2024-09-27,4042.T,50.0
2025-03-28,4042.T,50.0
2025-09-29,4042.T,50.0
2001-03-27,4043.T,15.0
2001-09-25,4043.T,15.0
2002-03-26,4043.T,15.0
2002-09-25,4043.T,15.0
2003-03-26,4043.T,15.0
2003-09-25,4043.T,15.0
2004-03-26,4043.T,15.0
2004-09-27,4043.T,15.0
2005-03-28,4043.T,15.0
2005-09-27,4043.T,15.0
2006-03-28,4043.T,15.0
2006-09-26,4043.T,15.0
2007-03-27,4043.T,15.0
2007-09-25,4043.T,15.0
2008-03-26,4043.T,15.0
2008-09-25,4043.T,15.0
2009-03-26,4043.T,15.0
2009-09-25,4043.T,15.0
2010-03-29,4043.T,15.0
2010-09-28,4043.T,15.0
2011-03-29,4043.T,15.0
2011-09-28,4043.T,15.0
2012-03-28,4043.T,15.0
2013-03-27,4043.T,15.0
2013-09-26,4043.T,15.0
2014-03-27,4043.T,15.0
2017-09-27,4043.T,10.0
2018-03-28,4043.T,10.0
2018-09-26,4043.T,25.0
2019-03-27,4043.T,25.0
2019-09-27,4043.T,35.0
2020-03-30,4043.T,35.0
2020-09-29,4043.T,35.0
2021-03-30,4043.T,35.0
2021-09-29,4043.T,35.0
2022-03-30,4043.T,35.0
2022-09-29,4043.T,35.0
2023-03-30,4043.T,35.0
2023-09-28,4043.T,35.0
2024-03-28,4043.T,45.0
2024-09-27,4043.T,50.0
2025-03-28,4043.T,50.0
2025-09-29,4043.T,60.0
2000-03-28,4061.T,12.5
2000-09-26,4061.T,12.5
2001-03-27,4061.T,12.5
2001-09-25,4061.T,12.5
2002-03-26,4061.T,12.5
2002-09-25,4061.T,15.0
2003-03-26,4061.T,15.0
2003-09-25,4061.T,15.0
2004-03-26,4061.T,15.0
2004-09-27,4061.T,15.0
2005-03-28,4061.T,5.0
2005-09-27,4061.T,17.5
2006-03-28,4061.T,17.5
2006-09-26,4061.T,17.5
2007-03-27,4061.T,22.5
2007-09-25,4061.T,25.0
2008-03-26,4061.T,25.0
2008-09-25,4061.T,25.0
2009-03-26,4061.T,25.0
2009-09-25,4061.T,15.0
2010-03-29,4061.T,25.0
2010-09-28,4061.T,25.0
2011-03-29,4061.T,25.0
2011-09-28,4061.T,25.0
2012-03-28,4061.T,25.0
2012-09-26,4061.T,25.0
2013-03-27,4061.T,25.0
2013-09-26,4061.T,25.0
2014-03-27,4061.T,25.0
2014-09-26,4061.T,25.0
2015-03-27,4061.T,37.5
2015-09-28,4061.T,30.0
2016-03-29,4061.T,35.0
2016-09-28,4061.T,35.0
2017-03-29,4061.T,35.0
2017-09-27,4061.T,10.0
2018-03-28,4061.T,55.0
2018-09-26,4061.T,60.0
2019-03-27,4061.T,60.0
2019-09-27,4061.T,60.0
2020-03-30,4061.T,65.0
2020-09-29,4061.T,60.0
2021-03-30,4061.T,65.0
2021-09-29,4061.T,70.0
2022-03-30,4061.T,75.0
2022-09-29,4061.T,70.0
2023-03-30,4061.T,30.0
2023-09-28,4061.T,60.0
2024-03-28,4061.T,40.0
2024-09-27,4061.T,50.0
2025-03-28,4061.T,50.0
2025-09-29,4061.T,50.0
2000-03-28,4063.T,1.0
2000-09-26,4063.T,1.2
2001-03-27,4063.T,1.2
2001-09-25,4063.T,1.2
2002-03-26,4063.T,1.2
2002-09-25,4063.T,1.4
2003-03-26,4063.T,1.4
2003-09-25,4063.T,1.6
2004-03-26,4063.T,1.6
2004-09-27,4063.T,2.0
2005-03-28,4063.T,2.0
2005-09-27,4063.T,3.5
2006-03-28,4063.T,3.5
2006-09-26,4063.T,5.0
2007-03-27,4063.T,9.0
2007-09-25,4063.T,8.0
2008-03-26,4063.T,10.0
2008-09-25,4063.T,10.0
2009-03-26,4063.T,10.0
2009-09-25,4063.T,10.0
2010-03-29,4063.T,10.0
2010-09-28,4063.T,10.0
2011-03-29,4063.T,10.0
2011-09-28,4063.T,10.0
2012-03-28,4063.T,10.0
2012-09-26,4063.T,10.0
2013-03-27,4063.T,10.0
2013-09-26,4063.T,10.0
2014-03-27,4063.T,10.0
2014-09-26,4063.T,10.0
2015-03-27,4063.T,10.0
2015-09-28,4063.T,11.0
2016-03-29,4063.T,11.0
2016-09-28,4063.T,12.0
2017-03-29,4063.T,12.0
2017-09-27,4063.T,13.0
2018-03-28,4063.T,15.0
2018-09-26,4063.T,20.0
2019-03-27,4063.T,20.0
2019-09-27,4063.T,22.0
2020-03-30,4063.T,22.0
2020-09-29,4063.T,22.0
2021-03-30,4063.T,28.0
2021-09-29,4063.T,30.0
2022-03-30,4063.T,50.0
2022-09-29,4063.T,45.0
2023-03-30,4063.T,55.0
2023-09-28,4063.T,50.0
2024-03-28,4063.T,50.0
2024-09-27,4063.T,53.0
2025-03-28,4063.T,53.0
2025-09-29,4063.T,53.0
2000-03-28,4151.T,6.25
2000-09-26,4151.T,3.75
2001-03-27,4151.T,3.75
2001-09-25,4151.T,3.75
2002-03-26,4151.T,3.75
2002-09-25,4151.T,3.75
2003-03-26,4151.T,3.75
2003-09-25,4151.T,3.75
2004-03-26,4151.T,3.75
2004-09-27,4151.T,3.75
2005-03-28,4151.T,6.25
2005-09-27,4151.T,5.0
2006-03-28,4151.T,5.0
2006-09-26,4151.T,5.0
2007-03-27,4151.T,5.0
2007-09-25,4151.T,5.0
2008-03-26,4151.T,5.0
2008-09-25,4151.T,10.0
2009-03-26,4151.T,10.0
2009-09-25,4151.T,10.0
2009-12-28,4151.T,5.0
2010-06-28,4151.T,10.0
2010-12-28,4151.T,10.0
2011-06-28,4151.T,10.0
2011-12-28,4151.T,10.0
2012-06-27,4151.T,10.0
2012-12-26,4151.T,10.0
2013-06-26,4151.T,12.5
2013-12-26,4151.T,12.5
2014-06-26,4151.T,12.5
2014-12-26,4151.T,12.5
2015-06-26,4151.T,12.5
2015-12-28,4151.T,12.5
2016-06-28,4151.T,12.5
2016-12-28,4151.T,12.5
2017-06-28,4151.T,12.5
2017-12-27,4151.T,14.5
2018-06-27,4151.T,15.0
2018-12-26,4151.T,20.0
2019-06-26,4151.T,20.0
2019-12-27,4151.T,22.0
2020-06-29,4151.T,22.0
2020-12-30,4151.T,22.0
2021-06-29,4151.T,23.0
2021-12-29,4151.T,23.0
2022-06-29,4151.T,24.0
2022-12-29,4151.T,27.0
2023-06-29,4151.T,27.0
2023-12-28,4151.T,29.0
2024-06-27,4151.T,29.0
2024-12-27,4151.T,29.0
2025-06-27,4151.T,30.0
2025-12-29,4151.T,32.0
2000-03-28,4183.T,7.5
2000-09-26,4183.T,7.5
2001-03-27,4183.T,7.5
2001-09-25,4183.T,7.5
2002-03-26,4183.T,7.5
2002-09-25,4183.T,7.5
2003-03-26,4183.T,7.5
2003-09-25,4183.T,7.5
2004-03-26,4183.T,7.5
2004-09-27,4183.T,7.5
2005-03-28,4183.T,10.0
2005-09-27,4183.T,10.0
2006-03-28,4183.T,10.0
2006-09-26,4183.T,10.0
2007-03-27,4183.T,15.0
2007-09-25,4183.T,15.0
2008-03-26,4183.T,15.0
2008-09-25,4183.T,15.0
2009-03-26,4183.T,17.5
2010-03-29,4183.T,6.75
2010-09-28,4183.T,7.5
2011-03-29,4183.T,7.5
2011-09-28,4183.T,7.5
2012-03-28,4183.T,7.5
2012-09-26,4183.T,7.5
2013-03-27,4183.T,7.5
2013-09-26,4183.T,7.5
2014-09-26,4183.T,5.0
2015-03-27,4183.T,7.5
2015-09-28,4183.T,10.0
2016-03-29,4183.T,10.0
2016-09-28,4183.T,12.5
2017-03-29,4183.T,22.5
2017-09-27,4183.T,22.5
2018-03-28,4183.T,22.5
2018-09-26,4183.T,25.0
2019-03-27,4183.T,25.0
2019-09-27,4183.T,25.0
2020-03-30,4183.T,25.0
2020-09-29,4183.T,25.0
2021-03-30,4183.T,25.0
2021-09-29,4183.T,27.5
2022-03-30,4183.T,32.5
2022-09-29,4183.T,30.0
2023-03-30,4183.T,30.0
2023-09-28,4183.T,35.0
2024-03-28,4183.T,35.0
2024-09-27,4183.T,37.5
2025-03-28,4183.T,37.5
2025-09-29,4183.T,37.5
2006-03-28,4188.T,8.0
2006-09-26,4188.T,7.0
2007-03-27,4188.T,7.0
2007-09-25,4188.T,8.0
2008-03-26,4188.T,8.0
2008-09-25,4188.T,8.0
2009-03-26,4188.T,4.0
2009-09-25,4188.T,4.0
2010-03-29,4188.T,4.0
2010-09-28,4188.T,5.0
2011-03-29,4188.T,5.0
2011-09-28,4188.T,5.0
2012-03-28,4188.T,5.0
2012-09-26,4188.T,6.0
2013-03-27,4188.T,6.0
2013-09-26,4188.T,6.0
2014-03-27,4188.T,6.0
2014-09-26,4188.T,6.0
2015-03-27,4188.T,7.0
2015-09-28,4188.T,7.0
2016-03-29,4188.T,8.0
2016-09-28,4188.T,8.0
2017-03-29,4188.T,12.0
2017-09-27,4188.T,15.0
2018-03-28,4188.T,17.0
2018-09-26,4188.T,20.0
2019-03-27,4188.T,20.0
2019-09-27,4188.T,20.0
2020-03-30,4188.T,12.0
2020-09-29,4188.T,12.0
2021-03-30,4188.T,12.0
2021-09-29,4188.T,15.0
2022-03-30,4188.T,15.0
2022-09-29,4188.T,15.0
2023-03-30,4188.T,15.0
2023-09-28,4188.T,16.0
2024-03-28,4188.T,16.0
2024-09-27,4188.T,16.0
2025-03-28,4188.T,16.0
2025-09-29,4188.T,16.0
2000-03-28,4208.T,30.0
2001-03-27,4208.T,30.0
2003-03-26,4208.T,30.0
2005-03-28,4208.T,20.0
2006-03-28,4208.T,30.0
2007-03-27,4208.T,40.0
2008-03-26,4208.T,50.0
2009-03-26,4208.T,40.0
2010-03-29,4208.T,40.0
2011-03-29,4208.T,50.0
2012-03-28,4208.T,50.0
2013-03-27,4208.T,50.0
2014-03-27,4208.T,50.0
2015-03-27,4208.T,50.0
2016-03-29,4208.T,50.0
2017-03-29,4208.T,60.0
2018-03-28,4208.T,75.0
2019-03-27,4208.T,80.0
2019-09-27,4208.T,45.0
2020-03-30,4208.T,45.0
2020-09-29,4208.T,45.0
2021-03-30,4208.T,45.0
2021-09-29,4208.T,45.0
2022-03-30,4208.T,50.0
2022-09-29,4208.T,50.0
2023-03-30,4208.T,45.0
2023-09-28,4208.T,50.0
2024-03-28,4208.T,55.0
2024-09-27,4208.T,55.0
2025-03-28,4208.T,55.0
2025-09-29,4208.T,55.0
2002-03-26,4307.T,1.101928
2003-03-26,4307.T,1.101928
2004-03-26,4307.T,2.203857
2004-09-27,4307.T,1.101928
2005-03-28,4307.T,4.407713
2005-09-27,4307.T,2.754821
2006-03-28,4307.T,4.958678
2006-09-26,4307.T,3.856749
2007-03-27,4307.T,30.30303
2007-09-25,4307.T,6.61157
2008-03-26,4307.T,7.162534
2008-09-25,4307.T,7.162534
2009-03-26,4307.T,7.162534
2009-09-25,4307.T,7.162534
2010-03-29,4307.T,7.162534
2010-09-28,4307.T,7.162534
2011-03-29,4307.T,7.162534
2011-09-28,4307.T,7.162534
2012-03-28,4307.T,7.162534
2012-09-26,4307.T,7.162534
2013-03-27,4307.T,7.162534
2013-09-26,4307.T,7.162534
2014-03-27,4307.T,8.264463
2014-09-26,4307.T,8.264463
2015-03-27,4307.T,11.019284
2015-09-28,4307.T,12.121212
2016-03-29,4307.T,12.121212
2016-09-28,4307.T,12.121212
2017-03-29,4307.T,13.333333
2017-09-27,4307.T,15.0
2018-03-28,4307.T,15.0
2018-09-26,4307.T,15.0
2019-03-27,4307.T,15.0
2019-09-27,4307.T,15.0
2020-03-30,4307.T,17.0
2020-09-29,4307.T,17.0
2021-03-30,4307.T,17.0
2021-09-29,4307.T,19.0
2022-03-30,4307.T,21.0
2022-09-29,4307.T,22.0
2023-03-30,4307.T,23.0
2023-09-28,4307.T,24.0
2024-03-28,4307.T,29.0
2024-09-27,4307.T,29.0
2025-03-28,4307.T,34.0
2025-09-29,4307.T,35.0
2002-03-26,4324.T,3.0
2002-09-25,4324.T,2.5
2003-03-26,4324.T,2.5
2003-09-25,4324.T,2.5
2004-03-26,4324.T,5.0
2004-09-27,4324.T,5.0
2005-03-28,4324.T,10.0
2005-09-27,4324.T,10.0
2006-03-28,4324.T,15.0
2006-09-26,4324.T,15.0
2007-03-27,4324.T,15.0
2007-09-25,4324.T,17.5
2008-03-26,4324.T,17.5
2008-09-25,4324.T,20.0
2009-03-26,4324.T,15.0
2009-09-25,4324.T,12.5
2010-03-29,4324.T,14.5
2010-09-28,4324.T,14.5
2011-03-29,4324.T,15.0
2011-09-28,4324.T,15.0
2012-03-28,4324.T,16.0
2012-09-26,4324.T,16.0
2013-03-27,4324.T,16.0
2013-09-26,4324.T,16.0
2014-03-27,4324.T,17.0
2014-09-26,4324.T,20.0
2015-03-27,4324.T,35.0
2015-09-28,4324.T,35.0
2015-12-28,4324.T,40.0
2016-06-28,4324.T,40.0
2016-12-28,4324.T,45.0
2017-06-28,4324.T,45.0
2017-12-27,4324.T,45.0
2018-06-27,4324.T,45.0
2018-12-26,4324.T,45.0
2019-06-26,4324.T,47.5
2019-12-27,4324.T,47.5
2020-06-29,4324.T,47.5
2020-12-29,4324.T,23.75
2021-06-29,4324.T,50.5
2021-12-29,4324.T,67.0
2022-06-29,4324.T,70.25
2022-12-29,4324.T,85.0
2023-06-29,4324.T,78.5
2023-12-28,4324.T,61.0
2024-06-27,4324.T,69.75
2024-12-27,4324.T,69.75
2000-03-28,4452.T,10.0
2000-09-26,4452.T,12.0
2001-03-27,4452.T,12.0
2001-09-25,4452.T,13.0
2002-03-26,4452.T,13.0
2002-09-25,4452.T,15.0
2003-03-26,4452.T,15.0
2003-09-25,4452.T,16.0
2004-03-26,4452.T,16.0
2004-09-27,4452.T,19.0
2005-03-28,4452.T,19.0
2005-09-27,4452.T,25.0
2006-03-28,4452.T,25.0
2006-09-26,4452.T,26.0
2007-03-27,4452.T,26.0
2007-09-25,4452.T,27.0
2008-03-26,4452.T,27.0
2008-09-25,4452.T,28.0
2009-03-26,4452.T,28.0
2009-09-25,4452.T,28.0
2010-03-29,4452.T,29.0
2010-09-28,4452.T,29.0
2011-03-29,4452.T,29.0
2011-09-28,4452.T,29.0
2012-03-28,4452.T,31.0
2012-09-26,4452.T,31.0
2012-12-26,4452.T,31.0
2013-06-26,4452.T,32.0
2013-12-26,4452.T,32.0
2014-06-26,4452.T,34.0
2014-12-26,4452.T,36.0
2015-06-26,4452.T,38.0
2015-12-28,4452.T,42.0
2016-06-28,4452.T,46.0
2016-12-28,4452.T,48.0
2017-06-28,4452.T,54.0
2017-12-27,4452.T,56.0
2018-06-27,4452.T,60.0
2018-12-26,4452.T,60.0
2019-06-26,4452.T,65.0
2019-12-27,4452.T,65.0
2020-06-29,4452.T,70.0
2020-12-30,4452.T,70.0
2021-06-29,4452.T,72.0
2021-12-29,4452.T,72.0
2022-06-29,4452.T,74.0
2022-12-29,4452.T,74.0
2023-06-29,4452.T,75.0
2023-12-28,4452.T,75.0
2024-06-27,4452.T,76.0
2024-12-27,4452.T,76.0
2025-06-27,4452.T,77.0
2025-12-29,4452.T,77.0
2000-03-28,4502.T,16.5
2000-09-26,4502.T,25.0
2001-03-27,4502.T,25.0
2001-09-25,4502.T,30.0
2002-03-26,4502.T,30.0
2002-09-25,4502.T,32.0
2003-03-26,4502.T,33.0
2003-09-25,4502.T,36.0
2004-03-26,4502.T,41.0
2004-09-27,4502.T,44.0
2005-03-28,4502.T,44.0
2005-09-27,4502.T,53.0
2006-03-28,4502.T,53.0
2006-09-26,4502.T,60.0
2007-03-27,4502.T,68.0
2007-09-25,4502.T,84.0
2008-03-26,4502.T,84.0
2008-09-25,4502.T,88.0
2009-03-26,4502.T,92.0
2009-09-25,4502.T,90.0
2010-03-29,4502.T,90.0
2010-09-28,4502.T,90.0
2011-03-29,4502.T,90.0
2011-09-28,4502.T,90.0
2012-03-28,4502.T,90.0
2012-09-26,4502.T,90.0
2013-03-27,4502.T,90.0
2013-09-26,4502.T,90.0
2014-03-27,4502.T,90.0
2014-09-26,4502.T,90.0
2015-03-27,4502.T,90.0
2015-09-28,4502.T,90.0
2016-03-29,4502.T,90.0
2016-09-28,4502.T,90.0
2017-03-29,4502.T,90.0
2017-09-27,4502.T,90.0
2018-03-28,4502.T,90.0
2018-09-26,4502.T,90.0
2019-03-27,4502.T,90.0
2019-09-27,4502.T,90.0
2020-03-30,4502.T,90.0
2020-09-29,4502.T,90.0
2021-03-30,4502.T,90.0
2021-09-29,4502.T,90.0
2022-03-30,4502.T,90.0
2022-09-29,4502.T,90.0
2023-03-30,4502.T,90.0
2023-09-28,4502.T,94.0
2024-03-28,4502.T,94.0
2024-09-27,4502.T,98.0
2025-03-28,4502.T,98.0
2025-09-29,4502.T,100.0
2000-03-28,4503.T,3.0
2000-09-26,4503.T,2.0
2001-03-27,4503.T,3.0
2001-09-25,4503.T,2.0
2002-03-26,4503.T,3.0
2002-09-25,4503.T,2.6
2003-03-26,4503.T,3.0
2003-09-25,4503.T,3.0
2004-03-26,4503.T,3.2
2004-09-27,4503.T,3.0
2005-03-28,4503.T,3.2
2005-09-27,4503.T,6.0
2006-03-28,4503.T,8.0
2006-09-26,4503.T,8.0
2007-03-27,4503.T,8.0
2007-09-25,4503.T,10.0
2008-03-26,4503.T,12.0
2008-09-25,4503.T,12.0
2009-03-26,4503.T,12.0
2009-09-25,4503.T,12.0
2010-03-29,4503.T,13.0
2010-09-28,4503.T,12.0
2011-03-29,4503.T,13.0
2011-09-28,4503.T,12.0
2012-03-28,4503.T,13.0
2012-09-26,4503.T,13.0
2013-03-27,4503.T,13.0
2013-09-26,4503.T,13.0
2014-03-27,4503.T,14.0
2014-09-26,4503.T,14.0
2015-03-27,4503.T,16.0
2015-09-28,4503.T,16.0
2016-03-29,4503.T,16.0
2016-09-28,4503.T,17.0
2017-03-29,4503.T,17.0
2017-09-27,4503.T,18.0
2018-03-28,4503.T,18.0
2018-09-26,4503.T,19.0
2019-03-27,4503.T,19.0
2019-09-27,4503.T,20.0
2020-03-30,4503.T,20.0
2020-09-29,4503.T,21.0
2021-03-30,4503.T,21.0
2021-09-29,4503.T,25.0
2022-03-30,4503.T,25.0
2022-09-29,4503.T,30.0
2023-03-30,4503.T,30.0
2023-09-28,4503.T,35.0
2024-03-28,4503.T,35.0
2024-09-27,4503.T,37.0
2025-03-28,4503.T,37.0
2025-09-29,4503.T,39.0
2000-03-28,4506.T,4.75
2000-09-26,4506.T,4.25
2001-03-27,4506.T,4.25
2001-09-25,4506.T,4.25
2002-03-26,4506.T,5.75
2002-09-25,4506.T,5.0
2003-03-26,4506.T,5.0
2003-09-25,4506.T,5.0
2004-03-26,4506.T,5.0
2004-09-27,4506.T,5.0
2005-03-28,4506.T,5.0
2005-09-27,4506.T,5.0
2006-03-28,4506.T,2.0
2006-09-26,4506.T,7.0
2007-03-27,4506.T,7.0
2007-09-25,4506.T,9.0
2008-03-26,4506.T,9.0
2008-09-25,4506.T,9.0
2009-03-26,4506.T,9.0
2009-09-25,4506.T,9.0
2010-03-29,4506.T,9.0
2010-09-28,4506.T,9.0
2011-03-29,4506.T,9.0
2011-09-28,4506.T,9.0
2012-03-28,4506.T,9.0
2012-09-26,4506.T,9.0
2013-03-27,4506.T,9.0
2013-09-26,4506.T,9.0
2014-03-27,4506.T,9.0
2014-09-26,4506.T,9.0
2015-03-27,4506.T,9.0
2015-09-28,4506.T,9.0
2016-03-29,4506.T,9.0
2016-09-28,4506.T,9.0
2017-03-29,4506.T,11.0
2017-09-27,4506.T,9.0
2018-03-28,4506.T,19.0
2018-09-26,4506.T,9.0
2019-03-27,4506.T,21.0
2019-09-27,4506.T,14.0
2020-03-30,4506.T,14.0
2020-09-29,4506.T,14.0
2021-03-30,4506.T,14.0
2021-09-29,4506.T,14.0
2022-03-30,4506.T,14.0
2022-09-29,4506.T,14.0
2023-03-30,4506.T,7.0
2000-03-28,4507.T,1.416667
2000-09-26,4507.T,1.416667
2001-03-27,4507.T,1.416667
2001-09-25,4507.T,1.416667
2002-03-26,4507.T,1.416667
2002-09-25,4507.T,1.416667
2003-03-26,4507.T,1.416667
2003-09-25,4507.T,1.416667
2004-03-26,4507.T,1.416667
2004-09-27,4507.T,1.416667
2005-03-28,4507.T,2.583333
2005-09-27,4507.T,2.0
2006-03-28,4507.T,3.333333
2006-09-26,4507.T,2.666667
2007-03-27,4507.T,2.666667
2007-09-25,4507.T,3.333333
2008-03-26,4507.T,4.0
2008-09-25,4507.T,4.666667
2009-03-26,4507.T,4.666667
2009-09-25,4507.T,6.0
2010-03-29,4507.T,6.0
2010-09-28,4507.T,6.666667
2011-03-29,4507.T,6.666667
2011-09-28,4507.T,6.666667
2012-03-28,4507.T,6.666667
2012-09-26,4507.T,6.666667
2013-03-27,4507.T,7.333333
2013-09-26,4507.T,7.333333
2014-03-27,4507.T,8.0
2014-09-26,4507.T,8.0
2015-03-27,4507.T,9.333333
2015-09-28,4507.T,9.333333
2016-03-29,4507.T,11.333333
2016-09-28,4507.T,11.333333
2017-03-29,4507.T,12.666667
2017-09-27,4507.T,12.666667
2018-03-28,4507.T,14.666667
2018-09-26,4507.T,14.666667
2019-03-27,4507.T,16.666668
2019-09-27,4507.T,16.666668
2020-03-30,4507.T,17.666668
2020-09-29,4507.T,17.666668
2021-03-30,4507.T,17.666668
2021-09-29,4507.T,18.333332
2022-03-30,4507.T,20.0
2022-09-29,4507.T,20.0
2023-03-30,4507.T,25.0
2023-09-28,4507.T,25.0
2024-03-28,4507.T,28.333332
2024-09-27,4507.T,28.333332
2025-03-28,4507.T,33.0
2025-09-29,4507.T,33.0
2000-03-28,4519.T,2.416667
2000-09-26,4519.T,2.166667
2001-03-27,4519.T,3.166667
2001-09-25,4519.T,2.666667
2002-03-26,4519.T,2.666667
2002-09-25,4519.T,2.666667
2003-03-26,4519.T,2.666667
2003-12-25,4519.T,4.333333
2004-06-25,4519.T,3.0
2004-12-27,4519.T,3.0
2005-06-27,4519.T,4.0
2005-12-27,4519.T,3.333333
2006-06-27,4519.T,4.0
2006-12-26,4519.T,6.0
2007-06-26,4519.T,5.0
2007-12-25,4519.T,5.0
2008-06-25,4519.T,5.0
2008-12-25,4519.T,6.333333
2009-06-25,4519.T,5.666667
2009-12-28,4519.T,7.666667
2010-06-28,4519.T,5.666667
2010-12-28,4519.T,7.666667
2011-06-28,4519.T,6.666667
2011-12-28,4519.T,6.666667
2012-06-27,4519.T,6.666667
2012-12-26,4519.T,6.666667
2013-06-26,4519.T,7.333333
2013-12-26,4519.T,7.666667
2014-06-26,4519.T,7.333333
2014-12-26,4519.T,8.666667
2015-06-26,4519.T,8.666667
2015-12-28,4519.T,10.666667
2016-06-28,4519.T,8.666667
2016-12-28,4519.T,8.666667
2017-06-28,4519.T,9.666667
2017-12-27,4519.T,11.0
2018-06-27,4519.T,10.333333
2018-12-26,4519.T,18.333332
2019-06-26,4519.T,16.0
2019-12-27,4519.T,30.666668
2020-06-29,4519.T,25.0
2020-12-29,4519.T,25.0
2021-06-29,4519.T,30.0
2021-12-29,4519.T,46.0
2022-06-29,4519.T,38.0
2022-12-29,4519.T,40.0
2023-06-29,4519.T,40.0
2023-12-28,4519.T,40.0
2024-06-27,4519.T,41.0
2024-12-27,4519.T,57.0
2025-06-27,4519.T,125.0
2025-12-29,4519.T,147.0
2000-03-28,4523.T,11.5
2000-09-26,4523.T,10.0
2001-03-27,4523.T,13.0
2001-09-25,4523.T,13.0
2002-03-26,4523.T,16.0
2002-09-25,4523.T,16.0
2003-03-26,4523.T,16.0
2003-09-25,4523.T,18.0
2004-03-26,4523.T,18.0
2004-09-27,4523.T,21.0
2005-03-28,4523.T,35.0
2005-09-27,4523.T,40.0
2006-03-28,4523.T,50.0
2006-09-26,4523.T,55.0
2007-03-27,4523.T,65.0
2007-09-25,4523.T,65.0
2008-03-26,4523.T,65.0
2008-09-25,4523.T,70.0
2009-03-26,4523.T,70.0
2009-09-25,4523.T,70.0
2010-03-29,4523.T,80.0
2010-09-28,4523.T,70.0
2011-03-29,4523.T,80.0
2011-09-28,4523.T,70.0
2012-03-28,4523.T,80.0
2012-09-26,4523.T,70.0
2013-03-27,4523.T,80.0
2013-09-26,4523.T,70.0
2014-03-27,4523.T,80.0
2014-09-26,4523.T,70.0
2015-03-27,4523.T,80.0
2015-09-28,4523.T,70.0
2016-03-29,4523.T,80.0
2016-09-28,4523.T,70.0
2017-03-29,4523.T,80.0
2017-09-27,4523.T,70.0
2018-03-28,4523.T,80.0
2018-09-26,4523.T,70.0
2019-03-27,4523.T,80.0
2019-09-27,4523.T,80.0
2020-03-30,4523.T,80.0
2020-09-29,4523.T,80.0
2021-03-30,4523.T,80.0
2021-09-29,4523.T,80.0
2022-03-30,4523.T,80.0
2022-09-29,4523.T,80.0
2023-03-30,4523.T,80.0
2023-09-28,4523.T,80.0
2024-03-28,4523.T,80.0
2024-09-27,4523.T,80.0
2025-03-28,4523.T,80.0
2025-09-29,4523.T,80.0
2000-03-28,4543.T,0.53125
2000-09-26,4543.T,0.53125
2001-03-27,4543.T,0.53125
2001-09-25,4543.T,0.53125
2002-03-26,4543.T,0.84375
2002-09-25,4543.T,0.6875
2003-03-26,4543.T,0.6875
2003-09-25,4543.T,0.875
2004-03-26,4543.T,1.125
2004-09-27,4543.T,1.0
2005-03-28,4543.T,1.5
2005-09-27,4543.T,1.25
2006-03-28,4543.T,1.75
2006-09-26,4543.T,1.5
2007-03-27,4543.T,2.0
2007-09-25,4543.T,1.75
2008-03-26,4543.T,2.25
2008-09-25,4543.T,2.0
2009-03-26,4543.T,2.0
2009-09-25,4543.T,2.0
2010-03-29,4543.T,2.0
2010-09-28,4543.T,2.0
2011-03-29,4543.T,2.25
2011-09-28,4543.T,2.125
2012-03-28,4543.T,2.75
2012-09-26,4543.T,2.75
2013-03-27,4543.T,2.75
2013-09-26,4543.T,3.625
2014-03-27,4543.T,3.625
2014-09-26,4543.T,3.625
2015-03-27,4543.T,4.0
2015-09-28,4543.T,4.75
2016-03-29,4543.T,5.0
2016-09-28,4543.T,5.0
2017-03-29,4543.T,5.5
2017-09-27,4543.T,5.75
2018-03-28,4543.T,6.75
2018-09-26,4543.T,6.75
2019-03-27,4543.T,6.75
2019-09-27,4543.T,7.0
2020-03-30,4543.T,7.0
2020-09-29,4543.T,7.0
2021-03-30,4543.T,7.0
2021-09-29,4543.T,8.0
2022-03-30,4543.T,9.0
2022-09-29,4543.T,9.5
2023-03-30,4543.T,10.5
2023-09-28,4543.T,11.0
2024-03-28,4543.T,11.0
2024-09-27,4543.T,13.0
2025-03-28,4543.T,13.0
2025-09-29,4543.T,15.0
2000-03-28,4568.T,4.083333
2000-09-26,4568.T,4.083333
2001-03-27,4568.T,4.083333
2001-09-25,4568.T,4.166667
2002-03-26,4568.T,4.166667
2002-09-25,4568.T,4.166667
2003-03-26,4568.T,4.166667
2003-09-25,4568.T,4.166667
2004-03-26,4568.T,5.833333
2004-09-27,4568.T,5.0
2005-03-28,4568.T,8.333333
2006-03-28,4568.T,8.333333
2006-09-26,4568.T,10.0
2007-03-27,4568.T,10.0
2007-09-25,4568.T,11.666667
2008-03-26,4568.T,11.666667
2008-09-25,4568.T,13.333333
2009-03-26,4568.T,13.333333
2009-09-25,4568.T,10.0
2010-03-29,4568.T,10.0
2010-09-28,4568.T,10.0
2011-03-29,4568.T,10.0
2011-09-28,4568.T,10.0
2012-03-28,4568.T,10.0
2012-09-26,4568.T,10.0
2013-03-27,4568.T,10.0
2013-09-26,4568.T,10.0
2014-03-27,4568.T,10.0
2014-09-26,4568.T,10.0
2015-03-27,4568.T,10.0
2015-09-28,4568.T,13.333333
2016-03-29,4568.T,10.0
2016-09-28,4568.T,11.666667
2017-03-29,4568.T,11.666667
2017-09-27,4568.T,11.666667
2018-03-28,4568.T,11.666667
2018-09-26,4568.T,11.666667
2019-03-27,4568.T,11.666667
2019-09-27,4568.T,11.666667
2020-03-30,4568.T,11.666667
2020-09-29,4568.T,13.5
2021-03-30,4568.T,13.5
2021-09-29,4568.T,13.5
2022-03-30,4568.T,13.5
2022-09-29,4568.T,15.0
2023-03-30,4568.T,15.0
2023-09-28,4568.T,20.0
2024-03-28,4568.T,30.0
2024-09-27,4568.T,30.0
2025-03-28,4568.T,30.0
2025-09-29,4568.T,39.0
2011-03-29,4578.T,28.0
2011-09-28,4578.T,20.0
2012-03-28,4578.T,25.0
2012-09-26,4578.T,28.0
2013-03-27,4578.T,30.0
2013-09-26,4578.T,30.0
2014-03-27,4578.T,35.0
2014-09-26,4578.T,35.0
2014-12-26,4578.T,40.0
2015-06-26,4578.T,50.0
2015-12-28,4578.T,50.0
2016-06-28,4578.T,50.0
2016-12-28,4578.T,50.0
2017-06-28,4578.T,50.0
2017-12-27,4578.T,50.0
2018-06-27,4578.T,50.0
2018-12-26,4578.T,50.0
2019-06-26,4578.T,50.0
2019-12-27,4578.T,50.0
2020-06-29,4578.T,50.0
2020-12-30,4578.T,50.0
2021-06-29,4578.T,50.0
2021-12-29,4578.T,50.0
2022-06-29,4578.T,50.0
2022-12-29,4578.T,50.0
2023-06-29,4578.T,50.0
2023-12-28,4578.T,60.0
2024-06-27,4578.T,60.0
2024-12-27,4578.T,60.0
2025-06-27,4578.T,70.0
2025-12-29,4578.T,70.0
2001-03-27,4661.T,0.35
2001-09-25,4661.T,0.35
2002-03-26,4661.T,0.6
2002-09-25,4661.T,0.6
2003-03-26,4661.T,0.6
2003-09-25,4661.T,0.7
2004-03-26,4661.T,0.75
2004-09-27,4661.T,0.75
2005-03-28,4661.T,1.0
2005-09-27,4661.T,1.0
2006-03-28,4661.T,1.25
2006-09-26,4661.T,1.25
2007-03-27,4661.T,1.5
2007-09-25,4661.T,1.5
2008-03-26,4661.T,1.5
2008-09-25,4661.T,1.5
2009-03-26,4661.T,2.0
2009-09-25,4661.T,2.0
2010-03-29,4661.T,3.0
2010-09-28,4661.T,2.5
2011-03-29,4661.T,2.5
2011-09-28,4661.T,2.5
2012-03-28,4661.T,2.5
2012-09-26,4661.T,3.0
2013-03-27,4661.T,3.0
2013-09-26,4661.T,3.0
2014-03-27,4661.T,3.0
2014-09-26,4661.T,3.5
2015-03-27,4661.T,3.5
2015-09-28,4661.T,3.5
2016-03-29,4661.T,3.5
2016-09-28,4661.T,3.5
2017-03-29,4661.T,4.0
2017-09-27,4661.T,4.0
2018-03-28,4661.T,4.0
2018-09-26,4661.T,4.0
2019-03-27,4661.T,4.4
2019-09-27,4661.T,4.4
2020-03-30,4661.T,4.4
2020-09-29,4661.T,2.6
2021-03-30,4661.T,2.6
2021-09-29,4661.T,2.6
2022-03-30,4661.T,3.0
2022-09-29,4661.T,3.6
2023-03-30,4661.T,4.4
2023-09-28,4661.T,5.0
2024-03-28,4661.T,8.0
2024-09-27,4661.T,7.0
2025-03-28,4661.T,7.0
2025-09-29,4661.T,7.0
2005-03-28,4689.T,1.21
2006-03-28,4689.T,1.56
2007-03-27,4689.T,0.96
2008-03-26,4689.T,1.04
2009-03-26,4689.T,1.3
2010-03-29,4689.T,2.88
2011-03-29,4689.T,3.13
2012-03-28,4689.T,3.47
2013-03-27,4689.T,4.01
2014-03-27,4689.T,4.43
2015-03-27,4689.T,8.86
2016-03-29,4689.T,8.86
2017-03-29,4689.T,8.86
2018-03-28,4689.T,8.86
2019-03-27,4689.T,8.86
2020-03-30,4689.T,8.86
2021-03-30,4689.T,5.56
2022-03-30,4689.T,5.81
2023-03-30,4689.T,5.56
2024-03-28,4689.T,5.56
2025-03-28,4689.T,7.0
2003-12-25,4704.T,14.0
2004-12-27,4704.T,36.0
2005-12-27,4704.T,56.0
2006-12-26,4704.T,84.0
2007-12-25,4704.T,111.0
2008-12-24,4704.T,115.0
2008-12-25,4704.T,97.0
2009-12-25,4704.T,85.0
2009-12-28,4704.T,91.0
2010-12-28,4704.T,70.0
2011-12-28,4704.T,86.0
2012-12-26,4704.T,67.0
2013-12-26,4704.T,125.0
2014-12-26,4704.T,116.0
2015-12-28,4704.T,110.0
2016-12-28,4704.T,141.0
2017-12-27,4704.T,149.0
2018-12-26,4704.T,163.0
2019-12-27,4704.T,160.0
2020-12-29,4704.T,153.0
2021-12-29,4704.T,195.0
2022-12-29,4704.T,151.0
2023-12-28,4704.T,738.0
2024-12-27,4704.T,184.0
2025-12-29,4704.T,185.0
2004-09-27,4751.T,0.001094
2005-09-27,4751.T,0.75
2006-09-26,4751.T,1.125
2007-09-25,4751.T,1.25
2008-09-25,4751.T,0.875
2009-09-25,4751.T,1.25
2010-09-28,4751.T,2.75
2011-09-28,4751.T,4.375
2012-09-26,4751.T,4.375
2013-09-26,4751.T,4.375
2014-09-26,4751.T,7.5
2015-09-28,4751.T,6.25
2016-09-28,4751.T,6.25
2017-09-27,4751.T,8.0
2018-09-26,4751.T,8.0
2019-09-27,4751.T,8.25
2020-09-29,4751.T,8.5
2021-09-29,4751.T,10.0
2022-09-29,4751.T,14.0
2023-09-28,4751.T,15.0
2024-09-27,4751.T,16.0
2025-09-29,4751.T,17.0
2001-12-25,4755.T,0.125
2002-12-25,4755.T,0.125
2003-12-25,4755.T,0.25
2004-12-27,4755.T,0.0025
2005-12-27,4755.T,0.5
2006-12-26,4755.T,0.5
2007-12-25,4755.T,1.0
2008-12-25,4755.T,1.0
2009-12-28,4755.T,1.0
2010-12-28,4755.T,2.0
2011-12-28,4755.T,2.5
2012-12-26,4755.T,3.0
2013-12-26,4755.T,4.0
2014-12-26,4755.T,4.5
2015-12-28,4755.T,4.5
2016-12-28,4755.T,4.5
2017-12-27,4755.T,4.5
2018-12-26,4755.T,4.5
2019-12-27,4755.T,4.5
2021-12-29,4755.T,4.5
2022-12-29,4755.T,4.5
2000-03-28,4901.T,3.75
2000-09-26,4901.T,3.75
2001-03-27,4901.T,3.75
2001-09-25,4901.T,4.166667
2002-03-26,4901.T,4.166667
2002-09-25,4901.T,4.166667
2003-03-26,4901.T,4.166667
2003-09-25,4901.T,4.166667
2004-03-26,4901.T,4.166667
2004-09-27,4901.T,4.166667
2005-03-28,4901.T,4.166667
2005-09-27,4901.T,4.166667
2006-03-28,4901.T,4.166667
2006-09-26,4901.T,4.166667
2007-03-27,4901.T,4.166667
2007-09-25,4901.T,5.833333
2008-03-26,4901.T,5.833333
2008-09-25,4901.T,5.833333
2009-03-26,4901.T,4.166667
2009-09-25,4901.T,4.166667
2010-03-29,4901.T,4.166667
2010-09-28,4901.T,5.0
2011-03-29,4901.T,5.0
2011-09-28,4901.T,5.833333
2012-03-28,4901.T,5.833333
2012-09-26,4901.T,6.666667
2013-03-27,4901.T,6.666667
2013-09-26,4901.T,6.666667
2014-03-27,4901.T,10.0
2014-09-26,4901.T,8.333333
2015-03-27,4901.T,11.666667
2015-09-28,4901.T,10.833333
2016-03-29,4901.T,10.833333
2016-09-28,4901.T,11.666667
2017-03-29,4901.T,11.666667
2017-09-27,4901.T,12.5
2018-03-28,4901.T,12.5
2018-09-26,4901.T,13.333333
2019-03-27,4901.T,13.333333
2019-09-27,4901.T,15.833333
2020-03-30,4901.T,15.833333
2020-09-29,4901.T,15.833333
2021-03-30,4901.T,17.5
2021-09-29,4901.T,18.333332
2022-03-30,4901.T,18.333332
2022-09-29,4901.T,20.0
2023-03-30,4901.T,23.333332
2023-09-28,4901.T,23.333332
2024-03-28,4901.T,26.666668
2024-09-27,4901.T,30.0
2025-03-28,4901.T,35.0
2025-09-29,4901.T,35.0
2000-03-28,4902.T,5.0
2000-09-26,4902.T,5.0
2001-03-27,4902.T,5.0
2001-09-25,4902.T,5.0
2002-03-26,4902.T,5.0
2002-09-25,4902.T,5.0
2003-03-26,4902.T,5.0
2003-09-25,4902.T,5.0
2004-03-26,4902.T,5.0
2004-09-27,4902.T,5.0
2005-03-28,4902.T,5.0
2007-03-27,4902.T,10.0
2007-09-25,4902.T,7.5
2008-03-26,4902.T,7.5
2008-09-25,4902.T,10.0
2009-03-26,4902.T,10.0
2009-09-25,4902.T,7.5
2010-03-29,4902.T,7.5
2010-09-28,4902.T,7.5
2011-03-29,4902.T,7.5
2011-09-28,4902.T,7.5
2012-03-28,4902.T,7.5
2012-09-26,4902.T,7.5
2013-03-27,4902.T,7.5
2013-09-26,4902.T,10.0
2014-03-27,4902.T,7.5
2014-09-26,4902.T,10.0
2015-03-27,4902.T,10.0
2015-09-28,4902.T,15.0
2016-03-29,4902.T,15.0
2016-09-28,4902.T,15.0
2017-03-29,4902.T,15.0
2017-09-27,4902.T,15.0
2018-03-28,4902.T,15.0
2018-09-26,4902.T,15.0
2019-03-27,4902.T,15.0
2019-09-27,4902.T,15.0
2020-03-30,4902.T,10.0
2020-09-29,4902.T,10.0
2021-03-30,4902.T,15.0
2021-09-29,4902.T,15.0
2022-03-30,4902.T,15.0
2022-09-29,4902.T,10.0
2024-03-28,4902.T,5.0
2025-09-29,4902.T,5.0
2000-03-28,4911.T,9.0
2000-09-26,4911.T,8.0
2001-03-27,4911.T,8.0
2001-09-25,4911.T,8.0
2002-03-26,4911.T,8.0
2002-09-25,4911.T,10.0
2003-03-26,4911.T,10.0
2003-09-25,4911.T,11.0
2004-03-26,4911.T,11.0
2004-09-27,4911.T,11.0
2005-03-28,4911.T,13.0
2005-09-27,4911.T,15.0
2006-03-28,4911.T,15.0
2006-09-26,4911.T,16.0
2007-03-27,4911.T,16.0
2007-09-25,4911.T,17.0
2008-03-26,4911.T,17.0
2008-09-25,4911.T,25.0
2009-03-26,4911.T,25.0
2009-09-25,4911.T,25.0
2010-03-29,4911.T,25.0
2010-09-28,4911.T,25.0
2011-03-29,4911.T,25.0
2011-09-28,4911.T,25.0
2012-03-28,4911.T,25.0
2012-09-26,4911.T,25.0
2013-03-27,4911.T,25.0
2013-09-26,4911.T,10.0
2014-03-27,4911.T,10.0
2014-09-26,4911.T,10.0
2015-03-27,4911.T,10.0
2015-09-28,4911.T,10.0
2015-12-28,4911.T,10.0
2016-06-28,4911.T,10.0
2016-12-28,4911.T,10.0
2017-06-28,4911.T,12.5
2017-12-27,4911.T,15.0
2018-06-27,4911.T,20.0
2018-12-26,4911.T,25.0
2019-06-26,4911.T,30.0
2019-12-27,4911.T,30.0
2020-06-29,4911.T,20.0
2020-12-29,4911.T,20.0
2021-06-29,4911.T,20.0
2021-12-29,4911.T,30.0
2022-06-29,4911.T,25.0
2022-12-29,4911.T,75.0
2023-06-29,4911.T,30.0
2023-12-28,4911.T,30.0
2024-06-27,4911.T,30.0
2024-12-27,4911.T,10.0
2025-06-27,4911.T,20.0
2025-12-29,4911.T,20.0
2007-03-27,5019.T,7.5
2007-09-25,5019.T,3.75
2008-03-26,5019.T,3.75
2008-09-25,5019.T,3.75
2009-03-26,5019.T,3.75
2009-09-25,5019.T,3.75
2010-03-29,5019.T,3.75
2010-09-28,5019.T,3.75
2011-03-29,5019.T,6.25
2011-09-28,5019.T,3.75
2012-03-28,5019.T,6.25
2012-09-26,5019.T,5.0
2013-03-27,5019.T,5.0
2013-09-26,5019.T,5.0
2014-03-27,5019.T,5.0
2014-09-26,5019.T,5.0
2015-03-27,5019.T,5.0
2015-09-28,5019.T,5.0
2016-03-29,5019.T,5.0
2016-09-28,5019.T,5.0
2017-03-29,5019.T,5.0
2017-09-27,5019.T,8.0
2018-03-28,5019.T,8.0
2018-09-26,5019.T,10.0
2019-03-27,5019.T,10.0
2019-09-27,5019.T,16.0
2020-03-30,5019.T,16.0
2020-09-29,5019.T,12.0
2021-03-30,5019.T,12.0
2021-09-29,5019.T,12.0
2022-03-30,5019.T,22.0
2022-09-29,5019.T,12.0
2023-03-30,5019.T,12.0
2023-09-28,5019.T,16.0
2024-03-28,5019.T,16.0
2024-09-27,5019.T,18.0
2025-03-28,5019.T,18.0
2025-09-29,5019.T,18.0
2010-09-28,5020.T,7.5
2011-03-29,5020.T,8.0
2011-09-28,5020.T,8.0
2012-03-28,5020.T,8.0
2012-09-26,5020.T,8.0
2013-03-27,5020.T,8.0
2013-09-26,5020.T,8.0
2014-03-27,5020.T,8.0
2014-09-26,5020.T,8.0
2015-03-27,5020.T,8.0
2015-09-28,5020.T,8.0
2016-03-29,5020.T,8.0
2016-09-28,5020.T,8.0
2017-03-29,5020.T,8.0
2017-09-27,5020.T,9.0
2018-03-28,5020.T,10.0
2018-09-26,5020.T,10.0
2019-03-27,5020.T,11.0
2019-09-27,5020.T,11.0
2020-03-30,5020.T,11.0
2020-09-29,5020.T,11.0
2021-03-30,5020.T,11.0
2021-09-29,5020.T,11.0
2022-03-30,5020.T,11.0
2022-09-29,5020.T,11.0
2023-03-30,5020.T,11.0
2023-09-28,5020.T,11.0
2024-03-28,5020.T,11.0
2024-09-27,5020.T,13.0
2025-03-28,5020.T,13.0
2025-09-29,5020.T,17.0
2000-03-28,5101.T,6.0
2002-03-26,5101.T,12.0
2003-03-26,5101.T,16.0
2004-03-26,5101.T,16.0
2005-03-28,5101.T,16.0
2005-09-27,5101.T,8.0
2006-03-28,5101.T,12.0
2006-09-26,5101.T,8.0
2007-03-27,5101.T,16.0
2007-09-25,5101.T,12.0
2008-03-26,5101.T,14.0
2008-09-25,5101.T,12.0
2009-03-26,5101.T,8.0
2009-09-25,5101.T,8.0
2010-03-29,5101.T,12.0
2010-09-28,5101.T,8.0
2011-03-29,5101.T,12.0
2011-09-28,5101.T,6.0
2011-12-28,5101.T,8.0
2012-06-27,5101.T,16.0
2012-12-26,5101.T,24.0
2013-06-26,5101.T,20.0
2013-12-26,5101.T,24.0
2014-06-26,5101.T,24.0
2014-12-26,5101.T,28.0
2015-06-26,5101.T,26.0
2015-12-28,5101.T,26.0
2016-06-28,5101.T,26.0
2016-12-28,5101.T,26.0
2017-06-28,5101.T,31.0
2017-12-27,5101.T,31.0
2018-06-27,5101.T,31.0
2018-12-26,5101.T,31.0
2019-06-26,5101.T,31.0
2019-12-27,5101.T,33.0
2020-06-29,5101.T,32.0
2020-12-29,5101.T,32.0
2021-06-29,5101.T,32.0
2021-12-29,5101.T,33.0
2022-06-29,5101.T,33.0
2022-12-29,5101.T,33.0
2023-06-29,5101.T,34.0
2023-12-28,5101.T,50.0
2024-06-27,5101.T,46.0
2024-12-27,5101.T,52.0
2025-06-27,5101.T,48.0
2025-12-29,5101.T,86.0
2000-06-27,5108.T,4.0
2000-12-26,5108.T,4.0
2001-06-26,5108.T,4.0
2001-12-25,5108.T,4.0
2002-06-25,5108.T,4.0
2002-12-25,5108.T,4.0
2003-06-25,5108.T,4.0
2003-12-25,5108.T,4.0
2004-06-25,5108.T,4.0
2004-12-27,5108.T,5.5
2005-06-27,5108.T,5.0
2005-12-27,5108.T,7.0
2006-06-27,5108.T,6.0
2006-12-26,5108.T,6.0
2007-06-26,5108.T,6.5
2007-12-25,5108.T,6.5
2008-06-25,5108.T,6.5
2008-12-25,5108.T,5.5
2009-06-25,5108.T,4.0
2009-12-28,5108.T,4.0
2010-06-28,5108.T,5.0
2010-12-28,5108.T,5.0
2011-06-28,5108.T,5.0
2011-12-28,5108.T,6.0
2012-06-27,5108.T,8.0
2012-12-26,5108.T,8.0
2013-06-26,5108.T,13.5
2013-12-26,5108.T,15.0
2014-06-26,5108.T,20.0
2014-12-26,5108.T,30.0
2015-06-26,5108.T,30.0
2015-12-28,5108.T,35.0
2016-06-28,5108.T,35.0
2016-12-28,5108.T,35.0
2017-06-28,5108.T,35.0
2017-12-27,5108.T,40.0
2018-06-27,5108.T,40.0
2018-12-26,5108.T,40.0
2019-06-26,5108.T,40.0
2019-12-27,5108.T,40.0
2020-06-29,5108.T,25.0
2020-12-29,5108.T,30.0
2021-06-29,5108.T,42.5
2021-12-29,5108.T,42.5
2022-06-29,5108.T,42.5
2022-12-29,5108.T,45.0
2023-06-29,5108.T,50.0
2023-12-28,5108.T,50.0
2024-06-27,5108.T,52.5
2024-12-27,5108.T,52.5
2025-06-27,5108.T,57.5
2025-12-29,5108.T,57.5
2000-03-28,5201.T,22.5
2000-09-26,5201.T,22.5
2001-03-27,5201.T,22.5
2001-09-25,5201.T,22.5
2002-03-26,5201.T,22.5
2002-09-25,5201.T,22.5
2003-03-26,5201.T,22.5
2003-12-25,5201.T,33.75
2004-06-25,5201.T,30.0
2004-12-27,5201.T,30.0
2005-06-27,5201.T,37.5
2005-12-27,5201.T,37.5
2006-06-27,5201.T,40.0
2006-12-26,5201.T,40.0
2007-06-26,5201.T,50.0
2007-12-25,5201.T,40.0
2007-12-26,5201.T,20.0
2008-06-25,5201.T,60.0
2008-12-25,5201.T,60.0
2009-06-25,5201.T,40.0
2009-12-28,5201.T,40.0
2010-06-28,5201.T,60.0
2010-12-28,5201.T,70.0
2011-06-28,5201.T,65.0
2011-12-28,5201.T,65.0
2012-06-27,5201.T,65.0
2012-12-26,5201.T,65.0
2013-06-26,5201.T,65.0
2013-12-26,5201.T,25.0
2014-06-26,5201.T,45.0
2014-12-26,5201.T,45.0
2015-06-26,5201.T,45.0
2015-12-28,5201.T,45.0
2016-06-28,5201.T,45.0
2016-12-28,5201.T,45.0
2017-06-28,5201.T,50.0
2017-12-27,5201.T,55.0
2018-06-27,5201.T,55.0
2018-12-26,5201.T,60.0
2019-03-29,5201.T,55.0
2019-06-26,5201.T,60.0
2019-12-27,5201.T,60.0
2020-06-29,5201.T,60.0
2020-12-29,5201.T,60.0
2021-06-29,5201.T,80.0
2021-12-29,5201.T,130.0
2022-06-29,5201.T,105.0
2022-12-29,5201.T,105.0
2023-06-29,5201.T,105.0
2023-12-28,5201.T,105.0
2024-06-27,5201.T,105.0
2024-12-27,5201.T,105.0
2025-06-27,5201.T,105.0
2025-12-29,5201.T,105.0
2001-03-27,5214.T,20.0
2001-09-25,5214.T,18.333332
2002-03-26,5214.T,18.333332
2002-09-25,5214.T,18.333332
2003-03-26,5214.T,21.666668
2003-09-25,5214.T,20.0
2004-03-26,5214.T,20.0
2004-09-27,5214.T,20.0
2005-03-28,5214.T,11.666667
2005-09-27,5214.T,13.333333
2006-03-28,5214.T,16.666668
2006-09-26,5214.T,16.666668
2007-03-27,5214.T,30.0
2007-09-25,5214.T,20.0
2008-03-26,5214.T,25.0
2008-09-25,5214.T,25.0
2009-03-26,5214.T,25.0
2009-09-25,5214.T,25.0
2010-03-29,5214.T,30.0
2010-09-28,5214.T,30.0
2011-03-29,5214.T,35.0
2011-09-28,5214.T,35.0
2012-03-28,5214.T,40.0
2012-09-26,5214.T,40.0
2013-03-27,5214.T,40.0
2013-09-26,5214.T,40.0
2014-03-27,5214.T,40.0
2014-09-26,5214.T,40.0
2014-12-26,5214.T,20.0
2015-06-26,5214.T,40.0
2015-12-28,5214.T,40.0
2016-06-28,5214.T,40.0
2016-12-28,5214.T,40.0
2017-06-28,5214.T,8.0
2017-12-27,5214.T,50.0
2018-06-27,5214.T,50.0
2018-12-26,5214.T,50.0
2019-06-26,5214.T,50.0
2019-12-27,5214.T,50.0
2020-06-29,5214.T,50.0
2020-12-29,5214.T,50.0
2021-06-29,5214.T,50.0
2021-12-29,5214.T,60.0
2022-06-29,5214.T,60.0
2022-12-29,5214.T,60.0
2023-06-29,5214.T,60.0
2023-12-28,5214.T,60.0
2024-06-27,5214.T,65.0
2024-12-27,5214.T,65.0
2025-06-27,5214.T,70.0
2025-12-29,5214.T,80.0
2000-03-28,5233.T,30.0
2000-09-26,5233.T,25.0
2001-03-27,5233.T,30.0
2001-09-25,5233.T,25.0
2002-03-26,5233.T,30.0
2003-03-26,5233.T,25.0
2004-03-26,5233.T,25.0
2005-03-28,5233.T,25.0
2006-03-28,5233.T,25.0
2006-09-26,5233.T,20.0
2007-03-27,5233.T,20.0
2007-09-25,5233.T,20.0
2008-03-26,5233.T,30.0
2008-09-25,5233.T,20.0
2011-03-29,5233.T,25.0
2011-09-28,5233.T,20.0
2012-03-28,5233.T,20.0
2012-09-26,5233.T,20.0
2013-03-27,5233.T,20.0
2013-09-26,5233.T,20.0
2014-03-27,5233.T,30.0
2014-09-26,5233.T,20.0
2015-03-27,5233.T,30.0
2015-09-28,5233.T,30.0
2016-03-29,5233.T,30.0
2016-09-28,5233.T,30.0
2017-03-29,5233.T,30.0
2017-09-27,5233.T,30.0
2018-03-28,5233.T,30.0
2018-09-26,5233.T,50.0
2019-03-27,5233.T,30.0
2019-09-27,5233.T,30.0
2020-03-30,5233.T,30.0
2020-09-29,5233.T,30.0
2021-03-30,5233.T,30.0
2021-09-29,5233.T,35.0
2022-03-30,5233.T,35.0
2022-09-29,5233.T,35.0
2023-03-30,5233.T,35.0
2023-09-28,5233.T,35.0
2024-03-28,5233.T,35.0
2024-09-27,5233.T,40.0
2025-03-28,5233.T,40.0
2025-09-29,5233.T,50.0
2000-06-27,5301.T,2.5
2000-12-26,5301.T,2.5
2001-06-26,5301.T,2.5
2001-12-25,5301.T,2.5
2002-06-25,5301.T,2.5
2002-12-25,5301.T,2.5
2003-06-25,5301.T,2.5
2003-12-25,5301.T,2.5
2004-06-25,5301.T,2.5
2004-12-27,5301.T,2.5
2005-06-27,5301.T,3.0
2005-12-27,5301.T,3.0
2006-06-27,5301.T,3.0
2006-12-26,5301.T,4.0
2007-06-26,5301.T,4.0
2007-12-25,5301.T,5.0
2008-06-25,5301.T,5.0
2008-12-25,5301.T,5.0
2009-06-25,5301.T,4.0
2009-12-28,5301.T,4.0
2010-06-28,5301.T,4.0
2010-12-28,5301.T,4.0
2011-06-28,5301.T,4.0
2011-12-28,5301.T,4.0
2012-06-27,5301.T,4.0
2012-12-26,5301.T,3.0
2013-06-26,5301.T,3.0
2013-12-26,5301.T,3.0
2014-06-26,5301.T,3.0
2014-12-26,5301.T,3.0
2015-06-26,5301.T,3.0
2015-12-28,5301.T,3.0
2016-06-28,5301.T,3.0
2016-12-28,5301.T,3.0
2017-06-28,5301.T,6.0
2017-12-27,5301.T,6.0
2018-06-27,5301.T,12.0
2018-12-26,5301.T,12.0
2019-06-26,5301.T,24.0
2019-12-27,5301.T,24.0
2020-06-29,5301.T,15.0
2020-12-30,5301.T,15.0
2021-06-29,5301.T,15.0
2021-12-29,5301.T,15.0
2022-06-29,5301.T,15.0
2022-12-29,5301.T,15.0
2023-06-29,5301.T,18.0
2023-12-28,5301.T,18.0
2024-06-27,5301.T,15.0
2024-12-27,5301.T,15.0
2025-06-27,5301.T,15.0
2025-12-29,5301.T,15.0
2000-03-28,5332.T,9.0
2000-09-26,5332.T,9.0
2001-03-27,5332.T,9.0
2001-09-25,5332.T,10.0
2002-03-26,5332.T,10.0
2002-09-25,5332.T,10.0
2003-03-26,5332.T,10.0
2003-09-25,5332.T,11.0
2004-03-26,5332.T,11.0
2004-09-27,5332.T,11.0
2005-03-28,5332.T,12.0
2005-09-27,5332.T,12.0
2006-03-28,5332.T,12.0
2006-09-26,5332.T,13.0
2007-03-27,5332.T,13.0
2007-09-25,5332.T,14.0
2008-03-26,5332.T,14.0
2008-09-25,5332.T,10.0
2009-03-26,5332.T,10.0
2009-09-25,5332.T,10.0
2010-03-29,5332.T,10.0
2010-09-28,5332.T,10.0
2011-03-29,5332.T,10.0
2011-09-28,5332.T,10.0
2012-03-28,5332.T,10.0
2012-09-26,5332.T,12.0
2013-03-27,5332.T,16.0
2013-09-26,5332.T,20.0
2014-03-27,5332.T,26.0
2014-09-26,5332.T,26.0
2015-03-27,5332.T,26.0
2015-09-28,5332.T,30.0
2016-03-29,5332.T,34.0
2016-09-28,5332.T,34.0
2017-03-29,5332.T,34.0
2017-09-27,5332.T,36.0
2018-03-28,5332.T,36.0
2018-09-26,5332.T,45.0
2019-03-27,5332.T,45.0
2019-09-27,5332.T,45.0
2020-03-30,5332.T,45.0
2020-09-29,5332.T,30.0
2021-03-30,5332.T,40.0
2021-09-29,5332.T,40.0
2022-03-30,5332.T,50.0
2022-09-29,5332.T,50.0
2023-03-30,5332.T,50.0
2023-09-28,5332.T,50.0
2024-03-28,5332.T,50.0
2024-09-27,5332.T,50.0
2025-03-28,5332.T,50.0
2025-09-29,5332.T,50.0
2000-03-28,5333.T,5.0
2000-09-26,5333.T,5.0
2001-03-27,5333.T,5.0
2001-09-25,5333.T,5.0
2002-03-26,5333.T,5.0
2002-09-25,5333.T,5.0
2003-03-26,5333.T,5.0
2003-09-25,5333.T,5.0
2004-03-26,5333.T,6.0
2004-09-27,5333.T,5.0
2005-03-28,5333.T,6.0
2005-09-27,5333.T,6.0
2006-03-28,5333.T,7.0
2006-09-26,5333.T,7.0
2007-03-27,5333.T,9.0
2007-09-25,5333.T,11.0
2008-03-26,5333.T,11.0
2008-09-25,5333.T,11.0
2009-03-26,5333.T,11.0
2009-09-25,5333.T,8.0
2010-03-29,5333.T,8.0
2010-09-28,5333.T,10.0
2011-03-29,5333.T,10.0
2011-09-28,5333.T,10.0
2012-03-28,5333.T,10.0
2012-09-26,5333.T,10.0
2013-03-27,5333.T,10.0
2013-09-26,5333.T,10.0
2014-03-27,5333.T,12.0
2014-09-26,5333.T,13.0
2015-03-27,5333.T,15.0
2015-09-28,5333.T,18.0
2016-03-29,5333.T,20.0
2016-09-28,5333.T,20.0
2017-03-29,5333.T,20.0
2017-09-27,5333.T,21.0
2018-03-28,5333.T,23.0
2018-09-26,5333.T,25.0
2019-03-27,5333.T,25.0
2019-09-27,5333.T,25.0
2020-03-30,5333.T,25.0
2020-09-29,5333.T,10.0
2021-03-30,5333.T,20.0
2021-09-29,5333.T,30.0
2022-03-30,5333.T,33.0
2022-09-29,5333.T,33.0
2023-03-30,5333.T,33.0
2023-09-28,5333.T,25.0
2024-03-28,5333.T,25.0
2024-09-27,5333.T,30.0
2025-03-28,5333.T,30.0
2025-09-29,5333.T,38.0
2000-03-28,5401.T,3.0
2001-03-27,5401.T,3.0
2002-03-26,5401.T,3.0
2003-03-26,5401.T,3.0
2004-03-26,5401.T,3.0
2005-03-28,5401.T,10.0
2006-03-28,5401.T,18.0
2006-09-26,5401.T,8.0
2007-03-27,5401.T,12.0
2007-09-25,5401.T,10.0
2008-03-26,5401.T,12.0
2008-09-25,5401.T,10.0
2009-03-26,5401.T,2.0
2010-03-29,5401.T,3.0
2011-03-29,5401.T,6.0
2011-09-28,5401.T,3.0
2012-03-28,5401.T,2.0
2013-03-27,5401.T,2.0
2013-09-26,5401.T,4.0
2014-03-27,5401.T,6.0
2014-09-26,5401.T,4.0
2015-03-27,5401.T,7.0
2015-09-28,5401.T,60.0
2016-03-29,5401.T,3.0
2017-03-29,5401.T,9.0
2017-09-27,5401.T,6.0
2018-03-28,5401.T,8.0
2018-09-26,5401.T,8.0
2019-03-27,5401.T,8.0
2019-09-27,5401.T,2.0
2021-03-30,5401.T,2.0
2021-09-29,5401.T,14.0
2022-03-30,5401.T,18.0
2022-09-29,5401.T,18.0
2023-03-30,5401.T,18.0
2023-09-28,5401.T,15.0
2024-03-28,5401.T,17.0
2024-09-27,5401.T,16.0
2025-03-28,5401.T,16.0
2025-09-29,5401.T,60.0
2004-03-26,5406.T,15.0
2005-03-28,5406.T,30.0
2006-03-28,5406.T,60.0
2006-09-26,5406.T,30.0
2007-03-27,5406.T,40.0
2007-09-25,5406.T,35.0
2008-03-26,5406.T,35.0
2008-09-25,5406.T,35.0
2009-03-26,5406.T,35.0
2010-03-29,5406.T,15.0
2010-09-28,5406.T,15.0
2011-03-29,5406.T,15.0
2011-09-28,5406.T,10.0
2014-03-27,5406.T,40.0
2014-09-26,5406.T,20.0
2015-03-27,5406.T,20.0
2015-09-28,5406.T,20.0
2018-03-28,5406.T,30.0
2018-09-26,5406.T,10.0
2019-03-27,5406.T,10.0
2021-03-30,5406.T,10.0
2021-09-29,5406.T,10.0
2022-03-30,5406.T,30.0
2022-09-29,5406.T,15.0
2023-03-30,5406.T,25.0
2023-09-28,5406.T,45.0
2024-03-28,5406.T,45.0
2024-09-27,5406.T,45.0
2025-03-28,5406.T,55.0
2025-09-29,5406.T,40.0
2003-03-26,5411.T,15.0
2004-03-26,5411.T,30.0
2005-03-28,5411.T,45.0
2006-03-28,5411.T,100.0
2006-09-26,5411.T,50.0
2007-03-27,5411.T,70.0
2007-09-25,5411.T,60.0
2008-03-26,5411.T,60.0
2008-09-25,5411.T,60.0
2009-03-26,5411.T,30.0
2010-03-29,5411.T,20.0
2010-09-28,5411.T,20.0
2011-03-29,5411.T,15.0
2011-09-28,5411.T,10.0
2012-03-28,5411.T,10.0
2013-03-27,5411.T,20.0
2013-09-26,5411.T,20.0
2014-03-27,5411.T,20.0
2014-09-26,5411.T,20.0
2015-03-27,5411.T,40.0
2015-09-28,5411.T,20.0
2016-03-29,5411.T,10.0
2017-03-29,5411.T,30.0
2017-09-27,5411.T,30.0
2018-03-28,5411.T,50.0
2018-09-26,5411.T,45.0
2019-03-27,5411.T,50.0
2019-09-27,5411.T,20.0
2021-03-30,5411.T,10.0
2021-09-29,5411.T,60.0
2022-03-30,5411.T,80.0
2022-09-29,5411.T,50.0
2023-03-30,5411.T,30.0
2023-09-28,5411.T,50.0
2024-03-28,5411.T,50.0
2024-09-27,5411.T,50.0
2025-03-28,5411.T,50.0
2025-09-29,5411.T,40.0
2004-03-26,5631.T,10.0
2005-03-28,5631.T,15.0
2006-03-28,5631.T,25.0
2007-03-27,5631.T,45.0
2007-09-25,5631.T,22.5
2008-03-26,5631.T,37.5
2008-09-25,5631.T,30.0
2009-03-26,5631.T,30.0
2009-09-25,5631.T,30.0
2010-03-29,5631.T,30.0
2010-09-28,5631.T,30.0
2011-03-29,5631.T,30.0
2011-09-28,5631.T,25.0
2012-03-28,5631.T,25.0
2012-09-26,5631.T,25.0
2013-03-27,5631.T,25.0
2013-09-26,5631.T,12.5
2014-03-27,5631.T,12.5
2014-09-26,5631.T,10.0
2015-03-27,5631.T,10.0
2015-09-28,5631.T,12.5
2016-03-29,5631.T,12.5
2016-09-28,5631.T,12.5
2017-03-29,5631.T,12.5
2017-09-27,5631.T,17.5
2018-03-28,5631.T,20.0
2018-09-26,5631.T,25.0
2019-03-27,5631.T,30.0
2019-09-27,5631.T,27.5
2020-03-30,5631.T,17.5
2020-09-29,5631.T,17.5
2021-03-30,5631.T,17.5
2021-09-29,5631.T,22.5
2022-03-30,5631.T,34.5
2022-09-29,5631.T,29.0
2023-03-30,5631.T,29.0
2023-09-28,5631.T,29.0
2024-03-28,5631.T,30.0
2024-09-27,5631.T,38.0
2025-03-28,5631.T,48.0
2025-09-29,5631.T,44.0
2000-03-28,5706.T,60.0
2001-03-27,5706.T,60.0
2002-03-26,5706.T,50.0
2003-03-26,5706.T,50.0
2004-03-26,5706.T,50.0
2005-03-28,5706.T,70.0
2006-03-28,5706.T,100.0
2007-03-27,5706.T,120.0
2008-03-26,5706.T,120.0
2009-03-26,5706.T,80.0
2010-03-29,5706.T,20.0
2011-03-29,5706.T,60.0
2012-03-28,5706.T,30.0
2013-03-27,5706.T,30.0
2014-03-27,5706.T,40.0
2015-03-27,5706.T,60.0
2016-03-29,5706.T,60.0
2017-03-29,5706.T,70.0
2018-03-28,5706.T,70.0
2019-03-27,5706.T,70.0
2020-03-30,5706.T,70.0
2021-03-30,5706.T,85.0
2022-03-30,5706.T,110.0
2023-03-30,5706.T,140.0
2023-09-28,5706.T,70.0
2024-03-28,5706.T,70.0
2024-09-27,5706.T,90.0
2025-03-28,5706.T,90.0
2025-09-29,5706.T,100.0
2000-03-28,5711.T,15.0
2001-03-27,5711.T,30.0
2004-03-26,5711.T,20.0
2005-03-28,5711.T,30.0
2006-03-28,5711.T,40.0
2006-09-26,5711.T,20.0
2007-03-27,5711.T,40.0
2007-09-25,5711.T,40.0
2008-03-26,5711.T,40.0
2008-09-25,5711.T,40.0
2009-03-26,5711.T,40.0
2011-03-29,5711.T,20.0
2012-03-28,5711.T,20.0
2013-03-27,5711.T,40.0
2013-09-26,5711.T,20.0
2014-03-27,5711.T,40.0
2014-09-26,5711.T,30.0
2015-03-27,5711.T,50.0
2015-09-28,5711.T,50.0
2016-03-29,5711.T,50.0
2016-09-28,5711.T,20.0
2017-03-29,5711.T,40.0
2017-09-27,5711.T,30.0
2018-03-28,5711.T,50.0
2018-09-26,5711.T,40.0
2019-03-27,5711.T,40.0
2019-09-27,5711.T,40.0
2020-03-30,5711.T,40.0
2021-03-30,5711.T,50.0
2021-09-29,5711.T,40.0
2022-03-30,5711.T,50.0
2022-09-29,5711.T,25.0
2023-03-30,5711.T,25.0
2023-09-28,5711.T,47.0
2024-03-28,5711.T,47.0
2024-09-27,5711.T,50.0
2025-03-28,5711.T,50.0
2025-09-29,5711.T,50.0
2000-03-28,5713.T,10.0
2001-03-27,5713.T,12.0
2002-03-26,5713.T,8.0
2003-03-26,5713.T,10.0
2004-03-26,5713.T,12.0
2005-03-28,5713.T,16.0
2006-03-28,5713.T,28.0
2006-09-26,5713.T,22.0
2007-03-27,5713.T,32.0
2007-09-25,5713.T,30.0
2008-03-26,5713.T,30.0
2008-09-25,5713.T,26.0
2009-09-25,5713.T,14.0
2010-03-29,5713.T,26.0
2010-09-28,5713.T,24.0
2011-03-29,5713.T,40.0
2011-09-28,5713.T,32.0
2012-03-28,5713.T,24.0
2012-09-26,5713.T,28.0
2013-03-27,5713.T,40.0
2013-09-26,5713.T,34.0
2014-03-27,5713.T,40.0
2014-09-26,5713.T,48.0
2015-03-27,5713.T,48.0
2015-09-28,5713.T,42.0
2016-03-29,5713.T,20.0
2016-09-28,5713.T,10.0
2017-03-29,5713.T,12.0
2017-09-27,5713.T,34.0
2018-03-28,5713.T,66.0
2018-09-26,5713.T,51.0
2019-03-27,5713.T,22.0
2019-09-27,5713.T,39.0
2020-03-30,5713.T,39.0
2020-09-29,5713.T,22.0
2021-03-30,5713.T,78.0
2021-09-29,5713.T,113.0
2022-03-30,5713.T,188.0
2022-09-29,5713.T,90.0
2023-03-30,5713.T,115.0
2023-09-28,5713.T,35.0
2024-03-28,5713.T,63.0
2024-09-27,5713.T,49.0
2025-03-28,5713.T,55.0
2025-09-29,5713.T,65.0
2000-03-28,5714.T,15.0
2001-03-27,5714.T,25.0
2002-03-26,5714.T,25.0
2003-03-26,5714.T,35.0
2004-03-26,5714.T,35.0
2005-03-28,5714.T,50.0
2006-03-28,5714.T,10.0
2007-03-27,5714.T,100.0
2008-03-26,5714.T,100.0
2009-03-26,5714.T,50.0
2010-03-29,5714.T,50.0
2011-03-29,5714.T,50.0
2012-03-28,5714.T,50.0
2013-03-27,5714.T,60.0
2014-03-27,5714.T,75.0
2015-03-27,5714.T,90.0
2016-03-29,5714.T,90.0
2017-03-29,5714.T,90.0
2018-03-28,5714.T,90.0
2019-03-27,5714.T,90.0
2020-03-30,5714.T,90.0
2021-03-30,5714.T,95.0
2022-03-30,5714.T,130.0
2023-03-30,5714.T,130.0
2024-03-28,5714.T,130.0
2025-03-28,5714.T,150.0
2000-03-28,5801.T,30.0
2000-09-26,5801.T,50.0
2001-03-27,5801.T,50.0
2001-09-25,5801.T,30.0
2002-03-26,5801.T,30.0
2003-03-26,5801.T,30.0
2006-03-28,5801.T,30.0
2006-09-26,5801.T,30.0
2007-03-27,5801.T,35.0
2007-09-25,5801.T,35.0
2008-03-26,5801.T,35.0
2008-09-25,5801.T,35.0
2009-03-26,5801.T,25.0
2009-09-25,5801.T,25.0
2010-03-29,5801.T,25.0
2010-09-28,5801.T,25.0
2011-03-29,5801.T,30.0
2011-09-28,5801.T,25.0
2013-03-27,5801.T,30.0
2014-03-27,5801.T,30.0
2015-03-27,5801.T,30.0
2016-03-29,5801.T,40.0
2017-03-29,5801.T,55.0
2018-03-28,5801.T,80.0
2019-03-27,5801.T,85.0
2020-03-30,5801.T,85.0
2021-03-30,5801.T,60.0
2022-03-30,5801.T,60.0
2023-03-30,5801.T,80.0
2024-03-28,5801.T,60.0
2025-03-28,5801.T,120.0
2000-03-28,5802.T,5.0
2000-09-26,5802.T,5.0
2001-03-27,5802.T,6.0
2001-09-25,5802.T,5.0
2002-03-26,5802.T,5.0
2002-09-25,5802.T,4.0
2003-03-26,5802.T,4.0
2003-09-25,5802.T,4.0
2004-03-26,5802.T,4.0
2004-09-27,5802.T,5.0
2005-03-28,5802.T,5.0
2005-09-27,5802.T,6.0
2006-03-28,5802.T,7.0
2006-09-26,5802.T,7.0
2007-03-27,5802.T,10.0
2007-09-25,5802.T,10.0
2008-03-26,5802.T,10.0
2008-09-25,5802.T,11.0
2009-03-26,5802.T,7.0
2009-09-25,5802.T,7.0
2010-03-29,5802.T,9.0
2010-09-28,5802.T,9.0
2011-03-29,5802.T,10.0
2011-09-28,5802.T,9.0
2012-03-28,5802.T,10.0
2012-09-26,5802.T,10.0
2013-03-27,5802.T,10.0
2013-09-26,5802.T,10.0
2014-03-27,5802.T,12.0
2014-09-26,5802.T,12.0
2015-03-27,5802.T,18.0
2015-09-28,5802.T,17.0
2016-03-29,5802.T,18.0
2016-09-28,5802.T,17.0
2017-03-29,5802.T,23.0
2017-09-27,5802.T,21.0
2018-03-28,5802.T,25.0
2018-09-26,5802.T,24.0
2019-03-27,5802.T,24.0
2019-09-27,5802.T,24.0
2020-03-30,5802.T,16.0
2020-09-29,5802.T,16.0
2021-03-30,5802.T,16.0
2021-09-29,5802.T,25.0
2022-03-30,5802.T,25.0
2022-09-29,5802.T,25.0
2023-03-30,5802.T,25.0
2023-09-28,5802.T,25.0
2024-03-28,5802.T,52.0
2024-09-27,5802.T,36.0
2025-03-28,5802.T,61.0
2025-09-29,5802.T,50.0
2000-03-28,5803.T,2.5
2000-09-26,5803.T,2.5
2001-03-27,5803.T,4.5
2001-09-25,5803.T,3.5
2002-03-26,5803.T,3.5
2003-03-26,5803.T,3.0
2004-03-26,5803.T,3.0
2004-09-27,5803.T,3.0
2005-03-28,5803.T,3.0
2005-09-27,5803.T,4.0
2006-03-28,5803.T,2.0
2006-09-26,5803.T,5.0
2007-03-27,5803.T,5.0
2007-09-25,5803.T,5.0
2008-03-26,5803.T,5.0
2008-09-25,5803.T,5.0
2009-03-26,5803.T,2.5
2009-09-25,5803.T,2.5
2010-03-29,5803.T,2.25
2010-09-28,5803.T,2.5
2011-03-29,5803.T,3.5
2011-09-28,5803.T,2.5
2012-03-28,5803.T,2.5
2012-09-26,5803.T,2.5
2013-03-27,5803.T,2.5
2013-09-26,5803.T,3.0
2014-03-27,5803.T,3.0
2014-09-26,5803.T,3.5
2015-03-27,5803.T,3.5
2015-09-28,5803.T,4.0
2016-03-29,5803.T,4.0
2016-09-28,5803.T,5.0
2017-03-29,5803.T,5.0
2017-09-27,5803.T,7.0
2018-03-28,5803.T,7.0
2018-09-26,5803.T,7.0
2019-03-27,5803.T,5.0
2019-09-27,5803.T,5.0
2022-03-30,5803.T,10.0
2022-09-29,5803.T,13.0
2023-03-30,5803.T,17.0
2023-09-28,5803.T,22.5
2024-03-28,5803.T,32.5
2024-09-27,5803.T,33.5
2025-03-28,5803.T,66.5
2025-09-29,5803.T,95.0
2023-03-30,5831.T,15.0
2023-09-28,5831.T,17.0
2024-03-28,5831.T,22.0
2024-09-27,5831.T,25.0
2025-03-28,5831.T,35.0
2025-09-29,5831.T,39.0
2015-03-27,6098.T,15.666667
2016-03-29,6098.T,16.666668
2017-03-29,6098.T,21.666668
2017-09-27,6098.T,11.0
2018-03-28,6098.T,12.0
2018-09-26,6098.T,13.5
2019-03-27,6098.T,14.5
2019-09-27,6098.T,15.0
2020-03-30,6098.T,15.0
2020-09-29,6098.T,9.5
2021-03-30,6098.T,10.5
2021-09-29,6098.T,10.5
2022-03-30,6098.T,10.5
2022-09-29,6098.T,11.0
2023-03-30,6098.T,11.0
2023-09-28,6098.T,11.5
2024-03-28,6098.T,11.5
2024-09-27,6098.T,12.0
2025-03-28,6098.T,12.0
2025-09-29,6098.T,12.5
2000-03-28,6103.T,7.5
2001-03-27,6103.T,7.5
2005-03-28,6103.T,12.5
2006-03-28,6103.T,5.0
2006-09-26,6103.T,12.5
2007-03-27,6103.T,25.0
2007-09-25,6103.T,15.0
2008-03-26,6103.T,27.5
2008-09-25,6103.T,22.5
2009-03-26,6103.T,5.0
2011-03-29,6103.T,5.0
2011-09-28,6103.T,7.5
2012-03-28,6103.T,12.5
2012-09-26,6103.T,12.5
2013-03-27,6103.T,12.5
2013-09-26,6103.T,12.5
2014-03-27,6103.T,12.5
2014-09-26,6103.T,15.0
2015-03-27,6103.T,20.0
2015-09-28,6103.T,20.0
2016-03-29,6103.T,25.0
2016-09-28,6103.T,22.5
2017-03-29,6103.T,22.5
2017-09-27,6103.T,4.5
2018-03-28,6103.T,30.0
2018-09-26,6103.T,30.0
2019-03-27,6103.T,32.5
2019-09-27,6103.T,32.5
2020-03-30,6103.T,32.5
2020-09-29,6103.T,7.5
2021-03-30,6103.T,10.0
2021-09-29,6103.T,17.5
2022-03-30,6103.T,27.5
2022-09-29,6103.T,45.0
2023-03-30,6103.T,45.0
2023-09-28,6103.T,50.0
2024-03-28,6103.T,50.0
2024-09-27,6103.T,50.0
2025-03-28,6103.T,50.0
2025-09-29,6103.T,50.0
2001-03-27,6113.T,6.0
2002-03-26,6113.T,5.0
2003-03-26,6113.T,5.0
2004-03-26,6113.T,5.0
2005-03-28,6113.T,10.0
2006-03-28,6113.T,16.0
2006-09-26,6113.T,9.0
2007-03-27,6113.T,11.0
2007-09-25,6113.T,11.0
2008-03-26,6113.T,11.0
2008-09-25,6113.T,11.0
2009-03-26,6113.T,5.0
2009-09-25,6113.T,5.0
2010-03-29,6113.T,5.0
2010-09-28,6113.T,5.0
2011-03-29,6113.T,5.0
2011-09-28,6113.T,6.0
2012-03-28,6113.T,6.0
2012-09-26,6113.T,8.0
2013-03-27,6113.T,4.0
2013-09-26,6113.T,7.0
2014-03-27,6113.T,13.0
2014-09-26,6113.T,13.0
2015-03-27,6113.T,13.0
2015-09-28,6113.T,16.0
2016-03-29,6113.T,20.0
2016-09-28,6113.T,24.0
2017-03-29,6113.T,18.0
2017-09-27,6113.T,20.0
2018-03-28,6113.T,22.0
2018-09-26,6113.T,21.0
2019-03-27,6113.T,25.0
2019-09-27,6113.T,24.0
2020-03-30,6113.T,24.0
2020-09-29,6113.T,15.0
2021-03-30,6113.T,15.0
2021-09-29,6113.T,17.0
2022-03-30,6113.T,21.0
2022-09-29,6113.T,22.0
2023-03-30,6113.T,26.0
2023-09-28,6113.T,25.0
2024-03-28,6113.T,35.0
2024-09-27,6113.T,31.0
2025-03-28,6113.T,31.0
2025-09-29,6113.T,31.0
2001-03-27,6146.T,8.333333
2001-09-25,6146.T,3.333333
2002-03-26,6146.T,3.333333
2002-09-25,6146.T,3.333333
2003-03-26,6146.T,3.333333
2003-09-25,6146.T,5.0
2004-03-26,6146.T,5.0
2004-09-27,6146.T,5.0
2005-03-28,6146.T,3.333333
2005-09-27,6146.T,5.0
2006-03-28,6146.T,11.666667
2006-09-26,6146.T,10.0
2007-03-27,6146.T,15.0
2007-09-25,6146.T,11.666667
2008-03-26,6146.T,14.666667
2008-09-25,6146.T,3.333333
2009-03-26,6146.T,3.333333
2009-09-25,6146.T,3.333333
2010-03-29,6146.T,3.333333
2010-09-28,6146.T,8.333333
2011-03-29,6146.T,13.333333
2011-09-28,6146.T,9.666667
2012-03-28,6146.T,6.333333
2012-09-26,6146.T,13.333333
2013-03-27,6146.T,5.333333
2013-09-26,6146.T,16.666668
2014-03-27,6146.T,13.333333
2014-09-26,6146.T,24.0
2015-03-27,6146.T,29.333332
2015-09-28,6146.T,28.333332
2016-03-29,6146.T,76.666664
2016-09-28,6146.T,27.666668
2017-03-29,6146.T,97.0
2017-09-27,6146.T,47.0
2018-03-28,6146.T,82.666664
2018-09-26,6146.T,38.0
2019-03-27,6146.T,69.333336
2019-09-27,6146.T,30.333332
2020-03-30,6146.T,115.666664
2020-09-29,6146.T,38.666668
2021-03-30,6146.T,187.0
2021-09-29,6146.T,66.333336
2022-03-30,6146.T,203.0
2022-09-29,6146.T,94.0
2023-03-30,6146.T,211.33333
2023-09-28,6146.T,76.0
2024-03-28,6146.T,231.0
2024-09-27,6146.T,124.0
2025-03-28,6146.T,289.0
2025-09-29,6146.T,129.0
2016-03-29,6178.T,25.0
2016-09-28,6178.T,25.0
2017-03-29,6178.T,25.0
2017-09-27,6178.T,25.0
2018-03-28,6178.T,32.0
2018-09-26,6178.T,25.0
2019-03-27,6178.T,25.0
2019-09-27,6178.T,25.0
2020-03-30,6178.T,25.0
2021-03-30,6178.T,50.0
2022-03-30,6178.T,50.0
2023-03-30,6178.T,50.0
2023-09-28,6178.T,25.0
2024-03-28,6178.T,25.0
2024-09-27,6178.T,25.0
2025-03-28,6178.T,25.0
2025-09-29,6178.T,25.0
2001-03-27,6273.T,19.0
2001-09-25,6273.T,19.0
2002-03-26,6273.T,19.0
2002-09-25,6273.T,19.0
2003-03-26,6273.T,19.0
2003-09-25,6273.T,19.0
2004-03-26,6273.T,29.0
2004-09-27,6273.T,19.0
2005-03-28,6273.T,81.0
2005-09-27,6273.T,50.0
2006-03-28,6273.T,50.0
2006-09-26,6273.T,60.0
2007-03-27,6273.T,60.0
2007-09-25,6273.T,60.0
2008-03-26,6273.T,60.0
2008-09-25,6273.T,60.0
2009-03-26,6273.T,60.0
2009-09-25,6273.T,50.0
2010-03-29,6273.T,50.0
2010-09-28,6273.T,50.0
2011-03-29,6273.T,60.0
2011-09-28,6273.T,60.0
2012-03-28,6273.T,70.0
2012-09-26,6273.T,70.0
2013-03-27,6273.T,80.0
2013-09-26,6273.T,80.0
2014-03-27,6273.T,90.0
2014-09-26,6273.T,90.0
2015-03-27,6273.T,100.0
2015-09-28,6273.T,100.0
2016-03-29,6273.T,100.0
2016-09-28,6273.T,100.0
2017-03-29,6273.T,200.0
2017-09-27,6273.T,200.0
2018-03-28,6273.T,200.0
2018-09-26,6273.T,200.0
2019-03-27,6273.T,200.0
2019-09-27,6273.T,200.0
2020-03-30,6273.T,200.0
2020-09-29,6273.T,200.0
2021-03-30,6273.T,300.0
2021-09-29,6273.T,300.0
2022-03-30,6273.T,450.0
2022-09-29,6273.T,450.0
2023-03-30,6273.T,450.0
2023-09-28,6273.T,450.0
2024-03-28,6273.T,500.0
2024-09-27,6273.T,500.0
2025-03-28,6273.T,500.0
2025-09-29,6273.T,500.0
2000-03-28,6301.T,3.0
2000-09-26,6301.T,3.0
2001-03-27,6301.T,3.0
2001-09-25,6301.T,3.0
2002-03-26,6301.T,3.0
2002-09-25,6301.T,3.0
2003-03-26,6301.T,3.0
2003-09-25,6301.T,3.0
2004-03-26,6301.T,4.0
2004-09-27,6301.T,5.0
2005-03-28,6301.T,6.0
2005-09-27,6301.T,8.0
2006-03-28,6301.T,10.0
2006-09-26,6301.T,13.0
2007-03-27,6301.T,18.0
2007-09-25,6301.T,20.0
2008-03-26,6301.T,22.0
2008-09-25,6301.T,22.0
2009-03-26,6301.T,18.0
2009-09-25,6301.T,8.0
2010-03-29,6301.T,8.0
2010-09-28,6301.T,18.0
2011-03-29,6301.T,20.0
2011-09-28,6301.T,21.0
2012-03-28,6301.T,21.0
2012-09-26,6301.T,24.0
2013-03-27,6301.T,24.0
2013-09-26,6301.T,29.0
2014-03-27,6301.T,29.0
2014-09-26,6301.T,29.0
2015-03-27,6301.T,29.0
2015-09-28,6301.T,29.0
2016-03-29,6301.T,29.0
2016-09-28,6301.T,29.0
2017-03-29,6301.T,29.0
2017-09-27,6301.T,36.0
2018-03-28,6301.T,48.0
2018-09-26,6301.T,51.0
2019-03-27,6301.T,59.0
2019-09-27,6301.T,55.0
2020-03-30,6301.T,39.0
2020-09-29,6301.T,18.0
2021-03-30,6301.T,35.0
2021-09-29,6301.T,40.0
2022-03-30,6301.T,56.0
2022-09-29,6301.T,64.0
2023-03-30,6301.T,75.0
2023-09-28,6301.T,72.0
2024-03-28,6301.T,95.0
2024-09-27,6301.T,83.0
2025-03-28,6301.T,107.0
2025-09-29,6301.T,95.0
2000-03-28,6302.T,15.0
2005-03-28,6302.T,15.0
2005-09-27,6302.T,12.5
2006-03-28,6302.T,12.5
2006-09-26,6302.T,17.5
2007-03-27,6302.T,17.5
2007-09-25,6302.T,25.0
2008-03-26,6302.T,25.0
2008-09-25,6302.T,30.0
2009-03-26,6302.T,30.0
2010-03-29,6302.T,20.0
2011-03-29,6302.T,40.0
2011-09-28,6302.T,20.0
2012-03-28,6302.T,30.0
2012-09-26,6302.T,20.0
2013-03-27,6302.T,20.0
2013-09-26,6302.T,15.0
2014-03-27,6302.T,20.0
2014-09-26,6302.T,25.0
2015-03-27,6302.T,35.0
2015-09-28,6302.T,35.0
2016-03-29,6302.T,45.0
2016-09-28,6302.T,35.0
2017-03-29,6302.T,45.0
2017-09-27,6302.T,40.0
2018-03-28,6302.T,45.0
2018-09-26,6302.T,50.0
2019-03-27,6302.T,62.0
2019-09-27,6302.T,56.0
2020-03-30,6302.T,35.0
2020-09-29,6302.T,9.0
2021-03-30,6302.T,45.0
2021-09-29,6302.T,35.0
2022-03-30,6302.T,80.0
2022-09-29,6302.T,45.0
2022-12-29,6302.T,45.0
2023-06-29,6302.T,60.0
2023-12-28,6302.T,60.0
2024-06-27,6302.T,60.0
2024-12-27,6302.T,65.0
2025-06-27,6302.T,60.0
2025-12-29,6302.T,65.0
2001-03-27,6305.T,3.0
2002-09-25,6305.T,3.0
2003-03-26,6305.T,4.0
2003-09-25,6305.T,4.0
2004-03-26,6305.T,7.0
2004-09-27,6305.T,7.0
2005-03-28,6305.T,7.0
2005-09-27,6305.T,8.0
2006-03-28,6305.T,10.0
2006-09-26,6305.T,14.0
2007-03-27,6305.T,14.0
2007-09-25,6305.T,20.0
2008-03-26,6305.T,22.0
2008-09-25,6305.T,22.0
2009-03-26,6305.T,22.0
2009-09-25,6305.T,5.0
2010-03-29,6305.T,5.0
2010-09-28,6305.T,10.0
2011-03-29,6305.T,10.0
2011-09-28,6305.T,15.0
2012-03-28,6305.T,15.0
2012-09-26,6305.T,20.0
2013-03-27,6305.T,20.0
2013-09-26,6305.T,25.0
2014-03-27,6305.T,25.0
2014-09-26,6305.T,30.0
2015-03-27,6305.T,30.0
2015-09-28,6305.T,30.0
2016-03-29,6305.T,10.0
2016-09-28,6305.T,4.0
2017-03-29,6305.T,8.0
2017-09-27,6305.T,36.0
2018-03-28,6305.T,49.0
2018-09-26,6305.T,43.0
2019-03-27,6305.T,57.0
2019-09-27,6305.T,36.0
2020-03-30,6305.T,24.0
2020-09-29,6305.T,10.0
2021-03-30,6305.T,10.0
2021-09-29,6305.T,45.0
2022-03-30,6305.T,65.0
2022-09-29,6305.T,50.0
2023-03-30,6305.T,60.0
2023-09-28,6305.T,85.0
2024-03-28,6305.T,65.0
2024-09-27,6305.T,65.0
2025-03-28,6305.T,110.0
2025-09-29,6305.T,75.0
2000-03-28,6326.T,3.0
2000-09-26,6326.T,3.0
2001-03-27,6326.T,3.0
2001-09-25,6326.T,3.0
2002-03-26,6326.T,3.0
2002-09-25,6326.T,3.0
2003-03-26,6326.T,3.0
2003-09-25,6326.T,3.0
2004-03-26,6326.T,3.0
2004-09-27,6326.T,3.0
2005-03-28,6326.T,5.0
2005-09-27,6326.T,4.0
2006-03-28,6326.T,6.0
2006-09-26,6326.T,5.0
2007-03-27,6326.T,7.0
2007-09-25,6326.T,6.0
2008-03-26,6326.T,8.0
2008-09-25,6326.T,7.0
2009-03-26,6326.T,7.0
2009-09-25,6326.T,7.0
2010-03-29,6326.T,5.0
2010-09-28,6326.T,7.0
2011-03-29,6326.T,7.0
2011-09-28,6326.T,7.0
2012-03-28,6326.T,8.0
2012-09-26,6326.T,8.0
2013-03-27,6326.T,9.0
2013-09-26,6326.T,10.0
2014-03-27,6326.T,18.0
2014-09-26,6326.T,12.0
2015-03-27,6326.T,16.0
2015-09-28,6326.T,14.0
2015-12-28,6326.T,14.0
2016-06-28,6326.T,14.0
2016-12-28,6326.T,16.0
2017-06-28,6326.T,15.0
2017-12-27,6326.T,17.0
2018-06-27,6326.T,16.0
2018-12-26,6326.T,18.0
2019-06-26,6326.T,17.0
2019-12-27,6326.T,19.0
2020-06-29,6326.T,17.0
2020-12-29,6326.T,19.0
2021-06-29,6326.T,21.0
2021-12-29,6326.T,21.0
2022-06-29,6326.T,22.0
2022-12-29,6326.T,22.0
2023-06-29,6326.T,24.0
2023-12-28,6326.T,24.0
2024-06-27,6326.T,25.0
2024-12-27,6326.T,25.0
2025-06-27,6326.T,25.0
2025-12-29,6326.T,25.0
2000-03-28,6361.T,5.75
2000-09-26,6361.T,5.75
2001-03-27,6361.T,5.75
2001-09-25,6361.T,5.75
2002-03-26,6361.T,5.75
2003-03-26,6361.T,7.5
2004-03-26,6361.T,7.5
2005-03-28,6361.T,7.5
2006-03-28,6361.T,7.5
2007-03-27,6361.T,7.5
2008-03-26,6361.T,7.5
2009-03-26,6361.T,7.5
2011-03-29,6361.T,5.0
2012-03-28,6361.T,5.0
2012-09-26,6361.T,2.5
2013-03-27,6361.T,2.5
2013-09-26,6361.T,2.5
2014-03-27,6361.T,5.0
2014-09-26,6361.T,3.75
2015-03-27,6361.T,8.25
2015-09-28,6361.T,6.0
2016-03-29,6361.T,6.0
2016-09-28,6361.T,6.0
2017-03-29,6361.T,6.0
2017-09-27,6361.T,6.0
2017-12-27,6361.T,3.0
2018-06-27,6361.T,6.0
2018-12-26,6361.T,6.0
2019-06-26,6361.T,6.0
2019-12-27,6361.T,6.0
2020-06-29,6361.T,6.0
2020-12-30,6361.T,6.0
2021-06-29,6361.T,10.0
2021-12-29,6361.T,22.6
2022-06-29,6361.T,17.0
2022-12-29,6361.T,21.6
2023-06-29,6361.T,19.5
2023-12-28,6361.T,26.3
2024-06-27,6361.T,23.0
2024-12-27,6361.T,32.0
2025-06-27,6361.T,28.0
2025-12-29,6361.T,31.0
2000-03-28,6367.T,5.0
2000-09-26,6367.T,6.0
2001-03-27,6367.T,6.0
2001-09-25,6367.T,6.0
2002-03-26,6367.T,6.0
2002-09-25,6367.T,6.0
2003-03-26,6367.T,6.0
2003-09-25,6367.T,6.0
2004-03-26,6367.T,8.0
2004-09-27,6367.T,7.0
2005-03-28,6367.T,11.0
2005-09-27,6367.T,11.0
2006-03-28,6367.T,11.0
2006-09-26,6367.T,14.0
2007-03-27,6367.T,14.0
2007-09-25,6367.T,19.0
2008-03-26,6367.T,19.0
2008-09-25,6367.T,19.0
2009-03-26,6367.T,19.0
2009-09-25,6367.T,16.0
2010-03-29,6367.T,16.0
2010-09-28,6367.T,18.0
2011-03-29,6367.T,18.0
2011-09-28,6367.T,18.0
2012-03-28,6367.T,18.0
2012-09-26,6367.T,18.0
2013-03-27,6367.T,18.0
2013-09-26,6367.T,23.0
2014-03-27,6367.T,27.0
2014-09-26,6367.T,40.0
2015-03-27,6367.T,60.0
2015-09-28,6367.T,55.0
2016-03-29,6367.T,65.0
2016-09-28,6367.T,60.0
2017-03-29,6367.T,70.0
2017-09-27,6367.T,65.0
2018-03-28,6367.T,75.0
2018-09-26,6367.T,70.0
2019-03-27,6367.T,90.0
2019-09-27,6367.T,80.0
2020-03-30,6367.T,80.0
2020-09-29,6367.T,80.0
2021-03-30,6367.T,80.0
2021-09-29,6367.T,90.0
2022-03-30,6367.T,110.0
2022-09-29,6367.T,100.0
2023-03-30,6367.T,140.0
2023-09-28,6367.T,120.0
2024-03-28,6367.T,130.0
2024-09-27,6367.T,185.0
2025-03-28,6367.T,145.0
2025-09-29,6367.T,165.0
2000-03-28,6471.T,2.5
2000-09-26,6471.T,3.0
2001-03-27,6471.T,3.0
2001-09-25,6471.T,2.5
2002-03-26,6471.T,2.5
2002-09-25,6471.T,2.5
2003-03-26,6471.T,2.5
2003-09-25,6471.T,2.5
2004-03-26,6471.T,4.0
2004-09-27,6471.T,5.5
2005-03-28,6471.T,5.5
2005-09-27,6471.T,5.5
2006-03-28,6471.T,6.5
2006-09-26,6471.T,7.0
2007-03-27,6471.T,9.0
2007-09-25,6471.T,9.0
2008-03-26,6471.T,10.0
2008-09-25,6471.T,10.0
2009-03-26,6471.T,4.0
2009-09-25,6471.T,4.0
2010-03-29,6471.T,4.0
2010-09-28,6471.T,5.0
2011-03-29,6471.T,6.0
2011-09-28,6471.T,6.0
2012-03-28,6471.T,6.0
2012-09-26,6471.T,6.0
2013-03-27,6471.T,5.0
2013-09-26,6471.T,7.0
2014-03-27,6471.T,9.0
2014-09-26,6471.T,12.0
2015-03-27,6471.T,16.0
2015-09-28,6471.T,17.0
2016-03-29,6471.T,17.0
2016-09-28,6471.T,24.0
2017-03-29,6471.T,14.0
2017-09-27,6471.T,19.0
2018-03-28,6471.T,21.0
2018-09-26,6471.T,20.0
2019-03-27,6471.T,20.0
2019-09-27,6471.T,20.0
2020-03-30,6471.T,10.0
2020-09-29,6471.T,10.0
2021-03-30,6471.T,10.0
2021-09-29,6471.T,10.0
2022-03-30,6471.T,15.0
2022-09-29,6471.T,15.0
2023-03-30,6471.T,15.0
2023-09-28,6471.T,15.0
2024-03-28,6471.T,15.0
2024-09-27,6471.T,17.0
2025-03-28,6471.T,17.0
2025-09-29,6471.T,17.0
2000-03-28,6472.T,3.0
2000-09-26,6472.T,3.0
2001-03-27,6472.T,3.0
2001-09-25,6472.T,3.0
2002-03-26,6472.T,2.5
2002-09-25,6472.T,2.5
2003-03-26,6472.T,2.5
2003-09-25,6472.T,2.5
2004-03-26,6472.T,3.0
2004-09-27,6472.T,3.5
2005-03-28,6472.T,5.0
2005-09-27,6472.T,5.0
2006-03-28,6472.T,6.0
2006-09-26,6472.T,7.0
2007-03-27,6472.T,9.0
2007-09-25,6472.T,9.0
2008-03-26,6472.T,10.0
2008-09-25,6472.T,9.0
2009-03-26,6472.T,4.0
2009-09-25,6472.T,4.0
2010-03-29,6472.T,4.0
2010-09-28,6472.T,5.0
2011-03-29,6472.T,5.0
2011-09-28,6472.T,5.0
2012-03-28,6472.T,5.0
2014-03-27,6472.T,2.0
2014-09-26,6472.T,2.5
2015-03-27,6472.T,3.5
2015-09-28,6472.T,5.0
2016-03-29,6472.T,5.0
2016-09-28,6472.T,5.0
2017-03-29,6472.T,5.0
2017-09-27,6472.T,7.5
2018-03-28,6472.T,7.5
2018-09-26,6472.T,7.5
2019-03-27,6472.T,7.5
2019-09-27,6472.T,5.0
2022-09-29,6472.T,2.5
2023-03-30,6472.T,2.5
2023-09-28,6472.T,5.0
2024-03-28,6472.T,5.0
2024-09-27,6472.T,5.5
2025-03-28,6472.T,5.5
2025-09-29,6472.T,5.5
2000-03-28,6473.T,3.0
2000-09-26,6473.T,3.0
2001-03-27,6473.T,3.0
2001-09-25,6473.T,3.0
2002-03-26,6473.T,3.0
2002-09-25,6473.T,3.0
2003-03-26,6473.T,3.0
2003-09-25,6473.T,3.0
2004-03-26,6473.T,4.0
2004-09-27,6473.T,4.0
2005-03-28,6473.T,5.0
2005-09-27,6473.T,6.0
2006-03-28,6473.T,9.0
2006-09-26,6473.T,9.0
2007-03-27,6473.T,10.0
2007-09-25,6473.T,11.0
2008-03-26,6473.T,13.0
2008-09-25,6473.T,11.0
2009-03-26,6473.T,6.0
2009-09-25,6473.T,5.0
2010-03-29,6473.T,6.0
2010-09-28,6473.T,7.0
2011-03-29,6473.T,9.0
2011-09-28,6473.T,7.0
2012-03-28,6473.T,9.0
2012-09-26,6473.T,7.0
2013-03-27,6473.T,9.0
2013-09-26,6473.T,7.0
2014-03-27,6473.T,11.0
2014-09-26,6473.T,14.0
2015-03-27,6473.T,20.0
2015-09-28,6473.T,21.0
2016-03-29,6473.T,21.0
2016-09-28,6473.T,21.0
2017-03-29,6473.T,21.0
2017-09-27,6473.T,21.0
2018-03-28,6473.T,22.0
2018-09-26,6473.T,22.0
2019-03-27,6473.T,22.0
2019-09-27,6473.T,22.0
2020-03-30,6473.T,16.0
2020-09-29,6473.T,8.0
2021-03-30,6473.T,8.0
2021-09-29,6473.T,8.0
2022-03-30,6473.T,10.0
2022-09-29,6473.T,11.0
2023-03-30,6473.T,19.0
2023-09-28,6473.T,16.0
2024-03-28,6473.T,20.0
2024-09-27,6473.T,25.0
2025-03-28,6473.T,25.0
2025-09-29,6473.T,30.0
2000-03-28,6479.T,7.0
2001-03-27,6479.T,7.0
2002-03-26,6479.T,7.0
2003-03-26,6479.T,7.0
2004-03-26,6479.T,7.0
2005-03-28,6479.T,7.0
2006-03-28,6479.T,7.0
2007-03-27,6479.T,10.0
2008-03-26,6479.T,10.0
2008-09-25,6479.T,5.0
2009-03-26,6479.T,2.0
2009-09-25,6479.T,3.0
2010-03-29,6479.T,4.0
2010-09-28,6479.T,3.0
2011-03-29,6479.T,4.0
2011-09-28,6479.T,3.0
2012-03-28,6479.T,4.0
2012-09-26,6479.T,3.0
2013-03-27,6479.T,4.0
2013-09-26,6479.T,3.0
2014-03-27,6479.T,5.0
2014-09-26,6479.T,6.0
2015-03-27,6479.T,6.0
2015-09-28,6479.T,10.0
2016-03-29,6479.T,10.0
2016-09-28,6479.T,7.0
2017-03-29,6479.T,7.0
2017-09-27,6479.T,13.0
2018-03-28,6479.T,13.0
2018-09-26,6479.T,14.0
2019-03-27,6479.T,14.0
2019-09-27,6479.T,14.0
2020-03-30,6479.T,14.0
2020-09-29,6479.T,14.0
2021-03-30,6479.T,22.0
2021-09-29,6479.T,18.0
2022-03-30,6479.T,18.0
2022-09-29,6479.T,20.0
2023-03-30,6479.T,20.0
2023-09-28,6479.T,20.0
2024-03-28,6479.T,20.0
2024-09-27,6479.T,20.0
2025-03-28,6479.T,25.0
2025-09-29,6479.T,25.0
2000-03-28,6501.T,3.0
2000-09-26,6501.T,5.5
2001-03-27,6501.T,5.5
2001-09-25,6501.T,3.0
2002-09-25,6501.T,3.0
2003-03-26,6501.T,3.0
2003-09-25,6501.T,3.0
2004-03-26,6501.T,5.0
2004-09-27,6501.T,5.5
2005-03-28,6501.T,5.5
2005-09-27,6501.T,5.5
2006-03-28,6501.T,5.5
2006-09-26,6501.T,3.0
2007-03-27,6501.T,3.0
2007-09-25,6501.T,3.0
2008-03-26,6501.T,3.0
2008-09-25,6501.T,3.0
2009-03-26,6501.T,3.0
2010-09-28,6501.T,5.0
2011-03-29,6501.T,3.0
2011-09-28,6501.T,3.0
2012-03-28,6501.T,5.0
2012-09-26,6501.T,5.0
2013-03-27,6501.T,5.0
2013-09-26,6501.T,5.0
2014-03-27,6501.T,5.5
2014-09-26,6501.T,6.0
2015-03-27,6501.T,6.0
2015-09-28,6501.T,6.0
2016-03-29,6501.T,6.0
2016-09-28,6501.T,6.0
2017-03-29,6501.T,7.0
2017-09-27,6501.T,7.0
2018-03-28,6501.T,8.0
2018-09-26,6501.T,1.6
2019-03-27,6501.T,10.0
2019-09-27,6501.T,9.0
2020-03-30,6501.T,10.0
2020-09-29,6501.T,10.0
2021-03-30,6501.T,11.0
2021-09-29,6501.T,12.0
2022-03-30,6501.T,13.0
2022-09-29,6501.T,14.0
2023-03-30,6501.T,15.0
2023-09-28,6501.T,16.0
2024-03-28,6501.T,20.0
2024-09-27,6501.T,21.0
2025-03-28,6501.T,22.0
2025-09-29,6501.T,23.0
2000-03-28,6503.T,2.5
2000-09-26,6503.T,4.0
2001-03-27,6503.T,6.0
2003-03-26,6503.T,3.0
2004-03-26,6503.T,4.0
2004-09-27,6503.T,2.0
2005-03-28,6503.T,4.0
2005-09-27,6503.T,3.0
2006-03-28,6503.T,5.0
2006-09-26,6503.T,4.0
2007-03-27,6503.T,6.0
2007-09-25,6503.T,6.0
2008-03-26,6503.T,7.0
2008-09-25,6503.T,6.0
2010-03-29,6503.T,4.0
2010-09-28,6503.T,5.0
2011-03-29,6503.T,7.0
2011-09-28,6503.T,6.0
2012-03-28,6503.T,6.0
2012-09-26,6503.T,5.0
2013-03-27,6503.T,6.0
2013-09-26,6503.T,6.0
2014-03-27,6503.T,11.0
2014-09-26,6503.T,9.0
2015-03-27,6503.T,18.0
2015-09-28,6503.T,9.0
2016-03-29,6503.T,18.0
2016-09-28,6503.T,9.0
2017-03-29,6503.T,18.0
2017-09-27,6503.T,14.0
2018-03-28,6503.T,26.0
2018-09-26,6503.T,14.0
2019-03-27,6503.T,26.0
2019-09-27,6503.T,14.0
2020-03-30,6503.T,26.0
2020-09-29,6503.T,10.0
2021-03-30,6503.T,26.0
2021-09-29,6503.T,14.0
2022-03-30,6503.T,26.0
2022-09-29,6503.T,14.0
2023-03-30,6503.T,26.0
2023-09-28,6503.T,20.0
2024-03-28,6503.T,30.0
2024-09-27,6503.T,20.0
2025-03-28,6503.T,30.0
2025-09-29,6503.T,25.0
2001-03-27,6504.T,30.0
2001-09-25,6504.T,12.5
2002-03-26,6504.T,12.5
2002-09-25,6504.T,12.5
2003-03-26,6504.T,12.5
2003-09-25,6504.T,12.5
2004-03-26,6504.T,12.5
2004-09-27,6504.T,12.5
2005-03-28,6504.T,12.5
2005-09-27,6504.T,15.0
2006-03-28,6504.T,20.0
2006-09-26,6504.T,20.0
2007-03-27,6504.T,20.0
2007-09-25,6504.T,20.0
2008-03-26,6504.T,20.0
2008-09-25,6504.T,20.0
2009-03-26,6504.T,20.0
2010-03-29,6504.T,6.75
2010-09-28,6504.T,10.0
2011-03-29,6504.T,10.0
2011-09-28,6504.T,10.0
2012-03-28,6504.T,10.0
2012-09-26,6504.T,10.0
2013-03-27,6504.T,15.0
2013-09-26,6504.T,15.0
2014-03-27,6504.T,20.0
2014-09-26,6504.T,20.0
2015-03-27,6504.T,25.0
2015-09-28,6504.T,25.0
2016-03-29,6504.T,25.0
2016-09-28,6504.T,25.0
2017-03-29,6504.T,30.0
2017-09-27,6504.T,30.0
2018-03-28,6504.T,40.0
2018-09-26,6504.T,40.0
2019-03-27,6504.T,40.0
2019-09-27,6504.T,40.0
2020-03-30,6504.T,40.0
2020-09-29,6504.T,40.0
2021-03-30,6504.T,45.0
2021-09-29,6504.T,45.0
2022-03-30,6504.T,55.0
2022-09-29,6504.T,55.0
2023-03-30,6504.T,60.0
2023-09-28,6504.T,60.0
2024-03-28,6504.T,75.0
2024-09-27,6504.T,75.0
2025-03-28,6504.T,85.0
2025-09-29,6504.T,91.0
2001-03-14,6506.T,4.0
2004-03-16,6506.T,3.0
2006-03-15,6506.T,1.0
2006-09-14,6506.T,3.0
2007-03-15,6506.T,3.0
2007-09-14,6506.T,5.0
2008-03-14,6506.T,5.0
2008-09-16,6506.T,6.5
2009-03-16,6506.T,6.5
2009-09-15,6506.T,1.5
2010-03-17,6506.T,1.35
2010-09-14,6506.T,1.8
2011-03-16,6506.T,4.0
2011-09-15,6506.T,5.0
2012-03-15,6506.T,5.0
2012-09-18,6506.T,5.0
2013-03-15,6506.T,5.0
2013-09-18,6506.T,6.0
2014-03-18,6506.T,6.0
2014-09-17,6506.T,8.0
2015-03-18,6506.T,12.0
2015-09-16,6506.T,10.0
2016-03-16,6506.T,10.0
2016-09-15,6506.T,10.0
2017-03-15,6506.T,10.0
2017-09-15,6506.T,20.0
2018-02-26,6506.T,20.0
2018-08-29,6506.T,26.0
2019-02-26,6506.T,26.0
2019-08-29,6506.T,26.0
2020-02-27,6506.T,26.0
2020-08-28,6506.T,12.0
2021-02-25,6506.T,12.0
2021-08-30,6506.T,26.0
2022-02-25,6506.T,26.0
2022-08-30,6506.T,32.0
2023-02-27,6506.T,32.0
2023-08-30,6506.T,32.0
2024-02-28,6506.T,32.0
2024-08-29,6506.T,34.0
2025-02-27,6506.T,34.0
2025-08-28,6506.T,34.0
2026-02-26,6506.T,34.0
2023-03-30,6526.T,42.0
2023-09-28,6526.T,23.0
2024-03-28,6526.T,25.0
2024-09-27,6526.T,25.0
2025-03-28,6526.T,25.0
2025-09-29,6526.T,25.0
2017-02-24,6532.T,3.0
2018-02-26,6532.T,4.0
2018-08-29,6532.T,2.5
2019-02-26,6532.T,3.0
2019-08-29,6532.T,3.0
2020-02-27,6532.T,6.0
2020-08-28,6532.T,5.5
2021-02-25,6532.T,11.5
2021-08-30,6532.T,9.0
2022-02-25,6532.T,17.0
2022-08-30,6532.T,14.0
2023-02-27,6532.T,23.0
2023-08-30,6532.T,18.0
2024-02-28,6532.T,25.0
2024-08-29,6532.T,25.0
2025-02-27,6532.T,37.0
2025-08-28,6532.T,50.0
2026-02-26,6532.T,50.0
2001-03-27,6594.T,0.78125
2001-09-25,6594.T,0.9375
2002-03-26,6594.T,0.625
2002-09-25,6594.T,0.625
2003-03-26,6594.T,0.9375
2003-09-25,6594.T,0.9375
2004-03-26,6594.T,0.9375
2004-09-27,6594.T,1.25
2005-03-28,6594.T,1.5625
2005-09-27,6594.T,3.125
2006-03-28,6594.T,2.5
2006-09-26,6594.T,2.5
2007-03-27,6594.T,3.125
2007-09-25,6594.T,3.125
2008-03-26,6594.T,3.75
2008-09-25,6594.T,3.75
2009-03-26,6594.T,3.75
2009-09-25,6594.T,3.125
2010-03-29,6594.T,5.0
2010-09-28,6594.T,5.0
2011-03-29,6594.T,5.625
2011-09-28,6594.T,5.625
2012-03-28,6594.T,5.625
2012-09-26,6594.T,5.625
2013-03-27,6594.T,5.0
2013-09-26,6594.T,5.625
2014-03-27,6594.T,6.875
2014-09-26,6594.T,7.5
2015-03-27,6594.T,10.0
2015-09-28,6594.T,10.0
2016-03-29,6594.T,10.0
2016-09-28,6594.T,10.0
2017-03-29,6594.T,11.25
2017-09-27,6594.T,11.25
2018-03-28,6594.T,12.5
2018-09-26,6594.T,12.5
2019-03-27,6594.T,13.75
2019-09-27,6594.T,13.75
2020-03-30,6594.T,15.0
2020-09-29,6594.T,15.0
2021-03-30,6594.T,15.0
2021-09-29,6594.T,15.0
2022-03-30,6594.T,17.5
2022-09-29,6594.T,17.5
2023-03-30,6594.T,17.5
2023-09-28,6594.T,17.5
2024-03-28,6594.T,20.0
2024-09-27,6594.T,20.0
2025-03-28,6594.T,20.0
2001-03-27,6645.T,6.5
2001-09-25,6645.T,6.5
2002-03-26,6645.T,6.5
2002-09-25,6645.T,5.0
2003-03-26,6645.T,5.0
2003-09-25,6645.T,6.5
2004-03-26,6645.T,13.5
2004-09-27,6645.T,10.0
2005-03-28,6645.T,14.0
2005-09-27,6645.T,12.0
2006-03-28,6645.T,18.0
2006-09-26,6645.T,15.0
2007-03-27,6645.T,19.0
2007-09-25,6645.T,17.0
2008-03-26,6645.T,25.0
2008-09-25,6645.T,18.0
2009-03-26,6645.T,7.0
2009-09-25,6645.T,7.0
2010-03-29,6645.T,10.0
2010-09-28,6645.T,14.0
2011-03-29,6645.T,16.0
2011-09-28,6645.T,14.0
2012-03-28,6645.T,14.0
2012-09-26,6645.T,14.0
2013-03-27,6645.T,23.0
2013-09-26,6645.T,25.0
2014-03-27,6645.T,28.0
2014-09-26,6645.T,31.0
2015-03-27,6645.T,40.0
2015-09-28,6645.T,34.0
2016-03-29,6645.T,34.0
2016-09-28,6645.T,34.0
2017-03-29,6645.T,34.0
2017-09-27,6645.T,38.0
2018-03-28,6645.T,38.0
2018-09-26,6645.T,42.0
2019-03-27,6645.T,42.0
2019-09-27,6645.T,42.0
2020-03-30,6645.T,42.0
2020-09-29,6645.T,42.0
2021-03-30,6645.T,42.0
2021-09-29,6645.T,46.0
2022-03-30,6645.T,46.0
2022-09-29,6645.T,49.0
2023-03-30,6645.T,49.0
2023-09-28,6645.T,52.0
2024-03-28,6645.T,52.0
2024-09-27,6645.T,52.0
2025-03-28,6645.T,52.0
2025-09-29,6645.T,52.0
2007-03-27,6674.T,15.0
2008-03-26,6674.T,25.0
2009-03-26,6674.T,30.0
2010-03-29,6674.T,30.0
2011-03-29,6674.T,40.0
2012-03-28,6674.T,40.0
2013-03-27,6674.T,30.0
2014-03-27,6674.T,40.0
2014-09-26,6674.T,15.0
2015-03-27,6674.T,35.0
2015-09-28,6674.T,15.0
2016-03-29,6674.T,35.0
2016-09-28,6674.T,15.0
2017-03-29,6674.T,35.0
2017-09-27,6674.T,15.0
2018-03-28,6674.T,35.0
2018-09-26,6674.T,15.0
2019-03-27,6674.T,35.0
2019-09-27,6674.T,15.0
2020-03-30,6674.T,35.0
2021-03-30,6674.T,35.0
2021-09-29,6674.T,15.0
2022-03-30,6674.T,35.0
2022-09-29,6674.T,15.0
2023-03-30,6674.T,35.0
2023-09-28,6674.T,15.0
2024-03-28,6674.T,55.0
2024-09-27,6674.T,20.0
2025-03-28,6674.T,55.0
2025-09-29,6674.T,30.0
2000-03-28,6701.T,6.0
2000-09-26,6701.T,11.0
2001-03-27,6701.T,11.0
2001-09-25,6701.T,6.0
2002-03-26,6701.T,6.0
2003-09-25,6701.T,6.0
2004-03-26,6701.T,6.0
2004-09-27,6701.T,6.0
2005-03-28,6701.T,6.0
2005-09-27,6701.T,6.0
2006-03-28,6701.T,6.0
2006-09-26,6701.T,8.0
2007-03-27,6701.T,8.0
2007-09-25,6701.T,8.0
2008-03-26,6701.T,8.0
2010-03-29,6701.T,8.0
2013-03-27,6701.T,8.0
2014-03-27,6701.T,8.0
2015-03-27,6701.T,8.0
2016-03-29,6701.T,12.0
2017-03-29,6701.T,12.0
2018-03-28,6701.T,12.0
2019-03-27,6701.T,8.0
2019-09-27,6701.T,6.0
2020-03-30,6701.T,8.0
2020-09-29,6701.T,8.0
2021-03-30,6701.T,8.0
2021-09-29,6701.T,10.0
2022-03-30,6701.T,10.0
2022-09-29,6701.T,11.0
2023-03-30,6701.T,11.0
2023-09-28,6701.T,12.0
2024-03-28,6701.T,12.0
2024-09-27,6701.T,14.0
2025-03-28,6701.T,14.0
2025-09-29,6701.T,16.0
2000-03-28,6702.T,5.0
2000-09-26,6702.T,5.0
2001-03-27,6702.T,5.0
2001-09-25,6702.T,2.5
2002-03-26,6702.T,2.5
2003-09-24,6702.T,2.5
2004-03-26,6702.T,3.0
2004-09-27,6702.T,3.0
2005-03-28,6702.T,3.0
2005-09-27,6702.T,3.0
2006-03-28,6702.T,3.0
2006-09-26,6702.T,3.0
2007-03-27,6702.T,3.0
2007-09-25,6702.T,3.0
2008-03-26,6702.T,5.0
2008-09-25,6702.T,5.0
2009-03-26,6702.T,3.0
2009-09-25,6702.T,3.0
2010-03-29,6702.T,5.0
2010-09-28,6702.T,5.0
2011-03-29,6702.T,5.0
2011-09-28,6702.T,5.0
2012-03-28,6702.T,5.0
2012-09-26,6702.T,5.0
2014-03-27,6702.T,4.0
2014-09-26,6702.T,4.0
2015-03-27,6702.T,4.0
2015-09-28,6702.T,4.0
2016-03-29,6702.T,4.0
2016-09-28,6702.T,4.0
2017-03-29,6702.T,5.0
2017-09-27,6702.T,5.0
2018-03-28,6702.T,6.0
2018-09-26,6702.T,0.7
2019-03-27,6702.T,8.0
2019-09-27,6702.T,8.0
2020-03-30,6702.T,10.0
2020-09-29,6702.T,10.0
2021-03-30,6702.T,10.0
2021-09-29,6702.T,11.0
2022-03-30,6702.T,11.0
2022-09-29,6702.T,12.0
2023-03-30,6702.T,12.0
2023-09-28,6702.T,13.0
2024-03-28,6702.T,13.0
2024-09-27,6702.T,14.0
2025-03-28,6702.T,14.0
2025-09-29,6702.T,15.0
2005-03-28,6723.T,10.0
2023-12-28,6723.T,28.0
2024-12-27,6723.T,28.0
2025-12-29,6723.T,28.0
2003-09-25,6724.T,4.5
2004-03-26,6724.T,4.5
2004-09-27,6724.T,6.5
2005-03-28,6724.T,6.5
2005-09-27,6724.T,8.0
2006-03-28,6724.T,8.0
2006-09-26,6724.T,8.0
2007-03-27,6724.T,8.0
2007-09-25,6724.T,8.0
2008-03-26,6724.T,8.0
2008-09-25,6724.T,9.5
2009-03-26,6724.T,3.5
2010-03-29,6724.T,5.0
2010-09-28,6724.T,5.0
2011-03-29,6724.T,5.0
2011-09-28,6724.T,6.5
2012-03-28,6724.T,6.5
2012-09-26,6724.T,6.5
2013-03-27,6724.T,3.5
2013-09-26,6724.T,6.5
2014-03-27,6724.T,18.5
2014-09-26,6724.T,17.5
2015-03-27,6724.T,40.0
2015-09-28,6724.T,30.0
2016-03-29,6724.T,30.0
2016-09-28,6724.T,30.0
2017-03-29,6724.T,30.0
2017-09-27,6724.T,30.0
2018-03-28,6724.T,32.0
2018-09-26,6724.T,31.0
2019-03-27,6724.T,31.0
2019-09-27,6724.T,31.0
2020-03-30,6724.T,31.0
2020-09-29,6724.T,31.0
2021-03-30,6724.T,31.0
2021-09-29,6724.T,31.0
2022-03-30,6724.T,31.0
2022-09-29,6724.T,31.0
2023-03-30,6724.T,41.0
2023-09-28,6724.T,37.0
2024-03-28,6724.T,37.0
2024-09-27,6724.T,37.0
2025-03-28,6724.T,37.0
2025-09-29,6724.T,37.0
2000-03-28,6752.T,6.25
2000-09-26,6752.T,6.25
2001-03-27,6752.T,6.25
2001-09-25,6752.T,6.25
2002-03-26,6752.T,3.75
2002-09-25,6752.T,6.25
2003-03-26,6752.T,6.25
2003-09-25,6752.T,6.25
2004-03-26,6752.T,7.75
2004-09-27,6752.T,7.5
2005-03-28,6752.T,7.5
2005-09-27,6752.T,10.0
2006-03-28,6752.T,10.0
2006-09-26,6752.T,15.0
2007-03-27,6752.T,15.0
2007-09-25,6752.T,17.5
2008-03-26,6752.T,17.5
2008-09-25,6752.T,22.5
2009-03-26,6752.T,7.5
2009-09-25,6752.T,5.0
2010-03-29,6752.T,5.0
2010-09-28,6752.T,5.0
2011-03-29,6752.T,5.0
2011-09-28,6752.T,5.0
2012-03-28,6752.T,5.0
2013-09-26,6752.T,5.0
2014-03-27,6752.T,8.0
2014-09-26,6752.T,8.0
2015-03-27,6752.T,10.0
2015-09-28,6752.T,10.0
2016-03-29,6752.T,15.0
2016-09-28,6752.T,10.0
2017-03-29,6752.T,15.0
2017-09-27,6752.T,10.0
2018-03-28,6752.T,20.0
2018-09-26,6752.T,15.0
2019-03-27,6752.T,15.0
2019-09-27,6752.T,15.0
2020-03-30,6752.T,15.0
2020-09-29,6752.T,10.0
2021-03-30,6752.T,10.0
2021-09-29,6752.T,15.0
2022-03-30,6752.T,15.0
2022-09-29,6752.T,15.0
2023-03-30,6752.T,15.0
2023-09-28,6752.T,17.5
2024-03-28,6752.T,17.5
2024-09-27,6752.T,20.0
2025-03-28,6752.T,28.0
2025-09-29,6752.T,20.0
2000-03-28,6753.T,60.0
2000-09-26,6753.T,60.0
2001-03-27,6753.T,70.0
2001-09-25,6753.T,70.0
2002-03-26,6753.T,70.0
2002-09-25,6753.T,70.0
2003-03-26,6753.T,80.0
2003-09-25,6753.T,80.0
2004-03-26,6753.T,100.0
2004-09-27,6753.T,100.0
2005-03-28,6753.T,100.0
2005-09-27,6753.T,100.0
2006-03-28,6753.T,120.0
2006-09-26,6753.T,120.0
2007-03-27,6753.T,140.0
2007-09-25,6753.T,140.0
2008-03-26,6753.T,140.0
2008-09-25,6753.T,140.0
2009-03-26,6753.T,70.0
2009-09-25,6753.T,70.0
2010-03-29,6753.T,100.0
2010-09-28,6753.T,100.0
2011-03-29,6753.T,70.0
2011-09-28,6753.T,50.0
2012-03-28,6753.T,50.0
2018-03-28,6753.T,10.0
2019-03-27,6753.T,20.0
2020-03-30,6753.T,18.0
2021-03-30,6753.T,30.0
2022-03-30,6753.T,40.0
2000-03-28,6758.T,5.0
2000-09-26,6758.T,2.5
2001-03-27,6758.T,2.5
2001-09-25,6758.T,2.5
2002-03-26,6758.T,2.5
2002-09-25,6758.T,2.5
2003-03-26,6758.T,2.5
2003-09-25,6758.T,2.5
2004-03-26,6758.T,2.5
2004-09-27,6758.T,2.5
2005-03-28,6758.T,2.5
2005-09-27,6758.T,2.5
2006-03-28,6758.T,2.5
2006-09-26,6758.T,2.5
2007-03-27,6758.T,2.5
2007-09-25,6758.T,2.5
2008-03-26,6758.T,2.5
2008-09-25,6758.T,6.0
2009-03-26,6758.T,2.5
2009-09-25,6758.T,2.5
2010-03-29,6758.T,2.5
2010-09-28,6758.T,2.5
2011-03-29,6758.T,2.5
2011-09-28,6758.T,2.5
2012-03-28,6758.T,2.5
2012-09-26,6758.T,2.5
2013-03-27,6758.T,2.5
2013-09-26,6758.T,2.5
2014-03-27,6758.T,2.5
2015-09-28,6758.T,2.0
2016-03-29,6758.T,2.0
2016-09-28,6758.T,2.0
2017-03-29,6758.T,2.0
2017-09-27,6758.T,2.5
2018-03-28,6758.T,3.0
2018-09-26,6758.T,3.0
2019-03-27,6758.T,4.0
2019-09-27,6758.T,4.0
2020-03-30,6758.T,5.0
2020-09-29,6758.T,5.0
2021-03-30,6758.T,6.0
2021-09-29,6758.T,6.0
2022-03-30,6758.T,7.0
2022-09-29,6758.T,7.0
2023-03-30,6758.T,8.0
2023-09-28,6758.T,8.0
2024-03-28,6758.T,9.0
2024-09-27,6758.T,10.0
2025-03-28,6758.T,10.0
2025-09-29,6758.T,12.5
2000-03-28,6762.T,2.0
2000-09-26,6762.T,2.0
2001-03-27,6762.T,2.0
2001-09-25,6762.T,2.0
2002-03-26,6762.T,1.333333
2002-09-25,6762.T,1.666667
2003-03-26,6762.T,1.666667
2003-09-25,6762.T,1.666667
2004-03-26,6762.T,2.0
2004-09-27,6762.T,2.0
2005-03-28,6762.T,2.666667
2005-09-27,6762.T,2.666667
2006-03-28,6762.T,3.333333
2006-09-26,6762.T,3.333333
2007-03-27,6762.T,4.0
2007-09-25,6762.T,4.0
2008-03-26,6762.T,4.666667
2008-09-25,6762.T,4.666667
2009-03-26,6762.T,4.0
2009-09-25,6762.T,2.0
2010-03-29,6762.T,2.0
2010-09-28,6762.T,2.666667
2011-03-29,6762.T,2.666667
2011-09-28,6762.T,2.666667
2012-03-28,6762.T,2.666667
2012-09-26,6762.T,2.666667
2013-03-27,6762.T,2.0
2013-09-26,6762.T,2.0
2014-03-27,6762.T,2.666667
2014-09-26,6762.T,2.666667
2015-03-27,6762.T,3.333333
2015-09-28,6762.T,4.0
2016-03-29,6762.T,4.0
2016-09-28,6762.T,4.0
2017-03-29,6762.T,4.0
2017-09-27,6762.T,4.0
2018-03-28,6762.T,4.666667
2018-09-26,6762.T,5.333333
2019-03-27,6762.T,5.333333
2019-09-27,6762.T,6.0
2020-03-30,6762.T,6.0
2020-09-29,6762.T,6.0
2021-03-30,6762.T,6.0
2021-09-29,6762.T,6.333334
2022-03-30,6762.T,9.0
2022-09-29,6762.T,10.6
2023-03-30,6762.T,10.6
2023-09-28,6762.T,11.6
2024-03-28,6762.T,11.6
2024-09-27,6762.T,14.0
2025-03-28,6762.T,16.0
2025-09-29,6762.T,16.0
2000-03-28,6770.T,10.0
2000-09-26,6770.T,6.0
2001-03-27,6770.T,6.0
2002-03-26,6770.T,5.0
2002-09-25,6770.T,6.0
2003-03-26,6770.T,6.0
2003-09-25,6770.T,6.0
2004-03-26,6770.T,6.0
2004-09-27,6770.T,6.0
2005-03-28,6770.T,10.0
2005-09-27,6770.T,10.0
2006-03-28,6770.T,10.0
2006-09-26,6770.T,10.0
2007-03-27,6770.T,10.0
2007-09-25,6770.T,10.0
2008-03-26,6770.T,10.0
2008-09-25,6770.T,10.0
2009-03-26,6770.T,10.0
2010-09-28,6770.T,10.0
2011-03-29,6770.T,10.0
2011-09-28,6770.T,10.0
2012-03-28,6770.T,10.0
2012-09-26,6770.T,5.0
2014-03-27,6770.T,5.0
2014-09-26,6770.T,5.0
2015-03-27,6770.T,10.0
2015-09-28,6770.T,10.0
2016-03-29,6770.T,15.0
2016-09-28,6770.T,15.0
2017-03-29,6770.T,15.0
2017-09-27,6770.T,17.0
2018-03-28,6770.T,20.0
2018-09-26,6770.T,25.0
2019-03-27,6770.T,25.0
2019-09-27,6770.T,20.0
2020-03-30,6770.T,10.0
2020-09-29,6770.T,10.0
2021-03-30,6770.T,10.0
2021-09-29,6770.T,10.0
2022-03-30,6770.T,10.0
2022-09-29,6770.T,20.0
2023-03-30,6770.T,20.0
2023-09-28,6770.T,20.0
2024-03-28,6770.T,10.0
2024-09-27,6770.T,30.0
2025-03-28,6770.T,30.0
2025-09-29,6770.T,30.0
2000-03-28,6841.T,3.75
2000-09-26,6841.T,3.75
2001-03-27,6841.T,8.75
2001-09-25,6841.T,3.75
2002-03-26,6841.T,3.75
2002-09-25,6841.T,3.75
2003-03-26,6841.T,3.75
2003-09-25,6841.T,3.75
2004-03-26,6841.T,3.75
2004-09-27,6841.T,3.75
2005-03-28,6841.T,3.75
2005-09-27,6841.T,5.0
2006-03-28,6841.T,5.0
2006-09-26,6841.T,7.5
2007-03-27,6841.T,7.5
2007-09-25,6841.T,8.0
2008-03-26,6841.T,8.0
2008-09-25,6841.T,8.0
2009-03-26,6841.T,8.0
2010-03-29,6841.T,1.8
2012-03-28,6841.T,5.0
2012-09-26,6841.T,5.0
2013-03-27,6841.T,5.0
2013-09-26,6841.T,6.0
2014-03-27,6841.T,6.0
2014-09-26,6841.T,6.0
2015-03-27,6841.T,6.0
2015-09-28,6841.T,12.5
2016-03-29,6841.T,12.5
2016-09-28,6841.T,12.5
2017-03-29,6841.T,12.5
2017-09-27,6841.T,15.0
2018-03-28,6841.T,15.0
2018-09-26,6841.T,15.0
2019-03-27,6841.T,17.0
2019-09-27,6841.T,17.0
2020-03-30,6841.T,17.0
2020-09-29,6841.T,17.0
2021-03-30,6841.T,17.0
2021-09-29,6841.T,17.0
2022-03-30,6841.T,17.0
2022-09-29,6841.T,17.0
2023-03-30,6841.T,17.0
2023-09-28,6841.T,17.0
2024-03-28,6841.T,23.0
2024-09-27,6841.T,29.0
2025-03-28,6841.T,29.0
2025-09-29,6841.T,32.0
2000-03-28,6857.T,2.5
2000-09-26,6857.T,3.125
2001-03-27,6857.T,3.125
2001-09-25,6857.T,3.125
2002-03-26,6857.T,1.875
2002-09-25,6857.T,2.5
2003-03-26,6857.T,1.25
2003-09-25,6857.T,1.875
2004-03-26,6857.T,3.125
2004-09-27,6857.T,3.125
2005-03-28,6857.T,3.125
2005-09-27,6857.T,3.125
2006-03-28,6857.T,5.625
2006-09-26,6857.T,4.375
2007-03-27,6857.T,8.125
2007-09-25,6857.T,6.25
2008-03-26,6857.T,6.25
2008-09-25,6857.T,6.25
2009-03-26,6857.T,1.25
2009-09-25,6857.T,1.25
2010-03-29,6857.T,1.25
2010-09-28,6857.T,1.25
2011-03-29,6857.T,1.25
2011-09-28,6857.T,1.25
2012-03-28,6857.T,2.5
2012-09-26,6857.T,2.5
2013-03-27,6857.T,2.5
2013-09-26,6857.T,2.5
2014-03-27,6857.T,1.25
2014-09-26,6857.T,1.25
2015-03-27,6857.T,2.5
2015-09-28,6857.T,2.5
2016-03-29,6857.T,2.5
2017-03-29,6857.T,3.0
2017-09-27,6857.T,2.25
2018-03-28,6857.T,5.75
2018-09-26,6857.T,12.5
2019-03-27,6857.T,10.5
2019-09-27,6857.T,10.25
2020-03-30,6857.T,10.25
2020-09-29,6857.T,9.5
2021-03-30,6857.T,20.0
2021-09-29,6857.T,12.5
2022-03-30,6857.T,17.5
2022-09-29,6857.T,16.25
2023-03-30,6857.T,17.5
2023-09-28,6857.T,16.25
2024-03-28,6857.T,18.0
2024-09-27,6857.T,19.0
2025-03-28,6857.T,20.0
2025-09-29,6857.T,29.0
2001-03-14,6861.T,1.878287
2001-09-17,6861.T,1.878287
2002-03-15,6861.T,1.878287
2002-09-17,6861.T,1.878287
2003-03-17,6861.T,1.878287
2003-09-16,6861.T,1.878287
2004-03-16,6861.T,1.878287
2004-06-15,6861.T,0.939144
2005-03-15,6861.T,2.817431
2005-09-14,6861.T,1.878287
2006-03-15,6861.T,2.066116
2006-09-14,6861.T,2.066116
2007-03-15,6861.T,6.198347
2007-09-14,6861.T,6.198347
2008-03-12,6861.T,6.198347
2008-09-16,6861.T,6.198347
2009-03-16,6861.T,6.818182
2009-09-15,6861.T,6.818182
2010-03-17,6861.T,6.136364
2010-09-14,6861.T,6.818182
2011-03-16,6861.T,6.818182
2011-09-15,6861.T,6.818182
2012-03-15,6861.T,6.81818
2012-06-18,6861.T,3.75
2013-03-15,6861.T,11.25
2013-09-18,6861.T,7.5
2014-03-18,6861.T,7.5
2014-09-17,6861.T,25.0
2015-03-18,6861.T,25.0
2015-06-17,6861.T,12.5
2016-03-16,6861.T,37.5
2016-06-16,6861.T,12.5
2017-03-15,6861.T,37.5
2017-09-15,6861.T,25.0
2018-03-16,6861.T,25.0
2018-09-18,6861.T,50.0
2019-03-18,6861.T,50.0
2019-09-19,6861.T,50.0
2020-03-18,6861.T,100.0
2020-09-17,6861.T,100.0
2021-03-18,6861.T,100.0
2021-09-16,6861.T,100.0
2022-03-17,6861.T,100.0
2022-09-16,6861.T,150.0
2023-03-17,6861.T,150.0
2023-09-19,6861.T,150.0
2024-03-18,6861.T,150.0
2024-09-19,6861.T,175.0
2025-03-18,6861.T,175.0
2025-09-18,6861.T,275.0
2000-03-28,6902.T,2.375
2000-09-26,6902.T,1.875
2001-03-27,6902.T,2.375
2001-09-25,6902.T,2.125
2002-03-26,6902.T,2.375
2002-09-25,6902.T,2.5
2003-03-26,6902.T,2.5
2003-09-25,6902.T,2.75
2004-03-26,6902.T,3.25
2004-09-27,6902.T,3.25
2005-03-28,6902.T,4.75
2005-09-27,6902.T,4.5
2006-03-28,6902.T,5.0
2006-09-26,6902.T,5.25
2007-03-27,6902.T,6.0
2007-09-25,6902.T,6.25
2008-03-26,6902.T,7.25
2008-09-25,6902.T,6.75
2009-03-26,6902.T,3.25
2009-09-25,6902.T,3.25
2010-03-29,6902.T,3.5
2010-09-28,6902.T,5.5
2011-03-29,6902.T,6.0
2011-09-28,6902.T,5.75
2012-03-28,6902.T,5.75
2012-09-26,6902.T,6.75
2013-03-27,6902.T,9.25
2013-09-26,6902.T,11.75
2014-03-27,6902.T,14.5
2014-09-26,6902.T,11.75
2015-03-27,6902.T,15.75
2015-09-28,6902.T,15.0
2016-03-29,6902.T,15.0
2016-09-28,6902.T,15.0
2017-03-29,6902.T,15.0
2017-09-27,6902.T,16.25
2018-03-28,6902.T,16.25
2018-09-26,6902.T,17.5
2019-03-27,6902.T,17.5
2019-09-27,6902.T,17.5
2020-03-30,6902.T,17.5
2020-09-29,6902.T,17.5
2021-03-30,6902.T,17.5
2021-09-29,6902.T,17.5
2022-03-30,6902.T,21.25
2022-09-29,6902.T,22.5
2023-03-30,6902.T,23.75
2023-09-28,6902.T,25.0
2024-03-28,6902.T,30.0
2024-09-27,6902.T,32.0
2025-03-28,6902.T,32.0
2025-09-29,6902.T,32.0
2010-06-28,6920.T,1.875
2011-06-28,6920.T,5.125
2012-06-27,6920.T,6.625
2013-06-26,6920.T,6.0
2014-06-26,6920.T,6.75
2015-06-26,6920.T,11.5
2016-06-28,6920.T,12.75
2017-06-28,6920.T,14.0
2017-12-27,6920.T,6.0
2018-06-27,6920.T,11.0
2018-12-26,6920.T,8.0
2019-06-26,6920.T,15.5
2019-12-27,6920.T,15.5
2020-06-29,6920.T,27.0
2020-12-29,6920.T,20.0
2021-06-29,6920.T,35.0
2021-12-29,6920.T,32.0
2022-06-29,6920.T,65.0
2022-12-29,6920.T,52.0
2023-06-29,6920.T,128.0
2023-12-28,6920.T,73.0
2024-06-27,6920.T,157.0
2024-12-27,6920.T,115.0
2025-06-27,6920.T,214.0
2025-12-29,6920.T,132.0
2000-03-28,6952.T,12.5
2001-03-27,6952.T,12.5
2002-03-26,6952.T,12.5
2003-03-26,6952.T,12.5
2004-03-26,6952.T,15.0
2005-03-28,6952.T,17.0
2006-03-28,6952.T,20.0
2007-03-27,6952.T,23.0
2008-03-26,6952.T,20.0
2009-03-26,6952.T,23.0
2010-03-29,6952.T,15.0
2011-03-29,6952.T,15.0
2012-03-28,6952.T,17.0
2013-03-27,6952.T,20.0
2013-09-26,6952.T,10.0
2014-03-27,6952.T,15.0
2014-09-26,6952.T,12.5
2015-03-27,6952.T,22.5
2015-09-28,6952.T,17.5
2016-03-29,6952.T,22.5
2016-09-28,6952.T,20.0
2017-03-29,6952.T,20.0
2017-09-27,6952.T,20.0
2018-03-28,6952.T,30.0
2018-09-26,6952.T,20.0
2019-03-27,6952.T,25.0
2019-09-27,6952.T,22.5
2020-03-30,6952.T,22.5
2020-09-29,6952.T,22.5
2021-03-30,6952.T,22.5
2021-09-29,6952.T,22.5
2022-03-30,6952.T,22.5
2022-09-29,6952.T,22.5
2023-03-30,6952.T,22.5
2023-09-28,6952.T,22.5
2024-03-28,6952.T,22.5
2024-09-27,6952.T,22.5
2025-03-28,6952.T,22.5
2025-09-29,6952.T,22.5
2000-03-28,6954.T,2.4
2000-09-26,6954.T,2.4
2001-03-27,6954.T,2.4
2001-09-25,6954.T,2.2
2002-03-26,6954.T,2.0
2002-09-25,6954.T,2.0
2003-03-26,6954.T,2.2
2003-09-25,6954.T,2.2
2004-03-26,6954.T,2.4
2004-09-27,6954.T,2.8
2005-03-28,6954.T,6.2
2005-09-27,6954.T,6.2
2006-03-28,6954.T,13.0
2006-09-26,6954.T,14.5
2007-03-27,6954.T,15.5
2007-09-25,6954.T,18.642
2008-03-26,6954.T,18.028
2008-09-25,6954.T,17.252
2009-03-26,6954.T,10.802
2009-09-25,6954.T,2.638
2010-03-29,6954.T,8.628
2010-09-28,6954.T,17.108
2011-03-29,6954.T,19.718
2011-09-28,6954.T,22.752
2012-03-28,6954.T,19.802
2012-09-26,6954.T,20.528
2013-03-27,6954.T,16.408
2013-09-26,6954.T,15.36
2014-03-27,6954.T,18.652
2014-09-26,6954.T,28.938
2015-03-27,6954.T,98.386
2015-09-28,6954.T,56.372
2016-03-29,6954.T,41.642002
2016-09-28,6954.T,37.239998
2017-03-29,6954.T,41.795998
2017-09-27,6954.T,53.09
2018-03-28,6954.T,59.55
2018-09-26,6954.T,119.633995
2019-03-27,6954.T,80.988
2019-09-27,6954.T,25.07
2020-03-30,6954.T,34.93
2020-09-29,6954.T,17.586
2021-03-30,6954.T,41.228
2021-09-29,6954.T,49.204
2022-03-30,6954.T,47.936
2022-09-29,6954.T,52.804
2023-03-30,6954.T,54.328
2023-09-28,6954.T,40.26
2024-03-28,6954.T,43.88
2024-09-27,6954.T,44.51
2025-03-28,6954.T,49.88
2025-09-29,6954.T,51.33
2001-03-27,6963.T,2.375
2001-09-25,6963.T,2.375
2002-03-26,6963.T,2.375
2002-09-25,6963.T,2.375
2003-03-26,6963.T,3.125
2003-09-25,6963.T,3.125
2004-03-26,6963.T,10.625
2004-09-27,6963.T,10.625
2005-03-28,6963.T,10.625
2005-09-27,6963.T,11.25
2006-03-28,6963.T,11.25
2006-09-26,6963.T,11.25
2007-03-27,6963.T,13.75
2007-09-25,6963.T,16.25
2008-03-26,6963.T,41.25
2008-09-25,6963.T,16.25
2009-03-26,6963.T,16.25
2009-09-25,6963.T,16.25
2010-03-29,6963.T,16.25
2010-09-28,6963.T,16.25
2011-03-29,6963.T,16.25
2011-09-28,6963.T,7.5
2012-03-28,6963.T,7.5
2012-09-26,6963.T,3.75
2013-03-27,6963.T,3.75
2013-09-26,6963.T,5.0
2014-03-27,6963.T,7.5
2014-09-26,6963.T,11.25
2015-03-27,6963.T,21.25
2015-09-28,6963.T,16.25
2016-03-29,6963.T,16.25
2016-09-28,6963.T,12.5
2017-03-29,6963.T,20.0
2017-09-27,6963.T,30.0
2018-03-28,6963.T,30.0
2018-09-26,6963.T,18.75
2019-03-27,6963.T,18.75
2019-09-27,6963.T,18.75
2020-03-30,6963.T,18.75
2020-09-29,6963.T,18.75
2021-03-30,6963.T,18.75
2021-09-29,6963.T,18.75
2022-03-30,6963.T,27.5
2022-09-29,6963.T,25.0
2023-03-30,6963.T,25.0
2023-09-28,6963.T,25.0
2024-03-28,6963.T,25.0
2024-09-27,6963.T,25.0
2025-03-28,6963.T,25.0
2025-09-29,6963.T,25.0
2000-03-28,6971.T,3.75
2000-09-26,6971.T,3.75
2001-03-27,6971.T,3.75
2001-09-25,6971.T,3.75
2002-03-26,6971.T,3.75
2002-09-25,6971.T,3.75
2003-03-26,6971.T,3.75
2003-09-25,6971.T,3.75
2004-03-26,6971.T,3.75
2004-09-27,6971.T,3.75
2005-03-28,6971.T,6.25
2005-09-27,6971.T,6.25
2006-03-28,6971.T,6.25
2006-09-26,6971.T,6.25
2007-03-27,6971.T,7.5
2007-09-25,6971.T,7.5
2008-03-26,6971.T,7.5
2008-09-25,6971.T,7.5
2009-03-26,6971.T,7.5
2009-09-25,6971.T,7.5
2010-03-29,6971.T,7.5
2010-09-28,6971.T,7.5
2011-03-29,6971.T,8.75
2011-09-28,6971.T,7.5
2012-03-28,6971.T,7.5
2012-09-26,6971.T,7.5
2013-03-27,6971.T,7.5
2013-09-26,6971.T,10.0
2014-03-27,6971.T,10.0
2014-09-26,6971.T,10.0
2015-03-27,6971.T,15.0
2015-09-28,6971.T,12.5
2016-03-29,6971.T,12.5
2016-09-28,6971.T,12.5
2017-03-29,6971.T,15.0
2017-09-27,6971.T,15.0
2018-03-28,6971.T,15.0
2018-09-26,6971.T,15.0
2019-03-27,6971.T,20.0
2019-09-27,6971.T,20.0
2020-03-30,6971.T,20.0
2020-09-29,6971.T,15.0
2021-03-30,6971.T,20.0
2021-09-29,6971.T,22.5
2022-03-30,6971.T,22.5
2022-09-29,6971.T,25.0
2023-03-30,6971.T,25.0
2023-09-28,6971.T,25.0
2024-03-28,6971.T,25.0
2024-09-27,6971.T,25.0
2025-03-28,6971.T,25.0
2025-09-29,6971.T,25.0
2000-03-28,6976.T,10.0
2000-09-26,6976.T,5.0
2001-03-27,6976.T,5.0
2001-09-25,6976.T,5.0
2002-03-26,6976.T,5.0
2002-09-25,6976.T,5.0
2003-03-26,6976.T,5.0
2003-09-25,6976.T,5.0
2004-03-26,6976.T,5.0
2004-09-27,6976.T,5.0
2005-03-28,6976.T,5.0
2005-09-27,6976.T,5.0
2006-03-28,6976.T,5.0
2006-09-26,6976.T,5.0
2007-03-27,6976.T,5.0
2007-09-25,6976.T,5.0
2008-03-26,6976.T,5.0
2008-09-25,6976.T,5.0
2009-03-26,6976.T,5.0
2009-09-25,6976.T,5.0
2010-03-29,6976.T,5.0
2010-09-28,6976.T,5.0
2011-03-29,6976.T,5.0
2011-09-28,6976.T,2.5
2012-03-28,6976.T,2.5
2012-09-26,6976.T,5.0
2013-03-27,6976.T,5.0
2013-09-26,6976.T,5.0
2014-03-27,6976.T,5.0
2014-09-26,6976.T,5.0
2015-03-27,6976.T,5.0
2015-09-28,6976.T,5.0
2016-03-29,6976.T,10.0
2016-09-28,6976.T,10.0
2017-03-29,6976.T,10.0
2017-09-27,6976.T,10.0
2018-03-28,6976.T,10.0
2018-09-26,6976.T,10.0
2019-03-27,6976.T,11.0
2019-09-27,6976.T,11.0
2020-03-30,6976.T,15.0
2020-09-29,6976.T,15.0
2021-03-30,6976.T,15.0
2021-09-29,6976.T,40.0
2022-03-30,6976.T,40.0
2022-09-29,6976.T,45.0
2023-03-30,6976.T,45.0
2023-09-28,6976.T,45.0
2024-03-28,6976.T,45.0
2024-09-27,6976.T,45.0
2025-03-28,6976.T,45.0
2025-09-29,6976.T,45.0
2001-03-27,6981.T,2.777778
2001-09-25,6981.T,2.777778
2002-03-26,6981.T,2.777778
2002-09-25,6981.T,2.777778
2003-03-26,6981.T,2.777778
2003-09-25,6981.T,2.777778
2004-03-26,6981.T,2.777778
2004-09-27,6981.T,2.777778
2005-03-28,6981.T,2.777778
2005-09-27,6981.T,3.333333
2006-03-28,6981.T,4.444444
2006-09-26,6981.T,4.444444
2007-03-27,6981.T,5.555556
2007-09-25,6981.T,5.555556
2008-03-26,6981.T,5.555556
2008-09-25,6981.T,5.555556
2009-03-26,6981.T,5.555556
2009-09-25,6981.T,3.888889
2010-03-29,6981.T,3.888889
2010-09-28,6981.T,5.555556
2011-03-29,6981.T,5.555556
2011-09-28,6981.T,5.555556
2012-03-28,6981.T,5.555556
2012-09-26,6981.T,5.555556
2013-03-27,6981.T,5.555556
2013-09-26,6981.T,6.666667
2014-03-27,6981.T,7.777778
2014-09-26,6981.T,8.888889
2015-03-27,6981.T,11.111111
2015-09-28,6981.T,11.111111
2016-03-29,6981.T,12.222222
2016-09-28,6981.T,12.222222
2017-03-29,6981.T,12.222222
2017-09-27,6981.T,14.444444
2018-03-28,6981.T,14.444444
2018-09-26,6981.T,15.555556
2019-03-27,6981.T,46.666668
2019-09-27,6981.T,15.666667
2020-03-30,6981.T,16.666668
2020-09-29,6981.T,18.333332
2021-03-30,6981.T,20.0
2021-09-29,6981.T,20.0
2022-03-30,6981.T,23.333332
2022-09-29,6981.T,25.0
2023-03-30,6981.T,25.0
2023-09-28,6981.T,25.0
2024-03-28,6981.T,27.0
2024-09-27,6981.T,27.0
2025-03-28,6981.T,30.0
2025-09-29,6981.T,30.0
2001-03-27,6988.T,2.2
2001-09-25,6988.T,2.2
2002-03-26,6988.T,2.2
2002-09-25,6988.T,2.2
2003-03-26,6988.T,2.6
2003-09-25,6988.T,3.4
2004-03-26,6988.T,4.6
2004-09-27,6988.T,5.0
2005-03-28,6988.T,5.0
2005-09-27,6988.T,6.0
2006-03-28,6988.T,6.0
2006-09-26,6988.T,7.0
2007-03-27,6988.T,7.0
2007-09-25,6988.T,8.0
2008-03-26,6988.T,8.0
2008-09-25,6988.T,8.0
2009-03-26,6988.T,8.0
2009-09-25,6988.T,4.0
2010-03-29,6988.T,4.0
2010-09-28,6988.T,8.0
2011-03-29,6988.T,10.0
2011-09-28,6988.T,10.0
2012-03-28,6988.T,10.0
2012-09-26,6988.T,10.0
2013-03-27,6988.T,10.0
2013-09-26,6988.T,10.0
2014-03-27,6988.T,10.0
2014-09-26,6988.T,11.0
2015-03-27,6988.T,13.0
2015-09-28,6988.T,14.0
2016-03-29,6988.T,14.0
2016-09-28,6988.T,15.0
2017-03-29,6988.T,15.0
2017-09-27,6988.T,16.0
2018-03-28,6988.T,16.0
2018-09-26,6988.T,18.0
2019-03-27,6988.T,18.0
2019-09-27,6988.T,20.0
2020-03-30,6988.T,20.0
2020-09-29,6988.T,20.0
2021-03-30,6988.T,20.0
2021-09-29,6988.T,22.0
2022-03-30,6988.T,22.0
2022-09-29,6988.T,24.0
2023-03-30,6988.T,24.0
2023-09-28,6988.T,26.0
2024-03-28,6988.T,26.0
2024-09-27,6988.T,28.0
2025-03-28,6988.T,28.0
2025-09-29,6988.T,30.0
2010-03-29,7004.T,10.0
2011-03-29,7004.T,10.0
2012-03-28,7004.T,10.0
2013-03-27,7004.T,10.0
2014-03-27,7004.T,10.0
2015-03-27,7004.T,10.0
2016-03-29,7004.T,12.0
2017-03-29,7004.T,12.0
2018-03-28,7004.T,12.0
2019-03-27,7004.T,12.0
2020-03-30,7004.T,12.0
2021-03-30,7004.T,12.0
2022-03-30,7004.T,12.0
2023-03-30,7004.T,18.0
2024-03-28,7004.T,23.0
2025-03-28,7004.T,25.0
2000-03-28,7011.T,2.5
2001-03-27,7011.T,4.0
2001-09-25,7011.T,2.0
2002-03-26,7011.T,2.0
2002-09-25,7011.T,3.0
2003-03-26,7011.T,3.0
2003-09-25,7011.T,3.0
2004-03-26,7011.T,3.0
2005-03-28,7011.T,4.0
2006-03-28,7011.T,4.0
2006-09-26,7011.T,3.0
2007-03-27,7011.T,3.0
2007-09-25,7011.T,3.0
2008-03-26,7011.T,3.0
2008-09-25,7011.T,3.0
2009-03-26,7011.T,3.0
2009-09-25,7011.T,2.0
2010-03-29,7011.T,2.0
2010-09-28,7011.T,2.0
2011-03-29,7011.T,2.0
2011-09-28,7011.T,3.0
2012-03-28,7011.T,3.0
2012-09-26,7011.T,3.0
2013-03-27,7011.T,5.0
2013-09-26,7011.T,4.0
2014-03-27,7011.T,4.0
2014-09-26,7011.T,5.0
2015-03-27,7011.T,6.0
2015-09-28,7011.T,6.0
2016-03-29,7011.T,6.0
2016-09-28,7011.T,6.0
2017-03-29,7011.T,6.0
2017-09-27,7011.T,6.0
2018-03-28,7011.T,6.0
2018-09-26,7011.T,6.5
2019-03-27,7011.T,6.5
2019-09-27,7011.T,7.5
2020-03-30,7011.T,7.5
2021-03-30,7011.T,7.5
2021-09-29,7011.T,4.5
2022-03-30,7011.T,5.5
2022-09-29,7011.T,6.0
2023-03-30,7011.T,7.0
2023-09-28,7011.T,8.0
2024-03-28,7011.T,12.0
2024-09-27,7011.T,11.0
2025-03-28,7011.T,12.0
2025-09-29,7011.T,12.0
2005-03-28,7012.T,25.0
2006-03-28,7012.T,30.0
2007-03-27,7012.T,50.0
2008-03-26,7012.T,50.0
2009-03-26,7012.T,30.0
2010-03-29,7012.T,30.0
2011-03-29,7012.T,30.0
2012-03-28,7012.T,50.0
2013-03-27,7012.T,50.0
2014-03-27,7012.T,60.0
2014-09-26,7012.T,30.0
2015-03-27,7012.T,70.0
2015-09-28,7012.T,50.0
2016-03-29,7012.T,70.0
2016-09-28,7012.T,40.0
2017-03-29,7012.T,20.0
2017-09-27,7012.T,30.0
2018-03-28,7012.T,30.0
2018-09-26,7012.T,35.0
2019-03-27,7012.T,35.0
2019-09-27,7012.T,35.0
2021-09-29,7012.T,20.0
2022-03-30,7012.T,20.0
2022-09-29,7012.T,30.0
2023-03-30,7012.T,60.0
2023-09-28,7012.T,20.0
2024-03-28,7012.T,30.0
2024-09-27,7012.T,70.0
2025-03-28,7012.T,80.0
2025-09-29,7012.T,75.0
2001-03-27,7013.T,4.285714
2002-03-26,7013.T,4.285714
2003-03-26,7013.T,2.142857
2006-03-28,7013.T,2.857143
2007-03-27,7013.T,5.714286
2008-03-26,7013.T,5.714286
2009-03-26,7013.T,5.714286
2010-03-29,7013.T,2.857143
2011-03-29,7013.T,4.285714
2012-03-28,7013.T,5.714286
2013-03-27,7013.T,7.142857
2014-03-27,7013.T,8.571429
2014-09-26,7013.T,4.285714
2015-03-27,7013.T,4.285714
2015-09-28,7013.T,4.285714
2017-09-27,7013.T,0.428571
2018-03-28,7013.T,4.285714
2018-09-26,7013.T,4.285714
2019-03-27,7013.T,5.714286
2019-09-27,7013.T,4.285714
2020-03-30,7013.T,2.857143
2021-09-29,7013.T,4.285714
2022-03-30,7013.T,5.714286
2022-09-29,7013.T,5.714286
2023-03-30,7013.T,7.142857
2023-09-28,7013.T,7.142857
2024-03-28,7013.T,7.142857
2024-09-27,7013.T,7.142857
2025-03-28,7013.T,10.0
2025-09-29,7013.T,10.0
2016-09-28,7186.T,7.5
2017-03-29,7186.T,7.5
2017-09-27,7186.T,6.5
2018-03-28,7186.T,9.0
2018-09-26,7186.T,6.5
2019-03-27,7186.T,9.5
2019-09-27,7186.T,8.0
2020-03-30,7186.T,8.0
2020-09-29,7186.T,8.0
2021-03-30,7186.T,9.0
2021-09-29,7186.T,8.0
2022-03-30,7186.T,10.0
2022-09-29,7186.T,9.5
2023-03-30,7186.T,9.5
2023-09-28,7186.T,11.0
2024-03-28,7186.T,12.0
2024-09-27,7186.T,13.0
2025-03-28,7186.T,16.0
2025-09-29,7186.T,17.0
2001-03-27,7201.T,7.0
2002-03-26,7201.T,8.0
2002-09-25,7201.T,4.0
2003-03-26,7201.T,10.0
2003-09-25,7201.T,8.0
2004-03-26,7201.T,11.0
2004-09-27,7201.T,12.0
2005-03-28,7201.T,12.0
2005-09-27,7201.T,14.0
2006-03-28,7201.T,15.0
2006-09-26,7201.T,17.0
2007-03-27,7201.T,17.0
2007-09-25,7201.T,20.0
2008-03-26,7201.T,20.0
2008-09-25,7201.T,11.0
2010-09-28,7201.T,5.0
2011-03-29,7201.T,5.0
2011-09-28,7201.T,10.0
2012-03-28,7201.T,10.0
2012-09-26,7201.T,12.5
2013-03-27,7201.T,12.5
2013-09-26,7201.T,15.0
2014-03-27,7201.T,15.0
2014-09-26,7201.T,16.5
2015-03-27,7201.T,16.5
2015-09-28,7201.T,21.0
2016-03-29,7201.T,21.0
2016-09-28,7201.T,24.0
2017-03-29,7201.T,24.0
2017-09-27,7201.T,26.5
2018-03-28,7201.T,26.5
2018-09-26,7201.T,28.5
2019-03-27,7201.T,28.5
2019-09-27,7201.T,10.0
2022-03-30,7201.T,5.0
2023-03-30,7201.T,10.0
2023-09-28,7201.T,5.0
2024-03-28,7201.T,15.0
2005-03-28,7202.T,3.0
2006-03-28,7202.T,6.0
2007-03-27,7202.T,8.0
2008-03-26,7202.T,10.0
2008-09-25,7202.T,6.0
2010-03-29,7202.T,6.0
2010-09-28,7202.T,4.0
2011-03-29,7202.T,4.0
2011-09-28,7202.T,6.0
2012-03-28,7202.T,6.0
2012-09-26,7202.T,8.0
2013-03-27,7202.T,12.0
2013-09-26,7202.T,12.0
2014-03-27,7202.T,12.0
2014-09-26,7202.T,14.0
2015-03-27,7202.T,16.0
2015-09-28,7202.T,16.0
2016-03-29,7202.T,16.0
2016-09-28,7202.T,16.0
2017-03-29,7202.T,16.0
2017-09-27,7202.T,16.0
2018-03-28,7202.T,17.0
2018-09-26,7202.T,18.0
2019-03-27,7202.T,19.0
2019-09-27,7202.T,19.0
2020-03-30,7202.T,19.0
2020-09-29,7202.T,10.0
2021-03-30,7202.T,10.0
2021-09-29,7202.T,29.0
2022-03-30,7202.T,37.0
2022-09-29,7202.T,36.0
2023-03-30,7202.T,43.0
2023-09-28,7202.T,43.0
2024-03-28,7202.T,49.0
2024-09-27,7202.T,46.0
2025-03-28,7202.T,46.0
2025-09-29,7202.T,46.0
1999-09-27,7203.T,2.2
2000-03-28,7203.T,2.6
2000-09-26,7203.T,2.2
2001-03-27,7203.T,2.8
2001-09-25,7203.T,2.6
2002-03-26,7203.T,3.0
2002-09-25,7203.T,3.2
2003-03-26,7203.T,4.0
2003-09-25,7203.T,4.0
2004-03-26,7203.T,5.0
2004-09-27,7203.T,5.0
2005-03-28,7203.T,8.0
2005-09-27,7203.T,7.0
2006-03-28,7203.T,11.0
2006-09-26,7203.T,10.0
2007-03-27,7203.T,14.0
2007-09-25,7203.T,13.0
2008-03-26,7203.T,15.0
2008-09-25,7203.T,13.0
2009-03-26,7203.T,7.0
2009-09-25,7203.T,4.0
2010-03-29,7203.T,5.0
2010-09-28,7203.T,4.0
2011-03-29,7203.T,6.0
2011-09-28,7203.T,4.0
2012-03-28,7203.T,6.0
2012-09-26,7203.T,6.0
2013-03-27,7203.T,12.0
2013-09-26,7203.T,13.0
2014-03-27,7203.T,20.0
2014-09-26,7203.T,15.0
2015-03-27,7203.T,25.0
2015-09-28,7203.T,20.0
2016-03-29,7203.T,22.0
2016-09-28,7203.T,20.0
2017-03-29,7203.T,22.0
2017-09-27,7203.T,20.0
2018-03-28,7203.T,24.0
2018-09-26,7203.T,20.0
2019-03-27,7203.T,24.0
2019-09-27,7203.T,20.0
2020-03-30,7203.T,24.0
2020-09-29,7203.T,21.0
2021-03-30,7203.T,27.0
2021-09-29,7203.T,24.0
2022-03-30,7203.T,28.0
2022-09-29,7203.T,25.0
2023-03-30,7203.T,35.0
2023-09-28,7203.T,30.0
2024-03-28,7203.T,45.0
2024-09-27,7203.T,40.0
2025-03-28,7203.T,50.0
2025-09-29,7203.T,45.0
2002-03-26,7205.T,3.0
2002-09-25,7205.T,2.0
2003-03-26,7205.T,3.0
2003-09-25,7205.T,3.0
2004-03-26,7205.T,3.0
2004-09-27,7205.T,3.0
2005-03-28,7205.T,3.0
2005-09-27,7205.T,4.0
2006-03-28,7205.T,5.0
2006-09-26,7205.T,4.0
2007-03-27,7205.T,5.0
2007-09-25,7205.T,5.0
2008-03-26,7205.T,5.0
2008-09-25,7205.T,5.0
2009-03-26,7205.T,5.0
2010-03-29,7205.T,1.8
2010-09-28,7205.T,2.0
2011-03-29,7205.T,3.0
2011-09-28,7205.T,3.0
2012-03-28,7205.T,5.0
2012-09-26,7205.T,8.0
2013-03-27,7205.T,15.0
2013-09-26,7205.T,18.0
2014-03-27,7205.T,20.0
2014-09-26,7205.T,18.0
2015-03-27,7205.T,22.0
2015-09-28,7205.T,20.0
2016-03-29,7205.T,18.0
2016-09-28,7205.T,11.0
2017-03-29,7205.T,15.0
2017-09-27,7205.T,13.0
2018-03-28,7205.T,15.0
2018-09-26,7205.T,14.0
2019-03-27,7205.T,15.0
2019-09-27,7205.T,13.0
2020-03-30,7205.T,7.0
2020-09-29,7205.T,5.0
2021-03-30,7205.T,7.0
2021-09-29,7205.T,7.0
2014-03-27,7211.T,25.0
2014-09-26,7211.T,7.5
2015-03-27,7211.T,8.5
2015-09-28,7211.T,8.0
2016-03-29,7211.T,8.0
2016-09-28,7211.T,5.0
2017-03-29,7211.T,5.0
2017-09-27,7211.T,7.0
2018-03-28,7211.T,10.0
2018-09-26,7211.T,10.0
2019-03-27,7211.T,10.0
2019-09-27,7211.T,10.0
2023-03-30,7211.T,5.0
2023-09-28,7211.T,5.0
2024-03-28,7211.T,5.0
2024-09-27,7211.T,7.5
2025-03-28,7211.T,7.5
2025-09-29,7211.T,5.0
2000-03-28,7261.T,10.0
2002-03-26,7261.T,10.0
2003-03-26,7261.T,10.0
2004-03-26,7261.T,10.0
2005-03-28,7261.T,15.0
2006-03-28,7261.T,25.0
2007-03-27,7261.T,30.0
2007-09-25,7261.T,15.0
2008-03-26,7261.T,15.0
2008-09-25,7261.T,15.0
2010-03-29,7261.T,13.5
2014-03-27,7261.T,5.0
2015-03-27,7261.T,10.0
2015-09-28,7261.T,15.0
2016-03-29,7261.T,15.0
2016-09-28,7261.T,15.0
2017-03-29,7261.T,20.0
2017-09-27,7261.T,15.0
2018-03-28,7261.T,20.0
2018-09-26,7261.T,15.0
2019-03-27,7261.T,20.0
2019-09-27,7261.T,15.0
2020-03-30,7261.T,20.0
2022-03-30,7261.T,20.0
2022-09-29,7261.T,20.0
2023-03-30,7261.T,25.0
2023-09-28,7261.T,25.0
2024-03-28,7261.T,35.0
2024-09-27,7261.T,25.0
2025-03-28,7261.T,30.0
2025-09-29,7261.T,25.0
2000-03-28,7267.T,2.0
2000-09-26,7267.T,1.833333
2001-03-27,7267.T,2.0
2001-09-25,7267.T,2.166667
2002-03-26,7267.T,2.5
2002-09-25,7267.T,2.666667
2003-03-26,7267.T,2.666667
2003-09-25,7267.T,3.166667
2004-03-26,7267.T,3.833333
2004-09-27,7267.T,4.666667
2005-03-28,7267.T,6.166667
2005-09-27,7267.T,6.666667
2006-03-28,7267.T,10.0
2006-09-26,7267.T,10.0
2006-12-26,7267.T,5.666667
2007-03-27,7267.T,6.666667
2007-06-26,7267.T,6.666667
2007-09-25,7267.T,7.333333
2007-12-25,7267.T,7.333333
2008-03-26,7267.T,7.333333
2008-06-25,7267.T,7.333333
2008-09-25,7267.T,7.333333
2008-12-25,7267.T,3.666667
2009-03-26,7267.T,2.666667
2009-06-25,7267.T,2.666667
2009-09-25,7267.T,2.666667
2009-12-28,7267.T,3.333333
2010-03-29,7267.T,4.0
2010-06-28,7267.T,4.0
2010-09-28,7267.T,4.0
2010-12-28,7267.T,5.0
2011-03-29,7267.T,5.0
2011-06-28,7267.T,5.0
2011-09-28,7267.T,5.0
2011-12-28,7267.T,5.0
2012-03-28,7267.T,5.0
2012-06-27,7267.T,6.333333
2012-09-26,7267.T,6.333333
2012-12-26,7267.T,6.333333
2013-03-27,7267.T,6.333333
2013-06-26,7267.T,6.666667
2013-09-26,7267.T,6.666667
2013-12-26,7267.T,6.666667
2014-03-27,7267.T,7.333333
2014-06-26,7267.T,7.333333
2014-09-26,7267.T,7.333333
2014-12-26,7267.T,7.333333
2015-03-27,7267.T,7.333333
2015-06-26,7267.T,7.333333
2015-09-28,7267.T,7.333333
2015-12-28,7267.T,7.333333
2016-03-29,7267.T,7.333333
2016-06-28,7267.T,7.333333
2016-09-28,7267.T,7.333333
2016-12-28,7267.T,8.0
2017-03-29,7267.T,8.0
2017-06-28,7267.T,8.0
2017-09-27,7267.T,8.0
2017-12-27,7267.T,8.333333
2018-03-28,7267.T,9.0
2018-06-27,7267.T,9.0
2018-09-26,7267.T,9.333333
2018-12-26,7267.T,9.333333
2019-03-27,7267.T,9.333333
2019-06-26,7267.T,9.333333
2019-09-27,7267.T,9.333333
2019-12-27,7267.T,9.333333
2020-03-30,7267.T,9.333333
2020-06-29,7267.T,3.666667
2020-09-29,7267.T,6.333333
2020-12-29,7267.T,8.666667
2021-03-30,7267.T,6.333333
2021-06-29,7267.T,18.333332
2021-09-29,7267.T,18.333332
2022-03-30,7267.T,21.666668
2022-09-29,7267.T,20.0
2023-03-30,7267.T,20.0
2023-09-28,7267.T,29.0
2024-03-28,7267.T,39.0
2024-09-27,7267.T,34.0
2025-03-28,7267.T,34.0
2025-09-29,7267.T,35.0
2000-03-28,7269.T,1.25
2000-09-26,7269.T,0.875
2001-03-27,7269.T,1.25
2001-09-25,7269.T,1.0
2002-03-26,7269.T,1.125
2002-09-25,7269.T,1.0
2003-03-26,7269.T,1.25
2003-09-25,7269.T,1.0
2004-03-26,7269.T,1.25
2004-09-27,7269.T,1.0
2005-03-28,7269.T,1.5
2005-09-27,7269.T,1.25
2006-03-28,7269.T,1.5
2006-09-26,7269.T,1.5
2007-03-27,7269.T,2.0
2007-09-25,7269.T,2.0
2008-03-26,7269.T,2.0
2008-09-25,7269.T,2.0
2009-03-26,7269.T,2.0
2009-09-25,7269.T,1.25
2010-03-29,7269.T,1.75
2010-09-28,7269.T,1.5
2011-03-29,7269.T,1.75
2011-09-28,7269.T,1.75
2012-03-28,7269.T,2.0
2012-09-26,7269.T,2.0
2013-03-27,7269.T,2.5
2013-09-26,7269.T,2.5
2014-03-27,7269.T,3.5
2014-09-26,7269.T,2.5
2015-03-27,7269.T,4.25
2015-09-28,7269.T,3.75
2016-03-29,7269.T,4.25
2016-09-28,7269.T,4.25
2017-03-29,7269.T,6.75
2017-09-27,7269.T,7.5
2018-03-28,7269.T,11.0
2018-09-26,7269.T,9.25
2019-03-27,7269.T,9.25
2019-09-27,7269.T,9.25
2020-03-30,7269.T,12.0
2020-09-29,7269.T,9.25
2021-03-30,7269.T,13.25
2021-09-29,7269.T,11.25
2022-03-30,7269.T,11.5
2022-09-29,7269.T,12.5
2023-03-30,7269.T,12.5
2023-09-28,7269.T,13.75
2024-03-28,7269.T,16.75
2024-09-27,7269.T,20.0
2025-03-28,7269.T,21.0
2025-09-29,7269.T,22.0
2000-03-28,7270.T,5.0
2000-09-26,7270.T,4.5
2001-03-27,7270.T,4.5
2001-09-25,7270.T,4.5
2002-03-26,7270.T,4.5
2002-09-25,7270.T,4.5
2003-03-26,7270.T,4.5
2003-09-25,7270.T,4.5
2004-03-26,7270.T,4.5
2004-09-27,7270.T,4.5
2005-03-28,7270.T,4.5
2005-09-27,7270.T,4.5
2006-03-28,7270.T,4.5
2006-09-26,7270.T,4.5
2007-03-27,7270.T,4.5
2007-09-25,7270.T,4.5
2008-03-26,7270.T,4.5
2008-09-25,7270.T,4.5
2010-09-28,7270.T,4.5
2011-03-29,7270.T,4.5
2011-09-28,7270.T,4.5
2012-03-28,7270.T,4.5
2012-09-26,7270.T,5.0
2013-03-27,7270.T,10.0
2013-09-26,7270.T,20.0
2014-03-27,7270.T,33.0
2014-09-26,7270.T,31.0
2015-03-27,7270.T,37.0
2015-09-28,7270.T,72.0
2016-03-29,7270.T,72.0
2016-09-28,7270.T,72.0
2017-03-29,7270.T,72.0
2017-09-27,7270.T,72.0
2018-03-28,7270.T,72.0
2018-09-26,7270.T,72.0
2019-03-27,7270.T,72.0
2019-09-27,7270.T,72.0
2020-03-30,7270.T,28.0
2020-09-29,7270.T,28.0
2021-03-30,7270.T,28.0
2021-09-29,7270.T,28.0
2022-03-30,7270.T,28.0
2022-09-29,7270.T,38.0
2023-03-30,7270.T,38.0
2023-09-28,7270.T,48.0
2024-03-28,7270.T,58.0
2024-09-27,7270.T,48.0
2025-03-28,7270.T,67.0
2025-09-29,7270.T,57.0
2001-03-27,7272.T,1.333333
2001-09-25,7272.T,1.333333
2002-03-26,7272.T,1.333333
2002-09-25,7272.T,1.333333
2003-03-26,7272.T,2.0
2003-09-25,7272.T,1.666667
2004-03-26,7272.T,2.333333
2004-12-27,7272.T,4.666667
2005-06-27,7272.T,2.833333
2005-12-27,7272.T,1.666667
2006-06-27,7272.T,5.0
2006-12-26,7272.T,7.0
2007-06-26,7272.T,6.833333
2007-12-25,7272.T,6.833333
2008-06-25,7272.T,6.833333
2008-12-25,7272.T,1.666667
2011-12-28,7272.T,5.166667
2012-06-27,7272.T,1.666667
2012-12-26,7272.T,1.666667
2013-06-26,7272.T,3.333333
2013-12-26,7272.T,5.333333
2014-06-26,7272.T,4.833333
2014-12-26,7272.T,8.5
2015-06-26,7272.T,7.333333
2015-12-28,7272.T,7.333333
2016-06-28,7272.T,10.0
2016-12-28,7272.T,10.0
2017-06-28,7272.T,13.0
2017-12-27,7272.T,16.333332
2018-06-27,7272.T,15.0
2018-12-26,7272.T,15.0
2019-06-26,7272.T,15.0
2019-12-27,7272.T,15.0
2020-12-29,7272.T,20.0
2021-06-29,7272.T,16.666668
2021-12-29,7272.T,21.666668
2022-06-29,7272.T,19.166668
2022-12-29,7272.T,22.5
2023-06-29,7272.T,24.166668
2023-12-28,7272.T,24.166668
2024-06-27,7272.T,25.0
2024-12-27,7272.T,25.0
2025-06-27,7272.T,25.0
2025-12-29,7272.T,10.0
2001-02-23,7453.T,1.1
2001-08-28,7453.T,1.1
2002-02-25,7453.T,1.1
2002-08-27,7453.T,1.1
2003-02-25,7453.T,1.1
2003-08-26,7453.T,1.1
2004-02-24,7453.T,1.25
2004-08-26,7453.T,1.25
2005-02-23,7453.T,1.5
2005-08-26,7453.T,1.75
2006-02-23,7453.T,2.25
2006-08-28,7453.T,2.25
2007-02-23,7453.T,2.25
2007-08-28,7453.T,2.35
2008-02-26,7453.T,2.5
2008-08-26,7453.T,2.75
2009-02-24,7453.T,2.75
2009-08-26,7453.T,2.75
2010-02-24,7453.T,2.75
2010-08-27,7453.T,2.75
2011-02-24,7453.T,2.75
2011-08-29,7453.T,2.75
2012-02-27,7453.T,2.75
2012-08-29,7453.T,2.75
2013-02-26,7453.T,2.75
2013-08-28,7453.T,3.75
2014-02-26,7453.T,4.0
2014-08-27,7453.T,4.25
2015-02-25,7453.T,5.25
2015-08-27,7453.T,5.5
2016-02-25,7453.T,6.8
2016-08-29,7453.T,6.85
2017-02-24,7453.T,7.8
2017-08-29,7453.T,8.1
2018-02-26,7453.T,9.15
2018-08-29,7453.T,9.55
2019-02-26,7453.T,9.8
2019-08-29,7453.T,9.1
2020-02-27,7453.T,9.100001
2020-08-28,7453.T,2.5
2021-02-25,7453.T,10.0
2021-08-30,7453.T,10.0
2022-02-25,7453.T,10.0
2022-08-30,7453.T,10.0
2023-02-27,7453.T,10.0
2023-08-30,7453.T,10.0
2024-02-28,7453.T,10.0
2024-08-29,7453.T,10.0
2025-02-27,7453.T,11.0
2025-08-28,7453.T,14.0
2026-02-26,7453.T,14.0
2000-03-28,7731.T,2.5
2000-09-26,7731.T,4.0
2001-03-27,7731.T,4.0
2001-09-25,7731.T,4.0
2004-03-26,7731.T,4.0
2004-09-27,7731.T,4.0
2005-03-28,7731.T,4.0
2005-09-27,7731.T,4.0
2006-03-28,7731.T,6.0
2006-09-26,7731.T,6.5
2007-03-27,7731.T,11.5
2007-09-25,7731.T,11.5
2008-03-26,7731.T,13.5
2008-09-25,7731.T,12.5
2009-03-26,7731.T,5.5
2009-09-25,7731.T,4.0
2010-03-29,7731.T,4.0
2010-09-28,7731.T,5.0
2011-03-29,7731.T,14.0
2011-09-28,7731.T,17.0
2012-03-28,7731.T,21.0
2012-09-26,7731.T,19.0
2013-03-27,7731.T,12.0
2013-09-26,7731.T,10.0
2014-03-27,7731.T,22.0
2014-09-26,7731.T,10.0
2015-03-27,7731.T,22.0
2015-09-28,7731.T,8.0
2016-03-29,7731.T,10.0
2016-09-28,7731.T,12.0
2017-03-29,7731.T,4.0
2017-09-27,7731.T,14.0
2018-03-28,7731.T,22.0
2018-09-26,7731.T,30.0
2019-03-27,7731.T,30.0
2019-09-27,7731.T,30.0
2020-03-30,7731.T,10.0
2020-09-29,7731.T,10.0
2021-03-30,7731.T,10.0
2021-09-29,7731.T,20.0
2022-03-30,7731.T,20.0
2022-09-29,7731.T,20.0
2023-03-30,7731.T,25.0
2023-09-28,7731.T,25.0
2024-03-28,7731.T,25.0
2024-09-27,7731.T,25.0
2025-03-28,7731.T,25.0
2025-09-29,7731.T,25.0
2000-03-28,7733.T,1.625
2000-09-26,7733.T,1.625
2001-03-27,7733.T,1.625
2001-09-25,7733.T,1.625
2002-03-26,7733.T,1.625
2002-09-25,7733.T,1.625
2003-03-26,7733.T,1.875
2003-09-25,7733.T,1.875
2004-03-26,7733.T,1.875
2004-09-27,7733.T,1.875
2005-03-28,7733.T,1.875
2005-09-27,7733.T,1.875
2006-03-28,7733.T,3.625
2006-09-26,7733.T,2.75
2007-03-27,7733.T,6.0
2007-09-25,7733.T,5.0
2008-03-26,7733.T,5.0
2008-09-25,7733.T,5.0
2009-09-25,7733.T,3.75
2010-03-29,7733.T,3.75
2010-09-28,7733.T,3.75
2011-03-29,7733.T,3.75
2015-03-27,7733.T,2.5
2016-03-29,7733.T,4.25
2017-03-29,7733.T,7.0
2018-03-28,7733.T,7.0
2019-03-27,7733.T,7.5
2020-05-28,7733.T,10.0
2021-03-30,7733.T,12.0
2022-03-30,7733.T,14.0
2023-03-30,7733.T,16.0
2024-03-28,7733.T,18.0
2025-03-28,7733.T,20.0
2001-03-27,7735.T,12.5
2004-03-26,7735.T,7.5
2005-03-28,7735.T,6.25
2006-03-28,7735.T,12.5
2007-03-27,7735.T,37.5
2008-03-26,7735.T,25.0
2011-03-29,7735.T,12.5
2012-03-28,7735.T,12.5
2014-03-27,7735.T,7.5
2015-03-27,7735.T,17.5
2016-03-29,7735.T,30.0
2017-03-29,7735.T,43.5
2018-03-28,7735.T,55.0
2019-03-27,7735.T,48.5
2020-03-30,7735.T,15.0
2021-03-30,7735.T,32.5
2022-03-30,7735.T,146.5
2023-03-30,7735.T,182.5
2023-09-28,7735.T,83.5
2024-03-28,7735.T,140.0
2024-09-27,7735.T,120.0
2025-03-28,7735.T,188.0
2025-09-29,7735.T,123.0
2001-03-27,7741.T,7.5
2001-09-25,7741.T,6.25
2002-03-26,7741.T,6.25
2002-09-25,7741.T,6.25
2003-03-26,7741.T,6.25
2003-09-25,7741.T,12.5
2004-03-26,7741.T,12.5
2004-09-27,7741.T,15.0
2005-03-28,7741.T,22.5
2005-09-27,7741.T,120.0
2006-03-28,7741.T,30.0
2006-09-26,7741.T,30.0
2007-03-27,7741.T,35.0
2007-09-25,7741.T,30.0
2008-03-26,7741.T,35.0
2008-09-25,7741.T,30.0
2009-03-26,7741.T,35.0
2009-09-25,7741.T,30.0
2010-03-29,7741.T,31.5
2010-09-28,7741.T,30.0
2011-03-29,7741.T,35.0
2011-09-28,7741.T,30.0
2012-03-28,7741.T,35.0
2012-09-26,7741.T,30.0
2013-03-27,7741.T,35.0
2013-09-26,7741.T,30.0
2014-03-27,7741.T,45.0
2014-09-26,7741.T,30.0
2015-03-27,7741.T,45.0
2015-09-28,7741.T,30.0
2016-03-29,7741.T,45.0
2016-09-28,7741.T,30.0
2017-03-29,7741.T,45.0
2017-09-27,7741.T,30.0
2018-03-28,7741.T,45.0
2018-09-26,7741.T,45.0
2019-03-27,7741.T,45.0
2019-09-27,7741.T,45.0
2020-03-30,7741.T,45.0
2020-09-29,7741.T,45.0
2021-03-30,7741.T,45.0
2021-09-29,7741.T,45.0
2022-03-30,7741.T,65.0
2022-09-29,7741.T,45.0
2023-03-30,7741.T,65.0
2023-09-28,7741.T,45.0
2024-03-28,7741.T,65.0
2024-09-27,7741.T,45.0
2025-03-28,7741.T,115.0
2025-09-29,7741.T,125.0
2000-06-27,7751.T,5.666667
2000-12-26,7751.T,8.333333
2001-06-26,7751.T,7.0
2001-12-25,7751.T,9.666667
2002-06-25,7751.T,8.333333
2002-12-25,7751.T,11.666667
2003-06-25,7751.T,10.0
2003-12-25,7751.T,23.333332
2004-06-25,7751.T,16.666668
2004-12-27,7751.T,26.666668
2005-06-27,7751.T,21.666668
2005-12-27,7751.T,45.0
2006-06-27,7751.T,50.0
2006-12-26,7751.T,50.0
2007-06-26,7751.T,50.0
2007-12-25,7751.T,60.0
2008-06-25,7751.T,55.0
2008-12-25,7751.T,55.0
2009-06-25,7751.T,55.0
2009-12-28,7751.T,55.0
2010-06-28,7751.T,55.0
2010-12-28,7751.T,65.0
2011-06-28,7751.T,60.0
2011-12-28,7751.T,60.0
2012-06-27,7751.T,60.0
2012-12-26,7751.T,70.0
2013-06-26,7751.T,65.0
2013-12-26,7751.T,65.0
2014-06-26,7751.T,65.0
2014-12-26,7751.T,85.0
2015-06-26,7751.T,75.0
2015-12-28,7751.T,75.0
2016-06-28,7751.T,75.0
2016-12-28,7751.T,75.0
2017-06-28,7751.T,75.0
2017-12-27,7751.T,85.0
2018-06-27,7751.T,80.0
2018-12-26,7751.T,80.0
2019-06-26,7751.T,80.0
2019-12-27,7751.T,80.0
2020-06-29,7751.T,40.0
2020-12-29,7751.T,40.0
2021-06-29,7751.T,45.0
2021-12-29,7751.T,55.0
2022-06-29,7751.T,60.0
2022-12-29,7751.T,60.0
2023-06-29,7751.T,70.0
2023-12-28,7751.T,70.0
2024-06-27,7751.T,75.0
2024-12-27,7751.T,80.0
2025-06-27,7751.T,80.0
2025-12-29,7751.T,80.0
1999-09-27,7752.T,5.5
2000-03-28,7752.T,5.5
2000-09-26,7752.T,6.0
2001-03-27,7752.T,6.0
2001-09-25,7752.T,6.0
2002-03-26,7752.T,7.0
2002-09-25,7752.T,7.0
2003-03-26,7752.T,7.0
2003-09-25,7752.T,8.0
2004-03-26,7752.T,10.0
2004-09-27,7752.T,10.0
2005-03-28,7752.T,10.0
2005-09-27,7752.T,12.0
2006-03-28,7752.T,12.0
2006-09-26,7752.T,13.0
2007-03-27,7752.T,15.0
2007-09-25,7752.T,16.0
2008-03-26,7752.T,17.0
2008-09-25,7752.T,18.0
2009-03-26,7752.T,15.0
2009-09-25,7752.T,16.5
2010-03-29,7752.T,16.5
2010-09-28,7752.T,16.5
2011-03-29,7752.T,16.5
2011-09-28,7752.T,16.5
2012-03-28,7752.T,8.5
2012-09-26,7752.T,12.5
2013-03-27,7752.T,16.5
2013-09-26,7752.T,16.5
2014-03-27,7752.T,16.5
2014-09-26,7752.T,17.0
2015-03-27,7752.T,17.0
2015-09-28,7752.T,17.5
2016-03-29,7752.T,17.5
2016-09-28,7752.T,22.5
2017-03-29,7752.T,12.5
2017-09-27,7752.T,7.5
2018-03-28,7752.T,7.5
2018-09-26,7752.T,10.0
2019-03-27,7752.T,13.0
2019-09-27,7752.T,13.0
2020-03-30,7752.T,13.0
2020-09-29,7752.T,7.5
2021-03-30,7752.T,7.5
2021-09-29,7752.T,13.0
2022-03-30,7752.T,13.0
2022-09-29,7752.T,17.0
2023-03-30,7752.T,17.0
2023-09-28,7752.T,18.0
2024-03-28,7752.T,18.0
2024-09-27,7752.T,19.0
2025-03-28,7752.T,19.0
2025-09-29,7752.T,20.0
2006-03-28,7832.T,4.0
2006-09-26,7832.T,4.0
2007-03-27,7832.T,5.333333
2007-09-25,7832.T,4.0
2008-03-26,7832.T,4.0
2008-09-25,7832.T,4.0
2009-03-26,7832.T,4.0
2009-09-25,7832.T,4.0
2010-03-29,7832.T,4.0
2010-09-28,7832.T,4.0
2011-03-29,7832.T,4.0
2011-09-28,7832.T,4.0
2012-03-28,7832.T,4.666667
2012-09-26,7832.T,4.0
2013-03-27,7832.T,11.0
2013-09-26,7832.T,4.0
2014-03-27,7832.T,7.666667
2014-09-26,7832.T,4.0
2015-03-27,7832.T,16.666668
2015-09-28,7832.T,4.0
2016-03-29,7832.T,13.333333
2016-09-28,7832.T,4.0
2017-03-29,7832.T,23.333332
2017-09-27,7832.T,4.0
2018-03-28,7832.T,37.0
2018-09-26,7832.T,6.0
2019-03-27,7832.T,42.333332
2019-09-27,7832.T,6.666667
2020-03-30,7832.T,37.333332
2020-09-29,7832.T,7.0
2021-03-30,7832.T,30.333332
2021-09-29,7832.T,8.0
2022-03-30,7832.T,62.666668
2022-09-29,7832.T,9.0
2023-03-30,7832.T,59.66
2023-09-28,7832.T,10.0
2024-03-28,7832.T,50.0
2024-09-27,7832.T,11.0
2025-03-28,7832.T,60.0
2025-09-29,7832.T,23.0
2000-03-28,7911.T,17.0
2000-09-26,7911.T,16.0
2001-03-27,7911.T,16.0
2001-09-25,7911.T,16.0
2002-03-26,7911.T,16.0
2002-09-25,7911.T,16.0
2003-03-26,7911.T,16.0
2003-09-25,7911.T,16.0
2004-03-26,7911.T,18.0
2004-09-27,7911.T,17.0
2005-03-28,7911.T,21.0
2005-09-27,7911.T,19.0
2006-03-28,7911.T,21.0
2006-09-26,7911.T,20.0
2007-03-27,7911.T,20.0
2007-09-25,7911.T,20.0
2008-03-26,7911.T,24.0
2008-09-25,7911.T,22.0
2009-03-26,7911.T,22.0
2009-09-25,7911.T,22.0
2010-03-29,7911.T,22.0
2010-09-28,7911.T,22.0
2011-03-29,7911.T,14.0
2011-09-28,7911.T,18.0
2012-03-28,7911.T,18.0
2012-09-26,7911.T,18.0
2013-03-27,7911.T,18.0
2013-09-26,7911.T,18.0
2014-03-27,7911.T,18.0
2014-09-26,7911.T,18.0
2015-03-27,7911.T,18.0
2015-09-28,7911.T,18.0
2016-03-29,7911.T,18.0
2016-09-28,7911.T,20.0
2017-03-29,7911.T,20.0
2017-09-27,7911.T,20.0
2018-03-28,7911.T,20.0
2018-09-26,7911.T,20.0
2019-03-27,7911.T,20.0
2019-09-27,7911.T,20.0
2020-03-30,7911.T,40.0
2020-09-29,7911.T,20.0
2021-03-30,7911.T,20.0
2021-09-29,7911.T,20.0
2022-03-30,7911.T,24.0
2022-09-29,7911.T,22.0
2023-03-30,7911.T,24.0
2023-09-28,7911.T,24.0
2024-03-28,7911.T,24.0
2024-09-27,7911.T,24.0
2025-03-28,7911.T,32.0
2025-09-29,7911.T,28.0
2000-03-28,7912.T,9.0
2000-09-26,7912.T,9.0
2001-03-27,7912.T,9.0
2001-09-25,7912.T,9.0
2002-03-26,7912.T,9.0
2002-09-25,7912.T,9.0
2003-03-26,7912.T,10.0
2003-09-25,7912.T,9.5
2004-03-26,7912.T,11.5
2004-09-27,7912.T,10.5
2005-03-28,7912.T,13.5
2005-09-27,7912.T,12.0
2006-03-28,7912.T,14.0
2006-09-26,7912.T,13.0
2007-03-27,7912.T,19.0
2007-09-25,7912.T,16.0
2008-03-26,7912.T,20.0
2008-09-25,7912.T,18.0
2009-03-26,7912.T,14.0
2009-09-25,7912.T,16.0
2010-03-29,7912.T,16.0
2010-09-28,7912.T,16.0
2011-03-29,7912.T,16.0
2011-09-28,7912.T,16.0
2012-03-28,7912.T,16.0
2012-09-26,7912.T,16.0
2013-03-27,7912.T,16.0
2013-09-26,7912.T,16.0
2014-03-27,7912.T,16.0
2014-09-26,7912.T,16.0
2015-03-27,7912.T,16.0
2015-09-28,7912.T,16.0
2016-03-29,7912.T,16.0
2016-09-28,7912.T,16.0
2017-03-29,7912.T,16.0
2017-09-27,7912.T,16.0
2018-03-28,7912.T,16.0
2018-09-26,7912.T,16.0
2019-03-27,7912.T,16.0
2019-09-27,7912.T,16.0
2020-03-30,7912.T,16.0
2020-09-29,7912.T,16.0
2021-03-30,7912.T,16.0
2021-09-29,7912.T,16.0
2022-03-30,7912.T,16.0
2022-09-29,7912.T,16.0
2023-03-30,7912.T,16.0
2023-09-28,7912.T,16.0
2024-03-28,7912.T,16.0
2024-09-27,7912.T,16.0
2025-03-28,7912.T,22.0
2025-09-29,7912.T,18.0
2000-03-28,7951.T,1.0
2000-09-26,7951.T,1.0
2001-03-27,7951.T,1.333333
2001-09-25,7951.T,1.333333
2002-03-26,7951.T,1.333333
2002-09-25,7951.T,1.666667
2003-03-26,7951.T,1.666667
2003-09-25,7951.T,1.666667
2004-03-26,7951.T,3.333333
2004-09-27,7951.T,2.5
2005-03-28,7951.T,4.166667
2005-09-27,7951.T,3.333333
2006-03-28,7951.T,3.333333
2006-09-26,7951.T,3.333333
2007-03-27,7951.T,4.166667
2007-09-25,7951.T,8.333333
2008-03-26,7951.T,3.333333
2008-09-25,7951.T,3.333333
2009-03-26,7951.T,5.0
2009-09-25,7951.T,5.0
2010-03-29,7951.T,4.166667
2010-09-28,7951.T,1.666667
2011-03-29,7951.T,1.666667
2011-09-28,7951.T,1.666667
2012-03-28,7951.T,1.666667
2012-09-26,7951.T,1.666667
2013-03-27,7951.T,1.666667
2013-09-26,7951.T,2.5
2014-03-27,7951.T,6.5
2014-09-26,7951.T,4.5
2015-03-27,7951.T,7.5
2015-09-28,7951.T,6.0
2016-03-29,7951.T,8.666667
2016-09-28,7951.T,8.666667
2017-03-29,7951.T,8.666667
2017-09-27,7951.T,9.333333
2018-03-28,7951.T,9.333333
2018-09-26,7951.T,10.0
2019-03-27,7951.T,10.0
2019-09-27,7951.T,11.0
2020-03-30,7951.T,11.0
2020-09-29,7951.T,11.0
2021-03-30,7951.T,11.0
2021-09-29,7951.T,11.0
2022-03-30,7951.T,11.0
2022-09-29,7951.T,11.0
2023-03-30,7951.T,11.0
2023-09-28,7951.T,12.333333
2024-03-28,7951.T,12.333333
2024-09-27,7951.T,12.333333
2025-03-28,7951.T,13.0
2025-09-29,7951.T,13.0
2001-03-27,7974.T,6.0
2001-09-25,7974.T,6.0
2002-03-26,7974.T,8.0
2002-09-25,7974.T,7.0
2003-03-26,7974.T,7.0
2003-09-25,7974.T,7.0
2004-03-26,7974.T,7.0
2004-09-27,7974.T,7.0
2005-03-28,7974.T,20.0
2005-09-27,7974.T,7.0
2006-03-28,7974.T,32.0
2006-09-26,7974.T,7.0
2007-03-27,7974.T,62.0
2007-09-25,7974.T,14.0
2008-03-26,7974.T,112.0
2008-09-25,7974.T,66.0
2009-03-26,7974.T,78.0
2009-09-25,7974.T,27.0
2010-03-29,7974.T,66.0
2010-09-28,7974.T,14.0
2011-03-29,7974.T,31.0
2012-03-28,7974.T,10.0
2013-03-27,7974.T,10.0
2014-03-27,7974.T,10.0
2015-03-27,7974.T,18.0
2015-09-28,7974.T,3.0
2016-03-29,7974.T,12.0
2017-03-29,7974.T,43.0
2017-09-27,7974.T,11.0
2018-03-28,7974.T,48.0
2018-09-26,7974.T,17.0
2019-03-27,7974.T,64.0
2019-09-27,7974.T,27.0
2020-03-30,7974.T,82.0
2020-09-29,7974.T,81.0
2021-03-30,7974.T,141.0
2021-09-29,7974.T,62.0
2022-03-30,7974.T,141.0
2022-09-29,7974.T,63.0
2023-03-30,7974.T,123.0
2023-09-28,7974.T,80.0
2024-03-28,7974.T,131.0
2024-09-27,7974.T,35.0
2025-03-28,7974.T,85.0
2025-09-29,7974.T,42.0
2001-03-27,8001.T,1.0
2001-09-25,8001.T,0.5
2002-03-26,8001.T,0.5
2002-09-25,8001.T,0.5
2003-03-26,8001.T,0.5
2005-03-28,8001.T,1.4
2005-09-27,8001.T,0.8
2006-03-28,8001.T,1.0
2006-09-26,8001.T,1.0
2007-03-27,8001.T,1.8
2007-09-25,8001.T,1.7
2008-03-26,8001.T,1.9
2008-09-25,8001.T,2.1
2009-03-26,8001.T,1.6
2009-09-25,8001.T,1.5
2010-03-29,8001.T,1.5
2010-09-28,8001.T,1.8
2011-03-29,8001.T,1.8
2011-09-28,8001.T,3.3
2012-03-28,8001.T,5.5
2012-09-26,8001.T,4.0
2013-03-27,8001.T,4.0
2013-09-26,8001.T,4.2
2014-03-27,8001.T,5.0
2014-09-26,8001.T,4.6
2015-03-27,8001.T,4.6
2015-09-28,8001.T,5.0
2016-03-29,8001.T,5.0
2016-09-28,8001.T,5.5
2017-03-29,8001.T,5.5
2017-09-27,8001.T,6.4
2018-03-28,8001.T,7.6
2018-09-26,8001.T,7.4
2019-03-27,8001.T,9.2
2019-09-27,8001.T,8.5
2020-03-30,8001.T,8.5
2020-09-29,8001.T,8.8
2021-03-30,8001.T,8.8
2021-09-29,8001.T,9.4
2022-03-30,8001.T,12.6
2022-09-29,8001.T,13.0
2023-03-30,8001.T,15.0
2023-09-28,8001.T,16.0
2024-03-28,8001.T,16.0
2024-09-27,8001.T,20.0
2025-03-28,8001.T,20.0
2025-09-29,8001.T,20.0
2003-03-26,8002.T,3.0
2004-03-26,8002.T,3.0
2005-03-28,8002.T,4.0
2005-09-27,8002.T,2.0
2006-03-28,8002.T,5.0
2006-09-26,8002.T,3.5
2007-03-27,8002.T,6.5
2007-09-25,8002.T,6.0
2008-03-26,8002.T,7.0
2008-09-25,8002.T,7.0
2009-03-26,8002.T,3.0
2009-09-25,8002.T,3.5
2010-03-29,8002.T,4.5
2010-09-28,8002.T,5.5
2011-03-29,8002.T,6.5
2011-09-28,8002.T,10.0
2012-03-28,8002.T,10.0
2012-09-26,8002.T,12.0
2013-03-27,8002.T,12.0
2013-09-26,8002.T,12.5
2014-03-27,8002.T,12.5
2014-09-26,8002.T,13.0
2015-03-27,8002.T,13.0
2015-09-28,8002.T,10.5
2016-03-29,8002.T,10.5
2016-09-28,8002.T,9.5
2017-03-29,8002.T,13.5
2017-09-27,8002.T,12.5
2018-03-28,8002.T,18.5
2018-09-26,8002.T,17.0
2019-03-27,8002.T,17.0
2019-09-27,8002.T,17.5
2020-03-30,8002.T,17.5
2020-09-29,8002.T,11.0
2021-03-30,8002.T,11.0
2021-09-29,8002.T,25.5
2022-03-30,8002.T,36.5
2022-09-29,8002.T,37.5
2023-03-30,8002.T,40.5
2023-09-28,8002.T,41.5
2024-03-28,8002.T,43.5
2024-09-27,8002.T,45.0
2025-03-28,8002.T,50.0
2025-09-29,8002.T,50.0
2000-03-28,8015.T,1.25
2000-09-26,8015.T,1.25
2001-03-27,8015.T,1.25
2001-09-25,8015.T,1.25
2002-03-26,8015.T,1.25
2002-09-25,8015.T,1.25
2003-03-26,8015.T,1.333333
2003-09-25,8015.T,1.333333
2004-03-26,8015.T,1.333333
2004-09-27,8015.T,1.666667
2005-03-28,8015.T,2.333333
2005-09-27,8015.T,3.0
2006-03-28,8015.T,3.0
2006-09-26,8015.T,4.0
2007-03-27,8015.T,4.666667
2007-09-25,8015.T,4.666667
2008-03-26,8015.T,5.333333
2008-09-25,8015.T,6.0
2009-03-26,8015.T,2.666667
2009-09-25,8015.T,2.666667
2010-03-29,8015.T,2.666667
2010-09-28,8015.T,4.0
2011-03-29,8015.T,5.333333
2011-09-28,8015.T,5.333333
2012-03-28,8015.T,8.666667
2012-09-26,8015.T,7.333333
2013-03-27,8015.T,7.333333
2013-09-26,8015.T,7.666667
2014-03-27,8015.T,9.0
2014-09-26,8015.T,9.333333
2015-03-27,8015.T,9.333333
2015-09-28,8015.T,10.333333
2016-03-29,8015.T,10.333333
2016-09-28,8015.T,10.333333
2017-03-29,8015.T,13.0
2017-09-27,8015.T,15.0
2018-03-28,8015.T,16.333332
2018-09-26,8015.T,16.666668
2019-03-27,8015.T,16.666668
2019-09-27,8015.T,20.0
2020-03-30,8015.T,16.666668
2020-09-29,8015.T,16.666668
2021-03-30,8015.T,20.666668
2021-09-29,8015.T,20.0
2022-03-30,8015.T,30.0
2022-09-29,8015.T,32.0
2023-03-30,8015.T,35.333332
2023-09-28,8015.T,41.666668
2024-03-28,8015.T,51.666668
2024-09-27,8015.T,50.0
2025-03-28,8015.T,55.0
2025-09-29,8015.T,58.0
2000-03-28,8031.T,2.0
2000-09-26,8031.T,2.0
2001-03-27,8031.T,2.0
2001-09-25,8031.T,2.0
2002-03-26,8031.T,2.0
2002-09-25,8031.T,2.0
2003-03-26,8031.T,2.0
2003-09-25,8031.T,2.0
2004-03-26,8031.T,2.0
2004-09-27,8031.T,2.5
2005-03-28,8031.T,5.0
2005-09-27,8031.T,5.0
2006-03-28,8031.T,7.0
2006-09-26,8031.T,8.5
2007-03-27,8031.T,8.5
2007-09-25,8031.T,11.5
2008-03-26,8031.T,11.5
2008-09-25,8031.T,12.5
2009-03-26,8031.T,12.5
2009-09-25,8031.T,3.5
2010-03-29,8031.T,5.5
2010-09-28,8031.T,10.0
2011-03-29,8031.T,13.5
2011-09-28,8031.T,13.5
2012-03-28,8031.T,14.0
2012-09-26,8031.T,11.0
2013-03-27,8031.T,10.5
2013-09-26,8031.T,12.5
2014-03-27,8031.T,17.0
2014-09-26,8031.T,16.0
2015-03-27,8031.T,16.0
2015-09-28,8031.T,16.0
2016-03-29,8031.T,16.0
2016-09-28,8031.T,12.5
2017-03-29,8031.T,15.0
2017-09-27,8031.T,15.0
2018-03-28,8031.T,20.0
2018-09-26,8031.T,20.0
2019-03-27,8031.T,20.0
2019-09-27,8031.T,20.0
2020-03-30,8031.T,20.0
2020-09-29,8031.T,20.0
2021-03-30,8031.T,20.0
2021-09-29,8031.T,22.5
2022-03-30,8031.T,30.0
2022-09-29,8031.T,32.5
2023-03-30,8031.T,37.5
2023-09-28,8031.T,42.5
2024-03-28,8031.T,42.5
2024-09-27,8031.T,50.0
2025-03-28,8031.T,50.0
2025-09-29,8031.T,55.0
2000-03-28,8035.T,2.666667
2000-09-26,8035.T,6.333333
2001-03-27,8035.T,6.333333
2001-09-25,8035.T,1.333333
2002-03-26,8035.T,1.333333
2002-09-25,8035.T,1.333333
2003-03-26,8035.T,1.333333
2003-09-25,8035.T,1.333333
2004-03-26,8035.T,2.0
2004-09-27,8035.T,5.0
2005-03-28,8035.T,10.0
2005-09-27,8035.T,8.333333
2006-03-28,8035.T,10.0
2006-09-26,8035.T,14.0
2007-03-27,8035.T,20.333332
2007-09-25,8035.T,23.333332
2008-03-26,8035.T,18.333332
2008-09-25,8035.T,6.666667
2009-03-26,8035.T,1.333333
2009-09-25,8035.T,1.333333
2010-03-29,8035.T,2.666667
2010-09-28,8035.T,12.666667
2011-03-29,8035.T,25.333332
2011-09-28,8035.T,17.666668
2012-03-28,8035.T,9.0
2012-09-26,8035.T,8.333333
2013-03-27,8035.T,8.666667
2013-09-26,8035.T,8.333333
2014-03-27,8035.T,8.333333
2014-06-26,8035.T,3.333333
2014-09-26,8035.T,10.0
2014-12-26,8035.T,11.666667
2015-03-27,8035.T,22.666668
2015-09-28,8035.T,41.666668
2016-03-29,8035.T,37.333332
2016-09-28,8035.T,42.666668
2017-03-29,8035.T,74.666664
2017-09-27,8035.T,92.333336
2018-03-28,8035.T,115.666664
2018-09-26,8035.T,137.66667
2019-03-27,8035.T,115.0
2019-09-27,8035.T,82.0
2020-03-30,8035.T,114.0
2020-09-29,8035.T,120.0
2021-03-30,8035.T,105.0
2021-09-29,8035.T,214.33333
2022-03-30,8035.T,253.33333
2022-09-29,8035.T,285.66666
2023-03-30,8035.T,284.66
2023-09-28,8035.T,148.0
2024-03-28,8035.T,245.0
2024-09-27,8035.T,265.0
2025-03-28,8035.T,327.0
2025-09-29,8035.T,264.0
2000-03-28,8053.T,4.0
2000-09-26,8053.T,4.0
2001-03-27,8053.T,4.0
2001-09-25,8053.T,4.0
2002-03-26,8053.T,4.0
2002-09-25,8053.T,4.0
2003-03-26,8053.T,4.0
2003-09-25,8053.T,4.0
2004-03-26,8053.T,4.0
2004-09-27,8053.T,4.0
2005-03-28,8053.T,7.0
2005-09-27,8053.T,11.0
2006-03-28,8053.T,14.0
2006-09-26,8053.T,15.0
2007-03-27,8053.T,18.0
2007-09-25,8053.T,18.0
2008-03-26,8053.T,20.0
2008-09-25,8053.T,19.0
2009-03-26,8053.T,15.0
2009-09-25,8053.T,9.0
2010-03-29,8053.T,15.0
2010-09-28,8053.T,16.0
2011-03-29,8053.T,20.0
2011-09-28,8053.T,24.0
2012-03-28,8053.T,25.0
2012-09-26,8053.T,25.0
2013-03-27,8053.T,21.0
2013-09-26,8053.T,23.0
2014-03-27,8053.T,24.0
2014-09-26,8053.T,25.0
2015-03-27,8053.T,25.0
2015-09-28,8053.T,25.0
2016-03-29,8053.T,25.0
2016-09-28,8053.T,25.0
2017-03-29,8053.T,25.0
2017-09-27,8053.T,28.0
2018-03-28,8053.T,34.0
2018-09-26,8053.T,37.0
2019-03-27,8053.T,38.0
2019-09-27,8053.T,45.0
2020-03-30,8053.T,35.0
2020-09-29,8053.T,35.0
2021-03-30,8053.T,35.0
2021-09-29,8053.T,45.0
2022-03-30,8053.T,65.0
2022-09-29,8053.T,57.5
2023-03-30,8053.T,57.5
2023-09-28,8053.T,62.5
2024-03-28,8053.T,62.5
2024-09-27,8053.T,65.0
2025-03-28,8053.T,65.0
2025-09-29,8053.T,70.0
2000-03-28,8058.T,1.333333
2000-09-26,8058.T,1.333333
2001-03-27,8058.T,1.333333
2001-09-25,8058.T,1.333333
2002-03-26,8058.T,1.333333
2002-09-25,8058.T,1.333333
2003-03-26,8058.T,1.333333
2003-09-25,8058.T,1.333333
2004-03-26,8058.T,2.666667
2004-09-27,8058.T,2.0
2005-03-28,8058.T,4.0
2005-09-27,8058.T,4.333333
2006-03-28,8058.T,7.333333
2006-09-26,8058.T,6.0
2007-03-27,8058.T,9.333333
2007-09-25,8058.T,8.666667
2008-03-26,8058.T,10.0
2008-09-25,8058.T,12.0
2009-03-26,8058.T,5.333333
2009-09-25,8058.T,5.666667
2010-03-29,8058.T,7.0
2010-09-28,8058.T,8.666667
2011-03-29,8058.T,13.0
2011-09-28,8058.T,10.666667
2012-03-28,8058.T,11.0
2012-09-26,8058.T,8.333333
2013-03-27,8058.T,10.0
2013-09-26,8058.T,10.0
2014-03-27,8058.T,12.666667
2014-09-26,8058.T,13.333333
2015-03-27,8058.T,10.0
2015-09-28,8058.T,8.333333
2016-03-29,8058.T,8.333333
2016-09-28,8058.T,10.0
2017-03-29,8058.T,16.666668
2017-09-27,8058.T,15.666667
2018-03-28,8058.T,21.0
2018-09-26,8058.T,20.666668
2019-03-27,8058.T,21.0
2019-09-27,8058.T,21.333332
2020-03-30,8058.T,22.666668
2020-09-29,8058.T,22.333332
2021-03-30,8058.T,22.333332
2021-09-29,8058.T,23.666668
2022-03-30,8058.T,26.333332
2022-09-29,8058.T,25.666668
2023-03-30,8058.T,34.333332
2023-09-28,8058.T,35.0
2024-03-28,8058.T,35.0
2024-09-27,8058.T,50.0
2025-03-28,8058.T,50.0
2025-09-29,8058.T,55.0
2000-02-24,8233.T,3.75
2000-08-28,8233.T,3.75
2001-02-23,8233.T,3.75
2001-08-28,8233.T,3.75
2002-02-25,8233.T,3.75
2002-08-27,8233.T,3.75
2003-02-25,8233.T,3.75
2003-08-26,8233.T,3.75
2004-02-24,8233.T,3.75
2004-08-26,8233.T,3.75
2005-02-23,8233.T,3.75
2005-08-26,8233.T,4.5
2006-02-23,8233.T,4.5
2006-08-28,8233.T,4.5
2007-02-23,8233.T,5.0
2007-08-28,8233.T,5.0
2008-02-26,8233.T,5.0
2008-08-26,8233.T,5.0
2009-02-24,8233.T,5.0
2009-08-26,8233.T,5.0
2010-02-24,8233.T,5.0
2010-08-27,8233.T,5.0
2011-02-24,8233.T,5.0
2011-08-29,8233.T,5.0
2012-02-27,8233.T,5.0
2012-08-29,8233.T,5.0
2013-02-26,8233.T,5.0
2013-08-28,8233.T,5.0
2014-02-26,8233.T,5.0
2014-08-27,8233.T,5.0
2015-02-25,8233.T,5.0
2015-08-27,8233.T,6.0
2016-02-25,8233.T,6.0
2016-08-29,8233.T,6.0
2017-02-24,8233.T,6.0
2017-08-29,8233.T,6.0
2018-02-26,8233.T,6.0
2018-08-29,8233.T,6.0
2019-02-26,8233.T,6.0
2019-08-29,8233.T,6.0
2020-02-27,8233.T,6.0
2020-08-28,8233.T,6.0
2021-02-25,8233.T,6.0
2021-08-30,8233.T,6.0
2022-02-25,8233.T,6.0
2022-08-30,8233.T,6.0
2023-02-27,8233.T,7.0
2023-08-30,8233.T,8.5
2024-02-28,8233.T,10.0
2024-08-29,8233.T,11.5
2025-02-27,8233.T,13.0
2025-08-28,8233.T,17.0
2026-02-26,8233.T,17.0
2000-01-26,8252.T,22.0
2001-01-26,8252.T,22.0
2002-01-28,8252.T,22.0
2003-01-28,8252.T,22.0
2003-09-25,8252.T,15.0
2004-03-26,8252.T,11.0
2005-03-28,8252.T,22.0
2006-03-28,8252.T,28.0
2006-09-26,8252.T,12.0
2007-03-27,8252.T,16.0
2007-09-25,8252.T,14.0
2008-03-26,8252.T,14.0
2008-09-25,8252.T,14.0
2009-03-26,8252.T,14.0
2009-09-25,8252.T,7.0
2010-03-29,8252.T,7.0
2010-09-28,8252.T,7.0
2011-03-29,8252.T,7.0
2011-09-28,8252.T,7.0
2012-03-28,8252.T,7.0
2012-09-26,8252.T,7.0
2013-03-27,8252.T,8.0
2013-09-26,8252.T,9.0
2014-03-27,8252.T,9.0
2014-09-26,8252.T,9.0
2015-03-27,8252.T,10.0
2015-09-28,8252.T,11.0
2016-03-29,8252.T,11.0
2016-09-28,8252.T,16.0
2017-03-29,8252.T,17.0
2017-09-27,8252.T,18.0
2018-03-28,8252.T,20.0
2018-09-26,8252.T,23.0
2019-03-27,8252.T,26.0
2019-09-27,8252.T,28.0
2020-03-30,8252.T,22.0
2020-09-29,8252.T,25.0
2021-03-30,8252.T,26.0
2021-09-29,8252.T,26.0
2022-03-30,8252.T,26.0
2022-09-29,8252.T,29.0
2023-03-30,8252.T,30.0
2023-09-28,8252.T,50.0
2024-03-28,8252.T,51.0
2024-09-27,8252.T,53.0
2025-03-28,8252.T,53.0
2025-09-29,8252.T,65.0
2000-03-28,8253.T,18.0
2001-03-27,8253.T,18.0
2002-03-26,8253.T,18.0
2003-03-26,8253.T,18.0
2004-03-26,8253.T,18.0
2005-03-28,8253.T,20.0
2006-03-28,8253.T,26.0
2007-03-27,8253.T,28.0
2008-03-26,8253.T,28.0
2009-03-26,8253.T,30.0
2010-03-29,8253.T,30.0
2011-03-29,8253.T,30.0
2012-03-28,8253.T,30.0
2013-03-27,8253.T,30.0
2014-03-27,8253.T,30.0
2015-03-27,8253.T,30.0
2016-03-29,8253.T,35.0
2017-03-29,8253.T,35.0
2018-03-28,8253.T,35.0
2019-03-27,8253.T,45.0
2020-03-30,8253.T,45.0
2021-03-30,8253.T,45.0
2022-03-30,8253.T,55.0
2023-03-30,8253.T,70.0
2024-03-28,8253.T,105.0
2025-03-28,8253.T,120.0
2000-02-15,8267.T,3.666667
2001-02-15,8267.T,3.666667
2002-02-15,8267.T,3.666667
2003-02-17,8267.T,3.666667
2004-02-17,8267.T,3.666667
2005-02-15,8267.T,4.0
2006-02-15,8267.T,5.0
2007-02-15,8267.T,5.0
2008-02-15,8267.T,5.666667
2009-02-24,8267.T,5.666667
2010-02-24,8267.T,6.666667
2011-02-24,8267.T,7.0
2012-02-27,8267.T,7.666667
2012-08-29,8267.T,4.0
2013-02-26,8267.T,4.0
2013-08-28,8267.T,4.333333
2014-02-26,8267.T,4.333333
2014-08-27,8267.T,4.666667
2015-02-25,8267.T,4.666667
2015-08-27,8267.T,4.666667
2016-02-25,8267.T,4.666667
2016-08-29,8267.T,5.0
2017-02-24,8267.T,5.0
2017-08-29,8267.T,5.0
2018-02-26,8267.T,5.0
2018-08-29,8267.T,5.666667
2019-02-26,8267.T,5.666667
2019-08-29,8267.T,6.0
2020-02-27,8267.T,6.0
2020-08-28,8267.T,6.0
2021-02-25,8267.T,6.0
2021-08-30,8267.T,6.0
2022-02-25,8267.T,6.0
2022-08-30,8267.T,6.0
2023-02-27,8267.T,6.0
2023-08-30,8267.T,6.0
2024-02-28,8267.T,6.0
2024-08-29,8267.T,6.666667
2025-02-27,8267.T,6.666667
2025-08-28,8267.T,20.0
2026-02-26,8267.T,7.0
2007-03-27,8304.T,17.8
2008-03-26,8304.T,35.0
2010-03-29,8304.T,7.0
2011-03-29,8304.T,20.0
2012-03-28,8304.T,90.0
2013-03-27,8304.T,139.0
2013-06-26,8304.T,30.0
2013-09-26,8304.T,30.0
2013-12-26,8304.T,40.0
2014-03-27,8304.T,45.0
2014-06-26,8304.T,30.0
2014-09-26,8304.T,30.0
2014-12-26,8304.T,40.0
2015-03-27,8304.T,49.0
2015-06-26,8304.T,40.0
2015-09-28,8304.T,40.0
2015-12-28,8304.T,50.0
2016-03-29,8304.T,56.0
2016-06-28,8304.T,40.0
2016-09-28,8304.T,40.0
2016-12-28,8304.T,50.0
2017-03-29,8304.T,57.0
2017-06-28,8304.T,40.0
2017-09-27,8304.T,40.0
2017-12-27,8304.T,50.0
2018-03-28,8304.T,54.0
2018-06-27,8304.T,40.0
2018-09-26,8304.T,40.0
2018-12-26,8304.T,40.0
2019-03-27,8304.T,34.0
2019-06-26,8304.T,39.0
2019-09-27,8304.T,39.0
2019-12-27,8304.T,39.0
2020-03-30,8304.T,39.0
2020-06-29,8304.T,30.0
2020-09-29,8304.T,30.0
2020-12-29,8304.T,30.0
2021-03-30,8304.T,34.0
2021-06-29,8304.T,32.0
2021-09-29,8304.T,32.0
2021-12-29,8304.T,40.0
2022-03-30,8304.T,45.0
2022-06-29,8304.T,38.0
2022-09-29,8304.T,38.0
2022-12-29,8304.T,38.0
2023-03-30,8304.T,40.0
2023-06-29,8304.T,38.0
2023-09-28,8304.T,38.0
2024-06-27,8304.T,19.0
2024-09-27,8304.T,19.0
2024-12-27,8304.T,19.0
2025-03-28,8304.T,22.0
2025-06-27,8304.T,22.0
2025-09-29,8304.T,22.0
2025-12-29,8304.T,22.0
2006-03-28,8306.T,4.0
2006-09-26,8306.T,5.0
2007-03-27,8306.T,6.0
2007-10-01,8306.T,7.0
2008-03-26,8306.T,7.0
2008-09-25,8306.T,7.0
2009-03-26,8306.T,5.0
2009-09-25,8306.T,6.0
2010-03-29,8306.T,6.0
2010-09-28,8306.T,6.0
2011-03-29,8306.T,6.0
2011-09-28,8306.T,6.0
2012-03-28,8306.T,6.0
2012-09-26,8306.T,6.0
2013-03-27,8306.T,7.0
2013-09-26,8306.T,7.0
2014-03-27,8306.T,9.0
2014-09-26,8306.T,9.0
2015-03-27,8306.T,9.0
2015-09-28,8306.T,9.0
2016-03-29,8306.T,9.0
2016-09-28,8306.T,9.0
2017-03-29,8306.T,9.0
2017-09-27,8306.T,9.0
2018-03-28,8306.T,10.0
2018-09-26,8306.T,11.0
2019-03-27,8306.T,11.0
2019-09-27,8306.T,12.5
2020-03-30,8306.T,12.5
2020-09-29,8306.T,12.5
2021-03-30,8306.T,12.5
2021-09-29,8306.T,13.5
2022-03-30,8306.T,14.5
2022-09-29,8306.T,16.0
2023-03-30,8306.T,16.0
2023-09-28,8306.T,20.5
2024-03-28,8306.T,20.5
2024-09-27,8306.T,25.0
2025-03-28,8306.T,39.0
2025-09-29,8306.T,35.0
2006-03-28,8308.T,10.0
2007-03-27,8308.T,10.0
2008-03-26,8308.T,10.0
2009-03-26,8308.T,10.0
2010-03-29,8308.T,10.0
2011-03-29,8308.T,12.0
2012-03-28,8308.T,12.0
2013-03-27,8308.T,12.0
2014-03-27,8308.T,15.0
2015-03-27,8308.T,17.0
2015-09-28,8308.T,8.5
2016-03-29,8308.T,8.5
2016-09-28,8308.T,9.5
2017-03-29,8308.T,9.5
2017-09-27,8308.T,10.0
2018-03-28,8308.T,10.0
2018-09-26,8308.T,10.5
2019-03-27,8308.T,10.5
2019-09-27,8308.T,10.5
2020-03-30,8308.T,10.5
2020-09-29,8308.T,10.5
2021-03-30,8308.T,10.5
2021-09-29,8308.T,10.5
2022-03-30,8308.T,10.5
2022-09-29,8308.T,10.5
2023-03-30,8308.T,10.5
2023-09-28,8308.T,11.0
2024-03-28,8308.T,11.0
2024-09-27,8308.T,11.5
2025-03-28,8308.T,13.5
2025-09-29,8308.T,14.5
2001-03-27,8309.T,12.5
2002-03-26,8309.T,12.5
2004-03-26,8309.T,12.5
2005-03-28,8309.T,12.5
2006-03-28,8309.T,20.0
2007-03-27,8309.T,25.0
2008-03-26,8309.T,35.0
2009-03-26,8309.T,25.0
2010-03-29,8309.T,40.0
2010-09-28,8309.T,20.0
2011-03-29,8309.T,20.0
2011-09-28,8309.T,20.0
2012-03-28,8309.T,22.5
2012-09-26,8309.T,21.25
2013-03-27,8309.T,23.75
2013-09-26,8309.T,25.0
2014-03-27,8309.T,25.0
2014-09-26,8309.T,27.5
2015-03-27,8309.T,32.5
2015-09-28,8309.T,32.5
2016-03-29,8309.T,32.5
2016-09-28,8309.T,32.5
2017-03-29,8309.T,32.5
2017-09-27,8309.T,32.5
2018-03-28,8309.T,32.5
2018-09-26,8309.T,32.5
2019-03-27,8309.T,37.5
2019-09-27,8309.T,37.5
2020-03-30,8309.T,37.5
2020-09-29,8309.T,37.5
2021-03-30,8309.T,37.5
2021-09-29,8309.T,40.0
2022-03-30,8309.T,45.0
2022-09-29,8309.T,50.0
2023-03-30,8309.T,55.0
2023-09-28,8309.T,55.0
2024-03-28,8309.T,55.0
2024-09-27,8309.T,72.5
2025-03-28,8309.T,82.5
2025-09-29,8309.T,80.0
2003-03-26,8316.T,10.0
2004-03-26,8316.T,10.0
2005-03-28,8316.T,10.0
2006-03-28,8316.T,10.0
2007-03-27,8316.T,23.333332
2007-09-25,8316.T,16.666668
2008-03-26,8316.T,23.333332
2008-09-25,8316.T,23.333332
2009-03-26,8316.T,6.666667
2009-09-25,8316.T,15.0
2010-03-29,8316.T,18.333332
2010-09-28,8316.T,16.666668
2011-03-29,8316.T,16.666668
2011-09-28,8316.T,16.666668
2012-03-28,8316.T,16.666668
2012-09-26,8316.T,16.666668
2013-03-27,8316.T,23.333332
2013-09-26,8316.T,18.333332
2014-03-27,8316.T,21.666668
2014-09-26,8316.T,20.0
2015-03-27,8316.T,26.666668
2015-09-28,8316.T,25.0
2016-03-29,8316.T,25.0
2016-09-28,8316.T,25.0
2017-03-29,8316.T,25.0
2017-09-27,8316.T,26.666668
2018-03-28,8316.T,30.0
2018-09-26,8316.T,28.333332
2019-03-27,8316.T,31.666668
2019-09-27,8316.T,30.0
2020-03-30,8316.T,33.333332
2020-09-29,8316.T,31.666668
2021-03-30,8316.T,31.666668
2021-09-29,8316.T,35.0
2022-03-30,8316.T,35.0
2022-09-29,8316.T,38.333332
2023-03-30,8316.T,41.666668
2023-09-28,8316.T,45.0
2024-03-28,8316.T,45.0
2024-09-27,8316.T,60.0
2025-03-28,8316.T,62.0
2025-09-29,8316.T,78.0
2000-03-28,8331.T,2.5
2000-09-26,8331.T,2.5
2001-03-27,8331.T,2.5
2001-09-25,8331.T,2.5
2002-03-26,8331.T,2.5
2002-09-25,8331.T,2.5
2003-03-26,8331.T,2.5
2003-09-25,8331.T,2.5
2004-03-26,8331.T,3.5
2004-09-27,8331.T,2.5
2005-03-28,8331.T,3.5
2005-09-27,8331.T,3.0
2006-03-28,8331.T,4.0
2006-09-26,8331.T,3.5
2007-03-27,8331.T,5.5
2007-09-25,8331.T,5.5
2008-03-26,8331.T,5.5
2008-09-25,8331.T,6.5
2009-03-26,8331.T,4.5
2009-09-25,8331.T,5.5
2010-03-29,8331.T,5.5
2010-09-28,8331.T,5.5
2011-03-29,8331.T,5.5
2011-09-28,8331.T,5.5
2012-03-28,8331.T,5.5
2012-09-26,8331.T,5.5
2013-03-27,8331.T,6.5
2013-09-26,8331.T,6.0
2014-03-27,8331.T,6.0
2014-09-26,8331.T,6.0
2015-03-27,8331.T,7.0
2015-09-28,8331.T,7.0
2016-03-29,8331.T,7.0
2016-09-28,8331.T,7.5
2017-03-29,8331.T,7.5
2017-09-27,8331.T,7.5
2018-03-28,8331.T,7.5
2018-09-26,8331.T,8.0
2019-03-27,8331.T,8.0
2019-09-27,8331.T,8.0
2020-03-30,8331.T,10.0
2020-09-29,8331.T,9.0
2021-03-30,8331.T,9.0
2021-09-29,8331.T,11.0
2022-03-30,8331.T,13.0
2022-09-29,8331.T,13.0
2023-03-30,8331.T,15.0
2023-09-28,8331.T,15.0
2024-03-28,8331.T,17.0
2024-09-27,8331.T,18.0
2025-03-28,8331.T,22.0
2025-09-29,8331.T,24.0
2007-09-25,8354.T,22.5
2008-03-26,8354.T,12.5
2009-03-26,8354.T,20.0
2009-09-25,8354.T,20.0
2010-03-29,8354.T,20.0
2010-09-28,8354.T,20.0
2011-03-29,8354.T,20.0
2011-09-28,8354.T,20.0
2012-03-28,8354.T,20.0
2012-09-26,8354.T,20.0
2013-03-27,8354.T,30.0
2013-09-26,8354.T,27.5
2014-03-27,8354.T,32.5
2014-09-26,8354.T,30.0
2015-03-27,8354.T,30.0
2015-09-28,8354.T,32.5
2016-03-29,8354.T,32.5
2016-09-28,8354.T,32.5
2017-03-29,8354.T,32.5
2017-09-27,8354.T,37.5
2018-03-28,8354.T,37.5
2018-09-26,8354.T,8.5
2019-03-27,8354.T,42.5
2019-09-27,8354.T,42.5
2020-03-30,8354.T,42.5
2020-09-29,8354.T,42.5
2021-03-30,8354.T,42.5
2021-09-29,8354.T,47.5
2022-03-30,8354.T,47.5
2022-09-29,8354.T,52.5
2023-03-30,8354.T,52.5
2023-09-28,8354.T,57.5
2024-03-28,8354.T,57.5
2024-09-27,8354.T,65.0
2025-03-28,8354.T,70.0
2025-09-29,8354.T,85.0
2004-03-26,8411.T,30.0
2005-03-28,8411.T,35.0
2006-03-28,8411.T,40.0
2007-03-27,8411.T,70.0
2008-03-26,8411.T,100.0
2009-03-26,8411.T,100.0
2010-03-29,8411.T,80.0
2011-03-29,8411.T,60.0
2011-09-28,8411.T,30.0
2012-03-28,8411.T,30.0
2012-09-26,8411.T,30.0
2013-03-27,8411.T,30.0
2013-09-26,8411.T,30.0
2014-03-27,8411.T,35.0
2014-09-26,8411.T,35.0
2015-03-27,8411.T,40.0
2015-09-28,8411.T,37.5
2016-03-29,8411.T,37.5
2016-09-28,8411.T,37.5
2017-03-29,8411.T,37.5
2017-09-27,8411.T,37.5
2018-03-28,8411.T,37.5
2018-09-26,8411.T,37.5
2019-03-27,8411.T,37.5
2019-09-27,8411.T,37.5
2020-03-30,8411.T,37.5
2020-09-29,8411.T,37.5
2021-03-30,8411.T,37.5
2021-09-29,8411.T,40.0
2022-03-30,8411.T,40.0
2022-09-29,8411.T,42.5
2023-03-30,8411.T,42.5
2023-09-28,8411.T,50.0
2024-03-28,8411.T,55.0
2024-09-27,8411.T,65.0
2025-03-28,8411.T,75.0
2025-09-29,8411.T,72.5
2001-03-27,8591.T,1.5
2002-03-26,8591.T,1.5
2003-03-26,8591.T,2.5
2004-03-26,8591.T,2.5
2005-03-28,8591.T,4.0
2006-03-28,8591.T,9.0
2007-03-27,8591.T,13.0
2008-03-26,8591.T,26.0
2009-03-26,8591.T,7.0
2010-03-29,8591.T,7.5
2011-03-29,8591.T,8.0
2012-03-28,8591.T,9.0
2013-03-27,8591.T,13.0
2014-03-27,8591.T,23.0
2015-03-27,8591.T,36.0
2015-09-28,8591.T,22.0
2016-03-29,8591.T,23.75
2016-09-28,8591.T,23.0
2017-03-29,8591.T,29.25
2017-09-27,8591.T,27.0
2018-03-28,8591.T,39.0
2018-09-26,8591.T,30.0
2019-03-27,8591.T,46.0
2019-09-27,8591.T,35.0
2020-03-30,8591.T,41.0
2020-09-29,8591.T,35.0
2021-03-30,8591.T,41.0
2021-09-29,8591.T,39.0
2022-03-30,8591.T,46.6
2022-09-29,8591.T,42.8
2023-03-30,8591.T,42.8
2023-09-28,8591.T,42.8
2024-03-28,8591.T,55.8
2024-09-27,8591.T,62.17
2025-03-28,8591.T,57.84
2025-09-29,8591.T,93.76
2000-03-28,8601.T,13.0
2001-03-27,8601.T,13.0
2002-03-26,8601.T,6.0
2003-03-26,8601.T,6.0
2004-03-26,8601.T,10.0
2004-09-27,8601.T,5.0
2005-03-28,8601.T,8.0
2005-09-27,8601.T,12.0
2006-03-28,8601.T,22.0
2006-09-26,8601.T,12.0
2007-03-27,8601.T,16.0
2007-09-25,8601.T,12.0
2008-03-26,8601.T,10.0
2008-09-25,8601.T,5.0
2009-03-26,8601.T,3.0
2009-09-25,8601.T,5.0
2010-03-29,8601.T,3.0
2010-09-28,8601.T,3.0
2011-03-29,8601.T,3.0
2011-09-28,8601.T,3.0
2012-03-28,8601.T,3.0
2012-09-26,8601.T,3.0
2013-03-27,8601.T,12.0
2013-09-26,8601.T,17.0
2014-03-27,8601.T,17.0
2014-09-26,8601.T,14.0
2015-03-27,8601.T,16.0
2015-09-28,8601.T,17.0
2016-03-29,8601.T,12.0
2016-09-28,8601.T,13.0
2017-03-29,8601.T,13.0
2017-09-27,8601.T,13.0
2018-03-28,8601.T,15.0
2018-09-26,8601.T,12.0
2019-03-27,8601.T,9.0
2019-09-27,8601.T,11.0
2020-03-30,8601.T,9.0
2020-09-29,8601.T,11.0
2021-03-30,8601.T,25.0
2021-09-29,8601.T,17.0
2022-03-30,8601.T,16.0
2022-09-29,8601.T,11.0
2023-03-30,8601.T,12.0
2023-09-28,8601.T,19.0
2024-03-28,8601.T,25.0
2024-09-27,8601.T,28.0
2025-03-28,8601.T,28.0
2025-09-29,8601.T,29.0
2000-03-28,8604.T,15.0
2001-03-27,8604.T,17.5
2002-03-26,8604.T,15.0
2003-03-26,8604.T,15.0
2003-09-25,8604.T,7.5
2004-03-26,8604.T,7.5
2004-09-27,8604.T,10.0
2005-03-28,8604.T,10.0
2005-09-27,8604.T,12.0
2006-03-28,8604.T,36.0
2006-06-27,8604.T,8.0
2006-09-26,8604.T,8.0
2006-12-26,8604.T,8.0
2007-03-27,8604.T,20.0
2007-06-26,8604.T,8.5
2007-09-25,8604.T,8.5
2007-12-25,8604.T,8.5
2008-03-26,8604.T,8.5
2008-06-25,8604.T,8.5
2008-09-25,8604.T,8.5
2008-12-25,8604.T,8.5
2009-09-25,8604.T,4.0
2010-03-29,8604.T,4.0
2010-09-28,8604.T,4.0
2011-03-29,8604.T,4.0
2011-09-28,8604.T,4.0
2012-03-28,8604.T,2.0
2012-09-26,8604.T,2.0
2013-03-27,8604.T,6.0
2013-09-26,8604.T,8.0
2014-03-27,8604.T,9.0
2014-09-26,8604.T,6.0
2015-03-27,8604.T,13.0
2015-09-28,8604.T,10.0
2016-03-29,8604.T,3.0
2016-09-28,8604.T,9.0
2017-03-29,8604.T,11.0
2017-09-27,8604.T,9.0
2018-03-28,8604.T,11.0
2018-09-26,8604.T,3.0
2019-03-27,8604.T,3.0
2019-09-27,8604.T,15.0
2020-03-30,8604.T,5.0
2020-09-29,8604.T,20.0
2021-03-30,8604.T,15.0
2021-09-29,8604.T,8.0
2022-03-30,8604.T,14.0
2022-09-29,8604.T,5.0
2023-03-30,8604.T,12.0
2023-09-28,8604.T,8.0
2024-03-28,8604.T,15.0
2024-09-27,8604.T,23.0
2025-03-28,8604.T,34.0
2025-09-29,8604.T,27.0
2011-03-29,8630.T,26.666668
2012-03-28,8630.T,26.666668
2013-03-27,8630.T,20.0
2013-09-26,8630.T,10.0
2014-03-27,8630.T,10.0
2014-09-26,8630.T,10.0
2015-03-27,8630.T,13.333333
2015-09-28,8630.T,13.333333
2016-03-29,8630.T,13.333333
2016-09-28,8630.T,13.333333
2017-03-29,8630.T,16.666668
2017-09-27,8630.T,18.333332
2018-03-28,8630.T,18.333332
2018-09-26,8630.T,21.666668
2019-03-27,8630.T,21.666668
2019-09-27,8630.T,25.0
2020-03-30,8630.T,25.0
2020-09-29,8630.T,26.666668
2021-03-30,8630.T,30.0
2021-09-29,8630.T,35.0
2022-03-30,8630.T,35.0
2022-09-29,8630.T,43.333332
2023-03-30,8630.T,43.333332
2023-09-28,8630.T,50.0
2024-03-28,8630.T,50.0
2024-09-27,8630.T,56.0
2025-03-28,8630.T,76.0
2025-09-29,8630.T,75.0
2008-09-25,8697.T,2.0
2009-03-26,8697.T,2.25
2009-09-25,8697.T,1.75
2010-03-29,8697.T,2.75
2010-09-28,8697.T,2.25
2011-03-29,8697.T,3.0
2011-09-28,8697.T,2.25
2012-03-28,8697.T,3.75
2012-09-26,8697.T,2.25
2013-03-27,8697.T,4.0
2013-09-26,8697.T,4.0
2014-03-27,8697.T,6.75
2014-09-26,8697.T,4.5
2015-03-27,8697.T,8.0
2015-09-28,8697.T,10.5
2016-03-29,8697.T,14.5
2016-09-28,8697.T,10.5
2017-03-29,8697.T,13.0
2017-09-27,8697.T,12.0
2018-03-28,8697.T,21.5
2018-09-26,8697.T,13.5
2019-03-27,8697.T,21.5
2019-09-27,8697.T,12.0
2020-03-30,8697.T,15.0
2020-09-29,8697.T,13.0
2021-03-30,8697.T,18.0
2021-09-29,8697.T,13.0
2022-03-30,8697.T,23.0
2022-09-29,8697.T,13.0
2023-03-30,8697.T,18.5
2023-09-28,8697.T,15.5
2024-03-28,8697.T,30.0
2024-09-27,8697.T,16.5
2025-03-28,8697.T,29.0
2025-09-29,8697.T,25.0
2008-09-25,8725.T,9.0
2009-03-26,8725.T,9.0
2009-09-25,8725.T,9.0
2010-03-29,8725.T,9.0
2010-09-28,8725.T,9.0
2011-03-29,8725.T,9.0
2011-09-28,8725.T,9.0
2012-03-28,8725.T,9.0
2012-09-26,8725.T,9.0
2013-03-27,8725.T,9.0
2013-09-26,8725.T,9.333333
2014-03-27,8725.T,9.333333
2014-09-26,8725.T,9.666667
2015-03-27,8725.T,12.0
2015-09-28,8725.T,11.666667
2016-03-29,8725.T,18.333332
2016-09-28,8725.T,16.666668
2017-03-29,8725.T,23.333332
2017-09-27,8725.T,21.666668
2018-03-28,8725.T,21.666668
2018-09-26,8725.T,23.333332
2019-03-27,8725.T,23.333332
2019-09-27,8725.T,25.0
2020-03-30,8725.T,25.0
2020-09-29,8725.T,25.0
2021-03-30,8725.T,25.0
2021-09-29,8725.T,27.5
2022-03-30,8725.T,32.5
2022-09-29,8725.T,33.333332
2023-03-30,8725.T,33.333332
2023-09-28,8725.T,40.0
2024-03-28,8725.T,50.0
2024-09-27,8725.T,72.5
2025-03-28,8725.T,72.5
2025-09-29,8725.T,77.5
2011-03-29,8750.T,4.0
2012-03-28,8750.T,4.0
2013-03-27,8750.T,4.0
2014-03-27,8750.T,5.0
2015-03-27,8750.T,7.0
2016-03-29,8750.T,8.75
2017-03-29,8750.T,10.75
2018-03-28,8750.T,12.5
2019-03-27,8750.T,14.5
2020-03-30,8750.T,15.5
2021-03-30,8750.T,15.5
2022-03-30,8750.T,20.75
2023-03-30,8750.T,21.5
2024-03-28,8750.T,28.25
2024-09-27,8750.T,15.25
2025-03-28,8750.T,19.0
2025-09-29,8750.T,24.0
2003-03-26,8766.T,6.666667
2004-03-26,8766.T,7.333333
2005-03-28,8766.T,7.333333
2006-03-28,8766.T,10.0
2006-09-26,8766.T,0.01
2007-03-27,8766.T,7.0
2007-09-25,8766.T,6.0
2008-03-26,8766.T,10.0
2008-09-25,8766.T,8.0
2009-03-26,8766.T,8.0
2009-09-25,8766.T,8.0
2010-03-29,8766.T,8.666667
2010-09-28,8766.T,8.333333
2011-03-29,8766.T,8.333333
2011-09-28,8766.T,8.333333
2012-03-28,8766.T,8.333333
2012-09-26,8766.T,9.166667
2013-03-27,8766.T,9.166667
2013-09-26,8766.T,10.0
2014-03-27,8766.T,13.333333
2014-09-26,8766.T,13.333333
2015-03-27,8766.T,18.333332
2015-09-28,8766.T,17.5
2016-03-29,8766.T,19.166668
2016-09-28,8766.T,22.5
2017-03-29,8766.T,24.166668
2017-09-27,8766.T,26.666668
2018-03-28,8766.T,26.666668
2018-09-26,8766.T,53.333332
2019-03-27,8766.T,30.0
2019-09-27,8766.T,43.333332
2020-03-30,8766.T,31.666668
2020-09-29,8766.T,45.0
2021-03-30,8766.T,33.333332
2021-09-29,8766.T,40.0
2022-03-30,8766.T,45.0
2022-09-29,8766.T,50.0
2023-03-30,8766.T,50.0
2023-09-28,8766.T,60.5
2024-03-28,8766.T,62.5
2024-09-27,8766.T,81.0
2025-03-28,8766.T,91.0
2025-09-29,8766.T,105.5
2005-03-28,8795.T,22.5
2006-03-28,8795.T,27.5
2007-03-27,8795.T,32.5
2008-03-26,8795.T,32.5
2009-03-26,8795.T,22.5
2010-03-29,8795.T,22.5
2011-03-29,8795.T,22.5
2012-03-28,8795.T,22.5
2013-03-27,8795.T,22.5
2014-03-27,8795.T,25.0
2015-03-27,8795.T,25.0
2016-03-29,8795.T,30.0
2016-09-28,8795.T,15.0
2017-03-29,8795.T,17.5
2017-09-27,8795.T,17.5
2018-03-28,8795.T,20.0
2018-09-26,8795.T,20.0
2019-03-27,8795.T,22.0
2019-09-27,8795.T,22.0
2020-03-30,8795.T,22.0
2020-09-29,8795.T,22.0
2021-03-30,8795.T,22.0
2021-09-29,8795.T,28.0
2022-03-30,8795.T,28.0
2022-09-29,8795.T,31.0
2023-03-30,8795.T,31.0
2023-09-28,8795.T,35.0
2024-03-28,8795.T,35.0
2024-09-27,8795.T,40.0
2025-03-28,8795.T,40.0
2025-09-29,8795.T,62.0
2000-03-28,8801.T,0.833333
2000-09-26,8801.T,0.833333
2001-03-27,8801.T,1.166667
2001-09-25,8801.T,1.166667
2002-03-26,8801.T,1.166667
2002-09-25,8801.T,1.166667
2003-03-26,8801.T,1.166667
2003-09-25,8801.T,1.166667
2004-03-26,8801.T,1.166667
2004-09-27,8801.T,1.166667
2005-03-28,8801.T,1.166667
2005-09-27,8801.T,1.666667
2006-03-28,8801.T,1.666667
2006-09-26,8801.T,1.666667
2007-03-27,8801.T,3.0
2007-09-25,8801.T,3.0
2008-03-26,8801.T,3.666667
2008-09-25,8801.T,3.666667
2009-03-26,8801.T,3.666667
2009-09-25,8801.T,3.666667
2010-03-29,8801.T,3.666667
2010-09-28,8801.T,3.666667
2011-03-29,8801.T,3.666667
2011-09-28,8801.T,3.666667
2012-03-28,8801.T,3.666667
2012-09-26,8801.T,3.666667
2013-03-27,8801.T,3.666667
2013-09-26,8801.T,3.666667
2014-03-27,8801.T,3.666667
2014-09-26,8801.T,3.666667
2015-03-27,8801.T,4.666667
2015-09-28,8801.T,4.666667
2016-03-29,8801.T,5.333333
2016-09-28,8801.T,5.333333
2017-03-29,8801.T,6.0
2017-09-27,8801.T,6.0
2018-03-28,8801.T,7.333333
2018-09-26,8801.T,6.666667
2019-03-27,8801.T,8.0
2019-09-27,8801.T,7.333333
2020-03-30,8801.T,7.333333
2020-09-29,8801.T,7.333333
2021-03-30,8801.T,7.333333
2021-09-29,8801.T,7.333333
2022-03-30,8801.T,11.0
2022-09-29,8801.T,10.0
2023-03-30,8801.T,10.666667
2023-09-28,8801.T,11.666667
2024-03-28,8801.T,16.333332
2024-09-27,8801.T,15.0
2025-03-28,8801.T,16.0
2025-09-29,8801.T,17.0
2000-03-28,8802.T,4.0
2000-09-26,8802.T,4.0
2001-03-27,8802.T,4.0
2001-09-25,8802.T,4.0
2002-03-26,8802.T,4.0
2002-09-25,8802.T,4.0
2003-03-26,8802.T,4.0
2003-09-25,8802.T,4.0
2004-03-26,8802.T,4.0
2004-09-27,8802.T,4.0
2005-03-28,8802.T,4.0
2005-09-27,8802.T,5.0
2006-03-28,8802.T,5.0
2006-09-26,8802.T,6.0
2007-03-27,8802.T,8.0
2007-09-25,8802.T,8.0
2008-03-26,8802.T,8.0
2008-09-25,8802.T,8.0
2009-03-26,8802.T,8.0
2009-09-25,8802.T,6.0
2010-03-29,8802.T,6.0
2010-09-28,8802.T,6.0
2011-03-29,8802.T,6.0
2011-09-28,8802.T,6.0
2012-03-28,8802.T,6.0
2012-09-26,8802.T,6.0
2013-03-27,8802.T,6.0
2013-09-26,8802.T,6.0
2014-03-27,8802.T,6.0
2014-09-26,8802.T,6.0
2015-03-27,8802.T,8.0
2015-09-28,8802.T,7.0
2016-03-29,8802.T,9.0
2016-09-28,8802.T,9.0
2017-03-29,8802.T,11.0
2017-09-27,8802.T,12.0
2018-03-28,8802.T,14.0
2018-09-26,8802.T,13.0
2019-03-27,8802.T,17.0
2019-09-27,8802.T,15.0
2020-03-30,8802.T,18.0
2020-09-29,8802.T,12.0
2021-03-30,8802.T,13.0
2021-09-29,8802.T,16.0
2022-03-30,8802.T,20.0
2022-09-29,8802.T,19.0
2023-03-30,8802.T,19.0
2023-09-28,8802.T,20.0
2024-03-28,8802.T,20.0
2024-09-27,8802.T,21.0
2025-03-28,8802.T,22.0
2025-09-29,8802.T,23.0
2001-12-25,8804.T,10.0
2002-12-25,8804.T,12.0
2003-06-25,8804.T,6.0
2003-12-25,8804.T,8.0
2004-06-25,8804.T,8.0
2004-12-27,8804.T,8.0
2005-06-27,8804.T,8.0
2005-12-27,8804.T,10.0
2006-06-27,8804.T,2.0
2006-12-26,8804.T,2.0
2007-06-26,8804.T,14.0
2007-12-25,8804.T,14.0
2008-06-25,8804.T,16.0
2008-12-25,8804.T,16.0
2009-06-25,8804.T,10.0
2009-12-28,8804.T,10.0
2010-06-28,8804.T,8.0
2010-12-28,8804.T,8.0
2012-12-26,8804.T,10.0
2013-12-26,8804.T,8.0
2014-06-26,8804.T,6.0
2014-12-26,8804.T,6.0
2015-06-26,8804.T,8.0
2015-12-28,8804.T,12.0
2016-06-28,8804.T,12.0
2016-12-28,8804.T,14.0
2017-06-28,8804.T,14.0
2017-12-27,8804.T,16.0
2018-06-27,8804.T,16.0
2018-12-26,8804.T,19.0
2019-06-26,8804.T,19.0
2019-12-27,8804.T,22.0
2020-06-29,8804.T,22.0
2020-12-30,8804.T,23.0
2021-06-29,8804.T,24.0
2021-12-29,8804.T,27.0
2022-06-29,8804.T,29.0
2022-12-29,8804.T,36.0
2023-06-29,8804.T,36.0
2023-12-28,8804.T,37.0
2024-06-27,8804.T,37.0
2024-12-27,8804.T,58.0
2025-06-27,8804.T,48.0
2025-12-29,8804.T,57.0
2000-03-28,8830.T,3.0
2001-03-27,8830.T,3.0
2002-03-26,8830.T,3.0
2003-03-26,8830.T,3.0
2004-03-26,8830.T,4.5
2005-03-28,8830.T,4.5
2005-09-27,8830.T,2.5
2006-03-28,8830.T,2.5
2006-09-26,8830.T,3.0
2007-03-27,8830.T,4.0
2007-09-25,8830.T,4.0
2008-03-26,8830.T,5.0
2008-09-25,8830.T,5.0
2009-03-26,8830.T,5.0
2009-09-25,8830.T,5.0
2010-03-29,8830.T,5.0
2010-09-28,8830.T,5.0
2011-03-29,8830.T,5.0
2011-09-28,8830.T,5.0
2012-03-28,8830.T,5.0
2012-09-26,8830.T,5.0
2013-03-27,8830.T,5.0
2013-09-26,8830.T,5.0
2014-03-27,8830.T,5.0
2014-09-26,8830.T,5.0
2015-03-27,8830.T,5.5
2015-09-28,8830.T,5.5
2016-03-29,8830.T,5.5
2016-09-28,8830.T,5.5
2017-03-29,8830.T,6.5
2017-09-27,8830.T,6.5
2018-03-28,8830.T,7.0
2018-09-26,8830.T,7.0
2019-03-27,8830.T,8.0
2019-09-27,8830.T,8.0
2020-03-30,8830.T,9.5
2020-09-29,8830.T,9.5
2021-03-30,8830.T,9.5
2021-09-29,8830.T,11.0
2022-03-30,8830.T,11.5
2022-09-29,8830.T,12.0
2023-03-30,8830.T,14.0
2023-09-28,8830.T,14.5
2024-03-28,8830.T,15.5
2024-09-27,8830.T,17.5
2025-03-28,8830.T,17.5
2025-09-29,8830.T,21.0
2000-03-28,9001.T,12.5
2000-09-26,9001.T,12.5
2001-03-27,9001.T,12.5
2003-03-26,9001.T,25.0
2003-09-25,9001.T,12.5
2004-03-26,9001.T,12.5
2004-09-27,9001.T,12.5
2005-03-28,9001.T,12.5
2005-09-27,9001.T,12.5
2006-03-28,9001.T,12.5
2006-09-26,9001.T,12.5
2007-03-27,9001.T,12.5
2007-09-25,9001.T,12.5
2008-03-26,9001.T,12.5
2008-09-25,9001.T,12.5
2009-03-26,9001.T,12.5
2009-09-25,9001.T,12.5
2010-03-29,9001.T,12.5
2010-09-28,9001.T,12.5
2011-03-29,9001.T,12.5
2011-09-28,9001.T,12.5
2012-03-28,9001.T,12.5
2012-09-26,9001.T,15.0
2013-03-27,9001.T,15.0
2013-09-26,9001.T,15.0
2014-03-27,9001.T,15.0
2014-09-26,9001.T,15.0
2015-03-27,9001.T,15.0
2015-09-28,9001.T,15.0
2016-03-29,9001.T,15.0
2016-09-28,9001.T,15.0
2017-03-29,9001.T,17.5
2017-09-27,9001.T,3.5
2018-03-28,9001.T,17.5
2018-09-26,9001.T,17.5
2019-03-27,9001.T,17.5
2019-09-27,9001.T,20.0
2020-03-30,9001.T,20.0
2020-09-29,9001.T,10.0
2021-03-30,9001.T,10.0
2021-09-29,9001.T,10.0
2022-03-30,9001.T,10.0
2022-09-29,9001.T,15.0
2023-03-30,9001.T,15.0
2023-09-28,9001.T,25.0
2024-03-28,9001.T,30.0
2024-09-27,9001.T,27.5
2025-03-28,9001.T,32.5
2025-09-29,9001.T,32.5
2000-03-28,9005.T,5.0
2000-09-26,9005.T,5.0
2001-03-27,9005.T,5.0
2001-09-25,9005.T,5.0
2002-03-26,9005.T,5.0
2002-09-25,9005.T,5.0
2003-03-26,9005.T,5.0
2004-03-26,9005.T,10.0
2004-09-27,9005.T,5.0
2005-03-28,9005.T,5.0
2005-09-27,9005.T,5.0
2006-03-28,9005.T,5.0
2006-09-26,9005.T,6.0
2007-03-27,9005.T,6.0
2007-09-25,9005.T,6.0
2008-03-26,9005.T,6.0
2008-09-25,9005.T,6.0
2009-03-26,9005.T,6.0
2009-09-25,9005.T,6.0
2010-03-29,9005.T,6.0
2010-09-28,9005.T,6.0
2011-03-29,9005.T,7.0
2011-09-28,9005.T,6.0
2012-03-28,9005.T,7.0
2012-09-26,9005.T,7.0
2013-03-27,9005.T,7.0
2013-09-26,9005.T,7.0
2014-03-27,9005.T,8.0
2014-09-26,9005.T,8.0
2015-03-27,9005.T,8.0
2015-09-28,9005.T,8.0
2016-03-29,9005.T,9.0
2016-09-28,9005.T,9.0
2017-03-29,9005.T,9.0
2017-09-27,9005.T,9.0
2018-03-28,9005.T,10.0
2018-09-26,9005.T,10.0
2019-03-27,9005.T,10.0
2019-09-27,9005.T,12.0
2020-03-30,9005.T,11.0
2020-09-29,9005.T,10.0
2021-03-30,9005.T,10.0
2021-09-29,9005.T,7.5
2022-03-30,9005.T,7.5
2022-09-29,9005.T,7.5
2023-03-30,9005.T,7.5
2023-09-28,9005.T,7.5
2024-03-28,9005.T,10.0
2024-09-27,9005.T,11.0
2025-03-28,9005.T,13.0
2025-09-29,9005.T,14.0
2000-03-28,9007.T,5.0
2000-09-26,9007.T,5.0
2001-03-27,9007.T,5.0
2001-09-25,9007.T,5.0
2002-03-26,9007.T,5.0
2002-09-25,9007.T,5.0
2003-03-26,9007.T,5.0
2003-09-25,9007.T,5.0
2004-03-26,9007.T,5.0
2004-09-27,9007.T,5.0
2005-03-28,9007.T,5.0
2005-09-27,9007.T,5.0
2006-03-28,9007.T,5.0
2006-09-26,9007.T,5.0
2007-03-27,9007.T,5.0
2007-09-25,9007.T,6.0
2008-03-26,9007.T,6.0
2008-09-25,9007.T,6.0
2009-03-26,9007.T,6.0
2009-09-25,9007.T,6.0
2010-03-29,9007.T,7.0
2010-09-28,9007.T,6.0
2011-03-29,9007.T,7.0
2011-09-28,9007.T,6.0
2012-03-28,9007.T,8.0
2012-09-26,9007.T,7.0
2013-03-27,9007.T,8.0
2013-09-26,9007.T,8.0
2014-03-27,9007.T,8.0
2014-09-26,9007.T,8.0
2015-03-27,9007.T,9.0
2015-09-28,9007.T,9.0
2016-03-29,9007.T,9.0
2016-09-28,9007.T,9.0
2017-03-29,9007.T,10.0
2017-09-27,9007.T,10.0
2018-03-28,9007.T,10.0
2018-09-26,9007.T,10.0
2019-03-27,9007.T,11.0
2019-09-27,9007.T,11.0
2020-03-30,9007.T,10.0
2021-03-30,9007.T,10.0
2022-03-30,9007.T,10.0
2023-03-30,9007.T,21.0
2023-09-28,9007.T,11.0
2024-03-28,9007.T,19.0
2024-09-27,9007.T,15.0
2025-03-28,9007.T,25.0
2025-09-29,9007.T,25.0
2000-03-28,9008.T,15.0
2000-09-26,9008.T,12.5
2001-03-27,9008.T,15.0
2001-09-25,9008.T,12.5
2002-03-26,9008.T,15.0
2002-09-25,9008.T,12.5
2003-03-26,9008.T,17.5
2003-09-25,9008.T,15.0
2004-03-26,9008.T,15.0
2004-09-27,9008.T,15.0
2005-03-28,9008.T,15.0
2005-09-27,9008.T,15.0
2006-03-28,9008.T,15.0
2006-09-26,9008.T,15.0
2007-03-27,9008.T,15.0
2007-09-25,9008.T,15.0
2008-03-26,9008.T,15.0
2008-09-25,9008.T,15.0
2009-03-26,9008.T,15.0
2009-09-25,9008.T,15.0
2010-03-29,9008.T,15.0
2010-09-28,9008.T,15.0
2011-03-29,9008.T,15.0
2011-09-28,9008.T,15.0
2012-03-28,9008.T,15.0
2012-09-26,9008.T,15.0
2013-03-27,9008.T,25.0
2013-09-26,9008.T,17.5
2014-03-27,9008.T,20.0
2014-09-26,9008.T,20.0
2015-03-27,9008.T,20.0
2015-09-28,9008.T,20.0
2016-03-29,9008.T,22.5
2016-09-28,9008.T,22.5
2017-03-29,9008.T,22.5
2017-09-27,9008.T,22.5
2018-03-28,9008.T,25.0
2018-09-26,9008.T,25.0
2019-03-27,9008.T,25.0
2019-09-27,9008.T,25.0
2020-03-30,9008.T,27.5
2020-09-29,9008.T,20.0
2021-03-30,9008.T,20.0
2021-09-29,9008.T,20.0
2022-03-30,9008.T,20.0
2022-09-29,9008.T,20.0
2023-03-30,9008.T,20.0
2023-09-28,9008.T,22.5
2024-03-28,9008.T,30.0
2024-09-27,9008.T,50.0
2025-03-28,9008.T,50.0
2025-09-29,9008.T,55.0
2000-03-28,9009.T,1.5
2000-09-26,9009.T,1.5
2001-03-27,9009.T,1.5
2001-09-25,9009.T,1.5
2002-03-26,9009.T,1.5
2002-09-25,9009.T,1.5
2003-03-26,9009.T,1.5
2003-09-25,9009.T,1.5
2004-03-26,9009.T,1.666667
2004-09-27,9009.T,1.666667
2005-03-28,9009.T,1.666667
2005-09-27,9009.T,1.666667
2006-03-28,9009.T,1.666667
2006-09-26,9009.T,1.666667
2007-03-27,9009.T,1.666667
2007-09-25,9009.T,1.666667
2008-03-26,9009.T,0.333333
2008-09-25,9009.T,1.666667
2009-03-26,9009.T,2.0
2009-09-25,9009.T,1.666667
2010-03-29,9009.T,2.333333
2010-09-28,9009.T,1.666667
2011-03-29,9009.T,2.0
2011-09-28,9009.T,1.666667
2012-03-28,9009.T,1.666667
2012-09-26,9009.T,1.666667
2013-03-27,9009.T,2.0
2013-09-26,9009.T,2.0
2014-03-27,9009.T,2.0
2014-09-26,9009.T,2.0
2015-03-27,9009.T,2.0
2015-09-28,9009.T,2.0
2016-03-29,9009.T,2.333333
2016-09-28,9009.T,2.0
2017-03-29,9009.T,2.666667
2017-09-27,9009.T,2.333333
2018-03-28,9009.T,2.666667
2018-09-26,9009.T,2.5
2019-03-27,9009.T,3.166667
2019-09-27,9009.T,2.833333
2020-03-30,9009.T,2.833333
2020-09-29,9009.T,2.833333
2021-03-30,9009.T,2.833333
2021-09-29,9009.T,2.833333
2022-03-30,9009.T,2.833333
2022-09-29,9009.T,2.833333
2023-03-30,9009.T,3.833333
2023-09-28,9009.T,4.333333
2024-03-28,9009.T,8.666667
2024-09-27,9009.T,6.0
2025-03-28,9009.T,15.0
2025-09-29,9009.T,9.0
2000-03-28,9020.T,8.333333
2000-09-26,9020.T,8.333333
2001-03-27,9020.T,8.333333
2001-09-25,9020.T,8.333333
2002-03-26,9020.T,8.333333
2002-09-25,9020.T,13.333333
2003-03-26,9020.T,13.333333
2003-09-25,9020.T,10.0
2004-03-26,9020.T,10.0
2004-09-27,9020.T,10.0
2005-03-28,9020.T,11.666667
2005-09-27,9020.T,13.333333
2006-03-28,9020.T,13.333333
2006-09-26,9020.T,15.0
2007-03-27,9020.T,15.0
2007-09-25,9020.T,16.666668
2008-03-26,9020.T,16.666668
2008-09-25,9020.T,18.333332
2009-03-26,9020.T,18.333332
2009-09-25,9020.T,18.333332
2010-03-29,9020.T,18.333332
2010-09-28,9020.T,18.333332
2011-03-29,9020.T,18.333332
2011-09-28,9020.T,18.333332
2012-03-28,9020.T,18.333332
2012-09-26,9020.T,20.0
2013-03-27,9020.T,20.0
2013-09-26,9020.T,20.0
2014-03-27,9020.T,20.0
2014-09-26,9020.T,20.0
2015-03-27,9020.T,20.0
2015-09-28,9020.T,21.666668
2016-03-29,9020.T,21.666668
2016-09-28,9020.T,21.666668
2017-03-29,9020.T,21.666668
2017-09-27,9020.T,23.333332
2018-03-28,9020.T,23.333332
2018-09-26,9020.T,25.0
2019-03-27,9020.T,25.0
2019-09-27,9020.T,27.5
2020-03-30,9020.T,27.5
2020-09-29,9020.T,16.666668
2021-03-30,9020.T,16.666668
2021-09-29,9020.T,16.666668
2022-03-30,9020.T,16.666668
2022-09-29,9020.T,16.666668
2023-03-30,9020.T,16.666668
2023-09-28,9020.T,18.333332
2024-03-28,9020.T,28.333332
2024-09-27,9020.T,26.0
2025-03-28,9020.T,34.0
2025-09-29,9020.T,35.0
2000-03-28,9021.T,12.5
2000-09-26,9021.T,12.5
2001-03-27,9021.T,12.5
2001-09-25,9021.T,12.5
2002-03-26,9021.T,12.5
2002-09-25,9021.T,12.5
2003-03-26,9021.T,12.5
2003-09-25,9021.T,12.5
2004-03-26,9021.T,20.0
2004-09-27,9021.T,12.5
2005-03-28,9021.T,17.5
2005-09-27,9021.T,15.0
2006-03-28,9021.T,15.0
2006-09-26,9021.T,15.0
2007-03-27,9021.T,15.0
2007-09-25,9021.T,15.0
2008-03-26,9021.T,15.0
2008-09-25,9021.T,17.5
2009-03-26,9021.T,17.5
2009-09-25,9021.T,17.5
2010-03-29,9021.T,17.5
2010-09-28,9021.T,20.0
2011-03-29,9021.T,20.0
2011-09-28,9021.T,20.0
2012-03-28,9021.T,25.0
2012-09-26,9021.T,27.5
2013-03-27,9021.T,27.5
2013-09-26,9021.T,27.5
2014-03-27,9021.T,30.0
2014-09-26,9021.T,30.0
2015-03-27,9021.T,32.5
2015-09-28,9021.T,32.5
2016-03-29,9021.T,35.0
2016-09-28,9021.T,35.0
2017-03-29,9021.T,35.0
2017-09-27,9021.T,40.0
2018-03-28,9021.T,40.0
2018-09-26,9021.T,43.75
2019-03-27,9021.T,43.75
2019-09-27,9021.T,47.5
2020-03-30,9021.T,43.75
2020-09-29,9021.T,25.0
2021-03-30,9021.T,25.0
2021-09-29,9021.T,25.0
2022-03-30,9021.T,25.0
2022-09-29,9021.T,25.0
2023-03-30,9021.T,37.5
2023-09-28,9021.T,28.75
2024-03-28,9021.T,42.25
2024-09-27,9021.T,37.0
2025-03-28,9021.T,47.5
2025-09-29,9021.T,45.0
2001-03-27,9022.T,5.0
2001-09-25,9022.T,5.0
2002-03-26,9022.T,5.0
2002-09-25,9022.T,5.0
2003-03-26,9022.T,5.0
2003-09-25,9022.T,5.0
2004-03-26,9022.T,5.0
2004-09-27,9022.T,5.0
2005-03-28,9022.T,6.0
2005-09-27,9022.T,6.0
2006-03-28,9022.T,7.0
2006-09-26,9022.T,7.0
2007-03-27,9022.T,8.0
2007-09-25,9022.T,8.0
2008-03-26,9022.T,9.0
2008-09-25,9022.T,9.0
2009-03-26,9022.T,9.0
2009-09-25,9022.T,9.0
2010-03-29,9022.T,9.0
2010-09-28,9022.T,9.0
2011-03-29,9022.T,9.0
2011-09-28,9022.T,9.0
2012-03-28,9022.T,10.0
2012-09-26,9022.T,10.0
2013-03-27,9022.T,11.0
2013-09-26,9022.T,11.0
2014-03-27,9022.T,12.0
2014-09-26,9022.T,12.0
2015-03-27,9022.T,12.0
2015-09-28,9022.T,12.0
2016-03-29,9022.T,13.0
2016-09-28,9022.T,13.0
2017-03-29,9022.T,14.0
2017-09-27,9022.T,14.0
2018-03-28,9022.T,14.0
2018-09-26,9022.T,14.0
2019-03-27,9022.T,15.0
2019-09-27,9022.T,15.0
2020-03-30,9022.T,15.0
2020-09-29,9022.T,13.0
2021-03-30,9022.T,13.0
2021-09-29,9022.T,13.0
2022-03-30,9022.T,13.0
2022-09-29,9022.T,13.0
2023-03-30,9022.T,14.0
2023-09-28,9022.T,14.0
2024-03-28,9022.T,15.0
2024-09-27,9022.T,15.0
2025-03-28,9022.T,16.0
2025-09-29,9022.T,16.0
2000-03-28,9064.T,7.0
2000-09-26,9064.T,7.0
2001-03-27,9064.T,7.0
2001-09-25,9064.T,7.0
2002-03-26,9064.T,7.0
2002-09-25,9064.T,7.0
2003-03-26,9064.T,8.0
2003-09-25,9064.T,8.0
2004-03-26,9064.T,10.0
2004-09-27,9064.T,9.0
2005-03-28,9064.T,9.0
2005-09-27,9064.T,9.0
2006-03-28,9064.T,11.0
2006-09-26,9064.T,10.0
2007-03-27,9064.T,10.0
2007-09-25,9064.T,10.0
2008-03-26,9064.T,12.0
2008-09-25,9064.T,11.0
2009-03-26,9064.T,11.0
2009-09-25,9064.T,11.0
2010-03-29,9064.T,11.0
2010-09-28,9064.T,11.0
2011-03-29,9064.T,11.0
2011-09-28,9064.T,11.0
2012-03-28,9064.T,11.0
2012-09-26,9064.T,11.0
2013-03-27,9064.T,12.0
2013-09-26,9064.T,12.0
2014-03-27,9064.T,12.0
2014-09-26,9064.T,12.0
2015-03-27,9064.T,13.0
2015-09-28,9064.T,13.0
2016-03-29,9064.T,15.0
2016-09-28,9064.T,13.0
2017-03-29,9064.T,14.0
2017-09-27,9064.T,13.0
2018-03-28,9064.T,14.0
2018-09-26,9064.T,14.0
2019-03-27,9064.T,14.0
2019-09-27,9064.T,15.0
2020-03-30,9064.T,26.0
2020-09-29,9064.T,16.0
2021-03-30,9064.T,19.0
2021-09-29,9064.T,23.0
2022-03-30,9064.T,23.0
2022-09-29,9064.T,23.0
2023-03-30,9064.T,23.0
2023-09-28,9064.T,23.0
2024-03-28,9064.T,23.0
2024-09-27,9064.T,23.0
2025-03-28,9064.T,23.0
2025-09-29,9064.T,23.0
2005-03-28,9101.T,35.0
2005-09-27,9101.T,30.0
2006-03-28,9101.T,30.0
2006-09-26,9101.T,30.0
2007-03-27,9101.T,30.0
2007-09-25,9101.T,40.0
2008-03-26,9101.T,40.0
2008-09-25,9101.T,43.333332
2009-03-26,9101.T,6.666667
2009-09-25,9101.T,6.666667
2010-03-29,9101.T,6.666667
2010-09-28,9101.T,20.0
2011-03-29,9101.T,16.666668
2011-09-28,9101.T,6.666667
2012-03-28,9101.T,6.666667
2012-09-26,9101.T,6.666667
2013-03-27,9101.T,6.666667
2013-09-26,9101.T,6.666667
2014-03-27,9101.T,10.0
2014-09-26,9101.T,6.666667
2015-03-27,9101.T,16.666668
2015-09-28,9101.T,13.333333
2016-03-29,9101.T,6.666667
2018-03-28,9101.T,10.0
2018-09-26,9101.T,3.333333
2019-03-27,9101.T,3.333333
2019-09-27,9101.T,6.666667
2020-03-30,9101.T,6.666667
2020-09-29,9101.T,6.666667
2021-03-30,9101.T,36.666668
2021-09-29,9101.T,66.666664
2022-03-30,9101.T,416.66666
2022-09-29,9101.T,350.0
2023-03-30,9101.T,170.0
2023-09-28,9101.T,60.0
2024-03-28,9101.T,80.0
2024-09-27,9101.T,130.0
2025-03-28,9101.T,195.0
2025-09-29,9101.T,115.0
2000-03-28,9104.T,13.333333
2001-03-27,9104.T,16.666668
2002-03-26,9104.T,16.666668
2003-03-26,9104.T,16.666668
2003-09-25,9104.T,13.333333
2004-03-26,9104.T,23.333332
2004-09-27,9104.T,25.0
2005-03-28,9104.T,28.333332
2005-09-27,9104.T,30.0
2006-03-28,9104.T,30.0
2006-09-26,9104.T,30.0
2007-03-27,9104.T,36.666668
2007-09-25,9104.T,46.666668
2008-03-26,9104.T,56.666668
2008-09-25,9104.T,51.666668
2009-03-26,9104.T,51.666668
2009-09-25,9104.T,10.0
2010-03-29,9104.T,10.0
2010-09-28,9104.T,16.666668
2011-03-29,9104.T,16.666668
2011-09-28,9104.T,8.333333
2012-03-28,9104.T,8.333333
2013-09-26,9104.T,6.666667
2014-03-27,9104.T,10.0
2014-09-26,9104.T,10.0
2015-03-27,9104.T,13.333333
2015-09-28,9104.T,11.666667
2016-03-29,9104.T,5.0
2016-09-28,9104.T,6.666667
2017-09-27,9104.T,3.333333
2018-03-28,9104.T,3.333333
2018-09-26,9104.T,6.666667
2019-03-27,9104.T,8.333333
2019-09-27,9104.T,10.0
2020-03-30,9104.T,11.666667
2020-09-29,9104.T,5.0
2021-03-30,9104.T,45.0
2021-09-29,9104.T,100.0
2022-03-30,9104.T,100.0
2022-09-29,9104.T,300.0
2023-03-30,9104.T,260.0
2023-09-28,9104.T,110.0
2024-03-28,9104.T,110.0
2024-09-27,9104.T,180.0
2025-03-28,9104.T,180.0
2025-09-29,9104.T,85.0
2000-03-28,9107.T,4.444444
2001-03-27,9107.T,5.555556
2002-03-26,9107.T,3.333333
2003-03-26,9107.T,5.555556
2003-09-25,9107.T,5.555556
2004-03-26,9107.T,5.555556
2004-09-27,9107.T,8.333333
2005-03-28,9107.T,10.0
2005-09-27,9107.T,10.0
2006-03-28,9107.T,10.0
2006-09-26,9107.T,10.0
2007-03-27,9107.T,10.0
2007-09-25,9107.T,13.333333
2008-03-26,9107.T,15.555556
2008-09-25,9107.T,15.0
2009-03-26,9107.T,12.777778
2010-09-28,9107.T,4.444444
2011-03-29,9107.T,6.111111
2013-03-27,9107.T,2.777778
2014-03-27,9107.T,5.0
2014-09-26,9107.T,2.777778
2015-03-27,9107.T,6.666667
2015-09-28,9107.T,2.777778
2016-03-29,9107.T,2.777778
2022-03-30,9107.T,66.666664
2022-09-29,9107.T,33.333332
2023-03-30,9107.T,100.0
2023-09-28,9107.T,33.333332
2024-03-28,9107.T,50.0
2024-09-27,9107.T,50.0
2025-03-28,9107.T,50.0
2025-09-29,9107.T,60.0
2022-06-29,9147.T,83.333336
2022-12-29,9147.T,50.0
2023-06-29,9147.T,50.0
2023-12-28,9147.T,50.0
2024-06-27,9147.T,50.0
2024-12-27,9147.T,50.0
2025-06-27,9147.T,50.0
2025-12-29,9147.T,50.0
2013-03-27,9201.T,95.0
2014-03-27,9201.T,80.0
2015-03-27,9201.T,104.0
2016-03-29,9201.T,120.0
2017-03-29,9201.T,94.0
2017-09-27,9201.T,52.5
2018-03-28,9201.T,57.5
2018-09-26,9201.T,55.0
2019-03-27,9201.T,55.0
2019-09-27,9201.T,55.0
2023-03-30,9201.T,25.0
2023-09-28,9201.T,30.0
2024-03-28,9201.T,45.0
2024-09-27,9201.T,40.0
2025-03-28,9201.T,46.0
2025-09-29,9201.T,46.0
2004-03-26,9202.T,30.0
2005-03-28,9202.T,30.0
2006-03-28,9202.T,30.0
2007-03-27,9202.T,30.0
2008-03-26,9202.T,50.0
2009-03-26,9202.T,10.0
2011-03-29,9202.T,20.0
2012-03-28,9202.T,40.0
2013-03-27,9202.T,40.0
2014-03-27,9202.T,30.0
2015-03-27,9202.T,40.0
2016-03-29,9202.T,50.0
2017-03-29,9202.T,60.0
2018-03-28,9202.T,60.0
2019-03-27,9202.T,75.0
2024-03-28,9202.T,50.0
2025-03-28,9202.T,60.0
2000-03-28,9432.T,0.25
2000-09-26,9432.T,0.25
2001-03-27,9432.T,0.25
2001-09-25,9432.T,0.25
2002-03-26,9432.T,0.25
2002-09-25,9432.T,0.25
2003-03-26,9432.T,0.25
2003-09-25,9432.T,0.25
2004-03-26,9432.T,0.25
2004-09-27,9432.T,0.3
2005-03-28,9432.T,0.3
2005-09-27,9432.T,0.3
2006-03-28,9432.T,0.3
2006-09-26,9432.T,0.4
2007-03-27,9432.T,0.4
2007-09-25,9432.T,0.45
2008-03-26,9432.T,0.45
2008-09-25,9432.T,0.55
2009-03-26,9432.T,0.55
2009-09-25,9432.T,0.6
2010-03-29,9432.T,0.6
2010-09-28,9432.T,0.6
2011-03-29,9432.T,0.6
2011-09-28,9432.T,0.7
2012-03-28,9432.T,0.7
2012-09-26,9432.T,0.8
2013-03-27,9432.T,0.8
2013-09-26,9432.T,0.8
2014-03-27,9432.T,0.9
2014-09-26,9432.T,0.9
2015-03-27,9432.T,0.9
2015-09-28,9432.T,1.0
2016-03-29,9432.T,1.2
2016-09-28,9432.T,1.2
2017-03-29,9432.T,1.2
2017-09-27,9432.T,1.5
2018-03-28,9432.T,1.5
2018-09-26,9432.T,1.7
2019-03-27,9432.T,1.9
2019-09-27,9432.T,1.9
2020-03-30,9432.T,1.9
2020-09-29,9432.T,2.0
2021-03-30,9432.T,2.0
2021-09-29,9432.T,2.2
2022-03-30,9432.T,2.4
2022-09-29,9432.T,2.4
2023-03-30,9432.T,2.4
2023-09-28,9432.T,2.5
2024-03-28,9432.T,2.6
2024-09-27,9432.T,2.6
2025-03-28,9432.T,2.6
2025-09-29,9432.T,2.65
2000-03-28,9433.T,0.745833
2000-09-26,9433.T,0.745833
2001-03-27,9433.T,0.745833
2001-09-25,9433.T,0.745833
2002-03-26,9433.T,0.745833
2002-09-25,9433.T,0.745833
2003-03-26,9433.T,1.0
2003-09-25,9433.T,1.0
2004-03-26,9433.T,2.0
2004-09-27,9433.T,2.833333
2005-03-28,9433.T,2.916667
2005-09-27,9433.T,2.916667
2006-03-28,9433.T,3.75
2006-09-26,9433.T,3.75
2007-03-27,9433.T,4.166667
2007-09-25,9433.T,4.166667
2008-03-26,9433.T,4.583333
2008-09-25,9433.T,4.583333
2009-03-26,9433.T,4.583333
2009-09-25,9433.T,5.416667
2010-03-29,9433.T,5.416667
2010-09-28,9433.T,5.416667
2011-03-29,9433.T,6.25
2011-09-28,9433.T,6.25
2012-03-28,9433.T,7.083333
2012-09-26,9433.T,7.083333
2013-03-27,9433.T,7.916667
2013-09-26,9433.T,10.0
2014-03-27,9433.T,11.666667
2014-09-26,9433.T,13.333333
2015-03-27,9433.T,15.0
2015-09-28,9433.T,17.5
2016-03-29,9433.T,17.5
2016-09-28,9433.T,20.0
2017-03-29,9433.T,22.5
2017-09-27,9433.T,22.5
2018-03-28,9433.T,22.5
2018-09-26,9433.T,25.0
2019-03-27,9433.T,27.5
2019-09-27,9433.T,27.5
2020-03-30,9433.T,30.0
2020-09-29,9433.T,30.0
2021-03-30,9433.T,30.0
2021-09-29,9433.T,30.0
2022-03-30,9433.T,32.5
2022-09-29,9433.T,32.5
2023-03-30,9433.T,35.0
2023-09-28,9433.T,35.0
2024-03-28,9433.T,35.0
2024-09-27,9433.T,35.0
2025-03-28,9433.T,37.5
2025-09-29,9433.T,40.0
2019-03-27,9434.T,3.75
2019-09-27,9434.T,4.25
2020-03-30,9434.T,4.25
2020-09-29,9434.T,4.3
2021-03-30,9434.T,4.3
2021-09-29,9434.T,4.3
2022-03-30,9434.T,4.3
2022-09-29,9434.T,4.3
2023-03-30,9434.T,4.3
2023-09-28,9434.T,4.3
2024-03-28,9434.T,4.3
2024-09-27,9434.T,4.3
2025-03-28,9434.T,4.3
2025-09-29,9434.T,4.3
2000-03-28,9501.T,35.0
2000-09-26,9501.T,30.0
2001-03-27,9501.T,30.0
2001-09-25,9501.T,30.0
2002-03-26,9501.T,30.0
2002-09-25,9501.T,30.0
2003-03-26,9501.T,30.0
2003-09-25,9501.T,30.0
2004-03-26,9501.T,30.0
2004-09-27,9501.T,30.0
2005-03-28,9501.T,30.0
2005-09-27,9501.T,30.0
2006-03-28,9501.T,30.0
2006-09-26,9501.T,30.0
2007-03-27,9501.T,40.0
2007-09-25,9501.T,35.0
2008-03-26,9501.T,30.0
2008-09-25,9501.T,30.0
2009-03-26,9501.T,30.0
2009-09-25,9501.T,30.0
2010-03-29,9501.T,30.0
2010-09-28,9501.T,30.0
2000-03-28,9502.T,35.0
2000-09-26,9502.T,30.0
2001-03-27,9502.T,30.0
2001-09-25,9502.T,30.0
2002-03-26,9502.T,30.0
2002-09-25,9502.T,30.0
2003-03-26,9502.T,30.0
2003-09-25,9502.T,30.0
2004-03-26,9502.T,30.0
2004-09-27,9502.T,30.0
2005-03-28,9502.T,30.0
2005-09-27,9502.T,30.0
2006-03-28,9502.T,30.0
2006-09-26,9502.T,30.0
2007-03-27,9502.T,30.0
2007-09-25,9502.T,30.0
2008-03-26,9502.T,30.0
2008-09-25,9502.T,30.0
2009-03-26,9502.T,30.0
2009-09-25,9502.T,30.0
2010-03-29,9502.T,30.0
2010-09-28,9502.T,30.0
2011-03-29,9502.T,30.0
2011-09-28,9502.T,30.0
2012-03-28,9502.T,30.0
2012-09-26,9502.T,25.0
2013-03-27,9502.T,25.0
2015-03-27,9502.T,10.0
2015-09-28,9502.T,10.0
2016-03-29,9502.T,15.0
2016-09-28,9502.T,15.0
2017-03-29,9502.T,15.0
2017-09-27,9502.T,15.0
2018-03-28,9502.T,20.0
2018-09-26,9502.T,20.0
2019-03-27,9502.T,25.0
2019-09-27,9502.T,25.0
2020-03-30,9502.T,25.0
2020-09-29,9502.T,25.0
2021-03-30,9502.T,25.0
2021-09-29,9502.T,25.0
2022-03-30,9502.T,25.0
2022-09-29,9502.T,25.0
2023-03-30,9502.T,25.0
2023-09-28,9502.T,25.0
2024-03-28,9502.T,30.0
2024-09-27,9502.T,30.0
2025-03-28,9502.T,30.0
2025-09-29,9502.T,35.0
2000-03-28,9503.T,25.0
2000-09-26,9503.T,25.0
2001-03-27,9503.T,35.0
2001-09-25,9503.T,25.0
2002-03-26,9503.T,25.0
2002-09-25,9503.T,25.0
2003-03-26,9503.T,25.0
2003-09-25,9503.T,25.0
2004-03-26,9503.T,25.0
2004-09-27,9503.T,25.0
2005-03-28,9503.T,25.0
2005-09-27,9503.T,25.0
2006-03-28,9503.T,35.0
2006-09-26,9503.T,30.0
2007-03-27,9503.T,30.0
2007-09-25,9503.T,30.0
2008-03-26,9503.T,30.0
2009-03-26,9503.T,30.0
2009-09-25,9503.T,30.0
2010-03-29,9503.T,30.0
2010-09-28,9503.T,30.0
2011-03-29,9503.T,30.0
2011-09-28,9503.T,30.0
2012-03-28,9503.T,30.0
2017-03-29,9503.T,25.0
2017-09-27,9503.T,15.0
2018-03-28,9503.T,20.0
2018-09-26,9503.T,25.0
2019-03-27,9503.T,25.0
2019-09-27,9503.T,25.0
2020-03-30,9503.T,25.0
2020-09-29,9503.T,25.0
2021-03-30,9503.T,25.0
2021-09-29,9503.T,25.0
2022-03-30,9503.T,25.0
2022-09-29,9503.T,25.0
2023-03-30,9503.T,25.0
2023-09-28,9503.T,25.0
2024-03-28,9503.T,25.0
2024-09-27,9503.T,30.0
2025-03-28,9503.T,30.0
2025-09-29,9503.T,30.0
2000-03-28,9531.T,12.5
2000-09-26,9531.T,12.5
2001-03-27,9531.T,17.5
2001-09-25,9531.T,15.0
2002-03-26,9531.T,15.0
2002-09-25,9531.T,15.0
2003-03-26,9531.T,15.0
2003-09-25,9531.T,15.0
2004-03-26,9531.T,20.0
2004-09-27,9531.T,17.5
2005-03-28,9531.T,17.5
2005-09-27,9531.T,17.5
2006-03-28,9531.T,17.5
2006-09-26,9531.T,17.5
2007-03-27,9531.T,22.5
2007-09-25,9531.T,20.0
2008-03-26,9531.T,20.0
2008-09-25,9531.T,20.0
2009-03-26,9531.T,20.0
2009-09-25,9531.T,20.0
2010-03-29,9531.T,25.0
2010-09-28,9531.T,22.5
2011-03-29,9531.T,22.5
2011-09-28,9531.T,22.5
2012-03-28,9531.T,22.5
2012-09-26,9531.T,22.5
2013-03-27,9531.T,27.5
2013-09-26,9531.T,25.0
2014-03-27,9531.T,25.0
2014-09-26,9531.T,25.0
2015-03-27,9531.T,25.0
2015-09-28,9531.T,25.0
2016-03-29,9531.T,30.0
2016-09-28,9531.T,27.5
2017-03-29,9531.T,27.5
2017-09-27,9531.T,27.5
2018-03-28,9531.T,27.5
2018-09-26,9531.T,27.5
2019-03-27,9531.T,32.5
2019-09-27,9531.T,30.0
2020-03-30,9531.T,30.0
2020-09-29,9531.T,30.0
2021-03-30,9531.T,30.0
2021-09-29,9531.T,30.0
2022-03-30,9531.T,35.0
2022-09-29,9531.T,32.5
2023-03-30,9531.T,32.5
2023-09-28,9531.T,32.5
2024-03-28,9531.T,37.5
2024-09-27,9531.T,35.0
2025-03-28,9531.T,45.0
2025-09-29,9531.T,50.0
2000-03-28,9532.T,12.5
2000-09-26,9532.T,12.5
2001-03-27,9532.T,12.5
2001-09-25,9532.T,15.0
2002-03-26,9532.T,15.0
2002-09-25,9532.T,15.0
2003-03-26,9532.T,15.0
2003-09-25,9532.T,15.0
2004-03-26,9532.T,15.0
2004-09-27,9532.T,15.0
2005-03-28,9532.T,15.0
2005-09-27,9532.T,17.5
2006-03-28,9532.T,17.5
2006-09-26,9532.T,17.5
2007-03-27,9532.T,17.5
2007-09-25,9532.T,17.5
2008-03-26,9532.T,17.5
2008-09-25,9532.T,17.5
2009-03-26,9532.T,17.5
2009-09-25,9532.T,17.5
2010-03-29,9532.T,17.5
2010-09-28,9532.T,20.0
2011-03-29,9532.T,20.0
2011-09-28,9532.T,20.0
2012-03-28,9532.T,20.0
2012-09-26,9532.T,20.0
2013-03-27,9532.T,22.5
2013-09-26,9532.T,22.5
2014-03-27,9532.T,22.5
2014-09-26,9532.T,22.5
2015-03-27,9532.T,25.0
2015-09-28,9532.T,25.0
2016-03-29,9532.T,25.0
2016-09-28,9532.T,25.0
2017-03-29,9532.T,25.0
2017-09-27,9532.T,25.0
2018-03-28,9532.T,25.0
2018-09-26,9532.T,25.0
2019-03-27,9532.T,25.0
2019-09-27,9532.T,25.0
2020-03-30,9532.T,25.0
2020-09-29,9532.T,25.0
2021-03-30,9532.T,25.0
2021-09-29,9532.T,27.5
2022-03-30,9532.T,30.0
2022-09-29,9532.T,30.0
2023-03-30,9532.T,30.0
2023-09-28,9532.T,32.5
2024-03-28,9532.T,50.0
2024-09-27,9532.T,47.5
2025-03-28,9532.T,47.5
2025-09-29,9532.T,60.0
2000-02-24,9602.T,1.0
2000-08-28,9602.T,1.0
2001-02-23,9602.T,1.0
2001-08-28,9602.T,1.0
2002-02-25,9602.T,1.0
2002-08-27,9602.T,1.0
2003-02-25,9602.T,3.0
2003-08-26,9602.T,1.0
2004-02-24,9602.T,1.6
2004-08-26,9602.T,1.0
2005-02-23,9602.T,3.0
2005-08-26,9602.T,1.0
2006-02-23,9602.T,2.0
2006-08-28,9602.T,1.0
2007-02-23,9602.T,3.0
2007-08-28,9602.T,1.0
2008-02-26,9602.T,2.0
2008-08-26,9602.T,1.0
2009-02-24,9602.T,3.0
2009-08-26,9602.T,1.0
2010-02-24,9602.T,3.0
2010-08-27,9602.T,1.0
2011-02-24,9602.T,3.0
2011-08-29,9602.T,1.0
2012-02-27,9602.T,3.0
2012-08-29,9602.T,1.0
2013-02-26,9602.T,3.0
2013-08-28,9602.T,1.0
2014-02-26,9602.T,3.0
2014-08-27,9602.T,1.0
2015-02-25,9602.T,4.0
2015-08-27,9602.T,2.5
2016-02-25,9602.T,3.5
2016-08-29,9602.T,2.5
2017-02-24,9602.T,6.5
2017-08-29,9602.T,2.5
2018-02-26,9602.T,6.5
2018-08-29,9602.T,3.5
2019-02-26,9602.T,5.5
2019-08-29,9602.T,3.5
2020-02-27,9602.T,7.5
2020-08-28,9602.T,3.5
2021-02-25,9602.T,3.5
2021-08-30,9602.T,3.5
2022-02-25,9602.T,5.5
2022-08-30,9602.T,4.0
2023-02-27,9602.T,8.0
2023-08-30,9602.T,4.0
2024-02-28,9602.T,13.0
2024-08-29,9602.T,7.0
2025-02-27,9602.T,10.0
2025-08-28,9602.T,8.5
2026-02-26,9602.T,62.5
2000-03-28,9735.T,20.0
2001-03-27,9735.T,20.0
2002-03-26,9735.T,20.0
2003-03-26,9735.T,20.0
2004-03-26,9735.T,22.5
2005-03-28,9735.T,25.0
2006-03-28,9735.T,30.0
2007-03-27,9735.T,40.0
2008-03-26,9735.T,42.5
2009-03-26,9735.T,42.5
2010-03-29,9735.T,42.5
2011-03-29,9735.T,45.0
2012-03-28,9735.T,45.0
2013-03-27,9735.T,52.5
2014-03-27,9735.T,57.5
2014-09-26,9735.T,30.0
2015-03-27,9735.T,32.5
2015-09-28,9735.T,32.5
2016-03-29,9735.T,35.0
2016-09-28,9735.T,35.0
2017-03-29,9735.T,37.5
2017-09-27,9735.T,37.5
2018-03-28,9735.T,40.0
2018-09-26,9735.T,40.0
2019-03-27,9735.T,42.5
2019-09-27,9735.T,42.5
2020-03-30,9735.T,42.5
2020-09-29,9735.T,42.5
2021-03-30,9735.T,42.5
2021-09-29,9735.T,45.0
2022-03-30,9735.T,45.0
2022-09-29,9735.T,45.0
2023-03-30,9735.T,47.5
2023-09-28,9735.T,47.5
2024-03-28,9735.T,47.5
2024-09-27,9735.T,47.5
2025-03-28,9735.T,50.0
2025-09-29,9735.T,50.0
2000-03-28,9766.T,52.0
2000-09-26,9766.T,26.0
2001-03-27,9766.T,28.0
2001-09-25,9766.T,27.0
2002-03-26,9766.T,27.0
2002-09-25,9766.T,19.0
2003-03-26,9766.T,35.0
2003-09-25,9766.T,27.0
2004-03-26,9766.T,27.0
2004-09-27,9766.T,27.0
2005-03-28,9766.T,27.0
2005-09-27,9766.T,27.0
2006-03-28,9766.T,27.0
2006-09-26,9766.T,27.0
2007-03-27,9766.T,27.0
2007-09-25,9766.T,27.0
2008-03-26,9766.T,27.0
2008-09-25,9766.T,27.0
2009-03-26,9766.T,27.0
2009-09-25,9766.T,27.0
2010-03-29,9766.T,27.0
2010-09-28,9766.T,16.0
2011-03-29,9766.T,16.0
2011-09-28,9766.T,25.0
2012-03-28,9766.T,25.0
2012-09-26,9766.T,25.0
2013-03-27,9766.T,25.0
2013-09-26,9766.T,17.0
2014-03-27,9766.T,17.0
2014-09-26,9766.T,8.5
2015-03-27,9766.T,12.5
2015-09-28,9766.T,10.5
2016-03-29,9766.T,12.5
2016-09-28,9766.T,17.0
2017-03-29,9766.T,41.0
2017-09-27,9766.T,30.0
2018-03-28,9766.T,38.0
2018-09-26,9766.T,60.5
2019-03-27,9766.T,65.5
2019-09-27,9766.T,38.0
2020-03-30,9766.T,7.0
2020-09-29,9766.T,22.5
2021-03-30,9766.T,22.5
2021-09-29,9766.T,36.5
2022-03-30,9766.T,87.0
2022-09-29,9766.T,62.0
2023-03-30,9766.T,62.0
2023-09-28,9766.T,62.0
2024-03-28,9766.T,69.0
2024-09-27,9766.T,66.0
2025-03-28,9766.T,99.5
2025-09-29,9766.T,83.0
2003-02-17,9843.T,0.4
2003-08-15,9843.T,0.35
2004-02-17,9843.T,0.4
2004-08-17,9843.T,0.35
2005-02-15,9843.T,0.5
2005-08-16,9843.T,0.5
2006-02-15,9843.T,1.0
2006-08-15,9843.T,0.5
2007-02-15,9843.T,0.8
2007-08-15,9843.T,0.9
2008-02-15,9843.T,1.3
2008-08-15,9843.T,1.4
2009-02-17,9843.T,2.0
2009-08-17,9843.T,2.5
2010-02-17,9843.T,2.5
2010-08-18,9843.T,2.25
2011-02-16,9843.T,4.0
2011-08-17,9843.T,4.0
2012-02-16,9843.T,4.0
2012-08-16,9843.T,4.5
2013-02-18,9843.T,4.5
2013-08-16,9843.T,4.5
2014-02-18,9843.T,5.5
2014-08-18,9843.T,5.2
2015-02-18,9843.T,5.8
2015-08-18,9843.T,6.0
2016-02-17,9843.T,6.0
2016-08-17,9843.T,7.0
2017-02-16,9843.T,9.4
2017-08-16,9843.T,9.0
2018-02-16,9843.T,9.4
2018-08-16,9843.T,9.4
2019-02-18,9843.T,10.0
2019-08-19,9843.T,10.8
2020-02-19,9843.T,10.8
2020-08-19,9843.T,11.4
2021-02-18,9843.T,11.6
2021-08-19,9843.T,14.0
2022-02-17,9843.T,14.0
2022-08-18,9843.T,14.6
2023-03-30,9843.T,14.6
2023-09-28,9843.T,15.0
2024-03-28,9843.T,14.4
2024-09-27,9843.T,15.2
2025-03-28,9843.T,15.2
2025-09-29,9843.T,15.4
2000-02-24,9983.T,4.166667
2000-08-28,9983.T,2.083333
2001-02-23,9983.T,10.0
2001-08-28,9983.T,10.0
2002-02-25,9983.T,5.833333
2002-08-27,9983.T,6.666667
2003-02-25,9983.T,6.666667
2003-08-26,9983.T,11.666667
2004-02-24,9983.T,16.666668
2004-08-26,9983.T,21.666668
2005-02-23,9983.T,21.666668
2005-08-26,9983.T,21.666668
2006-02-23,9983.T,21.666668
2006-08-28,9983.T,21.666668
2007-02-23,9983.T,23.333332
2007-08-28,9983.T,20.0
2008-02-26,9983.T,21.666668
2008-08-26,9983.T,21.666668
2009-02-24,9983.T,25.0
2009-08-26,9983.T,28.333332
2010-02-24,9983.T,38.333332
2010-08-27,9983.T,38.333332
2011-02-24,9983.T,31.666668
2011-08-29,9983.T,28.333332
2012-02-27,9983.T,43.333332
2012-08-29,9983.T,43.333332
2013-02-26,9983.T,46.666668
2013-08-28,9983.T,50.0
2014-02-26,9983.T,50.0
2014-08-27,9983.T,50.0
2015-02-25,9983.T,58.333332
2015-08-27,9983.T,58.333332
2016-02-25,9983.T,61.666668
2016-08-29,9983.T,55.0
2017-02-24,9983.T,58.333332
2017-08-29,9983.T,58.333332
2018-02-26,9983.T,66.666664
2018-08-29,9983.T,80.0
2019-02-26,9983.T,80.0
2019-08-29,9983.T,80.0
2020-02-27,9983.T,80.0
2020-08-28,9983.T,80.0
2021-02-25,9983.T,80.0
2021-08-30,9983.T,80.0
2022-02-25,9983.T,93.333336
2022-08-30,9983.T,113.333336
2023-02-27,9983.T,125.0
2023-08-30,9983.T,165.0
2024-02-28,9983.T,175.0
2024-08-29,9983.T,225.0
2025-02-27,9983.T,240.0
2025-08-28,9983.T,260.0
2026-02-26,9983.T,270.0
2000-03-28,9984.T,0.833333
2001-03-27,9984.T,0.291667
2002-03-26,9984.T,0.291667
2003-03-26,9984.T,0.291667
2004-03-26,9984.T,0.291667
2005-03-28,9984.T,0.291667
2006-03-28,9984.T,0.3125
2007-03-27,9984.T,0.3125
2008-03-26,9984.T,0.3125
2009-03-26,9984.T,0.3125
2010-03-29,9984.T,0.625
2011-03-29,9984.T,0.625
2012-03-28,9984.T,5.0
2012-09-26,9984.T,2.5
2013-03-27,9984.T,2.5
2013-09-26,9984.T,2.5
2014-03-27,9984.T,2.5
2014-09-26,9984.T,2.5
2015-03-27,9984.T,2.5
2015-09-28,9984.T,2.5
2016-03-29,9984.T,2.625
2016-09-28,9984.T,2.75
2017-03-29,9984.T,2.75
2017-09-27,9984.T,2.75
2018-03-28,9984.T,2.75
2018-09-26,9984.T,2.75
2019-03-27,9984.T,2.75
2019-09-27,9984.T,5.5
2020-03-30,9984.T,5.5
2020-09-29,9984.T,5.5
2021-03-30,9984.T,5.5
2021-09-29,9984.T,5.5
2022-03-30,9984.T,5.5
2022-09-29,9984.T,5.5
2023-03-30,9984.T,5.5
2023-09-28,9984.T,5.5
2024-03-28,9984.T,5.5
2024-09-27,9984.T,5.5
2025-03-28,9984.T,5.5
2025-09-29,9984.T,5.5
